# timestamp x y z q_x q_y q_z q_w
1520621180.536947727 0.23828089474337494 -0.17263570022036231 -0.007427367451235679 0.09215374256393281 -0.035181913101700324 0.9947882063611437 0.025813663179475893
1520621180.578780651 0.020681271155600867 -0.30512262438538623 -0.010174861518674638 0.06372225948115319 -0.057872201116034576 0.9961214492235209 0.018230205194521447
1520621180.627617598 -0.1813086643526047 -0.25949179866286 -0.020747585351886495 0.03718244452905517 -0.054883430452935686 0.9976434751926817 0.017685340992775144
1520621180.677619696 -0.18685984828560193 -0.28864523778937207 -0.03518207648073846 0.0402748367158531 -0.06357572923831614 0.9969825941668169 0.01902028148402958
1520621180.727620602 -0.1922897117971549 -0.32027408709074645 -0.05267859256972209 0.04064036796927735 -0.0710643500947902 0.996462646531723 0.018984538549071336
1520621180.777624607 -0.19746309476669338 -0.3537630182789374 -0.07364522974685526 0.039621523469124315 -0.0752215170642876 0.9962058458811094 0.018594915456547206
1520621180.827623606 -0.20167917751272127 -0.3892621380299245 -0.09845068494604028 0.03727442141955363 -0.07460133709415268 0.9964319308651309 0.01298711530668572
1520621180.877625704 -0.20399721085795067 -0.4267216201295454 -0.12736935901151308 0.03551006167290993 -0.06711352813384702 0.9971113811615806 0.0019244270468307889
1520621180.927626610 -0.20353240084815113 -0.46601683436960417 -0.15961041626393435 -0.03417874628017061 0.05290997374978669 -0.997947469661375 0.011541047481565009
1520621181.002863169 -0.4098430917962662 -0.3326272440015494 -0.18910656937776715 -0.01793735123572856 0.01711533898355161 -0.9991188906922585 0.03386382825368996
1520621181.049704790 -0.44164363599574047 -0.36574834063633915 -0.23974982109681536 -0.012482467381540732 -0.012852483074227835 -0.9984853655471421 0.0520190010965764
1520621181.098902225 -0.49676374247642263 -0.23465874420508265 -0.24278696273162978 -0.0036409909495633717 -0.0289052788762428 -0.9965630782625068 0.0775452066987298
1520621181.148903370 -0.49675905777993123 -0.2504201122755211 -0.2704381280400522 0.006261691364027449 -0.036621028989813446 -0.9955697242670644 0.08637485502037222
1520621181.191501379 -0.40844856353166054 -0.07151531177629986 -0.24745493857956363 0.0030277789516465763 -0.03941001046548559 -0.9938714022696362 0.10323429362531279
1520621181.242411137 -0.3843174162512908 0.01945254590379085 -0.2183058086293661 0.0030356594334619695 -0.03528755705832828 -0.9946252981591341 0.09729382997144634
1520621181.292412996 -0.3616412941568592 0.02135828860285322 -0.23330394138722194 0.006821165233504642 -0.03037216167920456 -0.994390729190603 0.10108452502520092
1520621181.342415094 -0.3351381058587567 0.02348868346052806 -0.24455383300330405 0.009824410017927545 -0.026087558112304232 -0.9943747914422417 0.10218460952479708
1520621181.392668247 -0.2767015898939572 0.02605049663082351 -0.24846379270378666 0.014269007554931143 -0.022073715889717054 -0.9945435545527541 0.10095674612323174
1520621181.442651987 -0.2345424176039202 0.030919065270879335 -0.25396840473802296 0.016619449714285594 -0.019188252618413927 -0.9947555069931031 0.09908120992166435
1520621181.492586613 -0.19115979906770042 0.03266948145402598 -0.2525886566773874 0.01888031093716156 -0.019036065127832024 -0.9949232378617514 0.09699955075181496
1520621181.543134928 -0.12905309983270163 0.0021241242557574072 -0.1985741386353956 0.018195061593808355 -0.018083978679489295 -0.9951258055854882 0.09521838323848149
1520621181.592802763 -0.05615163009591245 -0.0015704392511722402 -0.13710871085828222 0.02215586482825265 -0.02421810996832243 -0.9949676877822351 0.09466731786919517
1520621181.642796278 -0.041770092010197955 -0.028441491875869616 -0.028480041247373408 0.02181197608363861 -0.029249242450058773 -0.994844576040866 0.09462023587739721
1520621181.692533493 0.0019889438301795813 -0.0164794604203834 -0.02184482867166699 0.020257139126085243 -0.024977913344476667 -0.995309719694533 0.0912376788447219
1520621181.742436171 0.041682811173053384 -0.02207274357860537 -0.014751044397838874 0.02256410601443456 -0.01963660637913207 -0.995546239589001 0.08940329775729666
1520621181.791938305 0.09073666601033266 -0.004767358969321052 -0.011286392104394895 0.02627351978248707 -0.013819714508474029 -0.9960595307057661 0.08357110110171038
1520621181.841212511 0.10454282176015535 -0.019866753243628132 0.012500911256715944 0.031219789273638554 -0.017514432034035233 -0.9966866207187127 0.07303663127874759
1520621181.890674353 0.14316627944672394 -0.024274317548888834 0.017251321140526153 0.03552302149022564 -0.02582111915775625 -0.9968554698033476 0.06595875281411227
1520621181.940466404 0.1796265239039135 -0.026280502083857103 0.018987444996687714 0.03573385828129333 -0.03644739334121322 -0.9971524563211703 0.05551268092625121
1520621181.990347862 0.21676115409741123 -0.026318435265189184 0.018781792937902875 0.03257686118286892 -0.04452141631850248 -0.9973813775702817 0.04676515027746716
1520621182.040133476 0.250756891375664 -0.02751018858883706 0.017999276438270352 0.03098907986667643 -0.05095580293183187 -0.9975331030411885 0.03702555082111059
1520621182.089725018 0.2848178100019744 -0.026449227326262415 0.013759321264591175 0.025293416788155033 -0.05275978114789801 -0.9977994216873645 0.031192349074213532
1520621182.139511585 0.3087573385875435 -0.028326559540606273 0.010008503711397245 0.018598652423189033 -0.0492066824936473 -0.9982916283775107 0.02542866959533481
1520621182.189350605 0.3312174669076695 -0.03045518571047753 0.0008704726963319958 0.012323084831566944 -0.040096632756454004 -0.9989819876095101 0.016594880342468872
1520621182.239409685 0.35436284374551286 -0.03557325361573975 -0.004978239616811373 0.00898207850949086 -0.029503288810800818 -0.9995144200345931 0.004449984034460985
1520621182.289104939 0.37205027968560794 -0.04053796439376176 -0.010580572564002093 -0.00742289787952617 0.019850173751382434 0.9997404875104692 0.008356364127983481
1520621182.338960886 0.40076150025811536 -0.04140213667868573 -0.015205066240946882 -0.007484665114750627 0.013850524078837448 0.99973668841036 0.0166942090902282
1520621182.388286114 0.42956211695491003 -0.04558219116165646 -0.014301274074387903 -0.008138334326612378 0.014003402684153607 0.9995615981734601 0.024784747014480947
1520621182.438057184 0.46120035887425265 -0.04376163397030251 -0.017963124343203907 -0.00800808106930793 0.01901992117634339 0.999352484939548 0.02947412562203895
1520621182.488015652 0.4946384585483018 -0.04182900756888805 -0.02113831048803844 -0.00914489144471705 0.026728586442009008 0.9990046772418576 0.03451968244593585
1520621182.538033009 0.5329964046642127 -0.039946293328413006 -0.021210253862984578 -0.011824734749805674 0.03328163303159602 0.9984030244948673 0.04408978600933038
1520621182.588015795 0.5690042013361755 -0.04330166275557161 -0.017004592601776985 -0.013433402862678292 0.034902901653535934 0.9975612379915461 0.05893138043917354
1520621182.637914419 0.6003277195015405 -0.0453317165938789 -0.015752614745953374 -0.01153209594230699 0.030868714184620064 0.9969103966616096 0.07130073124279844
1520621182.687862635 0.6297229294991847 -0.04888380530942875 -0.015743763708025556 -0.008571080475122728 0.02634309484154262 0.9963964540179062 0.08016660373373131
1520621182.737862825 0.6583426904995365 -0.05360017675153082 -0.01764645671927847 -0.006048504974991327 0.025383535815016574 0.9957801241698336 0.08798315750986639
1520621182.787826061 0.6865222470868784 -0.05948602986957634 -0.020700395558325823 -0.005169138450830476 0.027463876786324545 0.9950657340976339 0.09520084193051373
1520621182.837824106 0.7140398258125412 -0.0658001166284475 -0.025395232811352846 -0.005728508802421598 0.02865528028744575 0.9943333748849836 0.10221153891996308
1520621182.887807846 0.7412775716956367 -0.07281341653285779 -0.030367699836426745 -0.006168355214492728 0.027561875412228248 0.9937746741897235 0.10776915772528614
1520621182.937881470 0.7679042239388498 -0.08015002963772133 -0.036755140941478526 -0.004548807740261513 0.026122173655451067 0.9936334916363031 0.10949623139773045
1520621182.987905741 0.7942383345184918 -0.08790278370793826 -0.043955193529272435 -0.0027831513453389057 0.026281311116532924 0.9935939140950719 0.10987575086350874
1520621183.038090467 0.8171854748111531 -0.09638693754676615 -0.052655091811806456 6.248975178239841e-06 0.026878599134932783 0.9941178740891984 0.10491517185739431
1520621183.088137627 0.8366580412603546 -0.10538227050444679 -0.06337322882241338 0.0032596642053649176 0.02657861137068831 0.9948191913500929 0.09807001849913935
1520621183.138128996 0.8576290166879845 -0.11243165895726112 -0.07639744337094838 0.005119049570330343 0.025761605596614428 0.995322351157239 0.09297070665218635
1520621183.187896252 0.8779016758159561 -0.1181266705025003 -0.09016468824584244 0.005764885027228889 0.02422201987925022 0.9956588326007929 0.08968583454268837
1520621183.237738132 0.8934129099901921 -0.12542407695982544 -0.10937303373788865 0.006097794920923792 0.023964169013847007 0.995835266614487 0.08775338892277633
1520621183.287461042 0.9101391610234394 -0.13220083025545448 -0.13204993796702894 0.006003306238734702 0.027195932296559755 0.9957465541927467 0.08782449199395546
1520621183.336990595 0.9311327045141761 -0.13707500736327852 -0.15699465220404424 0.007998366832171084 0.034285298984986196 0.9956877406121759 0.08582812823397876
1520621183.386666775 0.9486394721615914 -0.14253941735803524 -0.18450928031703037 0.011460781824190292 0.044398457375825935 0.9953275949425484 0.08497297340041586
1520621183.436272144 0.9700459486669916 -0.14550840516237312 -0.21321373741041347 0.01615304062671396 0.058455496788634806 0.9945850828323123 0.0843951845850721
1520621183.486000061 0.9841701867277298 -0.15292076527418436 -0.24097111182640069 0.02158853193763178 0.076349342926574 0.9930610706561658 0.08680105454825036
1520621183.535931349 0.9895963250615881 -0.16522332128792883 -0.26941350306386647 0.028414562161252294 0.0951087271006341 0.9912110200078791 0.08745088050683938
1520621183.585947037 0.9913057710836304 -0.1798777100785666 -0.2958604393752814 0.0349011574498797 0.11007290811537623 0.9893934279568398 0.08812779824491514
1520621183.636051655 0.9886096649287659 -0.19688299538235363 -0.32096639330491017 0.040362245956391825 0.11952053852778971 0.9879143142811574 0.09006129917880115
1520621183.686154127 0.9836435953151357 -0.21407437480504876 -0.3434244662811473 0.04405146180334603 0.12424603749521611 0.9868143699427582 0.09391373783533037
1520621183.736227274 0.97585171410847 -0.23346157586219182 -0.36326798856246406 0.04704464225410553 0.12641414273720394 0.9859209834108997 0.09882348213499278
1520621183.786252022 0.9635803405218163 -0.25265912028533183 -0.37965257626724375 0.04691364153260952 0.12885885292356003 0.9850903224773286 0.10388244713562986
1520621183.836842775 0.9512613294317908 -0.275586815236963 -0.39496224897803645 0.04376392730747419 0.13247096684170656 0.9844420851043015 0.10681733326639747
1520621183.886917830 0.9363185646574393 -0.30000265870595794 -0.4084348807577051 0.03775551213248633 0.13889325154782428 0.9837229561641385 0.10757477164175172
1520621183.937010288 0.9177483481333 -0.32533737798498763 -0.41983043189103225 0.02986735769535076 0.14770805886173505 0.9827800873166413 0.10692787412780286
1520621183.987054586 0.8957401366125695 -0.3513637785392836 -0.4285821784505567 0.023319133744168434 0.15625498114015418 0.9817379040570872 0.10597776468632107
1520621184.037014484 0.8742391352117005 -0.374313647834866 -0.4335949942380274 0.019246848619662204 0.1619811162366762 0.9812107277021305 0.10303972361758289
1520621184.087003231 0.8455706561846271 -0.3990899184050189 -0.4359181224348377 0.01677995773077368 0.16351766274400045 0.9814228529136968 0.09894236083717152
1520621184.137099743 0.8175274394151426 -0.4199809102646114 -0.43592272840126944 0.012893304392007131 0.16289714601121041 0.9822861224833648 0.0917183520341139
1520621184.187137604 0.7835644735372796 -0.4393188980106872 -0.43669500154485685 0.007059876793318921 0.16157117624803 0.9834615634235598 0.08153690216079382
1520621184.237592459 0.7448637369240729 -0.4564026149434818 -0.4373722982966409 0.0017006914763576088 0.15971056170283343 0.9848710605371516 0.06722081705464583
1520621184.287648916 0.7034819554408805 -0.4710407550404874 -0.43763645862601125 -0.00413972502385477 0.159726686990865 0.9858910064131279 0.04989159862500982
1520621184.337648869 0.6601707231378833 -0.4834893101398301 -0.43667521743192067 -0.011960481482743882 0.16222550283561435 0.9861019205807475 0.03380584771003732
1520621184.387440205 0.6161473222409258 -0.49137939066687014 -0.4341114314210904 -0.013557397981304349 0.16462666109494067 0.9860419033717956 0.020871612578683772
1520621184.437159061 0.5726185038564785 -0.4950273440429259 -0.42952532336505844 -0.007728052718720475 0.1682614217173866 0.9856599188762633 0.010143741107634628
1520621184.486961842 0.5302875299324201 -0.49528049831633536 -0.4235558464218728 0.000880564199279697 0.1747605871575974 0.9846084325896826 0.0020484765831129373
1520621184.536910534 0.4863090592710137 -0.49257793756571255 -0.4160690510391035 -0.0033105515283944746 -0.18191162211081827 -0.9832910856087871 0.005986898352372523
1520621184.586883068 0.44107611935963154 -0.4885816895029228 -0.406458392275395 -0.0006293878437268623 -0.18403686727876117 -0.982776134669442 0.01676617062279523
1520621184.636791706 0.394894289766596 -0.4822916798747289 -0.39420235491001837 0.0025345361312557432 -0.1780644749876304 -0.9835876475117671 0.02901652178065225
1520621184.686800718 0.34328663443449847 -0.471366910795117 -0.37635405933651966 0.0034320121675477273 -0.16483273688316455 -0.9854053568636807 0.04236357879652633
1520621184.736841917 0.2910644819843628 -0.4612598463264181 -0.3534316241028836 0.0024352115711308055 -0.1464839643425709 -0.9875107488454525 0.057957215683483915
1520621184.786869764 0.23747179247556188 -0.4495619564837316 -0.32532113173225463 0.005324911497676726 -0.12676130753096523 -0.9894269006561079 0.07026823242853271
1520621184.836780548 0.18656082587389486 -0.4397935369283734 -0.29291783864294 0.005800917866899572 -0.10531435378380173 -0.9913426711994026 0.07819811057970077
1520621184.886713505 0.1358718401888306 -0.4304554516235851 -0.2572964019802459 -0.003999121880517238 -0.08227069998551848 -0.9928487820943034 0.08641084909857268
1520621184.936681986 0.08885274976855613 -0.42526847687445823 -0.2220322239129749 -0.012188754107717364 -0.0587345979767466 -0.9937654217905789 0.09397854929293337
1520621184.986729622 0.04151029717548319 -0.4191548606130738 -0.18688982315012095 -0.0197349971072683 -0.03647422204235891 -0.9939424743519838 0.101776808235653
1520621185.036215782 -0.0038900849364680214 -0.4145191764166331 -0.15521983353863955 -0.02862167512136361 -0.018178202256716396 -0.9933035413811917 0.11044649091548503
1520621185.086338997 -0.04970847273047691 -0.4114096608403738 -0.127172836914368 -0.03849791232107508 -0.006157852777612561 -0.9920771305547675 0.11942762924175868
1520621185.136470556 -0.09628537406736486 -0.4090374112408432 -0.10393398884965677 -0.04653614023443201 0.0002023674248391667 -0.9902608197724961 0.13121682637150814
1520621185.186597824 -0.14345202057343304 -0.40710804475432716 -0.0860069795505018 -0.04943937396040935 0.002929374134872368 -0.9885867782754909 0.14227912316452496
1520621185.236733437 -0.19143351202466125 -0.40619583033395806 -0.07403912613561192 -0.052481263904171446 0.0037568596251748034 -0.9863849056452233 0.1558089241989736
1520621185.286806583 -0.24010734679270185 -0.4055575741902141 -0.06840165173798675 -0.05081263636496045 0.0029890386146913532 -0.9845535323399895 0.1675215914163044
1520621185.336837053 -0.2883053796671548 -0.4057594985204002 -0.06841349684711769 -0.04754113823889608 -0.0005464528237033369 -0.9828994598505766 0.17789939120105597
1520621185.386875629 -0.33583494596334895 -0.4077566511918661 -0.07580748991095479 -0.04488836131519306 -0.007436708989138121 -0.9812850329610444 0.18710802886164415
1520621185.436870813 -0.38198102589736194 -0.4093974920887952 -0.08636722997862516 -0.041235322491274 -0.017883627859336258 -0.9795891266738983 0.19592081802580016
1520621185.486468077 -0.4257567001540666 -0.4116465897871429 -0.10088614164749668 -0.035702579013736635 -0.029120676282827163 -0.9773365137291639 0.20661716045944112
1520621185.536469221 -0.46775416127187947 -0.4142295508375368 -0.11936664229682291 -0.02900343836720483 -0.04281526752479366 -0.9742678287846863 0.21938060813306534
1520621185.586461067 -0.5068968303255484 -0.41745025725236806 -0.1396685556222822 -0.022783026592780167 -0.06016009234380403 -0.9701269093509715 0.2339133958147539
1520621185.636444569 -0.5433933852581334 -0.4208990867522895 -0.16117447517017255 -0.015962180551817598 -0.08050257272309584 -0.965083206828492 0.24875479588266836
1520621185.686450005 -0.5773438832330393 -0.4239122370879214 -0.1822323843892662 -0.005511151693872199 -0.10124117935671224 -0.959571183089192 0.26256998189868813
1520621185.736478329 -0.6086758424399061 -0.42559649640183145 -0.1994086442643139 0.0038828848188921204 -0.11931184706288152 -0.9531773599913662 0.2778534267483782
1520621185.786536217 -0.6378162987487042 -0.42534216763884763 -0.2111243731061781 0.008699391913155764 -0.13191005914643913 -0.946404087780129 0.2946919739480302
1520621185.836590290 -0.6640320882186531 -0.42120673383760543 -0.21639134877567454 0.00977825085510332 -0.13761330078533687 -0.9406337681408532 0.31012107230937863
1520621185.886943817 -0.6874147106269006 -0.4133975052805528 -0.21532671020213284 0.005694431442490741 -0.1371022270928832 -0.9358730066754414 0.3245185174269532
1520621185.936865807 -0.7064507471472599 -0.4001731390607386 -0.2071064369068365 0.0006557393913952127 -0.13114161479582462 -0.9326799103352138 0.3360202847027122
1520621185.986920834 -0.7209303749709071 -0.3819251858384957 -0.1901053792301388 -0.0033898861742728136 -0.11989686334374089 -0.9310212970761665 0.3446920295316823
1520621186.036902905 -0.7303404654851618 -0.35830247023916934 -0.16520541180086085 -0.009334976242022041 -0.10268393554085803 -0.9303561888221522 0.35186109407083044
1520621186.086852551 -0.7357110157248378 -0.3305772064839971 -0.13451301363586948 -0.017143919195297275 -0.08181802565263414 -0.9304769617295856 0.3566854642446331
1520621186.136820555 -0.7374210593428326 -0.3003361440844945 -0.10030777055510602 -0.025853169856718778 -0.06070084440630591 -0.9313871997714703 0.35800126424159495
1520621186.186815739 -0.7343282515860861 -0.2696596584699779 -0.06389878802476848 -0.03591097323746125 -0.0419902384221378 -0.9305676266915829 0.36192694571140366
1520621186.236824274 -0.7244803933506602 -0.2388825608993264 -0.028255156819986905 -0.040910032805028064 -0.024559165678242265 -0.9312001264381637 0.36137174919828496
1520621186.286988258 -0.7095577790342456 -0.2082976556715845 0.005422987193035287 -0.04506714355867064 -0.008057905026085915 -0.9330712461829408 0.35676613107842337
1520621186.337057590 -0.691279108773046 -0.17638160980114323 0.03663782956016128 -0.04945404440689646 0.006968726464826956 -0.9372588567021669 0.3450385049188079
1520621186.387099743 -0.6659460779371154 -0.14519189833104756 0.06328483282602264 -0.055030222508976 0.019649974249051204 -0.9418976608082887 0.3307783996673578
1520621186.437143803 -0.6361256079949622 -0.11500810388072508 0.08494402568482716 -0.06110708616629896 0.029531161474098507 -0.9457015060508935 0.31787182318558393
1520621186.487189531 -0.6032864108022236 -0.08584707079943561 0.10058488214472266 -0.06669901436523003 0.03552194946804987 -0.9488495652447126 0.3065516842615877
1520621186.537238359 -0.5679757123317788 -0.057478683403128866 0.10945100154779386 -0.06749440987213734 0.037489101613988655 -0.9518527036372708 0.29667406774877714
1520621186.587283850 -0.5303905517745119 -0.03107513466818281 0.11178538498793303 -0.06459695017510136 0.03657339893701044 -0.9548273950916792 0.28773992788750774
1520621186.637310028 -0.4911595369898392 -0.007079466876323114 0.1078622708584057 -0.05953499726923812 0.03445153225717104 -0.9579396088135554 0.27860434650489135
1520621186.686891079 -0.4517385531944361 0.014735055395690134 0.09837732545172637 -0.05661668735406819 0.03124856417190378 -0.9606643946253957 0.2700777644480723
1520621186.736905813 -0.4117942160689649 0.03491971271192576 0.08359808827628493 -0.056188491773527 0.026356713566679037 -0.9626431758701116 0.2635645897932535
1520621186.786920309 -0.37115257547642333 0.054275700265674146 0.06510031929751427 -0.05937073637856566 0.017096843285759875 -0.9649288978991454 0.2551372877700748
1520621186.836920500 -0.3286665700652861 0.07314807861892147 0.042709174283991236 -0.06485966651278541 0.0042276455277467885 -0.9678974344164553 0.2427960195785457
1520621186.886918783 -0.28523568234925284 0.09257819979511306 0.017178605129218292 -0.07403560310949438 -0.010221939010019656 -0.9705251433471864 0.22911828291520528
1520621186.936920404 -0.24015850948546932 0.11188162941263023 -0.010972674577340531 -0.08028115372882899 -0.025361539815838507 -0.9730120513084468 0.21484710066153143
1520621186.986937284 -0.19437174912332583 0.12933083095770048 -0.041172168240619894 -0.0796779221806581 -0.040592810707164015 -0.9757913735701034 0.19958669219673988
1520621187.036945343 -0.14575528901376233 0.14446670174109838 -0.0714851504176435 -0.07619918992700499 -0.05444126315500136 -0.9792217342843879 0.17987392091582313
1520621187.087041616 -0.09518022187383786 0.1555498796910744 -0.10040518659950472 -0.07700836335151344 -0.0654845502469192 -0.9827784456086068 0.1546868207056132
1520621187.137051344 -0.04354368900523171 0.1619960220517248 -0.12660645102571214 -0.08187669801764784 -0.07434569729881163 -0.9853877562939826 0.12953722770227627
1520621187.187064886 0.009400480600671234 0.16425143025579922 -0.15079640542348702 -0.08662286327258471 -0.08044914618651479 -0.9876135584945693 0.10316915001110488
1520621187.237081528 0.06401385641214347 0.1639757386406375 -0.1734074185518775 -0.08814497479082806 -0.08355684121717143 -0.9899019701992365 0.07309450800574917
1520621187.287091255 0.11967042622047169 0.15859133962542182 -0.19460109974282513 -0.08911648277203296 -0.08572238185145256 -0.9914534540502645 0.04159295853694012
1520621187.337090492 0.1746396865330244 0.1485043284332868 -0.21273030105192364 -0.09398342693178975 -0.08965528092642967 -0.9914555055222117 0.012042700438674192
1520621187.387080908 0.22990057424655908 0.13460694078013172 -0.2287708351531469 0.09731226031857215 0.09688060347365172 0.9903861556300483 0.016725292182962672
1520621187.437058687 0.2859427993042832 0.11886605470469262 -0.24183890064921218 0.09793521513690738 0.10481765543009809 0.9886766226930241 0.044050975999862754
1520621187.487735987 0.34318956997217215 0.09840047268855197 -0.2514330019932915 0.09806236965419059 0.11103817478907929 0.986453651085829 0.07045203798863667
1520621187.537722826 0.40014380121225074 0.0770290778266884 -0.2553469736194949 0.10052253940409658 0.113742773406043 0.9838988160065568 0.0943446894665989
1520621187.587717772 0.4576570361575786 0.05580247925850498 -0.2529982194427103 0.10297085933607614 0.11264091628144737 0.9813617686972665 0.11678229765781695
1520621187.637722254 0.5148394178115647 0.036319915600085594 -0.24389823341779737 0.10153845511321777 0.10782975432067755 0.9792795219791449 0.13810975363333577
1520621187.687725544 0.5709422142396396 0.015431849515119821 -0.23073222410710853 0.09302063137247361 0.10245133271670127 0.977479231956818 0.1593274541839774
1520621187.737734556 0.6242188619395208 -0.003176562707899765 -0.2123066046840162 0.08085742935461537 0.09844331141061555 0.9755932939300227 0.1788538939901623
1520621187.787740231 0.6734214558668279 -0.020383740421224653 -0.19019211315494547 0.06613391292131654 0.096085893033708 0.9729621609926468 0.19934502752301017
1520621187.837755442 0.7157089147810387 -0.035261084841299285 -0.16397206414690815 0.05489794628824375 0.09155398456422234 0.9704168353116516 0.21655310929992735
1520621187.887770891 0.7511110172905817 -0.04728388203636758 -0.1340667799234336 0.0444338738455064 0.08301054928568112 0.9681646950560288 0.23193103028581125
1520621187.938075066 0.7795021132145997 -0.055244376571371226 -0.10149913373019924 0.032934513856658944 0.07100219372920998 0.9662249524623803 0.24552667374795836
1520621187.988114357 0.7997360238494853 -0.05481083305893357 -0.06580403544250761 0.022185624341344953 0.05810815330528923 0.964338545315279 0.25725942278417246
1520621188.038141251 0.8129559869917877 -0.05501878660467502 -0.030690288562728932 0.015658626979753388 0.04466104520290648 0.9631944679536055 0.2646065292959788
1520621188.088161707 0.8192994838475676 -0.0534231921531199 0.004051098397648904 0.010786609882049155 0.03299172751755284 0.9627690457549068 0.2680875966896759
1520621188.138175011 0.8186042151902425 -0.04981012520390418 0.037493942028870964 0.006519126293436396 0.024333797609949907 0.9635053508598063 0.26650104343279774
1520621188.188189507 0.8114625656673692 -0.0452383287220215 0.06950270987463736 0.0009482483927963304 0.01720464305483987 0.9648998551013797 0.262052228969108
1520621188.238193274 0.7971841933427228 -0.04092924022462578 0.1002253864745908 -0.0068900431410407826 0.008209028497771519 0.9671357862951242 0.25403446621265663
1520621188.288198948 0.7772058476943088 -0.035719411906127436 0.12935391856831585 -0.015164927003184841 -0.001550936185046401 0.9698297257848685 0.2433062320820922
1520621188.337678671 0.7513298431997496 -0.030587593210526974 0.15638476845068056 -0.02199187174582914 -0.012339381723375462 0.9725693587664739 0.2312421666227196
1520621188.387659550 0.7201543857423204 -0.02588776453313676 0.18132182111399262 -0.02966707935490465 -0.02230835650876616 0.9750108360635072 0.21903440640951438
1520621188.437645435 0.6842026522064388 -0.021132346717810804 0.20234136295185162 -0.036489241458899875 -0.03134634000157165 0.9775279952021589 0.20524366207585554
1520621188.487626553 0.6444172818878416 -0.016212105219664978 0.21784815000946037 -0.03728856030056558 -0.03889596133876856 0.9806834807014406 0.18803344952840514
1520621188.537597418 0.6013716211309591 -0.010491635289769702 0.22580847531768442 -0.03146942326532819 -0.0426977840364464 0.9840933108229518 0.16954919708228045
1520621188.587566376 0.5564265048754642 -0.0059902617182865684 0.22495280932659406 -0.02530628184916569 -0.0446775544887387 0.9869103383391566 0.15287737668853396
1520621188.637531281 0.5096342721359577 -0.0015740680232286639 0.2159351923078135 -0.01807270896093925 -0.0465234785456918 0.9890044464529435 0.1392090084410078
1520621188.687498331 0.46117186774734936 0.0012574383055167335 0.19874494221880454 -0.011927085075245899 -0.04473806454487891 0.990746380825382 0.1275847134408873
1520621188.736886263 0.41192688920240905 0.001312281124892713 0.17533271635775124 -0.007640906374267991 -0.03825197962956966 0.99208497069426 0.11935582736828519
1520621188.786863089 0.36075272102303013 -0.00041052835903417333 0.14630401409751523 -0.00021094157373227653 -0.0282030890406334 0.9934443148170891 0.11078327775356323
1520621188.836852312 0.3084021248075201 -0.004956244945382443 0.11343461640875635 0.009784595666547076 -0.014865491584598574 0.9948164741098814 0.1001172397101226
1520621188.886847973 0.2555563590746103 -0.011867914742740408 0.07813656071170903 0.019055375662317985 0.0035663265769543023 0.9961022244250253 0.08604959307649976
1520621188.936845064 0.20285019351134778 -0.020816652500214413 0.04218907757194984 0.024539456449559634 0.025327894126971683 0.9967366769803566 0.07261067151878857
1520621188.986843824 0.15032958067792945 -0.03095918842013493 0.00788824040933817 0.028839332083835597 0.0462509010589484 0.9967899112582649 0.05864315723027081
1520621189.036845207 0.09729006224198253 -0.0421829286766153 -0.023310155307727003 0.033828396059542576 0.06335390901735614 0.9964744917994721 0.043364836275986
1520621189.086839914 0.04367771502545499 -0.05498557709674686 -0.05060443178075617 0.03651258179904169 0.07718957526746613 0.9959417171325363 0.0284375968656187
1520621189.136963367 -0.0098826906687779 -0.06999021019661239 -0.07269814987565087 0.037548204019534376 0.08760369807442045 0.995363039855453 0.012967009998659794
1520621189.186908245 -0.06291386494499773 -0.0847622727350138 -0.08917178769123965 -0.038369412777340094 -0.09406047790484409 -0.9948231723506873 0.002696370439902457
1520621189.236905336 -0.11521040668372344 -0.10014657389286902 -0.09982441512391556 -0.04190519779748015 -0.09723679688957379 -0.9941826117573815 0.019745738970255434
1520621189.286904812 -0.16655941591781806 -0.11581211967681462 -0.10453516519775546 -0.04563714456512956 -0.10013281248146655 -0.9930792442441623 0.041040048147344244
1520621189.336906672 -0.21639670985972137 -0.13148294049605927 -0.10354891989548398 -0.04825347662718871 -0.10545880151004533 -0.9912010106158836 0.06380125180202424
1520621189.386896849 -0.263888469144536 -0.14785177253731296 -0.09737658234694349 -0.05084174167475858 -0.11260526660215453 -0.9885267074551463 0.08689142584180769
1520621189.436892509 -0.3077253865844911 -0.16261986787268015 -0.08494687015562259 -0.05069653664420741 -0.11884078478818566 -0.9856922346406926 0.10824762173945723
1520621189.486871481 -0.34640908313712654 -0.17700718790742387 -0.06628691649862892 -0.05104696869929762 -0.11824276828880585 -0.9834921494058112 0.12710643882648315
1520621189.537306309 -0.38027204936274656 -0.19002573013505283 -0.04111235488255367 -0.055632693866658305 -0.10904710866327302 -0.9818024937780406 0.14518124767524138
1520621189.587281704 -0.4077757932734576 -0.20027948920270952 -0.011034991666661918 -0.06074450581829858 -0.09487072110455516 -0.9805016381624835 0.16101611363673757
1520621189.637258768 -0.4286996421854244 -0.20914425967098071 0.02213142203667051 -0.06287467769590636 -0.08092256828176965 -0.9794900444764314 0.17348649981735448
1520621189.687244177 -0.44232374629078935 -0.2157989237352354 0.056313605435267894 -0.06296189649564557 -0.06970280423234104 -0.9784887677526007 0.18367648203789336
1520621189.737237453 -0.4485926730765895 -0.2199748561059707 0.08984452730616252 -0.06096570495256629 -0.060364750525701345 -0.9780510695518244 0.18988255597115558
1520621189.787231922 -0.44813448453890803 -0.22208022499860164 0.12177100924850266 -0.05891009214470397 -0.051589306760682935 -0.9780864516424715 0.19291199440390946
1520621189.837228775 -0.44190621044092665 -0.22284414461848298 0.1520315994584926 -0.05689538753070452 -0.04294610586314783 -0.978541989200176 0.19332387912796778
1520621189.887227535 -0.4290744668411583 -0.2207617490203455 0.1808063180736043 -0.05601219571383175 -0.03252689325168737 -0.9791107628423514 0.19273491959937494
1520621189.937224388 -0.4100147927256681 -0.2165809113832789 0.208079792668886 -0.05334906715154137 -0.019117195824165004 -0.9807109430644712 0.18706805181932173
1520621189.986951351 -0.38574785778328546 -0.21103218407585547 0.2329400240084115 -0.05328331516090957 -0.0027351815751056182 -0.982369855874556 0.17917274730331775
1520621190.036956549 -0.35631624126548106 -0.20330959034864288 0.2547045445973179 -0.05223703678214673 0.013976539061586917 -0.9843708095133715 0.16760088818998023
1520621190.086962938 -0.32202502205593 -0.19575455203390058 0.2717523965247502 -0.049671452770567434 0.027903430372733386 -0.9863561009904472 0.1544531883517399
1520621190.136966944 -0.2840871839820625 -0.18879268640373215 0.28250252173483387 -0.04488231022036726 0.037372357203836803 -0.9884698596810348 0.13970047118197823
1520621190.186984777 -0.24303418810721458 -0.17944247034391045 0.28532633943488406 -0.04123471097790026 0.04077161433774234 -0.990403748681605 0.12545034345225084
1520621190.237000465 -0.1989948550043964 -0.17104840155254628 0.28005529185072425 -0.036561491349895094 0.03778464793602272 -0.9925120553519596 0.11025152022376385
1520621190.287027121 -0.1536503251880077 -0.16186504413052122 0.2669541678437075 -0.03247951821389822 0.030437980287845945 -0.9945897209165592 0.0938610531568383
1520621190.337052822 -0.1067340191532432 -0.15214960774035183 0.24723212188768603 -0.029902527714983192 0.021114882392786336 -0.9962756852833159 0.0780689406297602
1520621190.386871338 -0.05923723666732514 -0.14353425056180394 0.22224565091761375 -0.03067944764445951 0.009831131656093837 -0.9974282495762444 0.064023490141201
1520621190.436913013 -0.011275325310264714 -0.13685975784818308 0.19372484928609854 -0.034771228289835095 -0.001697784784731288 -0.9979862402131223 0.053023990375275026
1520621190.486933470 0.03719913842081201 -0.1303632005346946 0.16188998883297442 -0.040052699190491176 -0.014339216371454097 -0.9982410560828592 0.041291186856114964
1520621190.536950111 0.08632274757044683 -0.1250970905107977 0.12737634019795074 -0.0429318458038132 -0.02916211910076435 -0.9983186006968883 0.02581470371779204
1520621190.586964369 0.13570110789832807 -0.12209048117616558 0.09079043580075721 -0.044234154769799014 -0.04610436476042165 -0.9979143820090178 0.00919854778754552
1520621190.636979342 0.18536079034659173 -0.12214523733280712 0.053625135233406285 0.045309720089734 0.06539158640735719 0.9967845200028843 0.009570286053130492
1520621190.686984539 0.2342482564559307 -0.12443655240968228 0.016360336116863383 0.04546063749190587 0.08432152101609698 0.9949427184248364 0.030202625477899467
1520621190.736984015 0.2822679710264799 -0.12933819066723537 -0.019739658944016768 0.0420710004810228 0.10045933022978189 0.9926259265905738 0.05321394317765054
1520621190.787029982 0.33092514749781715 -0.13691207640999284 -0.052806248990992705 0.03940458033394433 0.1122132136452457 0.9898764786901728 0.07745986488534508
1520621190.837036610 0.37913946862968356 -0.14728955371219518 -0.08119474622096019 0.035086125825049864 0.11889150033941011 0.987000333622857 0.10229426352441236
1520621190.887048006 0.42697153892961515 -0.15928361455439066 -0.10366010488400594 0.029777520157066695 0.12129162396607421 0.9840627655581123 0.12657849221367637
1520621190.937058449 0.4735246077481826 -0.1729856102651941 -0.11917722370918263 0.02651968106158234 0.1229478902167129 0.9808601340079701 0.1486402378951209
1520621190.987067461 0.5183757253631246 -0.18866049531509926 -0.1267674351827882 0.02078736649704916 0.1272491976529668 0.9767309689149253 0.17138302556935142
1520621191.037075043 0.561087454808382 -0.20515391188477486 -0.1262385428723672 0.014665516100314012 0.13087857041226492 0.9719288855481859 0.19496144203768742
1520621191.087079525 0.6004281413003255 -0.22161559400087621 -0.11647734113095155 0.007750490563399452 0.1311482254145298 0.9671190425863098 0.21776324376162753
1520621191.137089014 0.6345116091585888 -0.23701912042616383 -0.09620690752223136 0.0005407255470873013 0.1265484878664442 0.9627629723654241 0.23889882142173283
1520621191.187915087 0.6623303232195751 -0.25103525882564437 -0.06639684418376124 -0.006395323146416815 0.11621476712292389 0.9592467720669241 0.257485646247716
1520621191.237918854 0.682720367022115 -0.2627691542126538 -0.029773042259543973 -0.013455212244397925 0.10173202740221762 0.9564678298958252 0.2732011021911578
1520621191.287930965 0.6952772496184727 -0.27129249009345296 0.012984279317709523 -0.021187864792355335 0.08360742126005023 0.9544885233952832 0.2855039968239981
1520621191.337935686 0.6996157403793568 -0.2775725495637377 0.05819690134644534 -0.030446876772306834 0.06288136545500729 0.953825394003604 0.29212332896774174
1520621191.387946606 0.6957239198864398 -0.28032960528217404 0.1043836081688331 -0.039345697054312796 0.04021655392383578 0.9540765938601582 0.29423187788205435
1520621191.437948942 0.6843022331613388 -0.2803963217381648 0.1495543662269473 -0.047806429311965645 0.020263073547669593 0.9552348512637294 0.29125647134098626
1520621191.487949371 0.6653927943653474 -0.27780124554393393 0.1923479736947756 -0.05574214641305473 0.005309714873734917 0.9568162905287155 0.2852493754946606
1520621191.537954569 0.6403019172912799 -0.27197096509161833 0.2316746131937059 -0.05845203406434616 -0.00664571626437946 0.9595483687179299 0.27532911625876666
1520621191.587460995 0.6098585179813664 -0.2651474643471567 0.2663183502031079 -0.059592472183374594 -0.017310073738868257 0.9627994611157814 0.2629948598003197
1520621191.637471437 0.5737840422114451 -0.2569313139614595 0.29674558540458623 -0.058957021146810326 -0.031494373264650176 0.966581247904627 0.2474931621465443
1520621191.687476397 0.5327693328707347 -0.24825281663694077 0.3212883907869136 -0.05808095277102793 -0.04921267162681385 0.970481161173956 0.2288471797576083
1520621191.737478971 0.4884229968040723 -0.2384423385461938 0.33832262667621316 -0.05798095386058531 -0.06793087411177469 0.9738461445263199 0.2089193435827546
1520621191.787468195 0.44126693111610227 -0.22751646050263177 0.34602658320479357 -0.05857359381401643 -0.08174180681624237 0.977339802808537 0.18626411616920902
1520621191.837455273 0.3920529493693937 -0.2154921717355205 0.34414337079386537 -0.05823720907342887 -0.08381627852321391 0.9819979217116567 0.1589444578708046
1520621191.887465477 0.3401518230433528 -0.20280126347141314 0.33604223741215067 -0.05317195482260736 -0.07613704758153463 0.9884950496505075 0.11938772978137495
1520621191.937482119 0.28600940663930213 -0.19081758570117116 0.32418499944112456 -0.04211571049286968 -0.06306160881224886 0.9950682806142609 0.06394229694865897
1520621191.987007380 0.23232008962320347 -0.18075143914983555 0.31058267453610666 -0.030787186266996423 -0.04667145965960277 0.9984280857272547 0.003909174594876574
1520621192.037009716 0.17893916864646292 -0.17390147414065732 0.29577495643855173 0.017090229575528117 0.028391458314854467 -0.9978257457665682 0.056970432973637866
1520621192.087003708 0.12710691535765312 -0.1701081720761607 0.2807195032728626 0.002098303865410778 0.008731783013817081 -0.9930270442928598 0.11754421461422324
1520621192.136994839 0.07789437162677494 -0.16959927909006964 0.2661918085599821 -0.0066312003538028874 -0.010895673370630934 -0.984566210749357 0.17454709431646526
1520621192.186976433 0.031119483610978146 -0.17213860253801858 0.25352701646187603 -0.012215485739352888 -0.023855763059586588 -0.9724443468702783 0.23158945726659227
1520621192.236963511 -0.01307667913850993 -0.17651047406172818 0.24385207029267505 -0.021871462011491455 -0.026751010447086433 -0.958402132635477 0.2833220336460074
1520621192.286954880 -0.05366110456872656 -0.18107463930153178 0.2370155431896574 -0.03696669434273977 -0.02222546849845808 -0.9453575356385595 0.32316964874626486
1520621192.336953163 -0.09020780653602516 -0.18355153559621126 0.2329880762122378 -0.05043157197522517 -0.012834822773714536 -0.9380482301117113 0.34257472448614906
1520621192.386974812 -0.12215670045694309 -0.18308637709494188 0.23134380918937997 -0.06007469327523738 -0.0065284517693039576 -0.939079317867396 0.33834663482749233
1520621192.437113762 -0.14968071554703372 -0.18031944653286758 0.2306926322379834 -0.06210669515909183 -0.006644059910938977 -0.9475658867970645 0.31339672152530285
1520621192.487142563 -0.1727363661541027 -0.17761008971907902 0.23131479516052916 -0.057426854358120685 -0.011408833516669594 -0.9590845856842545 0.27699955310285646
1520621192.537165403 -0.19247322183844484 -0.17630167863096952 0.23308486323402092 -0.048821306220919736 -0.0172685006230199 -0.9707813855184829 0.2343112896894445
1520621192.587182760 -0.20959370465205662 -0.1762087339680143 0.23634279161057198 -0.04248180203358438 -0.021210761131096267 -0.9801672444067693 0.19239951429320096
1520621192.637192488 -0.2246349220022823 -0.1765575742991048 0.24056944410967407 -0.04023225661041124 -0.02034673287779596 -0.9881235484679851 0.14689870303127614
1520621192.687194109 -0.23683537147589612 -0.17828398210455176 0.2455414804068461 -0.03811278060417707 -0.014607857763681608 -0.9942732861822108 0.09876567637900212
1520621192.737192631 -0.2455531080003695 -0.18160253793974793 0.2506574872988689 -0.03351188341578103 -0.005361130582835844 -0.9984791391779895 0.04344675563470952
1520621192.787199736 -0.2507438792559283 -0.18779491024763614 0.2555780531503535 0.025052882428744754 -0.005586053645378898 0.9995452136880274 0.015827661862648508
1520621192.837271452 -0.25078949070209794 -0.19540803147906816 0.2608143519106606 0.012891627711872633 -0.019250332099908573 0.9970256556828184 0.07350559542801853
1520621192.887259007 -0.2456287534620436 -0.20181898729691367 0.2667589203942277 0.005564988929501832 -0.03349076864460972 0.9932961332502123 0.1104997329588829
1520621192.937262297 -0.23787043803655195 -0.20825191994525566 0.2726459908696726 0.0034546673894244612 -0.04790019590234824 0.9914531107505681 0.12130278516492038
1520621192.987277985 -0.22564607335580097 -0.21342372836987292 0.27818589540483324 0.0018566304437498554 -0.05979918213318449 0.9916564936495995 0.11418410284352036
1520621193.037295103 -0.20786691103547386 -0.21506149101656893 0.2842038977922655 0.0026552025540327027 -0.06911851279054981 0.9932481482539555 0.09313268534251631
1520621193.087312222 -0.18450520571720866 -0.21484582471829228 0.29000751243424544 0.005499105574449023 -0.07426181051694063 0.9953234853863817 0.06153131540063478
1520621193.137328386 -0.15686633096136285 -0.21480129973136353 0.294122693104996 0.011292470187999422 -0.07024668001242436 0.9970889712717936 0.02741290631146969
1520621193.187345505 -0.12573154961575758 -0.2159301875135285 0.29636394925611714 -0.017196148295212006 0.0564051451268868 -0.9981712112053309 0.013303578763126274
1520621193.237190247 -0.09109126779361644 -0.21760272330349104 0.29749370871628844 -0.017948610230455946 0.0361867709986873 -0.9979031365802152 0.050573659140428745
1520621193.287201643 -0.054006464199345613 -0.2198842185662601 0.29743336963498485 -0.014928446339750172 0.015365358987315315 -0.9956923844152671 0.09020932795732492
1520621193.337204695 -0.015993997625545594 -0.22454550733734419 0.296407768628711 -0.010492705563521618 -0.002401925455416256 -0.9907260913647455 0.13544720659060522
1520621193.387202978 0.02329223849095728 -0.23079421807790218 0.29436899642419384 -0.006508343624038392 -0.013431235178087197 -0.9827301408140934 0.18444162686436724
1520621193.437199593 0.06483109413996802 -0.23831595288206714 0.2914709106321924 0.0021091988161723784 -0.015819426855752935 -0.9739474526598244 0.22621153036869815
1520621193.487200499 0.10826979044493383 -0.2465367154325877 0.2874429228074521 0.00834537272107624 -0.009144775059335168 -0.9664685645164457 0.25648633812501886
1520621193.537200928 0.15408701932597987 -0.2527800267616632 0.28240126613619226 0.01556356482379104 0.0064863257421948215 -0.9627419411165761 0.2698956425054485
1520621193.587201595 0.20180956683057644 -0.2581329244813224 0.2775843369506743 0.013035046839170204 0.022466764777493497 -0.9629279859655394 0.26850516918428885
1520621193.637320757 0.25152004175346826 -0.2608459558885484 0.27372529449768807 0.010818909257867312 0.03533750970483369 -0.9698048248420078 0.2410659937102156
1520621193.687333584 0.30215595231209796 -0.26304926821796515 0.2701302977149891 0.01047472039756796 0.04198464026204987 -0.9808249000097439 0.19002653955575582
1520621193.737343073 0.35331972934825634 -0.26596730489017956 0.2660777680073606 0.01920373563204017 0.04116428989366404 -0.9916024364103996 0.12108396211011958
1520621193.787358522 0.40087763588074704 -0.2716017756776923 0.2619892164643851 0.02758525500780727 0.031963747648529606 -0.9977462680751591 0.052151290343656495
1520621193.837369919 0.4457637352337882 -0.2787889207202908 0.25710064234449925 -0.032918456614979316 -0.01793590417212242 0.9991751755865933 0.01560919751674215
1520621193.887374401 0.4885961817911116 -0.2865964938935193 0.2521119729884673 -0.033636657830396086 -0.004118364018454463 0.9957126361971905 0.08606950938081234
1520621193.937380791 0.5291750179972979 -0.2957771274173288 0.2464370302990053 -0.032995662817780304 0.00823898794112379 0.9871196579891727 0.156327176537735
1520621193.987380743 0.5675073392126263 -0.3068898568273042 0.24099889925715956 -0.03432350240612411 0.017566127959965195 0.973444905504684 0.22565093458270427
1520621194.037382364 0.6033152485250991 -0.3197567051566164 0.2368255456231213 -0.03721404732710239 0.022147999160255404 0.9549028753562925 0.2937432202639213
1520621194.087314367 0.6346721938448425 -0.3330757324264967 0.23467980233190036 -0.03553859316353874 0.01913655280169589 0.934110313323208 0.3546952541070187
1520621194.137312412 0.6597801267204303 -0.34651682469176254 0.23356513421858563 -0.03645783112700499 0.010906787490351276 0.9133106157240505 0.4054819203637951
1520621194.187310457 0.6787250925600042 -0.3567618023626146 0.23311926320847454 -0.04255737326556887 -0.0008500964212981105 0.898668895214672 0.43655740068225923
1520621194.237307787 0.6915408782143024 -0.36232869521168215 0.23350999512770765 -0.051943525954527926 -0.013703888320620555 0.896485312623222 0.4398046814293264
1520621194.287305593 0.6981470383780745 -0.36367520760394606 0.2340215269135793 -0.05901523356558472 -0.0272224418497534 0.9068139023658791 0.4164909210810033
1520621194.337305784 0.6980937202358476 -0.3619123157050476 0.2350435472880463 -0.061206275198907756 -0.03989976436357278 0.9253573775131685 0.37198860810777323
1520621194.387309551 0.6907156729489043 -0.35842224463972505 0.23512545696472667 -0.060560120351885245 -0.04614580095429686 0.9454229602627057 0.3168256035824034
1520621194.437317371 0.676377877484606 -0.3532944856830208 0.23456798292261197 -0.05222660207028582 -0.04389591086837788 0.9645457906411421 0.25494499171719714
1520621194.487546921 0.6564477089892669 -0.3457811739616275 0.23352873828359466 -0.04123923039222287 -0.03388952888178231 0.9798874646643584 0.1922794380647186
1520621194.537552118 0.6338697901709271 -0.33758729010007044 0.2320960395092492 -0.035163208381697154 -0.021413113274026306 0.9899648856020318 0.1351834036824607
1520621194.587560177 0.6076641079026476 -0.32919502633379216 0.2310193727260654 -0.031063679133312188 -0.015280260922065443 0.9957550420431738 0.08528456900549765
1520621194.637560129 0.5780141118095891 -0.32045068359944506 0.23100565311434199 -0.027695201909449737 -0.020917433714317837 0.9984387384509141 0.04376668046070129
1520621194.687560081 0.5451844941511866 -0.31169631649934626 0.23148717512099698 -0.024147689649530752 -0.03291383490116539 0.9991315548568991 0.008348930825206857
1520621194.737560272 0.509511284721033 -0.30404057276293406 0.23175023736215958 0.01687149034173195 0.04579350477592784 -0.9985161405336781 0.024162467334979936
1520621194.787561178 0.47199484320424956 -0.2973347079447806 0.2318051675099683 0.0051286039808640885 0.05623138099959967 -0.9969782919606575 0.05334805124177785
1520621194.837562323 0.43425447233504594 -0.2923813956737937 0.2321092645068247 -0.008256076283026955 0.061811721764451516 -0.9952710535604712 0.07447602434040465
1520621194.887326717 0.39748725685002484 -0.28896493130252504 0.23262092433041767 -0.01491249501690377 0.05847135051364614 -0.9951370506553077 0.0778522258804255
1520621194.937330246 0.36231067787929083 -0.28635748432401203 0.2348275802728334 -0.015896810071146558 0.04924406993900634 -0.9964461123940553 0.06646396091249555
1520621194.987331867 0.32830386368714026 -0.28570028246644313 0.24154849725341074 -0.016664513712927036 0.04973283522465256 -0.9975827103040251 0.04558152241539118
1520621195.037328482 0.2952334067467401 -0.28653148683825735 0.2539417239050698 -0.01913082911353149 0.07278045785852535 -0.9969200262884624 0.022078893005401962
1520621195.087327003 0.26357777544215716 -0.28855222412772874 0.2694288667479207 -0.015857880590513365 0.11557942204212965 -0.9931716230913556 0.00022783692983665104
1520621195.137328863 0.23240745949264704 -0.2920015477986627 0.28491749638290825 0.009519536443630341 -0.15998505117546938 0.9869542559919758 0.015344653974806109
1520621195.187332153 0.20219024058098375 -0.2953870097683359 0.29821930636023053 0.003564342704235958 -0.194081981002984 0.9806517336570681 0.025330957076886366
1520621195.237333775 0.17314048553732775 -0.2987052918839148 0.3090382313814444 0.000732577236415924 -0.21693992292593506 0.9756655024065118 0.03183332507500337
1520621195.287261009 0.14576229701749396 -0.30180097945949164 0.31738650825065956 2.041723594183079e-05 -0.23317802299938553 0.9717547309806343 0.03634215169730543
1520621195.337263823 0.12038208814855124 -0.3042618207805035 0.32280985916957544 -0.0010079216666007964 -0.24435962421746216 0.9688933636056555 0.03915364743078272
1520621195.387268543 0.09760084198408013 -0.3045407954130543 0.32405573343818556 -0.004387026864229997 -0.24499969758783002 0.9686090715569935 0.041861302830460356
1520621195.437274456 0.0773569892693153 -0.30267451645263227 0.32029192661336253 -0.006370770870151964 -0.22823169385117753 0.9727166053843822 0.04113529882991844
1520621195.487283945 0.059449375262899305 -0.29881536371844164 0.3117367226138023 -0.0045930941906889185 -0.1912251358051373 0.9808318981505828 0.0371569440668527
1520621195.537296534 0.04353083810967784 -0.29328724590035926 0.29915240057334225 0.0012015159621196544 -0.13732917404342218 0.9900341314909348 0.031171666605024337
1520621195.587308407 0.029151809114561177 -0.2877429656878632 0.2836182729422941 0.006434176103595506 -0.07380098104672894 0.9969779057899854 0.02338956906451128
1520621195.637316704 0.01635128895570835 -0.2827175148005565 0.2663599093983107 0.011128034068796457 -0.00519543348350499 0.9998048893080592 0.015471187555631746
1520621195.687280178 0.004727379183035743 -0.2793563904220235 0.2486470038884012 0.01496047235800733 0.06340349252983676 0.9978256686101962 0.010005821528454695
1520621195.737282515 -0.0060037880764541775 -0.2768183549528228 0.2310494277422512 0.0182712558394946 0.12815860100717094 0.9915643100708236 0.006461670968430102
1520621195.787281275 -0.016209037113646962 -0.2752967033748042 0.214686041777986 0.02247260020413386 0.18598393687652748 0.9822820481130861 0.0051899343670296135
1520621195.837280989 -0.025337335411138178 -0.2743371247288121 0.19970246625367735 0.026613896437455365 0.23533486360077782 0.9715235323448206 0.007157415082432205
1520621195.887280941 -0.03350216651126765 -0.2745733646926271 0.1863181323769582 0.0303965919965188 0.2780306144376778 0.9600455081325691 0.009361994706355377
1520621195.937282801 -0.04088887268347259 -0.27554724364662647 0.1759386881254529 0.03302542540996171 0.3094461310652675 0.9502914691008489 0.009926580447396152
1520621195.987284660 -0.047491450337066025 -0.2761189296444217 0.16944356912144481 0.03381454979710683 0.3257755059886381 0.9447871116838652 0.010208306222160289
1520621196.037289381 -0.05306657452262088 -0.2760406628641163 0.1678550418912684 0.03438284195604705 0.3251265038761138 0.9449805540013072 0.011060253871571352
1520621196.087990999 -0.05699351421591712 -0.27497522442088956 0.17247998845098064 0.03529772693783171 0.302322856958251 0.952449125995069 0.013986530121954988
1520621196.138006449 -0.05951958782054356 -0.27354526579803634 0.18340729256104416 0.0368938028212993 0.2558427859833452 0.9658497511148609 0.01782061853653515
1520621196.188019037 -0.06088670485002511 -0.27147637972003735 0.19947641270650246 0.03814351607729231 0.18862879745596772 0.9810594995259093 0.022056911423618222
1520621196.238033533 -0.06102442879914094 -0.2692996557209053 0.2185007603716722 0.03338972594330899 0.11195685101150146 0.992736746390743 0.02871484073682207
1520621196.288043499 -0.06035549315339163 -0.26949253084541075 0.23837805050162883 0.024791221587640154 0.037450696031844685 0.9983463753005462 0.035879738337731615
1520621196.338044882 -0.059155959794435393 -0.2720020085740696 0.2570720743757626 0.015505324970776687 -0.031506906536656575 0.9984495901606305 0.043189300134521436
1520621196.388044357 -0.057882901779100805 -0.27553908160898466 0.2749791424123552 0.008757644894919744 -0.09750053007592761 0.9939794140086651 0.04921254736140204
1520621196.438041210 -0.056631843503048326 -0.27960950681757524 0.29139964886131065 0.004887197120579755 -0.15923753326432816 0.9857787577478728 0.0534767620304131
1520621196.487757206 -0.055188418030576426 -0.28356745763410285 0.30540900516755265 0.0017771074108010442 -0.21296681902365724 0.9754636171735268 0.055791643235653846
1520621196.537753582 -0.05388394902607162 -0.2864648908666391 0.31630248056805893 -0.0020810736911540603 -0.2538011851507091 0.9655683892949382 0.0570816357751467
1520621196.587749004 -0.05240860238234831 -0.2869711747691745 0.32314025079852665 -0.007575568651262692 -0.2760012923867015 0.959325263258388 0.05882972577452135
1520621196.637746572 -0.05090571448616486 -0.2837917302718942 0.32486150330567204 -0.011842763352095987 -0.2764702002024324 0.959007265495381 0.06106588313686595
1520621196.687747002 -0.049483575677279595 -0.2767972382169103 0.3212772630366427 -0.012053208121810361 -0.25493075477141247 0.9649506756642006 0.061116478799529646
1520621196.737750530 -0.04853585049323138 -0.26687432348497053 0.3131388083946941 -0.009549022889020618 -0.2169523540277527 0.974306519088496 0.05972687088187152
1520621196.787755489 -0.04752072278492723 -0.2563045354416556 0.30178692588214 -0.007208662666690185 -0.16862091291976689 0.9839353606605833 0.05819131335852514
1520621196.837758780 -0.047504867278788006 -0.24662454449538676 0.2876733602490361 -0.0025995268856949627 -0.11417623619061917 0.9919223569046454 0.05520024838755782
1520621196.887760878 -0.04901057062345865 -0.23860223956426135 0.2728716164471247 0.004330911048983345 -0.060275700177799665 0.9968976523946053 0.05042969192535921
1520621196.937342405 -0.05166265531175623 -0.23151282134266368 0.2582369627614168 0.009929573292830613 -0.013783908852766518 0.9988041172964384 0.045844767451081396
1520621196.987344742 -0.055201860487925906 -0.22460676066714347 0.24379678346550285 0.014920244080940736 0.025352069205746373 0.9986562332912291 0.042665988938805605
1520621197.037344933 -0.05970462566592183 -0.21798313253259527 0.22980614203849103 0.018208245866568905 0.05998013171516572 0.9972133054059725 0.04045327061176557
1520621197.087346554 -0.06604093515396794 -0.2124106166842536 0.21612494594682602 0.01986622073244152 0.0939954909255546 0.9946591529907438 0.03772731545193799
1520621197.137348175 -0.07429584179097594 -0.2075132382954721 0.2031906832641916 0.02025719647845072 0.13037017498326697 0.9906415149561999 0.03496644550066649
1520621197.187348843 -0.08460058600000366 -0.20337277862460004 0.1914602552235332 0.02180106974713269 0.16909850387060144 0.9847895173060918 0.033466639368775364
1520621197.237349510 -0.09681651936951642 -0.19982947879879331 0.180927279646406 0.022531856618840173 0.20736363478551764 0.9774013403610373 0.03434033002599296
1520621197.287361383 -0.11125819507232441 -0.1966109769762279 0.17242543759497617 0.022634221037406328 0.2389132011765096 0.9700853410741151 0.03664157986141343
1520621197.337651491 -0.12807273592485652 -0.19326130902480312 0.16663644054363538 0.021992752391598463 0.2590039135749896 0.9648150797650167 0.03956202033650226
1520621197.387653112 -0.1473265849050205 -0.18912387028807182 0.1653617595478523 0.023012734988168342 0.2599732769303725 0.9644333365883497 0.041864646033509686
1520621197.437655926 -0.1692335904075158 -0.18391168608430766 0.16918546312081548 0.02534132819181313 0.23900541523619315 0.969699039690245 0.04379498826425562
1520621197.487657547 -0.19309781894409392 -0.17834117596001814 0.17756775895868004 0.02716860821659431 0.2000650719939578 0.9783567637191212 0.0453197151433406
1520621197.537661314 -0.21813751142028023 -0.17322804848753934 0.18960097175492005 0.028933101897028714 0.14933900677820316 0.9873314218210067 0.045137569208202666
1520621197.587664127 -0.24459478398482673 -0.1695425571133203 0.2046019595507273 0.03038704461378517 0.08929765471711468 0.9946294750971494 0.04260004283603539
1520621197.637666941 -0.2715792294811167 -0.16769292886237333 0.22112269712008487 0.03204302415320844 0.02182407800818351 0.9984778222977975 0.03922999619752077
1520621197.687669992 -0.29827330762776894 -0.16729251834946474 0.23739143917582156 0.03311238779606958 -0.04467347145407397 0.9977586706504713 0.037222115260810915
1520621197.738166809 -0.32462888281087476 -0.16869601312767943 0.2530811070748216 0.033395279723744696 -0.10763514502427037 0.9930223005137372 0.0347295483728491
1520621197.788168430 -0.34994075947551334 -0.17177811839304985 0.2680590153187721 0.032038386707089056 -0.16766274045635612 0.9848278995477812 0.03125308804225508
1520621197.838169098 -0.3743481073369705 -0.17639816171726153 0.28197722440308065 0.030013205852263622 -0.2215023090441886 0.9742545013600846 0.02939559732639539
1520621197.888170719 -0.3981949338978546 -0.18166353262601215 0.2932997010962831 0.028466682456886168 -0.26380417993592997 0.9637583270651154 0.02769277253870328
1520621197.938171148 -0.4212846267063175 -0.185339423316358 0.300063684617962 0.025621056903079316 -0.2841467998138171 0.9581098948090894 0.025091573638408766
1520621197.988173008 -0.44338600261509464 -0.18657104802831287 0.30118714549479847 0.022492003333499856 -0.2777290870468161 0.9601591075832038 0.021334294439087867
1520621198.038174152 -0.4643654403109347 -0.18560745159228412 0.2974835244971398 0.021434730780228065 -0.25206161237905217 0.9673778559514041 0.013622763894156408
1520621198.088177919 -0.48349450725673576 -0.18308674722714674 0.28901493204517753 0.02197970329425471 -0.2115751523682235 0.9771096450860143 0.003096614819939883
1520621198.137388945 -0.5005134391590668 -0.18038272681382125 0.2759799800991125 -0.021914970727672782 0.1565636714499076 -0.9874046823140274 0.006288416689849529
1520621198.187389135 -0.5155549953347017 -0.17832099520715455 0.25878810940117053 -0.024386954137880803 0.0858622398845246 -0.9958543174129718 0.017525145358412885
1520621198.237389803 -0.5288113128868235 -0.17763417234022982 0.23925353782787015 -0.026955693337875616 0.00613406290963281 -0.999218513010477 0.028251143800322124
1520621198.287390232 -0.5393992196796421 -0.17807628188446786 0.21906425914084743 -0.027545126723029747 -0.07485671761533448 -0.9961530023218587 0.03628958234558966
1520621198.337390661 -0.5477435101471035 -0.18035490321786093 0.19978158503371815 -0.028359720169065426 -0.15016030085043852 -0.9873237515616143 0.04288845908560787
1520621198.387392521 -0.5536833142655783 -0.18340427982214919 0.18245865679435314 -0.02723741925793371 -0.21577700652784168 -0.9748611506239558 0.04841635519313958
1520621198.437395334 -0.5572379378440262 -0.18648925766397517 0.1685051024094719 -0.024202028546505088 -0.26686137636966945 -0.9619207754233572 0.05392299532896288
1520621198.487399101 -0.5588143838403566 -0.1889817509253212 0.15828313172402203 -0.020961489026499667 -0.29918732624067335 -0.9521783843154576 0.05834281650000742
1520621198.537700653 -0.5585081352613149 -0.18968592153205244 0.15257110511891608 -0.020044782787806678 -0.30803309023123854 -0.949229246919604 0.06064370369646621
1520621198.587703228 -0.5561537060845989 -0.18928056798895404 0.15212671403020203 -0.020962747740984118 -0.2936678060764692 -0.9538228496967387 0.059512639647169116
1520621198.637706280 -0.5515134499053661 -0.18848561475677933 0.15658119985316246 -0.023487042218398667 -0.2576924242779759 -0.9643394111649948 0.055610011612318676
1520621198.687708616 -0.5447938505622919 -0.18750701731721606 0.16512203143029913 -0.026308736508897142 -0.20700292161491543 -0.9766624997079667 0.050872413844641924
1520621198.737716436 -0.5357315156551197 -0.18759178336027896 0.17791931349195791 -0.030465081991131984 -0.14516732284805925 -0.9877831791721126 0.04777779924855374
1520621198.787715435 -0.5243792145871551 -0.19030354672072491 0.19339742296334816 -0.03419524751729147 -0.07651449143753991 -0.9954095660246746 0.04621702623336049
1520621198.837721825 -0.5104618807654192 -0.194141106427642 0.21114269984624068 -0.036807440963255306 -0.004312202057074839 -0.9983487071124029 0.04389164168892765
1520621198.887725115 -0.49345883558076886 -0.20030149402316252 0.22919691421702387 -0.0375048654602351 0.06844241999275573 -0.9961245429314373 0.04055755394473882
1520621198.938181639 -0.47337341458186183 -0.2090857874365335 0.24686096407523286 -0.036824624467509934 0.1378388837419121 -0.9890699594294954 0.03721564880190772
1520621198.988119125 -0.45087131755934895 -0.21941057238716732 0.2625688834568026 -0.034774666563366106 0.19833201677396328 -0.9789259471389317 0.03404590586142204
1520621199.038121700 -0.42639883477686674 -0.23013507280179682 0.2743123626461425 -0.03185140232863626 0.24006072811852525 -0.9697783684741964 0.029769968498954316
1520621199.088123083 -0.3999171480634568 -0.23978862428006037 0.280717718352208 -0.028519078666631763 0.2539720016337225 -0.9664576546693532 0.025386734118041016
1520621199.138125181 -0.37193265340063686 -0.2473036653040941 0.28200664770431727 -0.02639025089397413 0.24376103488491468 -0.9692417801356585 0.021318634314805514
1520621199.188125610 -0.3426279412979515 -0.2527811954213316 0.2787463651736741 -0.02486877743175956 0.21552828538157484 -0.9760346013228525 0.016898494905427035
1520621199.238127232 -0.31202174768351154 -0.25676567744870044 0.27088141782271974 -0.023459454940971836 0.16974477072883062 -0.9851405188761476 0.011598484923641812
1520621199.288126945 -0.2797975346775565 -0.2609023811627583 0.2588373650858566 -0.02333997216121912 0.10857290080722715 -0.9937955048322805 0.0061372212743449825
1520621199.338126421 -0.24721255283458254 -0.2661892748183185 0.24370541577429586 -0.0258960480182425 0.0387829836251347 -0.9989093663248323 0.002313600374250313
1520621199.387465239 -0.21488939508822327 -0.27296176903568214 0.22775991422344843 0.029725268214402703 0.030342672148198 0.9990972456757572 0.0006514288943287395
1520621199.437465191 -0.1823459267917451 -0.28137827612440586 0.2119083787985878 0.03185161070123839 0.0936560262629631 0.9950924960648786 0.002224391093652653
1520621199.487466812 -0.15076482197161464 -0.2903877597229467 0.19722894574254066 0.03325370267824802 0.14448638207785292 0.9889477582087782 0.0004562741187840232
1520621199.537468195 -0.11883104959193497 -0.2994044595987206 0.18527197439548757 -0.032955526040930855 -0.17847148925428902 -0.9833928262783667 0.0006403522218539017
1520621199.587471247 -0.08642946186456449 -0.30732460634718956 0.17761513232519643 0.03192375022570476 0.1905581882897722 0.9811533170985387 0.002572818256522634
1520621199.637472868 -0.0540493335090283 -0.31257197555587746 0.17509375643069985 0.03168788792915062 0.17664435895461342 0.9837010705543665 0.011173719089740295
1520621199.687475681 -0.022302614522253145 -0.31616843935478306 0.17662753201978795 0.031699917332958 0.14357725079979955 0.9885675223542679 0.03339074782329671
1520621199.737478495 0.00790185170826417 -0.3194737723917749 0.18114754207714 0.029621186183319523 0.10704733664316227 0.9909603697265736 0.07523960843911325
1520621199.787884474 0.03605461772710951 -0.3232586414521616 0.1871122051053717 0.025496251802206066 0.07573147332183476 0.9880456750019747 0.1318348557947977
1520621199.837887049 0.06126383356892065 -0.32763295099552564 0.1931393127738614 0.016616830821494538 0.05161480652990526 0.9792391488197937 0.1953214839668604
1520621199.887888908 0.08330979744705136 -0.3333466613107472 0.1982348137505385 0.00549997215099613 0.03439303831509276 0.9653575951505488 0.25859540349152443
1520621199.937889576 0.10284943278857074 -0.33852740358541006 0.2024322449117922 -0.00874839602512577 0.025184957176354154 0.9487867783325512 0.31479014082456747
1520621199.987892628 0.11995550620081154 -0.3429193541482439 0.20474259542050532 -0.023148231048445548 0.022599970695771986 0.9320073870041168 0.3609925640420262
1520621200.037894726 0.13532983771914658 -0.34601033135129683 0.20498053691101664 -0.034701797609544185 0.02632829343650107 0.9158784621780531 0.3990855155549404
1520621200.087896347 0.14925957909866208 -0.3474053576485362 0.2030840050405455 -0.03891491427750803 0.03418939440509018 0.9035246305484653 0.4253938842405313
1520621200.137897968 0.16278133353042218 -0.3454660623002337 0.20057447763801003 -0.03740207499496526 0.04253639497961865 0.8998030349915674 0.432604019986145
1520621200.187807560 0.17561521371983124 -0.3394571796490294 0.1982666132063493 -0.030258385426122757 0.046770454420637146 0.9087836919990454 0.4135325330143635
1520621200.237810850 0.18768651160044525 -0.33076212191950255 0.19655244414990547 -0.023665562234131927 0.04626866125921227 0.926649891979342 0.37231590060605363
1520621200.287814379 0.19940247937885308 -0.32196479839731135 0.19563279174900908 -0.020662358111337157 0.039025767342856774 0.9460512724095839 0.3209938417053937
1520621200.337817907 0.20963294308297967 -0.313634499884642 0.19614972494475694 -0.019404569016049856 0.024387184591580603 0.9637820097074715 0.2648640513418627
1520621200.387820244 0.2175805857164251 -0.3062056519557303 0.19750997335591447 -0.01754647410221283 0.004144922030909682 0.9786879153437825 0.2045602728488093
1520621200.437823057 0.22307756280621677 -0.2985716617048393 0.2002148075024332 -0.014394585684233224 -0.02030250014718848 0.9889259126100519 0.1463083858127372
1520621200.487826347 0.22882826927628827 -0.29126399712235795 0.20190638861217214 -0.011250043400782552 -0.04231726773963657 0.9947752653807447 0.09222178029728861
1520621200.537830830 0.23345446114435595 -0.28521719857724576 0.20174848886341712 -0.005740986608938673 -0.0573496812896112 0.9973774102894186 0.0437762101272912
1520621200.587743521 0.2400570813223829 -0.27942049215140025 0.19921103222824388 -0.0013475275710641847 -0.06430263434262312 0.9978876013994177 0.009148243512333972
1520621200.637743473 0.24804102511644496 -0.27331528936955274 0.19421510470668754 -0.004388103428404646 0.06592860734535166 -0.9977527322499213 0.01111973783958029
1520621200.687743187 0.2573960213626098 -0.26667462274274617 0.18791002668137285 -0.009030616583848692 0.06588175571458466 -0.9976218233284255 0.018131184377951092
1520621200.737744093 0.26703159534136905 -0.2604708135686274 0.1804550297671417 -0.014395784917814026 0.0645779468206482 -0.9976179690052922 0.01951507311760598
1520621200.787744284 0.2770345137992482 -0.25518783336187895 0.17173685556432308 -0.021829784593533387 0.06138254330970859 -0.9977396150877523 0.01647131949710308
1520621200.837745428 0.28759879526010884 -0.24990357617063264 0.16200596788861338 -0.03097580284425703 0.06027355213421048 -0.9976128087004159 0.013277140812150076
1520621200.887747765 0.2993596304800127 -0.24443945591933625 0.15158196366174034 -0.03969981711519911 0.06311620911129594 -0.9971753525998036 0.00903243244625605
1520621200.937748432 0.3119946980248064 -0.23898486726794213 0.140429904889781 -0.04605183588681777 0.07005958529614162 -0.9964768977033439 0.0021622356730857627
1520621200.987558126 0.32617695619247605 -0.23449147830740003 0.1281283528052092 0.05276432428160904 -0.07793441224168868 0.9955335362458246 0.007425071146544882
1520621201.037558556 0.3426989096157604 -0.23036702842430484 0.11325966256178017 0.057666931149390074 -0.08303373176859828 0.9947149129884439 0.01794899213839951
1520621201.087560892 0.36194377748604833 -0.2265230096089121 0.09611602056199509 0.0595070156696872 -0.0849504492687721 0.9942146705653804 0.02791997649880272
1520621201.137562275 0.3839431040867516 -0.22154989271825498 0.07698942874548043 0.06053471619097016 -0.08093326584132748 0.9941456460832536 0.03820718505262962
1520621201.187564850 0.40891655402544114 -0.21636332837603434 0.05680898486404857 0.05902578777637299 -0.06992831509438542 0.9946037859740507 0.04888042605710141
1520621201.237566233 0.4370669318544167 -0.21117878581888827 0.03651092921405536 0.053663167223983975 -0.0544492680957823 0.9952014084061309 0.06107125669067192
1520621201.287568808 0.4681477738735591 -0.20608309726171786 0.01767592151657258 0.04828238158361564 -0.04061440573907128 0.9953551813967068 0.07271412890082121
1520621201.337570906 0.5022133088897763 -0.2006852062073888 0.0013813832082529452 0.04370774001514433 -0.03303296135265624 0.995217981716535 0.08086795283120074
1520621201.387563944 0.5392198642799485 -0.19463078081492713 -0.013254961153466636 0.03661748756231079 -0.027579109039176965 0.995109585229023 0.08749551836837732
1520621201.437579155 0.5776847753440333 -0.18828979236299612 -0.026373455239514707 0.028211806922483863 -0.02085449108059765 0.9951825369954602 0.09154726763381428
1520621201.487581253 0.6160427484451144 -0.1823370689760576 -0.03786718700889256 0.023047989673190154 -0.013138416415973232 0.9952861472363242 0.09328267419826188
1520621201.537581921 0.6540898432571141 -0.17658102910996518 -0.047371333929367924 0.018671420683777185 -0.0057148805141164286 0.9953837917785131 0.09396714987158285
1520621201.587584019 0.6906591496876088 -0.17072253971063853 -0.054224404905992146 0.017349636244964797 -0.0022083441600155404 0.9955121784511298 0.093003311197636
1520621201.637584209 0.7265208036253856 -0.16476911581442016 -0.05928064380624281 0.014007120891761838 -0.005041759886173039 0.9955454056766028 0.09310062544248773
1520621201.687586308 0.7619165182812958 -0.15753358487195968 -0.06323888417050934 0.009880350203123627 -0.013585660254142163 0.99537979823095 0.0945349976941666
1520621201.737587214 0.7968003232542462 -0.1487957592045146 -0.0669089082765591 0.005037572560120896 -0.024583946121716913 0.9947685716698301 0.09902394293175935
1520621201.787589073 0.8317976238205776 -0.13877927452079278 -0.07120132893336543 0.004820257181285719 -0.03617216397043756 0.9937428677625169 0.1055625522878772
1520621201.837766647 0.8672634459984467 -0.1274388385006926 -0.07713684325951013 0.007254633837950833 -0.045059644587530596 0.9925315456718284 0.11312881844965016
1520621201.887768507 0.9026682577269323 -0.11481426446986552 -0.08590588938752586 0.009895387271578201 -0.045407996023416726 0.9915541948238185 0.12108044406580391
1520621201.937773705 0.9394588080950725 -0.09991030550234163 -0.09788913145680406 0.011577198773911893 -0.03736542581708561 0.9905855677836303 0.1311869899069268
1520621201.987771988 0.977846364751557 -0.08234453858062336 -0.11306107216836991 0.009251701484218822 -0.022967399350086903 0.9895700751443535 0.14190831887362806
1520621202.037774324 1.0170174742168836 -0.0627835003098112 -0.12862533012628824 0.009490019493384627 -0.0077164362980457835 0.987945479185164 0.15431826301015067
1520621202.087774992 1.056536908463962 -0.042324093385064286 -0.14313714503415254 0.011513335396900862 0.006216746297257841 0.9862611861878949 0.1646744296870657
1520621202.137776852 1.097504989996981 -0.020780052876643154 -0.1549545760706508 0.010868689231168736 0.016009966011001256 0.9836764263215618 0.17890288114494937
1520621202.187795639 1.1387758722303043 0.0012182902325147808 -0.16264616435542037 0.00811340800492615 0.021770003216607228 0.9809340645896077 0.19294714431212973
1520621202.237904549 1.18045644292605 0.02337409601324126 -0.16523904928904776 0.0037120531606809806 0.023044363949950013 0.9775253257932633 0.20952187328355226
1520621202.287905216 1.2213229990219385 0.04540757821804447 -0.1623825503900019 -0.0002254768694014367 0.020215851084040164 0.9739907296682846 0.2256841311332541
1520621202.337907076 1.261151531946076 0.06691712956055379 -0.15635423029011852 -0.0072038786649836675 0.015123459391548995 0.9709772413485788 0.23858453824863937
1520621202.387907982 1.3007853262351567 0.08808836145481769 -0.15028488261308434 -0.014889807926832812 0.0107925926632346 0.9678669085792379 0.25078967450989065
1520621202.437910080 1.3392881641616399 0.10997744057106551 -0.14574502181701363 -0.015395967259752648 0.008140393989438275 0.9650919072220995 0.26133179827997216
1520621202.487912416 1.3763911381189324 0.13298692328658118 -0.1433268014176751 -0.012278800509709595 0.006985049052933294 0.9625988773655907 0.2705620842658403
1520621202.537913084 1.4125339462878737 0.15824682073194024 -0.14437971766985652 -0.006751137763764404 0.005646341129075924 0.960777397862004 0.27718104684170847
1520621202.587915421 1.4486348573288876 0.1863455754866558 -0.1497669875817876 -0.003826489665988875 0.007602429283001177 0.9590789655152361 0.28301077532853386
1520621202.638346434 1.4844058719476196 0.2165761413468882 -0.15832949256079346 0.0010489396244071877 0.01088240852153844 0.9580448394892717 0.28640977364330694
1520621202.688348770 1.5192720813092282 0.24898320653768458 -0.1680713862885266 0.010993028138044002 0.015164900873937664 0.9580460987287712 0.28600148919965734
1520621202.738349676 1.553682624568698 0.2827569308811281 -0.17726535587856349 0.02153279157146274 0.02137564069299715 0.9583041284296852 0.2841348593656286
1520621202.788351774 1.5873364463805417 0.31704384616920867 -0.18252260105858506 0.02689380951664429 0.025267265880387694 0.9584710950376129 0.28279223515155355
1520621202.838352919 1.6205381408884039 0.35238930969802096 -0.18242020350724444 0.025573454089245235 0.024682679475432692 0.9589150511282152 0.2814581469768304
1520621202.888355017 1.6527851070686415 0.3888957409540374 -0.178032553893067 0.024451636108143934 0.023145024410470692 0.9596479812129527 0.2791812627856284
1520621202.938357353 1.682643450351193 0.4257989159491051 -0.17042563895120802 0.025424753492067798 0.024997673882329898 0.9604505009075676 0.2761585296831204
1520621202.988358259 1.7097182437069547 0.4638546346542746 -0.16281273895082557 0.029138087398123926 0.02937143471259664 0.9624420018354812 0.26831638747682696
1520621203.038857460 1.7343549540516496 0.503764693150999 -0.15672470232827304 0.0339232043735112 0.03267612897316294 0.9651648070805062 0.2573681836855743
1520621203.088858604 1.7577602358051287 0.5442771499108536 -0.1530599799657117 0.03307634866135746 0.03138495478879082 0.9677328111106527 0.24781877667362445
1520621203.138860703 1.7810091225112776 0.5859053136627665 -0.15323724271297653 0.030309034419382958 0.026160904537952865 0.9698119108438692 0.24054485463564573
1520621203.188862801 1.8041585401109417 0.6285062653389789 -0.15713284895376145 0.028812715083216898 0.01946186814875518 0.9711278205886498 0.2360123285263573
1520621203.238863468 1.8271271098422528 0.6724117553689855 -0.16408377889124137 0.03174735456571721 0.013282653361173595 0.9721890993461819 0.23165498421192085
1520621203.288865328 1.8500076261735865 0.7171479246557267 -0.17203342638059713 0.034953988959894905 0.009275438506587741 0.972708723630818 0.22919407468084135
1520621203.338866711 1.8734470547798057 0.7625895667292096 -0.17956763647422613 0.034136992340863155 0.009897626893629302 0.972751745174499 0.22910858778265122
1520621203.388869286 1.8971752694545194 0.8083510132474326 -0.18402231817129694 0.026716737471581868 0.016105897387933207 0.9721183003340033 0.23240659664461535
1520621203.439466953 1.9212289452764537 0.8554417308475851 -0.18405746305978993 0.020654123997412902 0.023074633827649637 0.9710100420393508 0.2370241901037904
1520621203.489467859 1.9454765044844997 0.902234432900032 -0.17950065828714212 0.01957703420837856 0.02795654616242923 0.9690966109561729 0.24430908679689292
1520621203.539469481 1.9704421643442118 0.9476449587846435 -0.17272789473541666 0.014925992884179045 0.03481391432469051 0.9665101097764672 0.2538176782765456
1520621203.589470625 1.9952074877127979 0.9922930450254791 -0.16496742727414143 0.008347337004421942 0.036729776517779866 0.9636051411761202 0.2646627616058557
1520621203.639472961 2.018793812418387 1.0356113478621713 -0.15841209632430187 -0.0032023717010406017 0.03546540482562888 0.9611858201677238 0.27359416840375617
1520621203.689473867 2.041778597168504 1.0777618256958825 -0.15293488473094197 -0.011851116481803987 0.02851585028341206 0.9592692445900286 0.2808004873650056
1520621203.739476442 2.064460167610978 1.1205567124765488 -0.1508881029516238 -0.014714082396627456 0.015351823508631096 0.958383236196807 0.2846917453512137
1520621203.789477587 2.087112226176838 1.164635029487402 -0.15240149457094437 -0.011186705673655439 0.00221119541651153 0.9569511206418012 0.29002503501146565
1520621203.839553118 2.1079863484783776 1.208223305308227 -0.156470989665671 -0.0060743743353528275 -0.0064197914108019725 0.9565541045596576 0.2914208868711153
1520621203.889619589 2.128332864353763 1.2523186500227415 -0.16089509260374985 -0.006357792789868777 -0.01239851822900307 0.9568396676925394 0.29028211372145724
1520621203.939621449 2.149839246867809 1.2963813647003584 -0.16581168228167628 -0.01065195550952508 -0.016491083348495163 0.957988073038086 0.28613533848616257
1520621203.989622593 2.1711907406166806 1.3395533578247467 -0.17024182795430898 -0.006459979524620587 -0.01836151010438752 0.9596028139770025 0.2806840982646619
1520621204.039624691 2.192452490693219 1.3831031070108217 -0.17268889459907863 -0.00766996089631304 -0.019387115980857298 0.9616080195516888 0.27363356549895784
1520621204.089627028 2.2128390284286996 1.4263361910440568 -0.17256181157239844 -0.01716029056432588 -0.019084924037979328 0.9633043565927465 0.267181598677093
1520621204.139627934 2.2316237657993643 1.4679916065944827 -0.16831370787423391 -0.02658257941306309 -0.021794340014697627 0.9640277680811441 0.26356941321701194
1520621204.189630270 2.2484337945748716 1.5095891563340664 -0.16214066032532862 -0.030348604845958766 -0.02846220415974887 0.9653398864003646 0.25765824039375057
1520621204.239631176 2.264295231504351 1.5497323132805738 -0.1541721667690471 -0.023315469937355473 -0.0338809655558367 0.9673164816231765 0.250214494813477
1520621204.289552212 2.278648640380086 1.587515543388637 -0.1475810952795022 -0.012657729074369885 -0.028027817692508315 0.9694298721038568 0.24343365914099727
1520621204.339553118 2.292210228967719 1.6245117577948474 -0.14431879859949512 -0.008894523912023366 -0.015209705776902243 0.9711881267497439 0.23766189167572138
1520621204.389555454 2.3054399436083357 1.6619054451923134 -0.14470727339640052 -0.010363546060336433 -0.008209572009953784 0.972045967769153 0.23441808032700848
1520621204.439556360 2.319809606845102 1.7005418203955218 -0.1481120263734922 -0.017322965647746234 -0.008325166234853177 0.9718485084162628 0.234821385647505
1520621204.489558458 2.334175210614223 1.7386171426517645 -0.15215745669137304 -0.024705255961673684 -0.011908843942007707 0.9704693575074921 0.23966029271205683
1520621204.539560318 2.3492352971988697 1.777539189348544 -0.1558643430940072 -0.0256762817800614 -0.01671495395398823 0.9676572185563769 0.25040137029178405
1520621204.589561462 2.363965296146348 1.8171037111990564 -0.1592749691015168 -0.0246269560883891 -0.017170372812252234 0.9639065730675982 0.2645426425519857
1520621204.639563799 2.3794595697210013 1.8580813075175504 -0.16099626931668592 -0.02362331081237567 -0.01726723444676431 0.9595223670257557 0.2801082094086384
1520621204.689333677 2.394061853823697 1.89851524219013 -0.16027743782784667 -0.02118437621315336 -0.01870944207809457 0.9552423482302168 0.29447111085674826
1520621204.739335775 2.4084100944812326 1.9380978643169722 -0.15750998385495474 -0.013491565928829698 -0.01755279582817223 0.951065976095529 0.3081937476991726
1520621204.789337635 2.4234130069664115 1.9767551065240427 -0.15165171444969788 -0.00711429359576783 -0.013362936749069276 0.9458657109760564 0.32420499001069225
1520621204.839339495 2.4393009064494477 2.0137407495666273 -0.14442030653595747 -0.0045493866919550825 -0.014577888247948317 0.940521413143993 0.3393910129519989
1520621204.889340401 2.4566385669538238 2.048519365369536 -0.13686932517819636 -0.008032539095434447 -0.01978716323860792 0.9349334603512288 0.3541798571380455
1520621204.939341784 2.475431354692761 2.08134421314041 -0.13105526780660154 -0.017708620658985395 -0.01885253099824396 0.9281497181814138 0.37130726826858435
1520621204.989343882 2.493699064907365 2.1124202562627623 -0.12801533278034616 -0.020317748258723373 -0.011433365144716602 0.9249623021401281 0.3793431255299048
1520621205.039345980 2.5128829189147774 2.14324998730189 -0.1272749187392531 -0.02127103699173781 -0.009283799147293001 0.9219973198288355 0.38650005987985714
1520621205.089020729 2.5362473170957056 2.174374296075438 -0.12856687624460827 -0.020580590308376938 -0.011977283127703083 0.9152638201785425 0.40215062285618575
1520621205.139022827 2.5625354685131643 2.207435340132617 -0.13376137958127743 -0.01178381298370109 -0.010332083705947888 0.9067832930485805 0.4213056482481935
1520621205.189023972 2.5900660514834666 2.23660134249029 -0.13779660634758195 -0.003719849184604891 -0.01173942160389242 0.8979091467408709 0.44000853730527917
1520621205.239026070 2.6192165784289205 2.264686165051858 -0.13903845628494282 -0.004420923194185496 -0.024695954200864553 0.8903298510984443 0.45462437410156725
1520621205.289027691 2.6527109167680587 2.299695019568145 -0.1392541897452273 -0.012818075917592164 -0.03993724046225141 0.8831096169778592 0.4672880462362053
1520621205.339030266 2.683961363359028 2.3253867176396232 -0.13874163423707167 -0.021845653538967866 -0.052024906148303726 0.8764756725608971 0.47812819616776275
1520621205.389031172 2.7161388401089637 2.3514908171179183 -0.13615191895562243 -0.019808486122900506 -0.04592710642473981 0.8692642883616317 0.49181085973381644
1520621205.439033270 2.748568356571484 2.3760056481755005 -0.13286306604384793 -0.00860583641256407 -0.029469944589603225 0.858372359592536 0.512107756466418
1520621205.488931656 2.7800058343473584 2.3992648774888305 -0.12745912156981648 0.0002575177957471358 -0.030505019936795483 0.84904806312622 0.527434132328251
1520621205.538933754 2.8107729018112253 2.420009380976142 -0.12073779577801658 -0.0004206651953657504 -0.04387788142377114 0.842426318670743 0.5370218358441438
1520621205.588934660 2.8411950238814896 2.4378113135583472 -0.11452213476156213 -0.005738617469652163 -0.05368205789832546 0.8369095339708544 0.5446721370494596
1520621205.638936520 2.873293078509725 2.4549065261964556 -0.1106632186058389 -0.007193977849280493 -0.05368507735938866 0.8309890086771438 0.553645578515171
1520621205.688938618 2.9071266464304153 2.4709458058830913 -0.10929535449612088 -0.009569461203098406 -0.052679028319123244 0.8239336891043014 0.5641512397811529
1520621205.738939762 2.9422369919281546 2.487072847495846 -0.11027173418114429 -0.011437794852595105 -0.05547273147789511 0.8165572556750158 0.5744790693452445
1520621205.788941860 2.9779393821481484 2.502642023621757 -0.1134144182837746 -0.012054669251946924 -0.055380284517782416 0.8059517035692987 0.5892618777332373
1520621205.838943005 3.0146610838047483 2.5200033799308628 -0.11689559256495081 -0.011269243357198746 -0.051895360086876514 0.7955841460361291 0.6035111782987725
1520621205.889187574 3.051714795807833 2.5389881732794892 -0.12085773959527324 -0.015400138905380275 -0.04553992242851262 0.786202728614949 0.6160959508918304
1520621205.939188719 3.089732678427834 2.559759972990836 -0.1252466773805452 -0.01615141578221886 -0.03872385866424295 0.7774404526376806 0.6275555251457039
1520621205.989191055 3.1271491876582123 2.5804995507912323 -0.1292788626393787 -0.015845582517078276 -0.03837254556630835 0.7700753342457302 0.6366006949790292
1520621206.039191961 3.1641977562209784 2.599317381625766 -0.1330582307191506 -0.01209486640394525 -0.037265165357836236 0.7625235015011325 0.6457731268146549
1520621206.089194298 3.2032005569170687 2.6181139172645467 -0.135815497079505 -0.0035760859555648756 -0.028702560535742633 0.7544190515387837 0.6557554950614235
1520621206.139196396 3.2424818318868294 2.6345796873901595 -0.13586464700503245 -0.0005318739151246643 -0.021232437964333804 0.7445041097850171 0.6672799496474089
1520621206.189197540 3.2829057015757592 2.647833265424747 -0.13410035149012423 -0.0009739741208766436 -0.024850481197899846 0.7341895690588062 0.6784888957410352
1520621206.239199400 3.325772117439366 2.6581147546881954 -0.13355735608724006 -0.0005510645472970968 -0.027012005693278978 0.7247732796039775 0.688457508527858
1520621206.289200783 3.3706406353672502 2.66619770040092 -0.13581374763583753 0.0017066276432777523 -0.020496006470108342 0.7168724921985733 0.6969008760719642
1520621206.340018988 3.4184712298106192 2.672944410792259 -0.1408671840296481 0.002900366810236762 -0.011614819686333776 0.7093571449233897 0.7047475610331385
1520621206.390020132 3.4689169447757044 2.6789328536379524 -0.14847826401397937 0.002693227500445157 -0.006711489306480342 0.7032879791875813 0.7108682865110583
1520621206.440023184 3.5222931329917193 2.68253821116749 -0.15820220164745877 0.0018946286831482847 -0.0019098881643165669 0.6985537513658641 0.7155525271858325
1520621206.490024090 3.579694685563028 2.6849267359690736 -0.17010222964248622 0.0040099835313568075 0.004196254407247188 0.6943867622970287 0.7195785821073872
1520621206.540025473 3.6404998422639494 2.687323352031137 -0.18188211170304888 0.008126731198649498 0.008193818083797294 0.6934848870541293 0.7203787399783229
1520621206.590028524 3.7027959563347728 2.68881160235321 -0.19263196770414592 0.015530410566967563 0.007736198026190882 0.6946818733517182 0.7191078169678513
1520621206.640029430 3.769283842880191 2.690636521075899 -0.20470200137255465 0.02747171615250351 0.0066608912538706575 0.6985251893497373 0.7150269206003745
1520621206.690030098 3.8396487122227247 2.6920087141736566 -0.21899169099483246 0.03536638456235192 0.005996201424637541 0.7014508419996455 0.7118145690202271
1520621206.741453886 3.91704073186432 2.6935805582962598 -0.23586134283703322 0.04219053546479736 0.004879755134969488 0.7027181203779767 0.7101995423819
1520621206.791455507 3.9964835877127767 2.6939459345916332 -0.24951830451645593 0.043925476276826844 0.0010271423928551314 0.7028262107425393 0.7100033908409471
1520621206.841457129 4.080514691224928 2.6930574072136433 -0.25136880722917754 0.03837671635892794 -0.007870837800084612 0.6996258896739144 0.7134345744718397
1520621206.891457081 4.16800134349914 2.692007888684209 -0.240549265883231 0.02905141170453788 -0.024842903978307292 0.6994672894934243 0.7136416163093491
1520621206.941459894 4.2601089609896015 2.690731092206798 -0.2231889286070414 0.03267100473542288 -0.03662372455639074 0.7056859829946811 0.7068228927065296
1520621206.991459608 4.356399182422551 2.686281745649668 -0.20662747752814112 0.0366022892917782 -0.03578859946327327 0.70946806146075 0.7028758911317019
1520621207.041462183 4.455662877701242 2.6780475223849955 -0.1969723793050005 0.04054088939276082 -0.03427698237128745 0.7042617489718047 0.7079526210855761
1520621207.091493368 4.559372432082017 2.6658672756745085 -0.19703350515457793 0.04652925963201416 -0.03404838846683921 0.6914060301128269 0.7201620906188612
1520621207.141489267 4.666398039635559 2.649125360069433 -0.20466616278727967 0.03351167325290164 -0.03623780664386674 0.6725826612787127 0.7383741279816601
1520621207.191490412 4.774169108534682 2.628753139276425 -0.21771751013117027 0.014500211864491505 -0.037177066452275184 0.6563567502877503 0.7533946017443924
1520621207.241492271 4.884359992907783 2.607986401974222 -0.22836816727592296 -0.0008661853865697379 -0.02309852310933275 0.6474698113199129 0.7617404750847891
1520621207.291494131 4.995909684636946 2.585726558689677 -0.22735736923392455 -0.02047830303534468 -0.006969378833381216 0.6350673875179481 0.7721537930843815
1520621207.341495037 5.109197949341937 2.5643244445945457 -0.2171410835462055 -0.019409644708833225 0.0006554704962078504 0.6316593820668229 0.775002749090392
1520621207.391497374 5.224152080215553 2.544120996292947 -0.2033531847257181 -0.003823204200482998 0.005974799149588822 0.6305148964560925 0.7761447353630163
1520621207.441498995 5.343077617271555 2.5273934997720513 -0.19259955827881114 0.008669023648832487 0.0025071122352264418 0.631434089452021 0.7753770393138509
1520621207.491501570 5.465047005512618 2.5128317794684025 -0.18778120434643839 0.006345176605005133 -0.004184672486585527 0.6382893731190794 0.7697589904725272
1520621207.540193558 5.588874714019501 2.500928754559904 -0.19333576844065012 0.0009428450359679283 -0.011063431340933301 0.6489034998697789 0.7607896945851426
1520621207.590195179 5.717793481970024 2.4891810927417484 -0.2059452603395703 -0.006683601989303865 -0.009500805938886107 0.6571960196342284 0.7536301851225755
1520621207.640197277 5.850825188338187 2.4792097528669172 -0.21598968803380106 -0.012710418290048651 -0.002235921026577431 0.6645840749521552 0.7471020367018438
1520621207.690198183 5.986034137978796 2.4719223459104973 -0.21238232889446565 -0.017787307677535072 -0.00800789615012375 0.675354133195512 0.737235566193447
1520621207.740200043 6.124704640116366 2.4661840815085263 -0.1981327871127456 -0.009534605509213149 -0.009697996785635996 0.6875624401974709 0.7259978863507998
1520621207.790201187 6.266400395676008 2.4577111718044913 -0.1803034572847874 0.0018115520204452357 -0.0026320228832547097 0.6906579394231537 0.7231745304188906
1520621207.840203285 6.410912885042249 2.4442212679846516 -0.1663722153258106 -0.0002812011724417472 -0.0066758959570351875 0.6880486531911967 0.7256337948172288
1520621207.890203953 6.558182783168732 2.425790516244158 -0.16401811411488348 -0.002807172933968238 -0.014194749935507256 0.6829775920474217 0.7302959931531138
1520621207.939242840 6.702794138742618 2.4031296990490385 -0.1725675828641004 -0.011522165660154933 -0.022616873793606735 0.6730371673066949 0.7391729757925976
1520621207.989243746 6.85188475726135 2.376496602671095 -0.18832682953115065 -0.021883515759404216 -0.026983355386787818 0.6619439352055073 0.7487477792385935
1520621208.039245844 7.00018729943013 2.3496596431562415 -0.1983387782695439 -0.02714566057957296 -0.019746016801109136 0.6575684701558422 0.7526466069737471
1520621208.089247942 7.1473834270706575 2.320470347012481 -0.19388035960894814 -0.038157666445497465 -0.006168235803770592 0.6501615982225942 0.7588121253348191
1520621208.139248610 7.294210564731476 2.2916405745281727 -0.18247003975177942 -0.021748072505062412 0.0060150013018057885 0.6447493880020413 0.7640609058004779
1520621208.189252138 7.4433540894518275 2.267123561230853 -0.17030710834444027 -0.007971230556121745 -0.0001938281161484483 0.6458554798663726 0.7634180512934312
1520621208.239252806 7.595832065510261 2.2464090511108075 -0.1649732943757396 -0.009300777803815358 -0.010661356040736612 0.6498708983071564 0.759912920375135
1520621208.289253950 7.752829437399245 2.227570833375085 -0.17092253009676442 -0.021452416101300435 -0.013710144510884743 0.6524572803160026 0.7573977311449729
1520621208.341101408 7.917041776263468 2.2123401141322714 -0.18580152791406884 -0.03169342962532072 -0.011990266241335234 0.6587132729261486 0.7516306167958888
1520621208.391102552 8.074894076571821 2.2033048173671395 -0.19720014109505682 -0.040702201028830605 -0.015517729856139355 0.6668782639691344 0.7438924061563166
1520621208.441104174 8.23312250088005 2.200172520349442 -0.1974432378520635 -0.035949623785810944 -0.02437756753624019 0.6820626261091508 0.7300026937044573
1520621208.491105318 8.390529229134264 2.200980334106945 -0.18567904236943392 -0.016212308105155948 -0.02492576122017439 0.6960373813395144 0.7173895951793068
1520621208.541110039 8.548536389280237 2.2010215404917974 -0.17073920566751208 0.0036096624401999533 -0.018702924668463485 0.7019799391511143 0.7119419470541903
1520621208.591108084 8.711366462687895 2.195241028005699 -0.16060019112418747 0.008680017907355944 -0.023220231854391038 0.7022208589542405 0.7115274719723231
1520621208.641113758 8.876727459496713 2.183984562931883 -0.16148880167079768 0.012852980487145236 -0.0324081874855482 0.6992578845706391 0.7140188520916612
1520621208.691110611 9.045347965596777 2.1657468674669023 -0.17363261693158485 0.006519625474678567 -0.032760267432633425 0.6897493234768796 0.7232773535267085
1520621208.741197586 9.211968199971054 2.141935698918002 -0.1895786735284324 0.0007500107429749524 -0.032179708743616184 0.6764861493912238 0.7357515841035589
1520621208.794828892 9.388524703468116 2.1143098293541045 -0.19954569757250004 -0.012815022087558593 -0.032820593706075304 0.6649131241657643 0.7460892179557341
1520621208.844830751 9.551439454634197 2.0845810875114896 -0.19412580171058996 -0.012935561315003782 -0.01692282484154933 0.652747776478125 0.7572757949094318
1520621208.894832850 9.71417220871927 2.054440073556235 -0.17900232450688153 0.008421869691378729 -0.003283298294008709 0.6445527350933461 0.7645064183817561
1520621208.944833994 9.87791483615241 2.0286378577633677 -0.16358210819277014 0.018476602306059492 -0.00944606060972015 0.6427124777674867 0.7658263889604218
1520621208.994836569 10.047329194076003 2.005699667909606 -0.1573383182368067 0.01621901838519386 -0.0218386339339971 0.6436264709911564 0.7648561847497788
1520621209.044837713 10.21466895393827 1.9846366358710477 -0.16102876743896077 -0.0022822455435350052 -0.02673373459485974 0.6408360410841955 0.76720875075655
1520621209.094839573 10.384381129242621 1.9695168628112314 -0.17568550706631292 -0.017871153970793627 -0.028830499383575844 0.6460001454512283 0.7625832651180051
1520621209.144840479 10.5571369364533 1.961452542681134 -0.18754409307053013 -0.031155660913388578 -0.02526487990250618 0.6523824236994981 0.7568277108328755
1520621209.194619656 10.72463451686011 1.959957393459284 -0.1877559853060747 -0.017254214205938864 -0.039096747360229334 0.6692160847334964 0.7418379663861616
1520621209.244621515 10.889656722356992 1.9648073188098063 -0.17561214109151216 0.012500912060954175 -0.042754108636525734 0.6830501031100521 0.7290119135060057
1520621209.294622660 11.0574600384856 1.967843486506879 -0.16034626238357058 0.032448033703693424 -0.0350035537215334 0.6827304392393276 0.7291097473437744
1520621209.344624281 11.230093448678195 1.963819227636508 -0.15146087008651918 0.03659980619737307 -0.03739547027029309 0.6776041769352448 0.7335629573455084
1520621209.394625187 11.405523468844521 1.953820533067459 -0.15228855049175272 0.03727277353647795 -0.04097889558562539 0.6749605662395006 0.7357715029077531
1520621209.444627047 11.584982520845958 1.9378982061370431 -0.1630704135862824 0.02507145183357249 -0.04846976325404133 0.6682934810386967 0.7418934745327225
1520621209.494628191 11.752147308007519 1.918001796571716 -0.1772165856020732 0.01547930949293582 -0.0524488093742593 0.6568913575486505 0.75199950648304
1520621209.544630289 11.929259085964622 1.8924216664039761 -0.18451543188572536 -0.0027362429811062746 -0.04166428225636882 0.6480019828289468 0.7604932812380153
1520621209.593389511 12.096054687897942 1.8627097509318695 -0.17431518546692198 0.0012823652816166464 -0.015314543617408059 0.636316463179161 0.771275034588984
1520621209.643391609 12.267209024249267 1.8324197293565847 -0.15500864345431598 0.02863545130941441 -0.0007241719714138357 0.6327747331928408 0.7738059340273834
1520621209.693394184 12.441102924292839 1.8061082005038929 -0.1343793259922856 0.034841260036782715 -0.020648541393221986 0.6354795643185328 0.7710547630816564
1520621209.743395567 12.61779134065787 1.7814541006970768 -0.12291396277449672 0.025719423437948946 -0.04350323295190451 0.6327498362994588 0.7727053931763128
1520621209.793397903 12.799751721796646 1.7554400763281657 -0.12347764407644791 0.011800326949779786 -0.050484304729752225 0.6268673128488825 0.7773991634555911
1520621209.843399286 12.979479545605772 1.734442656142927 -0.13274384330198546 0.0006122414223543257 -0.03971230921576355 0.62900955710869 0.776382337977315
1520621209.893400669 13.154046968913093 1.7196272687886482 -0.13822216991443945 -0.013988556905146367 -0.02330191088588826 0.6385659513634672 0.7690870347262705
1520621209.943401098 13.325652373272055 1.710768725177166 -0.12839212152491827 -0.0005039349520791869 -0.019490421236828242 0.6596452527198085 0.7513241711097781
1520621210.039943218 13.656856899570254 1.7066581722243546 -0.08735178454612293 0.008347764306785119 -0.010867112409150018 0.676192896978271 0.7365971672326054
1520621210.089944363 13.833842094963853 1.6980901477594232 -0.07420527540798574 0.018352030806942816 -0.014074884816603838 0.6744863699041769 0.7379249537697897
1520621210.139945745 14.006246889032232 1.6880177501609337 -0.07333960598095689 0.02015383228018102 -0.025949974595739923 0.672130249492761 0.739703555202827
1520621210.189946890 14.172773231476006 1.6736427201844275 -0.0805735854968003 0.006928746586358453 -0.04108878926320984 0.668279401760107 0.7427424486662784
1520621210.239948273 14.338100644492688 1.6561303618565448 -0.09494426054492351 -0.007916438104823448 -0.04613528893723824 0.660976378986621 0.748945319462072
1520621210.289949417 14.503632171984734 1.634587505831193 -0.10050065111644765 -0.02814211254844194 -0.0512240584432137 0.6561183683178002 0.7523913902311115
1520621210.339951515 14.666100396103817 1.607268368436389 -0.09510015986072116 -0.021277401464433732 -0.04143418212627721 0.6472622723591214 0.7608429742850717
1520621210.389629364 14.819648721090227 1.5838464135512267 -0.08505097733042286 0.0027062254039822474 -0.026778385697930812 0.6407876796567844 0.7672462082040875
1520621210.439631462 14.984415989675835 1.5631670239887019 -0.07679152408722686 0.020755258414815257 -0.025442509493396454 0.6425514605752051 0.7655387112821163
1520621210.489633322 15.14895380083317 1.5445653741712886 -0.0755414852433774 0.022743245147089697 -0.03808505423888682 0.6457477315860689 0.7622612023415901
1520621210.539634228 15.314713961457533 1.5267771009407705 -0.08592471426502311 0.0064600335286567855 -0.042313905582441906 0.6446132856345975 0.7633095789681522
1520621210.589635849 15.47276720353166 1.5136941504501007 -0.1071291545356356 -0.004926236030685266 -0.03834259266867682 0.6485274650091718 0.7602089876572045
1520621210.639637470 15.634205281038136 1.5046976054993118 -0.1278660829455574 -0.012954931009684497 -0.0229886778592658 0.6554649731023178 0.7547644397352032
1520621210.689639568 15.793411196212983 1.50099165828027 -0.13570077023020718 -0.008328544601023962 -0.024796777269503363 0.671954190984876 0.7401306103653169
1520621210.739640951 15.94976892983373 1.5038849233479845 -0.1296518407115549 0.0074842537715904146 -0.0331393830170107 0.6849773908998251 0.7277717644940634
1520621210.789642811 16.108922391423405 1.5056838475241412 -0.12191587459614128 0.021712131164097908 -0.029760733911933995 0.6855294391863987 0.7271122816223899
1520621210.842310667 16.27707274852449 1.50164567383831 -0.1174027082524797 0.037093261189177905 -0.02901017772721689 0.6809373675634511 0.7308261086047381
1520621210.892312765 16.441791140590748 1.4923732085965418 -0.12057843590819843 0.039345790875967256 -0.02899589515226633 0.6744252003401648 0.7367236903689145
1520621210.942314625 16.60656676767522 1.4803464303892804 -0.13063078423939387 0.02085731036952641 -0.04198262001822045 0.6669027357938854 0.7436687254491654
1520621210.992315531 16.772753122474406 1.4641996461918119 -0.1427857480447315 -0.006797752415116658 -0.05004885522045227 0.6567012956309373 0.752457514395247
1520621211.042317390 16.939089477733496 1.4462791851677763 -0.15012481546341064 -0.02714651314117827 -0.046332648771146616 0.648187514726206 0.7595849512958969
1520621211.092319012 17.098996578349908 1.4249651902273723 -0.1470630728700749 -0.011225917332929984 -0.02970733095047211 0.6409143109092355 0.7669552133857447
1520621211.142320871 17.25566388832139 1.4040722939501462 -0.13361261056376994 0.019230412448740436 -0.01707499897000268 0.6387545011331474 0.7689807038732311
1520621211.192321777 17.4205586823226 1.3834004752724673 -0.11656704306890604 0.02807064423821454 -0.023239760884179974 0.6393214235800674 0.7680755625572615
1520621211.239964724 17.580627378641097 1.366153516657142 -0.10548546028017579 0.02431307343627358 -0.037267419720329174 0.6402706850242691 0.7668594811215574
1520621211.289966583 17.739849378318297 1.3488745728398346 -0.10439126201444511 0.013556900865081564 -0.04339890122074296 0.6392084641465096 0.7676882734386574
1520621211.339968920 17.90645668451942 1.3351469824327535 -0.11458954412009267 0.007909644915630768 -0.04140210433450283 0.6456179514307838 0.7624964026566301
1520621211.389970064 18.071472905641066 1.3280540410470707 -0.12398507403275069 -0.0013034129366225119 -0.03164882622748216 0.6523906042260769 0.757220676177476
1520621211.439971924 18.238470822536957 1.321904882387572 -0.12456689978193093 -0.0033053227822957866 -0.03921091097832259 0.6633897270818865 0.7472386829546335
1520621211.489972115 18.387102861760848 1.321228542729081 -0.11414013456939939 -0.0004557509972834387 -0.0429677419282218 0.6742153835129993 0.7372836510319741
1520621211.539974451 18.543775031780452 1.3194632352480846 -0.10214296260376098 0.01476950394714784 -0.03458602658809877 0.6781644670889379 0.7339472897258902
1520621211.589975595 18.701241208169936 1.3143660652101197 -0.0939939817698108 0.03404104145866284 -0.03187542226822678 0.6778229105259426 0.7337446878293377
1520621211.641288042 18.85969599848088 1.3045263695846319 -0.09188179084435458 0.03275719251847328 -0.036652592281719465 0.6757038946557881 0.7355323246223362
1520621211.691289186 19.0275041410767 1.2867126424592712 -0.10022806830508894 0.02183288457398892 -0.04430149094921722 0.6705370410193447 0.7402302207231727
1520621211.741291285 19.1934662224166 1.264661216024523 -0.11587176284971798 0.008045185939027375 -0.04179110795374248 0.6619705696328694 0.7483206152573506
1520621211.791293144 19.34892157814601 1.2421672263553374 -0.12629270276692509 -0.01004111189519544 -0.03400483000121751 0.6545511226428348 0.755185854909572
1520621211.841292858 19.51278762124696 1.2198773848878937 -0.1206509035968956 -0.024795989972568287 -0.018580275354267848 0.6460756748011942 0.7626441861570975
1520621211.891294479 19.662876510244377 1.191170845331927 -0.11071362027934303 -0.0131238416117226 -0.006614700242297769 0.6422403653357293 0.7663623970782257
1520621211.941296816 19.805106209632225 1.1686482378498353 -0.09720813682033923 -0.0034368985149734535 -0.009377367145635527 0.6435962734960882 0.7652999996445591
1520621211.991333961 19.960322448704424 1.1479819752997582 -0.08998159281784872 0.005612876566995042 -0.023510097910986766 0.6484242689396805 0.7608953530958776
1520621212.046922922 20.1342182130877 1.1270623203983614 -0.09343232659067019 0.006576799201447342 -0.034554440992433946 0.651292926300564 0.7580107258283437
1520621212.096924782 20.303859625490063 1.1133314785165163 -0.10653762060152608 -0.0012141849795535573 -0.03540235186114134 0.6567239581156332 0.7532986406960201
1520621212.146926165 20.464356701305864 1.1018817086658574 -0.12034128115661982 -0.010344536647934652 -0.027754938921373765 0.6620866851431408 0.7488416890659721
1520621212.196927786 20.627897288390898 1.0939850759413885 -0.12511159807691732 -0.006172940940261076 -0.021496945561329077 0.6732979995764218 0.7390328679416567
1520621212.246928692 20.78656742491909 1.0888584760252786 -0.11612465993905068 0.0018028038669811077 -0.0179613865723551 0.6815713622403129 0.731528958185867
1520621212.296930790 20.94621223805813 1.0852022847645246 -0.10278934636478083 0.007166810100636284 -0.0169444399816728 0.681550972653205 0.7315393321361192
1520621212.346932173 21.102492587182624 1.078904610534009 -0.09432328418830484 0.01864623504651702 -0.014913174752438441 0.6779887530962698 0.7346843987811084
1520621212.396934032 21.257603208750126 1.0617887805515769 -0.09404097003300929 0.01777745037759279 -0.013248422236269465 0.671658439098847 0.7405291235013126
1520621212.446935654 21.41037305360642 1.047196824032138 -0.09761887967520137 0.0013692799390242702 -0.02389082211283052 0.6626674734696454 0.7485313442312076
1520621212.496936798 21.568579448767295 1.0223337523060407 -0.10755592105064404 -0.020411320267124597 -0.029199259870825542 0.6486496422245271 0.7602528677156977
1520621212.546938896 21.726543482330722 0.9976870099022471 -0.11241710624363162 -0.04257253470346285 -0.03209703759883598 0.6349688017133681 0.7706957767608376
1520621212.596939564 21.89153407563665 0.9728191346350976 -0.10783648001094902 -0.04954706525198701 -0.01974187573488556 0.6208637886716247 0.7821019770999814
1520621212.646941423 22.043039727958668 0.9502581123404018 -0.09289327285582487 -0.029843193364297572 -0.010641789247339916 0.612573004503562 0.789778735016913
1520621212.696942091 22.20206476212173 0.9293820812927575 -0.07527267686757712 -0.02472637905739229 -0.029907160451739488 0.6111635553571536 0.7905525134585479
1520621212.746943951 22.350625108862403 0.90833323424945 -0.06766376534711956 -0.017085505618257193 -0.043682475125385894 0.6126547271956705 0.7889576110980154
1520621212.796944857 22.50894298683398 0.8906544869029233 -0.0688372898297784 -0.011218494045619717 -0.04977806511431394 0.6101043439952745 0.7906762795625777
1520621212.845992804 22.65240111757415 0.8784475463229139 -0.0727183314702065 -0.010186460866177194 -0.055007589510013756 0.6153472936669473 0.7862684715083541
1520621212.895994663 22.80510519635927 0.8693318521813567 -0.08206630551247864 -0.02053355263255558 -0.052148886718936985 0.6230160231280487 0.7801986296809117
1520621212.945995569 22.949691052039253 0.8659686950792677 -0.07877252698138218 -0.02240740211412303 -0.0536767303416078 0.637714961774374 0.7680731374546562
1520621212.995997190 23.10944500551597 0.8661566276748157 -0.06493614789595949 -0.017479317057724014 -0.05362221778463048 0.651611373850888 0.7564534015411735
1520621213.045999527 23.259010449930663 0.8686366060176072 -0.048404648410687215 -0.007880170295354724 -0.04581889669703518 0.6588366885176276 0.7508480202309314
1520621213.096000433 23.40983844625159 0.8684622000239053 -0.03942842908468563 0.00016714046540715157 -0.03601943742884207 0.6613169494820722 0.7492412592210209
1520621213.146002769 23.570664255275567 0.8602877881242283 -0.04296219279577353 0.00671020018888396 -0.033405131670488426 0.660840411378268 0.7497526399292662
1520621213.196005106 23.739051050713726 0.8448556246179437 -0.05702583451613406 -0.0018517329489281958 -0.04443650857558943 0.6567249142532827 0.7528176105735809
1520621213.246006966 23.88818136164749 0.8344107958472413 -0.07686024804293813 -0.017943836513504858 -0.04625507294874535 0.6471438709853062 0.7607517973714136
1520621213.342208624 24.178260121124342 0.7961039192825029 -0.08896578600738063 -0.018788589613887338 -0.026105713655402898 0.630365149994816 0.7756321668722078
1520621213.392210960 24.32562408468989 0.775930913171678 -0.07758990013307447 0.004219233654543203 -0.014098938820131923 0.625431753410012 0.7801400770489827
1520621213.442214012 24.478592277700827 0.7582769008865234 -0.06412691099747433 0.014969684000837792 -0.015277769932978108 0.6250693425838355 0.7802761147623332
1520621213.492213964 24.63255461191498 0.742359579891974 -0.05862267580862022 0.017380264808238698 -0.026724493233131908 0.6279946910117933 0.7775643998522761
1520621213.542215347 24.79744058323796 0.7228529738483214 -0.06717902204605695 0.022614616683344326 -0.03680154016286842 0.6298925493212608 0.7754802396344277
1520621213.592217445 24.952484285735874 0.7108533915897398 -0.08126176861477993 0.02036403725682567 -0.040822516974541534 0.6356288322720115 0.7706457134630577
1520621213.642306089 25.10486653189901 0.7060648850098669 -0.09328221761595161 0.0033053049301884786 -0.04672249003565824 0.6481028311171707 0.7601110472701305
1520621213.739683151 25.396705160447382 0.7080169899922386 -0.0814224689120901 0.017255707171647334 -0.03734378774710401 0.6802037313773005 0.7318678609606402
1520621213.789685249 25.54231797457851 0.7095177632396424 -0.0652547146151289 0.026739222335343524 -0.02428105672698131 0.6800602327747829 0.7322660200169271
1520621213.839686155 25.68724333580513 0.7065222940581951 -0.05391289681759581 0.027840463056747273 -0.02522953535465331 0.6747389696155967 0.7370995197696558
1520621213.889687777 25.829483339136786 0.6963415982220393 -0.052197040018222916 0.030157671237954098 -0.03439342028042582 0.6704742063038761 0.7405214015733137
1520621213.939688683 25.9776297599918 0.6812577660812713 -0.059433872233820156 0.0200533775543542 -0.05148726183164246 0.665934408169831 0.743961213997907
1520621213.989690542 26.126211488976967 0.66281070290289 -0.0710787411195582 -0.004088890076970402 -0.0586107786438616 0.6566886470221563 0.7518697217450032
1520621214.039691925 26.25871928778572 0.6404201880717312 -0.07879506860699002 -0.021833318728407734 -0.05281474379542753 0.6463088237407404 0.7609328573441864
1520621214.090674162 26.40972932784552 0.6130313747330878 -0.08037907720077972 -0.01626595525360001 -0.031297432063055054 0.6334646117963431 0.7729673182273975
1520621214.140676260 26.54933214165655 0.5846930221896678 -0.07193375919701968 0.008991622590752585 -0.010621546934115076 0.6273228311766476 0.7786349587248363
1520621214.190677404 26.693490892078792 0.5608017305721492 -0.06162702767750941 0.018229704829744894 -0.011090945022069006 0.6304697056285546 0.7759204979152061
1520621214.240679502 26.838615061848557 0.5417759385765492 -0.05992723443391509 0.017498336153490605 -0.020347826331965933 0.6393268289465039 0.7684666420766951
1520621214.290680885 26.986369127792653 0.5266708208019789 -0.07272595380872782 0.017075153247013825 -0.021166600896798688 0.6440248108688841 0.7645210638912212
1520621214.340683937 27.156372444589806 0.5191693179817385 -0.09084475115141392 0.01653573742215586 -0.019498942223638883 0.649292609151899 0.7601088529551436
1520621214.390684843 27.30573975424036 0.5123606720713435 -0.10116827212033176 0.00748040251510733 -0.02016385748702429 0.6562348913511616 0.7542501109067098
1520621214.440687418 27.484020802720515 0.5100214068527675 -0.09666375367527451 0.020029614949129942 -0.039661685235983325 0.6709980599530587 0.7401265897050741
1520621214.491435051 27.635119051418382 0.5108727394965736 -0.08163601669356797 0.040791986980488734 -0.0475668966865103 0.6816753627903145 0.7289664628105271
1520621214.541436195 27.782749265030926 0.5088599217045595 -0.0658662215821289 0.052258677335411716 -0.03585964972318061 0.6810644786128602 0.7294753540296458
1520621214.591438055 27.932929418092804 0.5023441474457238 -0.05493076904350304 0.052904294241213075 -0.02940786279463045 0.6778347197833435 0.7327185038696155
1520621214.641439915 28.090013781430688 0.49221636889006515 -0.054317565498865704 0.04898973097750906 -0.02590568765144014 0.6756762224760502 0.7351126063308618
1520621214.691440582 28.237079494447 0.47786516394850154 -0.0629250113432383 0.036757149887839645 -0.02933344188043629 0.6723971469983856 0.7386951589309365
1520621214.741441727 28.39055380553042 0.4591409988675593 -0.07704991532377523 0.020391100237087692 -0.029171929992830112 0.6629547516310336 0.7478129437375695
1520621214.791443110 28.54674771089504 0.43691695592045754 -0.08586947142882057 0.006993743689263008 -0.024429188494305826 0.6526032766424017 0.757273573825417
1520621214.841444731 28.69846366263663 0.40981353085812405 -0.08315524187632346 0.011333843763880688 -0.0159820523633753 0.6395694288421094 0.7684836131488871
1520621214.889711380 28.839706452326954 0.3829144779526476 -0.07097489155505053 0.02813222013776439 -0.013489914622599927 0.630461774202823 0.775593032242183
1520621214.939713717 28.98964077972232 0.3566621717269014 -0.05922260700192442 0.03219572387455865 -0.021776804606258426 0.6256913162635702 0.7791017795498191
1520621214.989715099 29.143366396528357 0.3319977825866546 -0.05415009280776843 0.031129134547375356 -0.026843016065274488 0.6259483135716973 0.778780545601647
1520621215.039716959 29.29753484209976 0.3096486155568639 -0.06206385574419823 0.03139998574962486 -0.02724225184710184 0.6268074455626219 0.778064474704046
1520621215.089718580 29.442557235130838 0.29160859037347175 -0.07770518715154033 0.02119478608397713 -0.02462884942305932 0.6304161115646529 0.7755770284753498
1520621215.139719963 29.590118595137845 0.2793324420361198 -0.09124825808425294 0.004571186295517523 -0.02107821980083682 0.6374915216504727 0.7701554211518894
1520621215.189720869 29.741212732838278 0.27376914936475294 -0.09305011029846204 -0.007226096785052821 -0.03031421646485072 0.6531270754989221 0.756606803469015
1520621215.239722967 29.888585963198736 0.2734127002338328 -0.08420846338988855 -0.002590255676759426 -0.039893449005149066 0.6693124759156228 0.7419047195467229
1520621215.290887117 30.039409788645514 0.2720825246378649 -0.07313683893440602 0.022363298932585585 -0.03749236996690383 0.6767386845394027 0.7349278589786862
1520621215.340888500 30.193574556911358 0.2697923616385458 -0.06636460878131865 0.041794667051767834 -0.03563237368303425 0.6754689557154975 0.7353402135177703
1520621215.390891075 30.348308493108863 0.2626742329466282 -0.06739607788508879 0.050448277137275524 -0.04129109313821564 0.6720670764453196 0.7376149820330203
1520621215.440891981 30.509517639536462 0.24977743932823876 -0.07962498855783154 0.04269235883959281 -0.04431704254523889 0.6681813063210945 0.7414493267377015
1520621215.490893841 30.6584416870793 0.2357812669720442 -0.0938984675645911 0.029255354600865372 -0.041784645810113326 0.6624516520055009 0.7473660256908149
1520621215.540894508 30.81532786890597 0.21648376753927775 -0.10756936085693168 0.01063663623225718 -0.03685125065252064 0.653998793781638 0.7555226171513134
1520621215.590896130 30.962650170304933 0.19445409998455176 -0.11117936568055149 0.001868543860226891 -0.03282414427061149 0.6442678109007728 0.7640929733572156
1520621215.640897989 31.10910489709437 0.16969681960364838 -0.10619719538111222 0.01867480118792281 -0.025461972310134078 0.6364505054491882 0.7706709374824916
1520621215.690900326 31.251993881261292 0.1403530743538425 -0.09565127095157547 0.041128169918704625 -0.02324379511104921 0.6304962321347344 0.7747533161541659
1520621215.743476868 31.408644984359412 0.11565602802188274 -0.08954252431757953 0.04706987931291002 -0.027068042039781214 0.6272677286779912 0.776908581572346
1520621215.793478012 31.557985178079655 0.09369226407529473 -0.09323262641137313 0.047401325741381485 -0.02941787734822262 0.6289941227832514 0.7754057623685887
1520621215.843479872 31.706819507992606 0.07612610253422397 -0.10477821174944082 0.041842075893134704 -0.023749024415531686 0.6325160679392878 0.7730515172502321
1520621215.893481255 31.85343887905591 0.06342196371149775 -0.1181538631808074 0.03254688655098493 -0.010396578590118355 0.639461975286854 0.7680631442086593
1520621215.943483353 32.00075500518247 0.05346671550109602 -0.12175467748184227 0.021544437034215134 -0.00812320562514102 0.6523760374328798 0.7575456135089322
1520621215.993485689 32.160809655334 0.045140038026460515 -0.11443176643844265 0.01993681083645931 -0.005561172204714263 0.6687892723688668 0.7431638487586049
1520621216.043486834 32.298896772206966 0.04185937156816802 -0.09667188721217625 0.03481395544619623 0.006198809909181218 0.680477061987181 0.7319156586459906
1520621216.093488693 32.43520836459489 0.03784352436983531 -0.07676609359653587 0.03771577595037591 0.008520458346835331 0.6831947786216492 0.7292117775366336
1520621216.144871235 32.5823888963308 0.03054776443522458 -0.06315813370258118 0.03503256902625432 -0.007681931554730056 0.6830751185328103 0.7294669899840542
1520621216.194873333 32.729602428401506 0.019474399691774318 -0.059475699811965474 0.02711954889741351 -0.02400647785232126 0.6790194246549508 0.7332263225157609
1520621216.244875431 32.875107064324034 0.004270336873853993 -0.06569514070221316 0.021475992363098342 -0.02905396732417294 0.6696632003597583 0.74178558008273
1520621216.294876814 33.03583560561289 -0.016359160058817213 -0.07587532183351522 0.023555343476119955 -0.032222689391995324 0.6577746990643365 0.7521564261195212
1520621216.344878674 33.182919244131995 -0.03976763591892857 -0.07551940259961834 0.011731561173886981 -0.03456096549280718 0.6483829963320491 0.7604389523190553
1520621216.394880056 33.33180406450972 -0.06677213040366389 -0.0690654292954157 0.013927984318394728 -0.020912395705497765 0.637589816943959 0.7699661734700117
1520621216.444881201 33.45818020262204 -0.09029750522344976 -0.05559958941036284 0.034071067001342596 -0.003992472755129324 0.6311151775660542 0.774930226020677
1520621216.494883299 33.60224053227368 -0.11391602714199459 -0.04728334489904798 0.03639406680539938 9.702919573266122e-05 0.628753716579377 0.7767523584607388
1520621216.545862675 33.749159937639156 -0.133818155499419 -0.047106667790612976 0.03384797632071497 -0.004031555437567234 0.6328261618276148 0.7735432179046468
1520621216.595863819 33.88519857022134 -0.1484212291849941 -0.05653893495141421 0.033925285881002416 -0.005372901683048131 0.6356788664285337 0.7711890725895506
1520621216.645866156 34.02767872569412 -0.16079422198273663 -0.07421158884583898 0.0330761449109194 -0.0027463606878340746 0.6352632668252729 0.7715821459593829
1520621216.695866585 34.168520496451265 -0.17173622146850626 -0.08629075327431021 0.028569916041043714 -0.0073618187590898335 0.6387148548299678 0.7688776871138212
1520621216.745868444 34.31090834043014 -0.17610273921739264 -0.08632109238831544 0.030266596230472616 -0.02185112713999194 0.6484616148880034 0.7603315036299472
1520621216.795870543 34.45312691526462 -0.17826126380807333 -0.0760005377625841 0.04104833129557856 -0.020921990948414536 0.6540566168757987 0.755041221863805
1520621216.845870972 34.58952910441058 -0.17881304472795567 -0.06508117753941531 0.04189540229472881 -0.011553882938407962 0.653666933895483 0.7555334688730121
1520621216.895904303 34.7333549437701 -0.17858949009116487 -0.06069029644786296 0.05261055354098475 -0.007380100159995576 0.657980736821943 0.7511584478317426
1520621216.992743731 35.00112917970821 -0.18314974658433827 -0.07214230068362787 0.027725298664287235 -0.02768343025601166 0.6598065279880055 0.7504134068149702
1520621217.042744398 35.14433592364989 -0.19218238116333436 -0.08380346534954185 0.008341154714633588 -0.03736732537536541 0.6523601571223777 0.7569414333563628
1520621217.092746496 35.28352119493463 -0.2073711369252127 -0.088712819997121 0.004917080479601746 -0.042182366159042355 0.6456400812425348 0.762460068330083
1520621217.142747641 35.40278256587902 -0.22180155332967624 -0.07949623433972433 0.02640180303940553 -0.023073392911416194 0.6393430789895109 0.7681217290794707
1520621217.192749739 35.52484810319822 -0.23854805324892675 -0.060999189851137836 0.03666797736239296 -0.018145563476550445 0.6373609179789689 0.7694785625313258
1520621217.242750406 35.64873050641091 -0.25444890703516687 -0.04712216413960913 0.0284419835809742 -0.027421319298399045 0.640116516308621 0.7672613442412107
1520621217.292753220 35.76490501289715 -0.2687931643897889 -0.04063997418098338 0.03238374466749395 -0.03533722441812025 0.643523653036427 0.7639240025253732
1520621217.390075207 35.99421117479256 -0.2937386111560042 -0.06063223918335412 0.01250708018768009 -0.042392042658981444 0.6481320888268723 0.7602442259545897
1520621217.440077066 36.11887648028985 -0.30250333199200846 -0.07465145177215698 -0.007115936494511286 -0.038035725481382884 0.6560691124764896 0.7537081442370266
1520621217.490078449 36.21905470567725 -0.3041912232781406 -0.07467893425346978 -0.01622746234174158 -0.03791907970869696 0.6708215154505026 0.7404710036650214
1520621217.540080547 36.307916722813545 -0.3001007117404064 -0.0653118191108524 -0.011389367155718495 -0.03717987123600876 0.6847256289620153 0.7277628408576785
1520621217.590081692 36.38958884664386 -0.29487347721100104 -0.05046801494027362 -0.008942513499776482 -0.03891489625842333 0.6951423403706222 0.7177623485009205
1520621217.640083790 36.46856457568945 -0.2915422291912532 -0.03875200111438069 -0.005476647448275435 -0.043870381437962555 0.7012459717268227 0.7115472458678478
1520621217.690085888 36.53836844673421 -0.28904426256537236 -0.03192282652669911 -0.0029056469168459815 -0.05038060826253348 0.7042306536767386 0.7081754993990722
1520621217.740086317 36.59590041827683 -0.2919892715751016 -0.032911843793537746 -0.013701542724473862 -0.058073507510717486 0.700763210343769 0.7108942667380762
1520621217.789875984 36.6367827151624 -0.2921031388078136 -0.03702014665021848 -0.02006232610188393 -0.06732234166422706 0.6933433155942997 0.7171751892703276
1520621217.839878082 36.67679686732765 -0.29585930010680794 -0.036503239752359216 -0.038965965409745874 -0.06419292803074955 0.6854366591921649 0.7242496170285557
1520621217.889878988 36.71063850277438 -0.30066627381181404 -0.029185976691879955 -0.0466151304398242 -0.05677256497144452 0.6796780056962953 0.729823070376203
1520621217.939881086 36.74843853826442 -0.30746362880644285 -0.017144308809214057 -0.031113987474062937 -0.04766303970527218 0.6808990150853907 0.7301620954865176
1520621217.989881992 36.81170244744621 -0.31103435427842935 -0.005344996022896366 -0.025115954272145018 -0.045110228673058465 0.6821535722523558 0.72938382212208
1520621218.039884090 36.85479805269438 -0.317951345222286 0.007485645374222255 -0.015205065869814348 -0.04348977636276202 0.6808835828894627 0.7309411685460191
1520621218.089885712 36.90508042289155 -0.32335708079263803 0.018816028552199646 -0.0011088263824522756 -0.043879288669244516 0.6767604894296321 0.7348936103116558
1520621218.139887094 36.944306457651884 -0.33146368288581385 0.026201791640568423 0.002519853031787589 -0.055756246927265656 0.6737247725993032 0.736871645576963
1520621218.191586256 36.98286438959985 -0.3381622538695548 0.026788387504178855 -0.0028851265609807185 -0.06960701047812716 0.6736567826360413 0.7357534093332375
1520621218.241588593 37.01508817451529 -0.3452769768094455 0.018833699817108373 -0.009910803306378514 -0.06851527209928546 0.6732725887454545 0.736146354138209
1520621218.291590691 37.04240729169922 -0.3514999193268999 0.009357796104166472 -0.013123151781021327 -0.058573893299196086 0.6740153261600396 0.7362745561354693
1520621218.341591358 37.0637483447028 -0.35875256026412095 0.0006743420084276748 -0.016281239878730928 -0.04849357504048637 0.6764255087590401 0.7347324856761663
1520621218.391592264 37.08157064127158 -0.35980031040745525 -0.0009584352886899806 -0.0161838495808653 -0.04383585904131196 0.6782842199127733 0.7333123601114158
1520621218.441597462 37.08850147859081 -0.36361253999654064 -0.0017299322367875663 -0.009860527206964446 -0.04345874200650096 0.6796334142228667 0.7321970568215789
1520621218.491596460 37.090917279899266 -0.3643802345916262 -0.0005691199098422963 -0.0037129083569210058 -0.03879658678323884 0.6776711683129795 0.7343315510059644
1520621218.541674137 37.088962542834054 -0.36692253267624897 0.0002087088355625676 -0.0001615084078032013 -0.035583514195523656 0.6747256601176186 0.7372103302391897
1520621218.592152834 37.08358143408402 -0.3658083184836355 0.00017798969045366807 0.000956924222424411 -0.03859767715740256 0.6749193463840991 0.736880709131774
1520621218.642153978 37.07468293803868 -0.36239962500616174 -0.004414336601716162 -0.00048202994403324635 -0.0399807945402229 0.6766698852739083 0.7352000884646719
1520621218.692156076 37.065098828280036 -0.35688596880587464 -0.010054882424906514 -0.0014739570726787837 -0.03415342453707263 0.6764476182739734 0.73569694220814
1520621218.742156982 37.05119554847346 -0.3507735031025934 -0.01633947161545833 -0.0004994922708746149 -0.025309731939828137 0.675149855455744 0.7372461194571954
1520621218.792159081 37.0330310935451 -0.34245624365566213 -0.02259988176518373 0.0020043549651662007 -0.020435223183375973 0.6746355348711579 0.737865353098874
1520621218.842159986 37.010716796748895 -0.33326376644253536 -0.02729149425590358 0.00563856899882737 -0.01936073436452015 0.6742974004619777 0.7381845190971775
1520621218.892162085 36.98551663149594 -0.3226816000670895 -0.030679455102523897 0.010778934222637811 -0.01667753696201673 0.6737968316696162 0.7386497843835681
1520621218.942163944 36.96074225301725 -0.3106942431435561 -0.03199786481226307 0.015677260011256734 -0.015289361999092217 0.6726380978593586 0.7396475162104881
1520621218.992329836 36.93555981591794 -0.298074740946925 -0.03234671228948225 0.019071284684485632 -0.013930776170005876 0.6704474681777175 0.7415810218646868
1520621219.042331934 36.91085710024197 -0.2860521908403817 -0.03263476338023526 0.023611250273720123 -0.011023116327782656 0.6666192342756879 0.7449428140875187
1520621219.092332840 36.881667634298964 -0.27445851825057865 -0.03289260441107415 0.02778751905463684 -0.010020581497894162 0.6630489242751494 0.7479930252006362
1520621219.142334938 36.85573981509211 -0.26357523140731165 -0.03333084441127875 0.03262282133183679 -0.008727798584436982 0.6609106537798597 0.7497043982667428
1520621219.192335844 36.82953048578941 -0.25299214600078623 -0.0335088042776459 0.03648597303572905 -0.009362641600223761 0.6595383506356682 0.7507265006343417
1520621219.242337942 36.80306530483528 -0.24451604098817845 -0.03260451800613179 0.038664836822957016 -0.010114228580324602 0.6562705330623384 0.753466469199362
1520621219.292339802 36.77905430775772 -0.23686537601512683 -0.031241419795433947 0.04092665083093619 -0.009860085129379805 0.6510048755326563 0.7579052975179119
1520621219.342340946 36.75581882759712 -0.23060889160213852 -0.029551279545632518 0.042438940920376506 -0.012665031863396826 0.6486250219345973 0.7598184744936117
1520621219.392511129 36.73244531229107 -0.22526596720103026 -0.02770195215021677 0.040669496946751975 -0.016268027378126926 0.6485035389491411 0.7599503294780274
1520621219.442512035 36.70822546664754 -0.22241012953487077 -0.025577536164999626 0.03642269994805754 -0.018627580288157138 0.6487796132643243 0.7598759198669846
1520621219.492514133 36.687939783400154 -0.22017444402735203 -0.02375293165565363 0.03309620971459061 -0.02059195589348573 0.6482180264016842 0.7604564435277764
1520621219.542515755 36.663855088061084 -0.21818718888508395 -0.021929657323781535 0.0296651477652857 -0.023637679884879338 0.6463775839736361 0.7620743126717556
1520621219.592516899 36.639174266634626 -0.21844480862469912 -0.020484088127157313 0.02658107539445998 -0.02773138454821489 0.643896951889154 0.7641473235507469
1520621219.642518520 36.61092780694093 -0.2209646942220421 -0.020309259294668654 0.022134511297900714 -0.029625414761775454 0.6402281008154056 0.7672941920385523
1520621219.692520380 36.599072936033494 -0.22874476825752768 -0.020524819840579484 0.01937386759455069 -0.029075564855656922 0.6370714870993625 0.7700124577614056
1520621219.742522478 36.57454456077141 -0.23161941681868617 -0.022940139292161637 0.01903311951537433 -0.024255321194365145 0.6353193900590824 0.7716337812526272
1520621219.792223215 36.549708040472986 -0.2320898270349684 -0.025880411602724203 0.019156153975124435 -0.017492236600963263 0.6329054099980231 0.7737944206433719
1520621219.842224121 36.525029336585845 -0.23296101902009944 -0.029383569281855024 0.020346135980006924 -0.007947099957814523 0.6315160702058055 0.7750550505768992
1520621219.892225266 36.49983300982111 -0.2332153515095701 -0.032940488107687044 0.0237170451152257 0.005378727773955199 0.6312769585518331 0.7751760913883265
1520621219.942227364 36.47592168121119 -0.23278926362574823 -0.035393671832383435 0.0245726718636765 0.018858856012148317 0.6294453873868888 0.7764270935797918
1520621219.992228508 36.451501668751895 -0.23109161666116004 -0.03687387749887519 0.022212635093461938 0.028460661172584504 0.6272618465164028 0.777971185528524
1520621220.042230606 36.42711312522001 -0.2275933526765758 -0.03782646886561722 0.021874118374319382 0.03350219868704842 0.6273566451569496 0.7777035202478495
1520621220.092232704 36.4024327583811 -0.22342693503223582 -0.03789920663899627 0.02060567490863096 0.03467746680306749 0.6281279455581121 0.7770638091345055
1520621220.142234564 36.37691264255294 -0.2178506376498722 -0.03789096347619367 0.01847928918488068 0.03310158817859855 0.6300446866213973 0.7756329631929145
1520621220.192235708 36.35271467557835 -0.21115939868185174 -0.03816642619600037 0.01592854553532809 0.03252344016868172 0.6318259062207768 0.7742638642639971
1520621220.241506815 36.32751938197048 -0.20373964086041446 -0.03872643456081195 0.014424915117424192 0.0328351530488579 0.6343704921504678 0.7721967710609042
1520621220.291508675 36.309849595517015 -0.19683266010868586 -0.03963145543528205 0.014643683200066968 0.03168682196478907 0.6390390446344211 0.7683818108784423
1520621220.341509581 36.281662960227834 -0.18917290984477314 -0.04065306010678601 0.014264852338394208 0.029963817763984858 0.6442494183228572 0.7640951319066435
1520621220.391511917 36.256361863684255 -0.18078811866288733 -0.04272884960647642 0.01254824952141809 0.030595821965438568 0.6498450040818116 0.7593470272425629
1520621220.441512823 36.231408993858444 -0.17459758292522967 -0.04517789106137771 0.009335356933110765 0.03541225842743841 0.6539942804247313 0.7556125357851986
1520621220.491515160 36.20835984044085 -0.16767486308371718 -0.04702148619021995 0.0036954821729313072 0.04025540623568563 0.6601603724231219 0.7500360847069124
1520621220.541517019 36.18480763015128 -0.1614158636219767 -0.04808791413670517 -0.002206073794375237 0.0434271888732592 0.6660156574429226 0.7446692934087261
1520621220.591517925 36.15378776609569 -0.1582419903521683 -0.04958417484026451 -0.003415567404804379 0.045877314453620664 0.6691367131725394 0.7417140048579896
1520621220.640677929 36.12591849161752 -0.1579160484584615 -0.05071516861496745 -0.0029306373451473185 0.04612100554702007 0.671526646926999 0.7395378466847147
1520621220.690679073 36.10423366466561 -0.15687513234704709 -0.0505019107173667 -0.004406603915921319 0.043459742119837955 0.6744394848037863 0.7370367792684493
1520621220.740680933 36.08343985661039 -0.15598245360903856 -0.050209975516419696 -0.00389527981133902 0.041644370326657076 0.6795656880062204 0.7324213602154979
1520621220.790682316 36.0630680767485 -0.15587980341154578 -0.0504306340203841 6.270297259129535e-05 0.04460555137152393 0.6863970701147196 0.7258577016145163
1520621220.840684175 36.04356248325122 -0.15541354429304993 -0.050105162498887856 0.004759284620706364 0.04829920950490032 0.696103558073871 0.7162990799994076
1520621220.890686512 36.02549369118853 -0.15579458941245877 -0.04836817744463706 0.007219910975408487 0.05033871540236804 0.7066711514188961 0.7057122433183644
1520621220.940687418 36.00709344045167 -0.15723015886127967 -0.04580348028354663 0.0077140744471934876 0.050402350134268865 0.7135057396655695 0.6987915680806791
1520621220.990689278 35.99168936503078 -0.1606884987214513 -0.043012042186920306 0.010124773004453644 0.046882097109250384 0.7194891706600378 0.6928455031572177
1520621221.040206909 35.9780992566957 -0.1640266944422643 -0.03983623222288486 0.013245395850345973 0.041627459183153616 0.7264249782812714 0.6858560089842306
1520621221.090208292 35.96376213170401 -0.16694773289038833 -0.036736580443326186 0.014642163514867383 0.03770868550479029 0.7342308067546224 0.6776937246998537
1520621221.140210152 35.950512438697054 -0.16831502499349585 -0.034265983107463975 0.014282213819338929 0.036746101537821624 0.743262269336175 0.6678375112042076
1520621221.190212488 35.93836043800892 -0.16872756366110098 -0.03269886770074977 0.013565685381407922 0.03792004973929717 0.7533501766300158 0.6563852172157947
1520621221.240213394 35.924747341989026 -0.16937271894889105 -0.03209192001248177 0.013707380312151612 0.04067014545474166 0.7640020608164741 0.6437848227955119
1520621221.290215492 35.91552185099324 -0.16939021292597342 -0.03244398641458506 0.015567272196535175 0.04368532296424442 0.7755554739924557 0.6295736329883949
1520621221.340216637 35.90778864502755 -0.16716821279550806 -0.032277354647798975 0.01670280449444613 0.04508793750556974 0.7883483520490607 0.6133473486003215
1520621221.390218019 35.900363072217615 -0.1641230434069731 -0.03155169137172173 0.017520681735766944 0.04448258332177527 0.801543551266527 0.5960220305622769
1520621221.440090179 35.89303230531893 -0.16298768971155747 -0.0305218825761866 0.018670349402595602 0.04372096356170358 0.8157049222972259 0.5765113833555221
1520621221.490091085 35.89160990759905 -0.1637496299665602 -0.02975445269379531 0.0177276803348422 0.045301491870359235 0.8312629438704838 0.5537467131568748
1520621221.540095568 35.887049046881 -0.16058061979685123 -0.031382501437046254 0.014602993267231914 0.04989314052316602 0.8470610541744309 0.5289470650426892
1520621221.590095758 35.88547959001867 -0.1597687362847886 -0.03036706612232672 0.010444489673284211 0.05474551156884464 0.8626415574393538 0.5027358998292607
1520621221.640097857 35.88416020708738 -0.16144402511540948 -0.030151660223055092 0.006086405432061506 0.05872671626907136 0.8773325201370838 0.47623710226638377
1520621221.690099001 35.881216705172235 -0.16008940728499677 -0.0305747987566639 0.001136298540950383 0.061632206474909426 0.891095855076075 0.4496091158071629
1520621221.740100145 35.880340270572525 -0.1587515556582831 -0.030612890755775644 -0.002156634266486005 0.06338167885124472 0.903625150081607 0.4236032339992597
1520621221.790117741 35.87946550633255 -0.16048215224476753 -0.032000722400319974 -0.0038528673314177915 0.063055311364742 0.9148076028050067 0.39891883005466056
1520621221.840257406 35.876953972220704 -0.16179499702903066 -0.03236669488403532 -0.0035032848919518966 0.06268427722306846 0.9245770376548484 0.3757867877206069
1520621221.890259504 35.87483646917241 -0.16361887592768457 -0.034162687186834184 -0.0017862420974074577 0.06316894565280069 0.9334083878026556 0.35320712793477205
1520621221.940260410 35.87403004595351 -0.1632692130879112 -0.03519040926107437 0.0010350573279260349 0.06538545873512665 0.9420003237497065 0.3291793743504792
1520621221.990262508 35.87184306661723 -0.15968739666477486 -0.035978102725303156 0.0029255138156866088 0.0692133526988141 0.9503475279652831 0.30338182092435856
1520621222.040263414 35.87002676733493 -0.15593072891416287 -0.035629511087932615 0.005579296452138004 0.07205313988118398 0.9582079635596125 0.2767936326133647
1520621222.090265274 35.868671988762415 -0.1490306296053846 -0.035431681617177635 0.006823372361834036 0.07251290755279728 0.9650716808791383 0.2516584403372278
1520621222.140267134 35.867267334804794 -0.13962385501589988 -0.03600392677457229 0.0071676043583356495 0.07114100417409862 0.9720467447963115 0.22363521391712401
1520621222.190268278 35.86545040363776 -0.13012846673660328 -0.03859368963873451 0.00958371453635589 0.07255944858773508 0.9788260990710191 0.1911615720110637
1520621222.240270138 35.86430386556603 -0.11995399315349844 -0.043144616868724554 0.010398891321855187 0.07633034904988348 0.9844147757005406 0.15809203096821062
1520621222.290916920 35.86491409733266 -0.10589779177564479 -0.0498339195366202 0.009449904909129279 0.0802766416785782 0.9889488521107579 0.12428406175705688
1520621222.340919018 35.86293330927138 -0.09154557455165249 -0.054279649764134075 0.013006929073199464 0.0796651266418317 0.9927060539998588 0.08954874507917536
1520621222.390919924 35.86260398214722 -0.07582274908763667 -0.05742073334420164 0.017646652147588288 0.0756891866990516 0.9953107007037565 0.05758777430510264
1520621222.440922022 35.86272798352931 -0.059442690406235385 -0.05900412359503473 0.019697741068192207 0.0729061981313623 0.9967153518674466 0.029243676625776788
1520621222.490924120 35.86418071802826 -0.041846735462378805 -0.061037905169545055 -0.02078939007135963 -0.07193811447081049 -0.9971919308881884 0.0009807743533216688
1520621222.540925264 35.86396474807843 -0.024221709105850968 -0.059473031113437866 -0.018124960565029213 -0.07126836980896502 -0.9968815468642804 0.028626679702130346
1520621222.590926886 35.864164309118166 -0.006943302505643368 -0.058690669559692564 -0.017167916545691154 -0.06550331068632913 -0.996209350683724 0.054603191673415055
1520621222.640928030 35.864957365324734 0.006908715888415353 -0.0553629835612605 -0.018709939818052773 -0.055446627655516265 -0.9950213658084521 0.08067274148259676
1520621222.691819906 35.863145939650686 0.019901082854237306 -0.0537806562860392 -0.01852543303510427 -0.045986058147324566 -0.9929237619383304 0.10790965556967823
1520621222.741822004 35.86032825632817 0.03060319605901165 -0.052626879497135445 -0.00975270550267698 -0.046362940864821095 -0.9893960269691775 0.1372984496174303
1520621222.791824102 35.85781561390382 0.03989179005591541 -0.05226009806846741 5.3622869235351e-05 -0.051393484228489474 -0.9847891839764411 0.16597882403023406
1520621222.841825008 35.854176181120586 0.047496172261339974 -0.05029550655569204 0.0038268237986557193 -0.04806399825197741 -0.9794795488601825 0.19569113637643804
1520621222.891827106 35.84975697609921 0.05411272828851975 -0.049500520204780254 0.0018449858848821811 -0.0424204414396567 -0.9725790080943966 0.2286638913105192
1520621222.941828012 35.84564030663525 0.059777071506604634 -0.05018251219827057 0.0003824522904484681 -0.04264110391302305 -0.9641658452090712 0.26185074550132853
1520621222.991829872 35.84183837011734 0.06549044571702821 -0.051362019639936536 0.0005180542841510435 -0.047398628722810456 -0.9545371602455983 0.2942990168607856
1520621223.041830778 35.8388328271949 0.06919325902530482 -0.053031764508618816 0.0016035067052752566 -0.050814595442917304 -0.9441064072724461 0.32569678752381465
1520621223.092961073 35.83667077833686 0.07236259297002369 -0.054127983602233906 0.00198204712894476 -0.051953798875519944 -0.9326140734743882 0.35711043702066375
1520621223.142963409 35.83478336192111 0.07431793366508577 -0.055129498348513654 0.0018907598410406168 -0.05154987887105151 -0.9206860300394744 0.3868801740923872
1520621223.192964315 35.83267242695135 0.07678946007542951 -0.05687318581001215 0.0030884555711931916 -0.052579102776054785 -0.9081846749878737 0.41524269471071973
1520621223.242967606 35.83001823119047 0.07730948481976702 -0.05877122741983214 0.009117842396319088 -0.05653533931561219 -0.895180959788591 0.44200867592218307
1520621223.292968988 35.82569935279583 0.07707916027985587 -0.06133424289640173 0.018565130294926683 -0.06009782773167435 -0.881516615837561 0.4679444871364127
1520621223.342969894 35.82004040547847 0.0760881655480779 -0.06355817503948298 0.026665305389424184 -0.06461630876657823 -0.8672549259740086 0.49293263992526193
1520621223.392971992 35.81227797848626 0.07475752501676847 -0.06484240283041162 0.02793069575753292 -0.06601488062101439 -0.8542564412203013 0.5148862441401201
1520621223.443031788 35.80198789362628 0.07367496910146147 -0.06597749650898034 0.023502817734560782 -0.0679288604939341 -0.842129907137978 0.5344628209467077
1520621223.495105743 35.78816053345216 0.0725108552313293 -0.0685330799716104 0.021489802189169453 -0.07401402891545938 -0.8302725625256653 0.5520032462247276
1520621223.545106888 35.77068141056902 0.07240552630906065 -0.07195070905124637 0.021038128184169738 -0.08092954286088423 -0.8188024981063114 0.5679527052050185
1520621223.595108747 35.74951287759751 0.0728434647709475 -0.07568796425753214 0.02030003101039154 -0.08360346289441103 -0.8082968977164685 0.5824555733057869
1520621223.645109892 35.72493609403094 0.07426325007245069 -0.08032378784255459 0.02152266903754488 -0.08466099511651463 -0.7993677737072293 0.5944581170963434
1520621223.695111513 35.69617605328132 0.07626475086037282 -0.08548263941386675 0.024691530601895457 -0.08639564739442665 -0.7907508564953464 0.6055073933319971
1520621223.745113611 35.66357909207832 0.07914263348462648 -0.08997254123935258 0.026432930698961788 -0.0843195131562602 -0.7828691614637584 0.6158793679810902
1520621223.795114517 35.62689763163842 0.08139906323988211 -0.09386523859030375 0.02680586783585565 -0.08077746594393917 -0.7762331294767125 0.6246747755016459
1520621223.845116138 35.5863930114997 0.08452892345434182 -0.10006119485077938 0.02739116853095684 -0.07782761376667977 -0.771074756398521 0.6313765171962405
1520621223.896798849 35.54037527385122 0.08798219956185187 -0.10616578174976138 0.027934733151231357 -0.07721419930938148 -0.7664897261908507 0.6369859635444531
1520621223.946800709 35.492302782765655 0.09097855578322604 -0.11157147240980135 0.027152249868825466 -0.0762357829814792 -0.7640088026051456 0.6401104672336748
1520621223.996801376 35.44121481868466 0.09461418967052038 -0.11597870258769265 0.025521885677106955 -0.07558085946497078 -0.764783959420214 0.6393290721119771
1520621224.046803236 35.387579192413334 0.09893926237996044 -0.11939623743978549 0.02579627902870255 -0.0775501425454923 -0.7671529995297753 0.6362364361555505
1520621224.096805096 35.33242635884885 0.10376299499485504 -0.12144643179206807 0.027319946321903408 -0.08165386511841151 -0.7687551479792939 0.6337205924534303
1520621224.146806002 35.2750857209293 0.11049360878568729 -0.12109549627657672 0.029363848584842825 -0.07998059145039355 -0.7717003256899393 0.6302535019478857
1520621224.196807623 35.216202982350396 0.1198946534484032 -0.11903582081308677 0.030106450201132076 -0.07796658865067449 -0.7738123852202612 0.6278767436290291
1520621224.246809483 35.15532175934586 0.12904309122094834 -0.11641936335603502 0.033968248150891146 -0.07414512704195857 -0.7765180642615611 0.6247946495681358
1520621224.297312021 35.089600164708976 0.13855018042974337 -0.11514782042606102 0.03382412556384608 -0.07023979174765131 -0.7790731040668355 0.6220670371469248
1520621224.347314119 35.020248119447665 0.14852426476242933 -0.11762745483149883 0.032102363591656365 -0.06440179774676118 -0.781095348450956 0.6202514839378411
1520621224.397314787 34.94661349955657 0.15913195993692192 -0.12367227349626514 0.032299547788611827 -0.05991986821081813 -0.7825682173852824 0.6188322339250526
1520621224.447316885 34.86955071038369 0.1700296303900864 -0.13212056642111114 0.03214623039843175 -0.05944413635892167 -0.7817221500680034 0.6199544294678206
1520621224.497318983 34.78903997382216 0.17731928771762642 -0.14098253727386467 0.02966751817086397 -0.06103378861034935 -0.7783258618656254 0.6241823193303223
1520621224.547320366 34.70576143846319 0.18150983528575385 -0.15015332269162443 0.02675985243356884 -0.06492981210465543 -0.7720855946358118 0.6316263645175466
1520621224.597322464 34.61969822223333 0.18376770616259883 -0.15720954425193792 0.02695740198383133 -0.06176533927703582 -0.7652301634888263 0.6402196015658526
1520621224.647323847 34.53111274218887 0.18262573075556818 -0.15859055481177856 0.023842211924469902 -0.05705703685319402 -0.7563226963575596 0.6512695466936197
1520621224.697325706 34.44413308941626 0.1805643514733628 -0.152100832865134 0.02201853029232368 -0.05664183924687461 -0.746643121475667 0.6624431564470793
1520621224.747326851 34.35821118704886 0.1789235954460618 -0.13814556059136981 0.02071073418362271 -0.06029208305258097 -0.7380302466663321 0.6717494214484959
1520621224.797328711 34.26746865154306 0.1787686335638849 -0.12005186051842726 0.020356066800486898 -0.06877587022634023 -0.7330576333091252 0.6763741689821159
1520621224.847329855 34.17514944437856 0.18016707504734172 -0.10481977871663387 0.018575748824790527 -0.07616685739252585 -0.7345696873995613 0.6739888172249268
1520621224.897331953 34.077745488758595 0.1853846946833486 -0.09700155355893962 0.014590767638136068 -0.07371740819747774 -0.7408020392210191 0.6675066980295826
1520621224.947333336 33.97797534088297 0.19413699005930599 -0.09956250274217725 0.009932793452580019 -0.07599817741964365 -0.7506600387820165 0.6562279503487354
1520621224.997335196 33.874149208290966 0.20679351771777 -0.10648912078371807 0.0033471196644624963 -0.06682889449692794 -0.7651958046840923 0.6403109214624837
1520621225.047336340 33.77057755041431 0.22116235364967404 -0.1120545980628758 -0.008475984039082856 -0.049992132074704966 -0.7744979576474771 0.6305409249407063
1520621225.097337961 33.667773380082394 0.23825078581496204 -0.11261698790353197 -0.007554464948461673 -0.03313812267394527 -0.7825988524887538 0.6215978048290347
1520621225.146265507 33.56711089392421 0.2541553072406844 -0.10817725572767692 0.011338718004060852 -0.03202923522991596 -0.7881978672465197 0.6144832655432114
1520621225.196267128 33.46540801806288 0.2702736599066706 -0.09778634832423164 0.03955824738763149 -0.04178148566969872 -0.7918835246017709 0.6079555378340822
1520621225.246269226 33.36296248427524 0.2819073450211375 -0.08577823415183577 0.046414729238437924 -0.04236714426446258 -0.7946699670339855 0.603780043965351
1520621225.296270132 33.25865747225532 0.2893369392698057 -0.08009800170257288 0.034531430268351045 -0.04725342042900716 -0.7923224544101333 0.6072889121488091
1520621225.346272230 33.1533339563259 0.294603772741706 -0.08354810903305332 0.0207487373511654 -0.049773638900267855 -0.7900195399715256 0.6107054946798313
1520621225.396273613 33.04732583296162 0.29758243877407214 -0.09481193903048528 0.0076871827519451345 -0.048082615110735825 -0.7850360915979652 0.6175332414000418
1520621225.446276188 32.9381399002537 0.29854622897533767 -0.10613220516376312 0.0018107713027299755 -0.048562970437771996 -0.7766093528286243 0.6281053033597587
1520621225.496277094 32.830964988968034 0.2975071299853033 -0.10695772084170138 -0.007155019939921475 -0.05237445956671399 -0.7665031649891411 0.6400614187219722
1520621225.593776464 32.62261583921498 0.2881970504619971 -0.08122235835385058 -0.013179008901524233 -0.0624864977655368 -0.7539698018820897 0.6537975903681916
1520621225.643778563 32.51300408928158 0.28577296086620646 -0.06801886365880631 -0.003870616800457635 -0.06311297324577522 -0.7605309368672477 0.6462154942443649
1520621225.693779945 32.39966259776474 0.28712752571217665 -0.06437283027732792 0.0033539357417642643 -0.06442411611229522 -0.7740202440889615 0.6298658159629351
1520621225.743780136 32.285417684986996 0.2914093008381491 -0.07093595610179164 0.004543619800938261 -0.06643097303954093 -0.7923703318454078 0.6063955297916722
1520621225.793781757 32.168107292123196 0.3005781330111903 -0.08193213512166324 -0.0031931575597852536 -0.0586245521251527 -0.8089819431691477 0.5848941624423972
1520621225.843784094 32.04884592869152 0.3204094438452113 -0.09279455451686482 -0.010299433955537216 -0.04971104717335197 -0.8191310533123835 0.5713554506158752
1520621225.893785000 31.930137857539595 0.3398279179867026 -0.09281794277548823 -0.01030336830627042 -0.03473971389740935 -0.829273247560841 0.5576673504516539
1520621225.942371845 31.81431724922287 0.3553155323120958 -0.08404428932860601 -0.003908725189187876 -0.038208000651300755 -0.8341465129568195 0.5502040216825068
1520621225.992372990 31.697081633901245 0.3700180240519966 -0.07016294445234485 0.013448226654253298 -0.04427676103278087 -0.8383126298043946 0.5432224667139073
1520621226.042375088 31.578214184387598 0.37749999808259754 -0.05986936319212848 0.018209674043784665 -0.040973680061661875 -0.8389551201373411 0.5423503219403151
1520621226.092376709 31.455635810087507 0.39423478146410257 -0.06053675168552285 0.013413704764681685 -0.0498519287378188 -0.8328512417831844 0.5510840832267005
1520621226.142377853 31.333887283454448 0.40394360157773845 -0.06907757437233897 0.010351038623858975 -0.05327404226960855 -0.8290405946208272 0.5565486725259603
1520621226.192378283 31.21080470122888 0.411177043712202 -0.08103149405380802 -0.002868719432496805 -0.04768040183980784 -0.8233938444628819 0.565456387911435
1520621226.242381334 31.08845175147443 0.4137739899441656 -0.08827000877478117 -0.021317998003837393 -0.03680312705486631 -0.8156079667259768 0.5770396151159898
1520621226.292381763 30.966004685805373 0.4148313163226982 -0.08419157310825473 -0.03322537133352483 -0.03594437461822854 -0.803758799697196 0.592938334519178
1520621226.340872288 30.845120517467496 0.41270038589613267 -0.07272212065853899 -0.030215913702801488 -0.0465304418438139 -0.788427349065161 0.6126207895484834
1520621226.390872955 30.720150241951583 0.41184199150490636 -0.05552053098037623 -0.013364831636000916 -0.05334046349328552 -0.7794623407971623 0.6240309571717346
1520621226.440875053 30.59291637432319 0.41359986989855385 -0.041875261134782765 -0.009298405783111663 -0.04562682649545829 -0.7792771294240963 0.6249471080902657
1520621226.490878105 30.459685628293528 0.4209835042939055 -0.04164200995792378 -0.019831376722720326 -0.04566971225859151 -0.7815075731458005 0.621905866667344
1520621226.540879250 30.327036403897644 0.42995345029965987 -0.05233263831171543 -0.025015615057062273 -0.04585610338333374 -0.7856930921643118 0.6164071720146482
1520621226.590881109 30.195294782992125 0.43912750045325116 -0.06764522058884119 -0.02122762643215921 -0.04048449780851636 -0.7902456215474732 0.6110828511243764
1520621226.640882969 30.057421753365063 0.4497862591039407 -0.075748895916271 -0.01862375995556741 -0.033329480749284976 -0.7924470801163602 0.6087445494566301
1520621226.690883636 29.92204421281048 0.4667279452273631 -0.07104847254775122 -0.008034826267185272 -0.043056438012600125 -0.7960128742435114 0.6036928761805187
1520621226.739942312 29.789874519261325 0.48550911115779793 -0.05646227971585979 0.005002550442764532 -0.061393164603954824 -0.8008533313542461 0.5956843085794568
1520621226.789943933 29.65621842856906 0.4980481987915846 -0.04106273310290141 0.0030904023921053477 -0.06204320463228429 -0.8041144259161801 0.5912199930698414
1520621226.839946032 29.518358480410704 0.5102072062555468 -0.03514104451435044 -0.006688462288662499 -0.061825048740550455 -0.8015167039186887 0.5947301078302352
1520621226.889947176 29.37987200912731 0.5215013465415447 -0.04045090936534967 -0.01158164799479211 -0.06387299850043646 -0.7999746092938674 0.5965121373261506
1520621226.939948797 29.243414815760378 0.5290179113859922 -0.05507578731395847 -0.016304064229629753 -0.056832925874565066 -0.7973699622046995 0.6005874952076581
1520621226.989949703 29.106374517035437 0.5334084473040243 -0.06656290692525016 -0.02337448598775018 -0.04929092667512861 -0.7940796306711652 0.6053607008267563
1520621227.039951324 28.970312122392702 0.5353590648096899 -0.0666292557980675 -0.03722507359210628 -0.05145050409258043 -0.7853900262139141 0.6157350454930993
1520621227.089952469 28.83467501260542 0.5346353174007791 -0.0552323793964632 -0.04333689433529569 -0.05670840419714925 -0.773631022710279 0.6296039319945771
1520621227.139954329 28.697882913172425 0.5348847367309505 -0.04109906812004585 -0.02559194603151871 -0.05621123464491942 -0.7716460685579887 0.6330463602904717
1520621227.191782951 28.555483080126308 0.5383057664420439 -0.032428676653801544 -0.014511046796109177 -0.05914120231529884 -0.7700601787219575 0.6350583192560263
1520621227.241785288 28.411966874429503 0.5478418811000118 -0.03220066434443003 -0.016734709558213264 -0.05851273411252743 -0.7691700368465573 0.636139657512519
1520621227.291787386 28.270440408813517 0.5612095381283582 -0.041801618359587456 -0.026967213109494518 -0.04608794758743284 -0.7730037535798173 0.6321501937481301
1520621227.341788530 28.12586824311796 0.579969908888319 -0.05667590398860632 -0.032008604637721205 -0.03375683079091499 -0.7805377916191788 0.6233752332731507
1520621227.391790390 27.983991380664833 0.5995686954717854 -0.06844505316875363 -0.025608708687915076 -0.032041862345786556 -0.7866490050303618 0.61603640799996
1520621227.441791773 27.849680656351143 0.6237419844313735 -0.06700023620353603 -0.01829614294219287 -0.03370200433833295 -0.7927004200166298 0.6084040352943731
1520621227.491793633 27.710862473444376 0.6457468082181148 -0.05371708649498095 -0.00357535240318847 -0.05161787012714922 -0.7961387512052489 0.6028979193595517
1520621227.541795969 27.572708759289366 0.6684020040141446 -0.03781288440408044 -0.0018612075270189852 -0.058188456817779295 -0.7984311123858899 0.5992648814789144
1520621227.592203140 27.42696895236723 0.6851429676462503 -0.028497325435872033 -0.011472337747073198 -0.07227011999717894 -0.7941408597865977 0.6033122823543493
1520621227.642204046 27.280041808112106 0.7031459285201734 -0.03176592651622089 -0.01052585738390885 -0.08117554217845854 -0.7933844531660328 0.6031922141016097
1520621227.692206860 27.130773955505656 0.7189055660467453 -0.04227632903727247 -0.013254985646510885 -0.0727642401503594 -0.7899252861739412 0.6087263038294539
1520621227.742207766 26.98191469495597 0.7288997304458587 -0.05007370360557589 -0.022146276232105383 -0.051936767023140734 -0.7844222704586701 0.6176518568649337
1520621227.792209625 26.83467026374235 0.7350320141992123 -0.048922030168815744 -0.03203432798972664 -0.04057370818276525 -0.7721905823100412 0.6332845179113618
1520621227.842211008 26.687091881885557 0.7378208397916541 -0.037009234849034 -0.03779207520161673 -0.04495677892205387 -0.7596495666797566 0.6476752140727382
1520621227.892212868 26.54099649603891 0.7403609740638142 -0.019719919367439238 -0.03485642263242441 -0.05294601275589472 -0.7543655549779333 0.6533868371779136
1520621227.942213774 26.39370796681118 0.7467955929279582 -0.006533320280923588 -0.030881121653679056 -0.05111148191821505 -0.7571266481799016 0.6505330209585078
1520621227.990484715 26.24723685053348 0.7580330875453113 -0.005238682899583454 -0.021866724683139025 -0.05671892058641673 -0.7591303219971136 0.648094101673285
1520621228.040486813 26.094060884305815 0.7742578205950456 -0.0137370993160728 -0.017511622488788018 -0.05837248250097765 -0.7675298852187806 0.6381096078735446
1520621228.090489149 25.941811691270647 0.7957726582657466 -0.025972836581651816 -0.020461886049072914 -0.04282638733335081 -0.7797394804933019 0.6243024542057515
1520621228.140490532 25.790289589648776 0.8209936500546441 -0.03249775869765732 -0.03631764404255334 -0.016984290938919913 -0.7919088469273714 0.609321705464906
1520621228.190491915 25.6361795242575 0.8483757056701413 -0.030389155726962536 -0.04363113514153197 -0.0036754242109476865 -0.8016972523010353 0.5961244257335051
1520621228.240492582 25.486642741407504 0.8769969549174369 -0.02058059073227025 -0.023802840015867386 -0.021870293878884225 -0.8090422510914361 0.5868609298647609
1520621228.290493965 25.343501516431875 0.9038141176217656 -0.0066862820926348165 -0.0005358634841917913 -0.034331641084620564 -0.8145980824290863 0.5790086487899974
1520621228.340530634 25.194890470256357 0.9280722944494547 0.003688779809608214 -0.00016340347750855538 -0.04059702460842945 -0.8137403149900003 0.579809067411179
1520621228.391856432 25.040481077819354 0.9511737333078124 0.002333236221972277 -0.013484200149946229 -0.04985252539455481 -0.8117953556132178 0.5816538512405043
1520621228.441857338 24.890083131773203 0.971712124485312 -0.00996278309657453 -0.020966274263687305 -0.04819358398216926 -0.8089376375517318 0.5855405129951954
1520621228.491859436 24.73960256392125 0.9873053782272575 -0.022352355872504236 -0.02544381087824324 -0.03812442454821543 -0.8066961021426579 0.5891863368482864
1520621228.541861296 24.58848455141788 0.9969311749991552 -0.026047304693473057 -0.033692018361459915 -0.022735919039690685 -0.7979075650178616 0.6014078845271476
1520621228.591862679 24.436047484254946 0.999164292269507 -0.017784070007702466 -0.035236156174233146 -0.025446789104028 -0.7828185082175542 0.6207302613973347
1520621228.641864300 24.28631611598241 1.000805102210464 -0.00184983799601301 -0.030203028950958624 -0.03680474604738154 -0.7724753807951438 0.633257430888871
1520621228.691865683 24.138754935559017 1.0021717184246954 0.011845395936895983 -0.023971544003838788 -0.03841494742356723 -0.7700300123688222 0.6363988033802296
1520621228.741867542 23.987099671797182 1.0066471878908225 0.015474870276464417 -0.024801252581046145 -0.0450257891552256 -0.7703433804028974 0.6355538155426314
1520621228.796565533 23.8199431193422 1.0169742631444076 0.007524189725221836 -0.03592919050313973 -0.047279561113208794 -0.7752195746161968 0.6288945440235704
1520621228.846567154 23.667054547118276 1.0319517416711388 -0.00673223363825507 -0.05220564201787121 -0.03374155432666101 -0.7840039739251878 0.6176356914254845
1520621228.896569014 23.527584031585477 1.045806261602275 -0.021429992551463158 -0.07644797481058473 -0.005629365700670249 -0.7921249679393131 0.6055262608312795
1520621228.946570396 23.375810062252558 1.0660121342326503 -0.0281949674287656 -0.09031873432766488 -0.003404602362962823 -0.7940460448693005 0.6011005020290865
1520621228.996572733 23.229267851849126 1.0871150572227755 -0.025309263847858983 -0.06309884530207907 -0.02198738527227442 -0.8039562868607247 0.5909224817415132
1520621229.046574354 23.087995942029988 1.1059180564881381 -0.015343413007238025 -0.0234810736783482 -0.04058604595061102 -0.8096555224175827 0.5850293557350078
1520621229.096576691 22.93445872222093 1.1249847522547318 -0.002502627737181769 -0.006172691477223201 -0.0502133943672891 -0.8080540271058114 0.5869320251818968
1520621229.146578312 22.781992959433623 1.1368711482738643 0.00017941308616445834 -0.01616959210058571 -0.049482448578204705 -0.8038254446234792 0.5925830626586218
1520621229.197466612 22.625817116896833 1.1475239468629614 -0.007234202334245692 -0.030931516769471146 -0.03498716844933226 -0.8011807353462972 0.5965974929751253
1520621229.247468472 22.46761006111341 1.1573090274574316 -0.021153385077105517 -0.037426039528678096 -0.025571598848817916 -0.803617605314992 0.5934173315006149
1520621229.297470570 22.302140960522344 1.1629669685512851 -0.0315386091868804 -0.044273548723193244 -0.02282885982985931 -0.797097431203368 0.601792639711816
1520621229.347473145 22.14062480043856 1.165696159054679 -0.029544258888330076 -0.04826892740284066 -0.03201835504918462 -0.7857982413763442 0.6157646136610714
1520621229.397473812 21.97117134550042 1.1701924831301234 -0.018094053585402864 -0.04555532679410417 -0.04380831600015554 -0.7794685613234732 0.623244980371465
1520621229.447476387 21.820252574126346 1.1734728032321886 -0.007247939955599181 -0.04220671550148666 -0.048021983796190854 -0.7818128640830967 0.6202266745255646
1520621229.497476339 21.673325119614084 1.1789704247243604 -0.0051134883918073646 -0.04259466482031557 -0.058950288241597065 -0.7832853918355082 0.6173933535293138
1520621229.547477722 21.52688655509114 1.189329076933923 -0.010567344308256659 -0.04314790339599253 -0.06053495321915513 -0.7866114610476066 0.6129569211778545
1520621229.597480059 21.375150215045238 1.2036762808936965 -0.024347101855563658 -0.045842426002936656 -0.04586876924230758 -0.794338736995176 0.6040037242395695
1520621229.647481918 21.228345356731015 1.2237960992165822 -0.037495008491553336 -0.044321908114628265 -0.020135556161307248 -0.8053571782954582 0.5907875618250024
1520621229.697483778 21.07556321261339 1.2468483517101054 -0.042415573803783475 -0.03652294185412321 -0.005017857064358309 -0.8154581403411745 0.5776408202162617
1520621229.747484207 20.933589890807053 1.2704558988935755 -0.03921210517290776 -0.019491558678206834 -0.012568668629759826 -0.8230965423826643 0.5674276955056673
1520621229.797486305 20.780881953719536 1.293481640774036 -0.027741268148034067 -0.0032127594353635767 -0.027285781446729603 -0.8265326078559555 0.5622179403563043
1520621229.847486734 20.64502843202189 1.3112271024094346 -0.018754749157789335 -0.009605317376627984 -0.030434395713752976 -0.8263920911890257 0.5621900008501238
1520621229.897488356 20.496417178795177 1.3276638765964646 -0.020777596817444843 -0.018312297657476866 -0.031191207831487433 -0.8247531064645509 0.5643350792619489
1520621229.947489500 20.343399875290512 1.3404073873132512 -0.031000700077210036 -0.019503975112560128 -0.032967715038210166 -0.8258806142195415 0.562542385759794
1520621229.997565508 20.193046343407932 1.3498162795023692 -0.0465136878007189 -0.0241332682927298 -0.029647702576417332 -0.822684341357041 0.567211665588238
1520621230.094468832 19.899157484130928 1.3534297306287673 -0.04635245702121515 -0.05170302876715529 -0.018443242559826566 -0.7995460397355186 0.5980909412149884
1520621230.144470930 19.741011660105332 1.3508982688332014 -0.028949196399172497 -0.04443347444007362 -0.032980047196628906 -0.7884531353209707 0.6126007151796532
1520621230.194471836 19.583734410561494 1.3492502718181494 -0.010748552979906761 -0.0371210409216836 -0.04244108759437452 -0.7846994703873479 0.617306668989177
1520621230.244473934 19.42315639297782 1.3526046931746485 -5.2810747105187154e-05 -0.038722014644444996 -0.04416367946778527 -0.7841806032657858 0.6177466766073698
1520621230.294474840 19.263581084897204 1.3616641576410022 0.0008648792361064744 -0.04371825415640039 -0.04024212704470943 -0.7876274040614167 0.613279999540102
1520621230.344476700 19.109644640837846 1.3749000925739554 -0.008497549295223308 -0.053334552278018456 -0.025203086959877403 -0.794143266147263 0.604860895391621
1520621230.394477606 18.94929162950873 1.396732386208182 -0.021370442034873757 -0.06506711170739563 -0.008174157960187096 -0.8028799258976332 0.5925228085958465
1520621230.490601063 18.63579635760828 1.4469356117470122 -0.021510028693751466 -0.058983927649402856 0.006908344201585496 -0.8211430392837348 0.5676242419905209
1520621230.540601730 18.48350420672494 1.4773458644900215 -0.01039742683885444 -0.0297251307045296 -0.02322484884305424 -0.8320575315060538 0.5534051745916984
1520621230.590604067 18.32636749996963 1.5037153029257633 0.0031774757579734574 -0.022977950575066353 -0.041055353187076316 -0.8390332713840315 0.5420421028597914
1520621230.640605211 18.17074343716736 1.52636819988967 0.009409065358482927 -0.038020249549089113 -0.043561403867933286 -0.8405701928893725 0.5386080351639798
1520621230.690607071 18.013313483725124 1.5465390696614185 0.002894396621039157 -0.044777961900688126 -0.04045672959271615 -0.8408696194303504 0.5378628731170615
1520621230.740608215 17.855660941726644 1.561185821504582 -0.014603523524163352 -0.03839296973393811 -0.03299281073573076 -0.8367717433255231 0.5452068450475749
1520621230.790610552 17.697109367078586 1.5707375203927798 -0.0294366828797175 -0.03682181483884602 -0.015662752029981134 -0.8284148608363958 0.5586838555893987
1520621230.840695143 17.541161719163444 1.572549982150037 -0.03336917061965397 -0.043810295512047646 -0.010468628144787391 -0.8110575027782342 0.5832296228922603
1520621230.890696526 17.38543707204915 1.5693812146253556 -0.02156344972947092 -0.0316217444310772 -0.017218224976861884 -0.7958096483127973 0.6044754764753023
1520621230.940699816 17.23122845814744 1.5652165392219535 -0.0016080414221011545 -0.019610740965612307 -0.013800059243893355 -0.7885194920930904 0.6145420960299625
1520621230.990699768 17.0728387828196 1.5642664329444576 0.012563095808016428 -0.02228092413481505 -0.012385109909057192 -0.7872009979887763 0.6161694233226068
1520621231.040701866 16.91310829037121 1.568310618787409 0.01373793335217981 -0.029181110128664655 -0.026117010043112704 -0.7891229876828515 0.6129855421692725
1520621231.090703726 16.753970280088254 1.5766488306763418 0.0029344499508140247 -0.038227120338545376 -0.022563752990170383 -0.7979888556048655 0.601035232454852
1520621231.140705347 16.578438395870116 1.5945214911347358 -0.01477231784621966 -0.049782411532581186 -0.005878170892526425 -0.8078031976298812 0.5873169097752067
1520621231.190707207 16.417305061982688 1.6122274505343168 -0.026975926030721777 -0.056054959423265875 0.015559481580857595 -0.8161117890688477 0.5749585131118903
1520621231.242240906 16.25100948301922 1.6401458561185849 -0.02769957222681108 -0.04510148099589554 0.007083096895136799 -0.8296425306671529 0.5564251589014945
1520621231.292242527 16.093431827024013 1.6682375253695063 -0.018078613112302726 -0.03026767810766503 -0.028321022651120794 -0.8391806409158747 0.5422708172583024
1520621231.342243671 15.941874351940516 1.694531448821787 -0.005746065638410579 -0.02979780973557868 -0.043966652713181044 -0.8458034804689848 0.5308441357034217
1520621231.392245531 15.7805900679776 1.7198310180785972 -0.0027215762176338023 -0.03616543291705623 -0.041966120485992964 -0.850125446661882 0.5236579333221381
1520621231.442247391 15.620578150198096 1.7425684710182898 -0.010849501706923911 -0.03863787164973384 -0.03613672084057968 -0.8517844364148919 0.5212144723265403
1520621231.492247581 15.465904730663004 1.7595721044906043 -0.02940600769982881 -0.02962617370912303 -0.035038682098691765 -0.8497237588740915 0.5252276784338662
1520621231.542248964 15.304840137874814 1.7726030475945473 -0.044236503668219664 -0.02334253006052769 -0.029193470448397617 -0.8455659420558219 0.5325608934279745
1520621231.592250109 15.147124795361298 1.7804395006680318 -0.04488701557562609 -0.038017375611276105 -0.019577797193091696 -0.8327600929678101 0.5519800871126982
1520621231.640067816 14.994737881336208 1.7848444890855368 -0.036575296397908276 -0.03812670768412787 -0.028732477699202993 -0.8192877621103506 0.5713916010431441
1520621231.690069675 14.829750999519918 1.7886544118174101 -0.029915122017563824 -0.007276866173622705 -0.04249223839629551 -0.8127081538257969 0.5810739312684994
1520621231.740071535 14.653683279707339 1.7938105768663555 -0.028483103568183198 0.01203473721339513 -0.05849537890522313 -0.8092327323075129 0.5844448996347357
1520621231.790072918 14.489821282419221 1.8040688475756765 -0.029575644634093113 0.0022297519015961366 -0.06269280530139942 -0.8110690839511187 0.5815768061301892
1520621231.840075016 14.329486513210634 1.81687100918488 -0.03774058405376783 -0.022481892262408362 -0.05007567402074811 -0.8182336652786331 0.5722592597733679
1520621231.890076637 14.171578139757733 1.8337497263824996 -0.05245707508040442 -0.03437264326318339 -0.03209119765896135 -0.8287641507278404 0.557618739728389
1520621231.940078497 14.011260302649127 1.8544272757342048 -0.06656091601847941 -0.025842111625301895 -0.011874131270305356 -0.8379560933917827 0.5449961245925543
1520621231.990080357 13.878401160357933 1.8767028149110496 -0.06309500552357375 -0.0027202377975742023 -0.0063079615104424626 -0.8450855477779247 0.5345869684764047
1520621232.040082216 13.72441378356548 1.9029907496730445 -0.05368715542041792 0.004615989552328773 -0.020803128260041603 -0.8462193993284387 0.5324083495732066
1520621232.091281414 13.560378949860535 1.9288476979803257 -0.037616376945320655 -0.0048532262472873134 -0.02303928027820636 -0.8459069774027342 0.5328104947733528
1520621232.141281843 13.394542418463324 1.9532963432880868 -0.027336066652820668 -0.012274835171023457 -0.01467351161377036 -0.8473354901095954 0.5307132782201484
1520621232.191283941 13.229345428966308 1.9735988712754262 -0.02807612306086287 -0.017278468993917714 -0.015480774050935614 -0.8468210715317688 0.5313716900191403
1520621232.241284847 13.062240430809346 1.9912872415426284 -0.04027711209033015 -0.02379309380744427 -0.021195142445555582 -0.841487821313314 0.5393356109187999
1520621232.291286707 12.898373645241522 2.0022515656002766 -0.054043019093729265 -0.03286898936530918 -0.020170954558472984 -0.8335051449762432 0.5511641637737664
1520621232.341287374 12.731728780689007 2.005554168499642 -0.05797168058334972 -0.04555928332259932 -0.015399481992253506 -0.8195251520025916 0.5710216571134852
1520621232.391288996 12.56908391067844 2.005724553552936 -0.04908975647629749 -0.04875919487642676 -0.024781737462927854 -0.8045482300794732 0.5913632994017369
1520621232.441289902 12.414492879046305 2.006149784012449 -0.03075276706921401 -0.042525392750927815 -0.032977791354084 -0.7960180404991186 0.602875887267628
1520621232.496653080 12.240485841694513 2.0114525709808864 -0.014195737292801784 -0.03719657639751725 -0.03387839399408858 -0.7937651072411855 0.6061399373503402
1520621232.546655893 12.082493718289708 2.0197255939462657 -0.010107493263984487 -0.03567628880249445 -0.04314362126856875 -0.7932693039859408 0.606291713381254
1520621232.596657753 11.932461900983476 2.032502863413566 -0.014841951886898833 -0.038506179649988294 -0.04445497192398861 -0.7954587377475759 0.6031471015772468
1520621232.646658659 11.779790398064172 2.0484220205339394 -0.02660731086108474 -0.04817455922281812 -0.035546212151063766 -0.7998729809300759 0.5971757639283708
1520621232.696660280 11.625436861107746 2.0694765557973867 -0.0370486270666124 -0.0471463373978434 -0.010177150332851588 -0.8116720320611706 0.5821186827879359
1520621232.746661186 11.466463426515094 2.0955877852175275 -0.039769707051414784 -0.036200423334323384 0.013818202761580165 -0.8243441632029085 0.564761265683255
1520621232.796663284 11.323889532376771 2.124518006252737 -0.03214618200000908 -0.01478813734858341 0.009775108059566445 -0.8349818950123723 0.5499918119915339
1520621232.846665382 11.163857139474322 2.1576091416211565 -0.019077238157824427 -0.008419761475525771 -0.00105611136590047 -0.8408614846988091 0.5411838465767365
1520621232.897371769 11.010893581954624 2.187431416401257 -0.009466998807244196 -0.017180169924236263 -0.0005319950101991508 -0.8446616939983596 0.5350244680708585
1520621232.947372675 10.867925804307557 2.212248764993488 -0.008458669319227057 -0.02239089977015228 -0.008451343919671263 -0.8462699080711994 0.5322165584483426
1520621232.997374773 10.71743772076523 2.2355839690231902 -0.02069913379430793 -0.021581523547808647 -0.01503287890007421 -0.8456537855896876 0.5330834130895105
1520621233.047376871 10.565012050099325 2.2511216858419765 -0.03622980757433479 -0.023653256119414233 -0.011519994977894046 -0.8391819432585976 0.5432140271563158
1520621233.097378016 10.408430948604728 2.2594970256929106 -0.039748571916849204 -0.03657516360840926 0.006154969456288729 -0.8284965621302584 0.5587645481742315
1520621233.147378683 10.254349864227857 2.2634194495042275 -0.040456607861842214 -0.044841074827052706 -0.002528500874506181 -0.8090266188132244 0.5860535937466166
1520621233.197381258 10.11317384591129 2.2606380864408226 -0.03258923682480114 -0.03439160448242426 -0.026054507366380857 -0.790820556547986 0.6105253700937854
1520621233.247382879 9.96714903767315 2.2648058341935875 -0.01868767612062835 -0.02602292265292038 -0.03855481930006912 -0.7841117848466678 0.6188740116291137
1520621233.343377829 9.689379882220567 2.283656665005177 -0.011280543659209354 -0.035908307284256015 -0.03925570095992414 -0.7920705554540318 0.6081067493400037
1520621233.393379211 9.547218844163261 2.300244326029516 -0.019157392181314244 -0.04615116827258388 -0.032138634289375675 -0.7989701701583855 0.5987352044519932
1520621233.443380833 9.397087238403154 2.3235897291327534 -0.031343460659993314 -0.051551995584735014 -0.016244343882443394 -0.8085329767639179 0.5859632569780618
1520621233.493382454 9.238533108861512 2.3534988260943757 -0.038621581976620266 -0.04892116840455036 0.008483105050097558 -0.8207502384494356 0.5691254714874722
1520621233.543384314 9.095207666801997 2.3855222478405644 -0.03417326448199265 -0.023775339754917572 0.012203764569367281 -0.8351203517622583 0.5494176912171246
1520621233.593385696 8.954183330749325 2.4181951000678916 -0.019375758272386117 0.00012733487533052952 -0.013852024925422826 -0.8413780605331258 0.5402694368968234
1520621233.643387079 8.812767715941359 2.446893108507923 -0.00019231312831891615 -0.0025731184915030207 -0.02502955739039581 -0.8413805724112234 0.5398570483813577
1520621233.691540718 8.66623266589452 2.4686247092310367 0.011341123401008617 -0.019470887826758973 -0.0162142907270269 -0.8384884152126767 0.5443300091466492
1520621233.741541147 8.510547239027215 2.4896407869510377 0.0076249230984711674 -0.02469122081766671 -0.006570459260417255 -0.8372155229516755 0.5462758834219147
1520621233.791543484 8.359545981642226 2.50757451816073 -0.0060068900983630885 -0.024015996830232523 -0.006889458536165107 -0.8366956963617445 0.5470978696239499
1520621233.841544867 8.21765961722899 2.5192769617864803 -0.017387758647964678 -0.029000181084036215 -0.004221963350400413 -0.8332135863657881 0.5521741428372234
1520621233.891546249 8.058663586618652 2.5282032854168186 -0.02156009801945136 -0.0520775620524423 -0.008993641110753398 -0.8247037328685555 0.5630903967773874
1520621233.941547394 7.914517461048486 2.534750047519718 -0.010792601020114877 -0.07286109774351869 -0.01659287113025201 -0.8144201194538382 0.5754440077818694
1520621233.991549969 7.757709291315515 2.538767986209993 0.0022775534536133017 -0.06167421920103706 -0.02484876423523612 -0.8107064040865005 0.5816648141112367
1520621234.041551113 7.610276118716486 2.5446362134569442 0.013140277820990044 -0.039239540739285 -0.024749151213430142 -0.8127660614441459 0.5807401030765447
1520621234.091552973 7.454088633004812 2.555086457860126 0.014909530387429915 -0.031249769603741942 -0.03012708017759845 -0.8127844474790996 0.5809451375782232
1520621234.139917374 7.307047576646545 2.567550115488877 0.009054331311990352 -0.03874335657702801 -0.02920642247971563 -0.8120296820215789 0.581595849987786
1520621234.189918756 7.156340125343345 2.584686039329356 -0.0029654365663845743 -0.043934639233745576 -0.013523354989683604 -0.8188126321442274 0.572217388573841
1520621234.239922047 7.0079655387362925 2.6061729582464275 -0.012936181206151505 -0.05081354901985225 0.003487276967067769 -0.8297202374335261 0.5558508340630742
1520621234.289923191 6.870650787627429 2.6313246126101757 -0.011157990776342191 -0.05465311376380641 0.01541685201888317 -0.840871024496328 0.5382483423032939
1520621234.339923620 6.744712200777454 2.6547158979951586 -0.0012236593714320578 -0.04729150437990902 0.0034601961927146064 -0.851576198006291 0.5220819089424025
1520621234.389925480 6.606888410576484 2.6812129467637713 0.01287263062843572 -0.03141120297539055 -0.017682996306209068 -0.8563856179748353 0.5150770052090591
1520621234.439927578 6.461574828301167 2.706405278822427 0.026417375971809702 -0.023346024509319135 -0.01669945366305939 -0.8561277127692009 0.5159665016408937
1520621234.489928484 6.313431318265597 2.7289906800951713 0.02452563323455996 -0.02609280997204809 -0.010630081120041313 -0.8519351081189301 0.5228888392359611
1520621234.541154385 6.165406306438393 2.749122866620476 0.007860852329635064 -0.029042538878047728 -0.006268187212159771 -0.8485595384610964 0.528265038073959
1520621234.591156483 6.019333886306834 2.7618972846028567 -0.011601422724687685 -0.02395875415613864 0.003632485516409769 -0.8459985306268741 0.532634273517419
1520621234.641158342 5.8736186862021755 2.7666844573636857 -0.022771757071873323 -0.02513029693953527 0.010026190761309322 -0.8358199561297888 0.5483365249641379
1520621234.691159248 5.725423377527076 2.7667432104951093 -0.016456772985133993 -0.027099820157617978 -0.002751014566310249 -0.8167901957410685 0.5762914261096965
1520621234.741159916 5.577503275776624 2.764727306963419 -0.0027339861157969886 -0.017718481851162385 -0.017500980593661838 -0.8027121049929448 0.5958464966557626
1520621234.791162014 5.430555947368861 2.763589386453393 0.009535919316799406 -0.009370038402119665 -0.019308522716915386 -0.7994273531032906 0.6003792888175773
1520621234.841164351 5.274791506632275 2.768695232254914 0.012636010575809268 -0.010079988057840973 -0.02504308433608296 -0.7978386105726311 0.6022663773175648
1520621234.891188383 5.115633624180703 2.7778348678595193 0.0046638127206849265 -0.01712393329960463 -0.025253578563979362 -0.7999803901608386 0.5992498669471495
1520621234.941976070 4.965094474156506 2.7901607364027234 -0.009995904664609468 -0.0319067681232624 -0.011657412619931577 -0.8080150485845835 0.5881817271386373
1520621234.991976976 4.8163185905967945 2.8091603937052243 -0.027229978579375227 -0.03487511054187976 0.011057056079748268 -0.8215126857814669 0.5690152680514484
1520621235.041979074 4.673370531863906 2.8311930200238677 -0.03433993098810535 -0.02250722767964812 0.0257667752545644 -0.8306543442714593 0.5557363208735858
1520621235.091979980 4.535475587574317 2.8585046405146306 -0.02560778028924255 -0.003656874495637903 0.018873420385550527 -0.8409947137772384 0.5407016854704767
1520621235.141982079 4.40213656252577 2.886698799860816 -0.003139404101070659 -0.0008556413294214162 0.0015273944183537423 -0.845402715484589 0.5341265614023417
1520621235.191983223 4.265171522210558 2.911372960623768 0.021650462359135467 -0.012389719060872608 -0.0013241236386970251 -0.8467066806175043 0.5319140330503318
1520621235.241985321 4.133146245608173 2.93196968861757 0.03665580959080254 -0.02977909871269799 0.0036221677539137877 -0.8460723966680872 0.532223247121864
1520621235.291986942 3.9940886008688 2.950107079011635 0.036479052876769454 -0.03836613546830509 0.012175260600203968 -0.8463631309293174 0.5310830945172967
1520621235.340443611 3.8550789144961355 2.9641195630642123 0.02194724394430009 -0.04687307128358986 0.02206410564245659 -0.8458730542489029 0.5308623800254401
1520621235.390445948 3.716942148029086 2.971333714385973 0.007324489323829147 -0.05681160221767827 0.03826420903917065 -0.8406959794260326 0.5371578560693039
1520621235.440446615 3.583974627557334 2.9693358768141174 0.0029405198778685105 -0.059139956291295544 0.04455837730471982 -0.8255896682358717 0.5593913802375018
1520621235.490448475 3.4506830420076082 2.963438456096 0.00796710723437277 -0.04033145681513613 0.022693235562280752 -0.8118771037646332 0.5819913736763068
1520621235.540449381 3.3215480011324323 2.957604883622736 0.018577991775213718 -0.01880894050221527 0.0031757975462176676 -0.809935068904771 0.5862092819338103
1520621235.590451956 3.186125181948842 2.956195067208562 0.02559644901540824 -0.01568540807565326 -0.007111484029179158 -0.8124134292574473 0.5828274313470135
1520621235.640451670 3.0650466378592878 2.959479439291653 0.02678958939194469 -0.029120055133268194 -0.022006350902112674 -0.8144348877179581 0.5791058250241018
1520621235.690452576 2.947169373593472 2.965286242573113 0.020031664522006522 -0.051391160212559336 -0.01868588264254201 -0.8195047690830711 0.5704574654538044
1520621235.741556644 2.8236214501366135 2.975547823347535 0.003766754954747811 -0.06916269488385846 -0.0037221566499540466 -0.824607997893301 0.5614484099155304
1520621235.791558027 2.6956098186554938 2.9915788461227333 -0.01145246397832557 -0.06985849665901867 0.017537859283216873 -0.831421510292998 0.5509541597614218
1520621235.841559649 2.574633675522997 3.004137296444371 -0.01737990786900589 -0.0556636837068957 0.032208638588118454 -0.8380125962067869 0.5418478075209305
1520621235.891561508 2.4646448974941095 3.0216174726635976 -0.012357071575696916 -0.03121046413706621 0.020724870083872367 -0.8453699417952469 0.5328658819979532
1520621235.941562414 2.3588388841842254 3.0383210044532487 0.001273270199179092 -0.016022811397441602 0.0061847794434862335 -0.8497632547477072 0.5268846447741106
1520621235.991564035 2.247678670272428 3.0577780779313075 0.012704514603108048 -0.027210976604803466 0.011530990633087317 -0.851665457931188 0.5232518961017653
1520621236.041565657 2.1412379811721376 3.0707572954948663 0.016191706916252113 -0.05561005212864026 0.01787754776685554 -0.8471604150066707 0.5281166032552086
1520621236.091566563 2.0349693796845947 3.0810280414096654 0.0060845633975454795 -0.07243941686191177 0.021958410472102282 -0.8426857186509702 0.5330582882536793
1520621236.147126913 1.9256346833318854 3.088044917808614 -0.013606468888010727 -0.07097972244817755 0.026287611485189457 -0.8387166515063487 0.5392821329967845
1520621236.197127819 1.8293954552612757 3.0910993770826707 -0.02824822221704709 -0.061061003331104584 0.036967059881314136 -0.8344531060349171 0.5464366424249105
1520621236.247129679 1.736965229071515 3.091921017599565 -0.0327522142399182 -0.04964490408168516 0.038315588786309335 -0.8268898013932953 0.5588564712933327
1520621236.297131300 1.6561012997662297 3.0888943983939527 -0.027438488229167682 -0.04486380299750537 0.024814924412506302 -0.8165143828641738 0.5750441037719979
1520621236.347136259 1.5652274854227142 3.087678862293069 -0.018394302756827473 -0.03692435230535932 0.011867204782188855 -0.8106337287557345 0.5842676779191722
1520621236.397134304 1.4751151712946633 3.088149401432495 -0.011777067607086768 -0.028645271403147588 0.005613828836946014 -0.8084882613360458 0.5877879418921822
1520621236.447135448 1.3842924499488234 3.089353621270961 -0.009343969725385315 -0.026729735299154487 0.004750822638189051 -0.805810886827049 0.5915503069106653
1520621236.497137547 1.303717107810314 3.093704235067309 -0.011823059650172557 -0.033555849340707405 0.011144606900305176 -0.8084519950400416 0.5874990846187236
1520621236.547196150 1.2137421646599718 3.1031741992467383 -0.022273199989013726 -0.04540779579754309 0.021014121803976264 -0.8132868621447309 0.5797077010256064
1520621236.597582340 1.1074699179091696 3.118362467468777 -0.03206682208785611 -0.04817351965172074 0.02751752235700665 -0.8182035062304582 0.5722456818184665
1520621236.647583723 1.0145384347900617 3.1310075983336136 -0.03748451728204727 -0.0346713513604291 0.02030636511083889 -0.8247658697597856 0.5640450416502315
1520621236.697584867 0.9407166571150307 3.1447070572065368 -0.03335714657712213 -0.018484595520855126 0.005222618054443979 -0.8281830020201894 0.5601285202111339
1520621236.747586727 0.8680375159116485 3.155100017907063 -0.02490136840433342 -0.010291305812013091 -0.005065003359645178 -0.8281551075335444 0.5603816133955091
1520621236.797588587 0.8017745958290845 3.1647509658049593 -0.016499398972779748 -0.007848131019018958 -0.008827963435459872 -0.8331789974019789 0.5528772306663785
1520621236.847590208 0.7280118998633083 3.175498355348189 -0.010623652829287506 -0.014985154271413103 -0.00973565497372454 -0.8399670981758977 0.5423430059986545
1520621236.897592306 0.6554383989451236 3.186614862940124 -0.00999902363776556 -0.029421518312582492 -0.008522674160520612 -0.8448567744433813 0.5341149398420358
1520621236.947593451 0.5824030437879132 3.1978467903258396 -0.018084477597881145 -0.04287946775267449 -0.005686024349971342 -0.848272941108814 0.5277897666258237
1520621236.997004032 0.5090373253271543 3.2072705547129665 -0.027454761418293495 -0.04980029073592151 -0.0015668608890746453 -0.8466164341592636 0.5298661051633947
1520621237.047005177 0.437966337430084 3.2135176727794006 -0.034981369769436776 -0.041299654784341305 0.001793146496060103 -0.8445309298787814 0.5339088233195055
1520621237.097007275 0.3677856377834078 3.216824893628463 -0.0375350339838401 -0.021664665765614974 0.0001675237973801422 -0.841776538852687 0.5393912057405388
1520621237.147008181 0.3028619248509863 3.216869927404887 -0.032793911785488655 -0.007125844391236013 -0.0037488061078480594 -0.8360963225661986 0.5485235712216541
1520621237.197010040 0.24329318197953023 3.2143154384335744 -0.01862402877720469 -0.012413901402517363 -0.007559483958209173 -0.8242678248965147 0.5660135175900153
1520621237.247010708 0.19143888701283387 3.212978035411491 -0.0008612487526525308 -0.021569562521300895 -0.004175038713413568 -0.8162885335966965 0.5772264312580776
1520621237.297012568 0.1386623647824659 3.2111483047914966 0.015667676013367594 -0.02909797526688515 0.002982789087690752 -0.8141754726700036 0.5798816349111279
1520621237.347014666 0.08580417691308888 3.206392037801701 0.024944286326908996 -0.0335117786518152 0.010359389948005686 -0.8123131988675595 0.5821657072320987
1520621237.397607565 0.02500286520356034 3.208003750604479 0.022852801182851698 -0.033877753692120254 0.016178630649490995 -0.8102399600051308 0.5848946545541064
1520621237.447609663 -0.03140458212905862 3.2114324738530104 0.01569759749727141 -0.031983818727092286 0.018996155388285287 -0.808848531419054 0.586839189762695
1520621237.497612000 -0.08887812936382618 3.214195456000517 0.0041775501516142 -0.031966547917674164 0.02183155836125718 -0.8089687612718849 0.5865757122145259
1520621237.547613382 -0.1414666203972229 3.2159541864767798 -0.009482478418902587 -0.03211258548801188 0.022000942799232214 -0.8100384714938054 0.5850832548186623
1520621237.597615480 -0.18423969771705673 3.2167891121136174 -0.01920273773354506 -0.02846378513172722 0.018825584100497186 -0.8110486949460978 0.5839823839342086
1520621237.647617340 -0.22685845688105138 3.2198882204259887 -0.021922413581447895 -0.024198567517223782 0.018662975369994995 -0.8130614650623145 0.581375246042671
1520621237.697618484 -0.2616577553294173 3.224067841255339 -0.017238603475295263 -0.023018696241381878 0.024654758824854236 -0.8177634369629548 0.5745652649239865
1520621237.747620344 -0.29618271016522507 3.2296070248815862 -0.009498394955620567 -0.022256259362325 0.0257779215520458 -0.8215852872690669 0.569067459465623
1520621237.797717571 -0.3256978589029143 3.2367763991390093 0.0006204006407760837 -0.018139083634574293 0.0203644729760814 -0.8237609948170757 0.5662809243681851
1520621237.847719908 -0.3490323991485785 3.242478238182521 0.012487897339732984 -0.02013829456726392 0.021108805740614547 -0.8263120759095262 0.5624564166388509
1520621237.897720575 -0.3678077038234429 3.2488125728779065 0.02412354269014098 -0.030046037066807113 0.026812788333821152 -0.8302993973449327 0.5558607926513501
1520621237.947721720 -0.38344885616275354 3.255234014035147 0.03216999561976879 -0.04450245750440664 0.03169542870982759 -0.8340257397185785 0.5490136579010094
1520621237.997724056 -0.3912081958199663 3.263472334977656 0.03591056781684843 -0.05669824721395284 0.03166316470480662 -0.8350392764385802 0.5463443598763277
1520621238.047725201 -0.39572375543323224 3.2678518507499645 0.03613578979650712 -0.060962620615684054 0.030941708313861695 -0.8344202470607801 0.5468720333581839
1520621238.097732306 -0.39575164820116576 3.271856067200135 0.034351084300052626 -0.05890730376483224 0.028766302046864124 -0.8330701330876487 0.5492691351123181
1520621238.147729397 -0.38987942963499067 3.2762452901489585 0.031911627654369654 -0.05245690135005415 0.025734624745411414 -0.8321067162272258 0.551529160969306
1520621238.197207689 -0.38057987175882246 3.279671163271048 0.0282089617678359 -0.04778305896468502 0.019669974896305654 -0.8310576191617519 0.5537807372929802
1520621238.247124910 -0.3676595978525192 3.2816921931401963 0.025416790853677 -0.04540371468347903 0.01316641104057119 -0.8305291760461582 0.5549652566146297
1520621238.297126055 -0.34964834519784077 3.2830020445087853 0.023269523520255606 -0.045291446803858826 0.008436251408171782 -0.8303466223770426 0.5553395368741797
1520621238.347127914 -0.33026634673169086 3.285980704404678 0.020893336270773246 -0.04607196675676101 0.005884264191421505 -0.8294148948410035 0.5566989146118184
1520621238.397129059 -0.3101719488845443 3.2893716266228563 0.018174589504418682 -0.0453837407009064 0.004456010546974805 -0.82686022222096 0.5605556466210139
1520621238.447130919 -0.28585058294083643 3.2925361840938976 0.014708339673759695 -0.04373014468041659 0.00290679670160061 -0.8225734084374732 0.5669675587815615
1520621238.497133255 -0.2584527619528352 3.296496244868686 0.011448741746370892 -0.04112986273813477 0.003112994524982758 -0.8182437591084685 0.5733897403479349
1520621238.547134161 -0.22997020364435414 3.300552161290851 0.008125340292468829 -0.04099428107675489 0.0027343895653790602 -0.8134025280972244 0.5802484979021911
1520621238.597136259 -0.2004206089234836 3.3056096552977365 0.004939253799655486 -0.0395782116567659 8.840103781201193e-05 -0.8089711387224497 0.586514496036894
1520621238.647289276 -0.16851328728809778 3.310683284225902 0.0018743392256047754 -0.03581368619779924 -0.005278809343926577 -0.8053339220456626 0.5917151240718685
1520621238.697291136 -0.1358829997931292 3.3166477166516803 0.00025577625071110665 -0.03330379014044057 -0.00919763988693405 -0.8020669907991449 0.5962338494694815
1520621238.747292519 -0.10155593238535962 3.320726566372027 -0.0005773756753413932 -0.03121803728360279 -0.012807027044483827 -0.7982324787563283 0.6014036282439352
1520621238.797294378 -0.07005542987187456 3.3238515560579267 -0.0001272878263926361 -0.02704148186177323 -0.017664552075611538 -0.7945721985973734 0.6063099397790076
1520621238.847295523 -0.03929841401162845 3.325738570558639 0.0018516129841771312 -0.023185176561670684 -0.01926120912580531 -0.7920549018031109 0.6097052451311868
1520621238.897297621 -0.009990348033299337 3.32614224982781 0.0047710880021554075 -0.023860053401354053 -0.019442784497192236 -0.7891163027813475 0.6134721971429323
1520621238.947299719 0.018223388898092066 3.3251477428054237 0.007748147586246479 -0.026599897829590772 -0.02087113213120748 -0.7849086763244706 0.6186882988303438
1520621238.997300625 0.04738066816411129 3.3240178035535863 0.010433802282301593 -0.02664342731950229 -0.018916092335423948 -0.7814154724089182 0.6231550117838863
1520621239.047758102 0.07623786475957563 3.3213591071611215 0.012191222251378434 -0.025388310690030468 -0.014517670390301681 -0.7795720931228762 0.6256293012245852
1520621239.097759247 0.10745064610702165 3.3200409929042847 0.012053692225512414 -0.02376911686570503 -0.011973184462261978 -0.7782275422936089 0.6274181734321268
1520621239.147761345 0.13829742305073822 3.3161078552324246 0.011091779619353644 -0.022084855463573326 -0.009928433782152133 -0.7776972123195834 0.6281725330768095
1520621239.197763443 0.16901497431759835 3.312057447883038 0.01000346553226072 -0.023470087937451204 -0.007067000038251982 -0.7779867336896619 0.6278024009874119
1520621239.247764349 0.20435360572381778 3.3062834365221017 0.007564970329176263 -0.02450487499861781 -0.004672743830295963 -0.7797022288752656 0.6256533471926301
1520621239.297766447 0.23944303792149885 3.3001775702028042 0.004031880072380246 -0.02535405959298485 -0.0054929244195336185 -0.7823483047876171 0.622300674464859
1520621239.347768307 0.2766352095093073 3.2923766493603734 0.0012900399140632298 -0.027154374968135178 -0.0050336402135472726 -0.7843813846131129 0.6196637361171834
1520621239.397769451 0.3155730247076121 3.2837779786729806 -0.000695833396125192 -0.02943193586050117 -0.005798507245483414 -0.784422822228244 0.6195005846911723
1520621239.447789431 0.35406662668848277 3.274648009933933 -0.002023145695063303 -0.024500718319046405 -0.009880061236025615 -0.7835081247221806 0.6208197143182191
1520621239.497791290 0.39254638327215186 3.266667754152926 -0.0021660889872833385 -0.012581804772389401 -0.016291541397170616 -0.7841071532410405 0.6202840124522034
1520621239.547792196 0.43254637295711745 3.260832613074556 -0.0007036788143474112 -0.003930851199799918 -0.020354236177188824 -0.785921890627264 0.6179781835237834
1520621239.597793102 0.46983275310419187 3.2557034909636764 0.001435587140831391 -0.0025513900776165904 -0.022127236052287846 -0.7866242988481674 0.6170300546124048
1520621239.647794962 0.5073159607810206 3.2503842330075603 0.002156264309953144 -0.00236774236121256 -0.02096558202798747 -0.7859057816950922 0.6179861976327342
1520621239.697796106 0.5436543857354121 3.2458583728598422 0.00024595599430432986 -0.0007114173374999469 -0.01863652709227338 -0.78394440563452 0.6205508380605494
1520621239.747798204 0.5809138721077256 3.2416900040521264 -0.0044102545376823316 0.00409028682303499 -0.018546939271537492 -0.7808029990037851 0.6244885566157786
1520621239.797802210 0.6206280841522854 3.238374472032818 -0.009482019766797564 0.008851115889431212 -0.019992434821360677 -0.7762883507027676 0.6299986959197635
1520621239.847801208 0.6639434744284145 3.2361458385202986 -0.013402908815711713 0.012288843639160843 -0.018388666543858914 -0.7710845423197162 0.6363485443216987
1520621239.897802114 0.7061266590594573 3.235963292280234 -0.016461642409668537 0.01340158827275545 -0.017938653935137914 -0.7648725435003698 0.6437923534230878
1520621239.947804213 0.7503736770012399 3.2364548153064465 -0.01897882931336993 0.009975348452530846 -0.01738543989286782 -0.7596475173989045 0.6500260673331982
1520621239.997805119 0.7988987903910653 3.2366122918772753 -0.022281785977245554 0.003158703130317748 -0.015626127700485583 -0.7547781057413447 0.6557864422364418
1520621240.047807217 0.8382636659314683 3.2408501607538174 -0.02499134795697368 -0.00016365254639131132 -0.014757576983487522 -0.7493424883902967 0.6620181434314761
1520621240.097809076 0.8842496373570518 3.243494742266853 -0.028993210186538602 0.0009004820170868871 -0.01340842341474818 -0.7460670510984723 0.6657352015470547
1520621240.147810221 0.9317332195096357 3.244476413411534 -0.03232686121178609 0.002669352663940889 -0.010787648335999378 -0.7436204358677697 0.6685096473197396
1520621240.197812080 0.9779448567731914 3.243492485374837 -0.0337753479565972 0.004631317745795688 -0.010453878070244367 -0.7399550152599617 0.6725591741407295
1520621240.247813463 1.0259362205751204 3.2416180843500064 -0.03291286207550214 0.009471332306610108 -0.01163331786702865 -0.7352929296153543 0.6775834025693164
1520621240.297815323 1.0743038234953817 3.2389353797960916 -0.029887331489733795 0.016018025258655668 -0.014587841428098698 -0.7289270745783257 0.6842484473464049
1520621240.347816467 1.119618280797947 3.2338123513459225 -0.025049121147429354 0.022777374146773 -0.016249017660112604 -0.7239825169371171 0.6892506625469839
1520621240.397818327 1.167352791773189 3.2294632492044877 -0.020099246448184237 0.024663193978909974 -0.01209800067757201 -0.7229687447041326 0.690334382327358
1520621240.447819710 1.210510504852239 3.2224171467366958 -0.017016990979762402 0.01984809970408444 -0.004829289889197479 -0.7224005330294289 0.6911730613790587
1520621240.497821569 1.2556140480134308 3.214655474292821 -0.016410679955508208 0.015986295706574897 -0.002291831694391285 -0.7208860794000984 0.692865388357812
1520621240.547823429 1.297456385770718 3.206287896056513 -0.017560244262643493 0.01575965288153017 -0.007880710874845426 -0.7184017593610128 0.6954052342944812
1520621240.597824574 1.3426619785130014 3.1957724542458945 -0.018955538846759566 0.015978813907837824 -0.014273020397608301 -0.7139609913850482 0.6998576006412357
1520621240.647826672 1.3851942103404804 3.1851199760917672 -0.01975443396536502 0.013887286650320062 -0.0164254240151758 -0.708571726872677 0.7053108935725337
1520621240.697828054 1.4317359055777819 3.174012913110268 -0.02077562359691974 0.009770254688640121 -0.015112292842295356 -0.7048421282736888 0.7091359072413305
1520621240.747830153 1.4754568552026108 3.1618787194551987 -0.022777168229879245 0.005549273992676238 -0.012382498757111325 -0.7020878014566387 0.7119610932687741
1520621240.797832012 1.5202214307891824 3.1490991897982776 -0.02599296658561896 0.004176210668083352 -0.009351192429407386 -0.7001547196293088 0.7139177004707253
1520621240.847833157 1.5647686099377782 3.1355768143342093 -0.029587981523883512 0.0050275973194235735 -0.009577979344123423 -0.6991546607169028 0.7148886248743296
1520621240.897834778 1.6085267712704727 3.1217706223919266 -0.03298445541695993 0.010106530534767198 -0.012642686722173955 -0.6977486499070565 0.7161597880821534
1520621240.947836876 1.6510873199452705 3.1084575910804926 -0.03525615823334597 0.020692978597624766 -0.016251115664954147 -0.6965726226004304 0.7170036843140773
1520621240.997837543 1.6988775818800201 3.093233895657463 -0.035780153320834604 0.02800113421624012 -0.01932693446671749 -0.6951230259799137 0.7180852211536258
1520621241.047839642 1.7400179606917974 3.080223128866838 -0.03305900241311246 0.02932452321918724 -0.02139878082373042 -0.6924847893895494 0.7205185500605359
1520621241.097840548 1.7792947962234633 3.06821649471903 -0.029489017281440533 0.028365101755403074 -0.02207250303414707 -0.6903397804023605 0.7225920102009389
1520621241.147842646 1.8148940051195679 3.0571557479685625 -0.02634434641536259 0.026940257954522213 -0.02169650329697671 -0.6886592479839457 0.7242595697760675
1520621241.197843552 1.8489757237963291 3.046376118860634 -0.024642183812943776 0.024284724488288636 -0.02261901129993535 -0.6850111666939581 0.7277762939179344
1520621241.247845650 1.8833016150056925 3.03425006900335 -0.024207309736160396 0.025135535738412495 -0.020950437276155566 -0.6798490374839582 0.732621710197846
1520621241.297846317 1.9152803047586822 3.025654621763373 -0.024164036643257124 0.029147061814728065 -0.016297979188391334 -0.6747455535257803 0.737294556238639
1520621241.347848415 1.946255163093912 3.0183060065576193 -0.023954211595421368 0.0325363144741732 -0.011458248609798737 -0.6700714347184037 0.7414946858566512
1520621241.397849321 1.976842904495635 3.0116030939688625 -0.02360593995671355 0.033690294574275456 -0.008722815982468032 -0.6667745199659247 0.7444465165860107
1520621241.447851419 2.0059491250712176 3.007112186426162 -0.023829272792608908 0.03314552190147105 -0.009881603011141955 -0.665470182460892 0.7456226690191738
1520621241.497852087 2.036045866630709 3.003203343317588 -0.025233434768360763 0.031821106314246894 -0.012677432825861253 -0.6659523147878013 0.7452074974922439
1520621241.547854185 2.0663134034910664 2.999231826578724 -0.027287862512038165 0.029797506077232798 -0.015110355968879725 -0.6682520914941863 0.743184316295572
1520621241.597855091 2.101848672463472 2.9969527662308773 -0.028382962346229498 0.0264336994458041 -0.01712712685522841 -0.6704719353617979 0.7412660149713455
1520621241.647857189 2.1323731826461048 2.9943948128656013 -0.03223957841045666 0.025312873002528803 -0.0211871604140977 -0.6718751027104224 0.7399285161769377
1520621241.697859287 2.1649398867311387 2.9901961214548445 -0.03637455129251262 0.029375225504463365 -0.028772100177519334 -0.6723287765714524 0.7391097879015477
1520621241.747860193 2.195364163810526 2.986119912951455 -0.04009779377602351 0.03331275896728266 -0.03479596338619007 -0.6725643062236883 0.7384691970663798
1520621241.797862291 2.224692914715391 2.9810052796666935 -0.042476086963033344 0.03538489546827352 -0.04119261182500648 -0.6711753316631451 0.7393069403641501
1520621241.847863436 2.2531715321894787 2.9750021907946653 -0.04362411021507841 0.03760186797203953 -0.04689400311378611 -0.6698732992101808 0.7400383875193538
1520621241.897159100 2.2780982260020175 2.9683852734607705 -0.043038523009934396 0.039770876151804295 -0.05037756692207052 -0.6690050726844733 0.7404813237912032
1520621241.947160482 2.3005561113224244 2.9607388952320366 -0.04129438218389416 0.041572143769490866 -0.051763926571548484 -0.6663410056017152 0.7426856111585839
1520621241.997162342 2.3199469731372107 2.953041097727083 -0.03782534596174571 0.04350100583019165 -0.051510194809795566 -0.6618193850268013 0.7466253839276865
1520621242.047164202 2.3372791893704474 2.945104308733051 -0.032736394671502377 0.04314627874242272 -0.04699216408277946 -0.6563719660480783 0.7517353106856685
1520621242.097165108 2.3499367103220434 2.935558156274731 -0.027829565657331738 0.03965972427140984 -0.040358796313291624 -0.6496314287602201 0.7581406733567412
1520621242.147167206 2.359476505374941 2.924668629929775 -0.023865723258514736 0.03719673633361638 -0.03482674794597159 -0.640023689470855 0.7666636663816473
1520621242.197167873 2.3664040822768553 2.913385819465598 -0.021250589505455993 0.03785349765596059 -0.03182876625163064 -0.6289912351240581 0.7758376560152397
1520621242.247169971 2.3721591278572602 2.9011749081814817 -0.01827384389490038 0.03807388865085839 -0.02995989446198722 -0.616639342129769 0.7857535908060455
1520621242.296257257 2.3768977230598396 2.888341171174799 -0.014737811096137107 0.036250291453837194 -0.026372732126139567 -0.6035704020017089 0.7960484691255993
1520621242.346259356 2.380895640177154 2.8741966262362433 -0.012215941881711306 0.033837701173268196 -0.02251926343312592 -0.5890214734817468 0.8070945400206408
1520621242.396261215 2.384427395988017 2.8584495725436065 -0.01128814972913763 0.03418518781477332 -0.0195893146201901 -0.5740123670534669 0.8178981808003096
1520621242.446262121 2.3877988326760664 2.841871120563974 -0.0116108725408757 0.036539251548551734 -0.018537501344192544 -0.5574956611654648 0.8291681566014621
1520621242.496263981 2.390364505213543 2.8207793658289453 -0.013760322156825452 0.039876216926725244 -0.01782596659672595 -0.5395542550508841 0.8408170598263279
1520621242.546264887 2.3924455382674625 2.7980539683576082 -0.015360432836183624 0.04353343692115643 -0.016826872861074014 -0.5210567532653501 0.8522450094286977
1520621242.596266747 2.39416294938848 2.773221970548173 -0.016756474419705257 0.04549372891756016 -0.01546502453426828 -0.5028026941586957 0.8630646582916526
1520621242.646268845 2.3947298665047096 2.7447071014741087 -0.017662169600565047 0.044857343875818884 -0.013067652860847337 -0.4853415897991247 0.8730753669416939
1520621242.743098497 2.395843847156442 2.687272176940408 -0.018115197684458392 0.043783522100950996 -0.008451970016296889 -0.45204295163325076 0.8908808771513606
1520621242.793099642 2.395446788507469 2.6545552584558307 -0.017300021441421072 0.04397162257658826 -0.0074306865642614845 -0.4353478657235236 0.8991571148109427
1520621242.843101740 2.3948930968498567 2.621121060341092 -0.01602471234780521 0.04274533723305185 -0.006748022550888475 -0.4192952348387611 0.9068179565811396
1520621242.893102407 2.393223008226322 2.5859705204233596 -0.01397295496741056 0.04085586473516685 -0.0065162236033440325 -0.40421575135491594 0.9137275105321464
1520621242.943104506 2.3909800358958107 2.5508070435766563 -0.01170237958295511 0.03687750742031083 -0.008913215951858513 -0.38955357159906356 0.9202220486829652
1520621242.993105173 2.38796684129044 2.5166843828265084 -0.009146838169482498 0.030352892478617874 -0.010520112611204734 -0.37499930602336445 0.9264683208997618
1520621243.043106794 2.3867951244482537 2.482050314045606 -0.0060241429275853355 0.025156791569547164 -0.010655474729163531 -0.35969571199044487 0.9326696046681856
1520621243.140696764 2.3820993442285925 2.418423351496622 -0.0025908434859194963 0.03141699060508837 -0.010841899501095388 -0.32984024559347236 0.9434515558858154
1520621243.190697432 2.3812383323539508 2.382164467511414 -0.0006450600004316158 0.03451542084917727 -0.01150096172906637 -0.31497595932688083 0.9484021081002624
1520621243.240699530 2.377294222637002 2.345128893865863 -0.00044658122336861574 0.033218163357178435 -0.012235322227742675 -0.29940500383587465 0.9534691889050213
1520621243.290701628 2.3733985847836765 2.3103420959905665 -0.0012486670675569958 0.0337926866591576 -0.013486571571480406 -0.2850815583077919 0.9578124408402746
1520621243.340702295 2.3686838524320017 2.2737538676091535 -0.004447889130074872 0.0367260054697544 -0.01579036678022961 -0.27365430244278177 0.9609969758504634
1520621243.390704155 2.3632634828203947 2.235764790992331 -0.00895043451904356 0.03883673825757995 -0.018082483400747935 -0.26443322598055546 0.9634520229638268
1520621243.440705061 2.3572481716654368 2.200521433452098 -0.014841713503114846 0.04016394184181549 -0.02060120080287059 -0.256722757320707 0.9654304087684729
1520621243.490706921 2.3521488465226814 2.1627799070441127 -0.020268736729040514 0.04163315805151212 -0.024896757147400722 -0.24941158108326533 0.9671818313304623
1520621243.539685726 2.347340209141914 2.12420813089151 -0.02422491663333905 0.04227238809095958 -0.028890203433900453 -0.24281053749777476 0.9687215514432808
1520621243.589687824 2.338923746564004 2.0832137243264657 -0.026757552652301904 0.04146744757780659 -0.030579038806753556 -0.2375001337490156 0.9700201336293163
1520621243.639689684 2.3326830212877363 2.0408947191904243 -0.029732463624042124 0.04228503112861451 -0.032394173386326004 -0.22838974256116532 0.9721114746601408
1520621243.689690828 2.327221018985687 1.998645293088768 -0.03131348680727483 0.04781381070128726 -0.03481363157194087 -0.21464822199013986 0.9748989646929913
1520621243.739692688 2.3201822609797538 1.956009325604633 -0.030792861179357096 0.05778128601922843 -0.035160933616023626 -0.2041994846465015 0.9765897819470143
1520621243.789693832 2.312575621529816 1.914467394256503 -0.028507618258711037 0.06240430926595104 -0.035405488224592524 -0.1964112218383257 0.9778930337846741
1520621243.839695454 2.305804999471962 1.8729046895518298 -0.023790977970995324 0.05710848756504155 -0.03824675753783208 -0.18790761939845502 0.9797788182839439
1520621243.889696598 2.2992822617296222 1.830818757141369 -0.018678513836871358 0.04951160931283607 -0.03967081128834271 -0.17929570455943736 0.9817473593555078
1520621243.939509630 2.292462286340594 1.7878597278688395 -0.015829442607207738 0.04615077336787122 -0.038351290616645946 -0.17167205276470698 0.9833249671014851
1520621243.989510536 2.284941996427513 1.74319841699383 -0.016302764201705656 0.047679743330965314 -0.03515625473501853 -0.1648217340475413 0.9845427750049569
1520621244.039512634 2.277736944817584 1.6977307477475472 -0.01957968988388717 0.05091831849535062 -0.030445048661677722 -0.16002129047577113 0.9853291888744914
1520621244.089514971 2.2707245317830007 1.651981431605976 -0.025155947290018205 0.05335722004058149 -0.0275052711811268 -0.1571422744802646 0.9857498530042818
1520621244.139515877 2.2626314288632736 1.6041419665656118 -0.03131080463291661 0.05272178033512838 -0.025681709518393013 -0.15580057185213295 0.9860461680291931
1520621244.189517736 2.2515077324223767 1.5535749814897346 -0.03782290823444035 0.05011440747217333 -0.02455844156851613 -0.15638572018783573 0.9861181144430777
1520621244.239519596 2.2389845690341557 1.5025472810075453 -0.042707004096166824 0.04897548321651677 -0.022727194057642047 -0.16030297739258637 0.9855900933618635
1520621244.289520502 2.225441039290257 1.4521503687736868 -0.044986467515512274 0.04990223214655235 -0.019230015362107663 -0.16618646121409952 0.9846430997295921
1520621244.339597702 2.2100505004850537 1.4025654374372878 -0.04411692729409741 0.05559692808717627 -0.016181308602732685 -0.1714581215399138 0.9834883117745613
1520621244.389598608 2.1939818101689617 1.3557918275393568 -0.0398283672772764 0.06428030682385476 -0.014920327585084905 -0.1755226951633323 0.9822612735224701
1520621244.439601660 2.174767197727056 1.3103122393135218 -0.03265386293139968 0.06333576222794035 -0.01508392520213826 -0.18508946151326894 0.980562566927899
1520621244.489601374 2.152954656645725 1.266410856548484 -0.02515725644823725 0.052934127749210656 -0.022334225786413874 -0.19528487208211898 0.9790622958800028
1520621244.539603472 2.128980200758426 1.2235317742366731 -0.01857134251969072 0.04267972534241997 -0.03179473548491344 -0.20337310597264827 0.9776537810529748
1520621244.589604616 2.1031469092583053 1.1808202523945928 -0.01537786748890896 0.04005986924786779 -0.04140822749175817 -0.21232344765773625 0.9754995228838234
1520621244.639607430 2.072908045053384 1.1369218588865135 -0.014739457001476698 0.04100866812376093 -0.04950058961142539 -0.22164149836617977 0.973007208076503
1520621244.689607382 2.0440240068460427 1.095256084333865 -0.0158793383734688 0.03826527499836121 -0.05622166411002886 -0.22904641227770714 0.9710368861360055
1520621244.740339756 2.013464417738596 1.052970290277888 -0.018806230191216206 0.03366621767718413 -0.06083385800862677 -0.23344395503369844 0.9698813058128934
1520621244.790280819 1.980980617626723 1.0105117721419088 -0.022195297082700637 0.03135498375048582 -0.0635120089260063 -0.23686073748892533 0.9689582451026423
1520621244.840283155 1.9467498691192293 0.9685315672868215 -0.025109615522233057 0.030417378364981634 -0.06409063870047087 -0.23783285326582237 0.9687118802986805
1520621244.890285015 1.9129837720950982 0.9290106307438784 -0.026480338589089575 0.029456913320610446 -0.061407737110242305 -0.23584236285100604 0.969401753642666
1520621244.940286160 1.8776893165799844 0.88993540122969 -0.025045711498575127 0.0317847148465817 -0.060079809697904316 -0.23032677027162746 0.970736693066161
1520621244.990288019 1.8417325991895128 0.8523610099143172 -0.020880791647970083 0.042863634949348195 -0.05726836630255955 -0.22735077944691892 0.9711820972942424
1520621245.040289164 1.8043524468865704 0.8159230837939203 -0.015094534099956139 0.05017819978321502 -0.05409490480383939 -0.23003214443128234 0.9703819361824111
1520621245.090291500 1.7698768172866635 0.782555452377913 -0.009197380359623758 0.04544747556319316 -0.05360414840035243 -0.23277641223299558 0.969987764947136
1520621245.140293360 1.7337278831807104 0.7480782075057565 -0.002660499946546654 0.03726068442982782 -0.05706900709339328 -0.23449773323087242 0.9697244881587644
1520621245.190295696 1.6951452615338207 0.7136548833074543 0.0036908438408682002 0.030223095857609423 -0.05887362483459155 -0.23648977325776405 0.9693776601098816
1520621245.240297556 1.654938099287795 0.6789320654635143 0.007641040229935077 0.022990563427754303 -0.05680595477518309 -0.23894951615778143 0.9690963038951889
1520621245.290298462 1.6186145865116541 0.6486738935988723 0.007964935705662975 0.019164797477334686 -0.05168936578698973 -0.24086389979009903 0.9689920029495066
1520621245.340299845 1.5781561371099386 0.6143349154643251 0.00515210676273905 0.02007553037490143 -0.04749916008162868 -0.241453074572831 0.9690413900608339
1520621245.390300751 1.5365569036270947 0.577028913830117 0.00027995585165374863 0.022040888363281927 -0.04361342669566019 -0.2451050982803799 0.9682641989916724
1520621245.440302610 1.4931240017960574 0.5389204038811909 -0.004890414325960128 0.022619327683768002 -0.04059813595725167 -0.2519786561727708 0.9666162186748655
1520621245.490303516 1.4491480104991696 0.5010226079834135 -0.00903061908401196 0.02181354725486144 -0.038102133338575275 -0.2605902772581704 0.9644506747313308
1520621245.540305138 1.4058699031745219 0.46402904244791315 -0.011620792137219853 0.022650482336536402 -0.03716197939991698 -0.2694130680049093 0.9620408212363885
1520621245.590059519 1.3623237206238732 0.4287955275652377 -0.011769313901430293 0.029374229364064534 -0.03841269893081418 -0.27944480830249585 0.958943282119907
1520621245.640060425 1.3187332319378227 0.39644046583096815 -0.008907807029174453 0.037969220212140234 -0.04224644276510764 -0.2921357139398794 0.954688588509894
1520621245.690062284 1.2741122262784832 0.3660150698297619 -0.003413846603763761 0.03759156991428923 -0.0428099994340961 -0.30505102959777314 0.9506303420158491
1520621245.740064383 1.2282781959219244 0.3374343118485164 0.0025076344393937344 0.029485995291306435 -0.04282538299729373 -0.3156562533689985 0.9474479892647738
1520621245.790065765 1.1818160418292372 0.31100637631247163 0.007881488448737354 0.02114417687788604 -0.042868782894736154 -0.326979542503267 0.9438217893340007
1520621245.840067625 1.1358818092346943 0.2857719566933073 0.010478635868466535 0.016138706014824502 -0.04447771578968145 -0.33698528573846287 0.9403202604230466
1520621245.890068531 1.0895593025948218 0.26124513302153185 0.010318133271604293 0.015743086870934772 -0.04945958527387499 -0.3454630547159219 0.9369958284147557
1520621245.940070391 1.0424950516963964 0.23700886457083156 0.007363865712374021 0.02005593406023636 -0.05979211594740536 -0.3528010758008559 0.9335705989871694
1520621245.989697695 0.9944059214854657 0.21433250882347354 0.0014691050918131145 0.02857844358054676 -0.07369514743665825 -0.3588929728502001 0.9300258769763068
1520621246.039697647 0.9444454491079733 0.19225007593006077 -0.006636636121486027 0.03966011058578402 -0.08717648461351893 -0.3644796890135645 0.926273119795305
1520621246.089699507 0.8933395825127243 0.17221642366554604 -0.01399272796251952 0.050297540134756104 -0.09559727551507913 -0.3666817025946052 0.9240540283732376
1520621246.139701366 0.8424498846198107 0.15262126605245938 -0.018900513122504358 0.05378036187045176 -0.10169669240381991 -0.36637096766005117 0.9233297187283879
1520621246.189702511 0.7898147268480235 0.1344464430162888 -0.019962145861826788 0.049949107067369505 -0.1026484111555152 -0.36853788445829316 0.9225769442758835
1520621246.239704847 0.7373479494820188 0.11670695795239641 -0.01654511518312967 0.04439995674948148 -0.09836776125668033 -0.3755311833637262 0.9205046212308945
1520621246.289707184 0.6864279145070582 0.09964867126490365 -0.011080140380164482 0.037668697268514226 -0.09543069326868336 -0.38248851539274864 0.9182464743308317
1520621246.339708090 0.6383069455929389 0.08283741577011867 -0.004600237318816736 0.031718304962202085 -0.09566141171943061 -0.38093182090724226 0.9190940056699659
1520621246.389658213 0.5926831743995163 0.06626926265112795 0.002133406733906053 0.030001436492721856 -0.09481855511880219 -0.3756637332488635 0.9214044252851636
1520621246.439572096 0.5478741928502048 0.04836512120295585 0.008185756209362367 0.029381741436720336 -0.09036070084691011 -0.37331307400163993 0.922826639078027
1520621246.489574671 0.5062535738581355 0.03382163781500829 0.012480190305554794 0.02643241273353568 -0.08173168461438328 -0.3719135136354484 0.9242843705605511
1520621246.539575577 0.4649848101673758 0.018474303177245226 0.0140236052861657 0.02012731160939376 -0.07194636147824239 -0.36642319273124385 0.9274441526184002
1520621246.589577675 0.4240364545502159 0.003315771358268612 0.013471125869472706 0.010843430680477481 -0.0651496926484538 -0.3620627202771122 0.9298110152845187
1520621246.639578581 0.382460123105246 -0.012537616647259707 0.010617534671132932 0.005188777607908089 -0.06116935979261407 -0.3587627685536503 0.9314078923378402
1520621246.689580441 0.3402923225413199 -0.0295984048849258 0.006473892626797592 0.005068643908886603 -0.06211252046749841 -0.35706302636133 0.9319991088277862
1520621246.739581108 0.2975615701237649 -0.04708171913481111 0.001709602019420595 0.012133336551627735 -0.0661331061728081 -0.35629487918592984 0.9319512613210763
1520621246.789401770 0.25477678852623065 -0.06514856510422767 -0.002067805092688867 0.021685869873030554 -0.0712553321566734 -0.3539359578354549 0.9322991678845324
1520621246.839402914 0.21242833771160013 -0.08282158019648406 -0.0036279179403855564 0.028192523326342867 -0.07322900848817795 -0.35091188898576525 0.9331149661819673
1520621246.889404774 0.17066136858475336 -0.09933238914881636 -0.0012925973196182357 0.031152170403771367 -0.06933566353253079 -0.3537074171168825 0.9322623939203715
1520621246.939406872 0.12863826915789614 -0.1162688315074605 0.003364797238706992 0.03256420535600779 -0.06251576896494496 -0.35800790619787803 0.931054074831352
1520621246.989407778 0.08912160262470169 -0.1295367811409958 0.008946776667513472 0.02989037527522614 -0.054736858800702726 -0.3607956673753355 0.9305573212638351
1520621247.039410114 0.049436826650734796 -0.1435898616149295 0.014445488191393241 0.024852229032358352 -0.04848970695608721 -0.3633508125716294 0.9300576874769505
1520621247.089411974 0.01138263846813799 -0.1579252724498803 0.018757228226211606 0.021899562962778542 -0.04768542025155529 -0.3645383843583575 0.9297087050075794
1520621247.139413118 -0.024350490961856996 -0.1710949200899172 0.020539740274712805 0.024316136897468858 -0.04942860559452899 -0.36505358998143006 0.9293553759875897
1520621247.189347744 -0.05805656520391298 -0.18374900029285998 0.019274178905387233 0.03061272798112159 -0.050246553267024124 -0.365015453530165 0.9291403895292176
1520621247.239348650 -0.09130748771010905 -0.1972645769355067 0.0168120467610198 0.03618769809427832 -0.053173488600389784 -0.36153017212312116 0.9301392182148477
1520621247.289350510 -0.12528704775738725 -0.2127291896030591 0.013801536069855425 0.040630350720945285 -0.05357483272583827 -0.3552853769569099 0.9323364268434855
1520621247.339351416 -0.15884164525090985 -0.22947340245676215 0.01042637381859301 0.043233344873499426 -0.05093877520728994 -0.3490348469016812 0.9347249834682662
1520621247.389353514 -0.19187208659352997 -0.24718204292207868 0.007279767479894051 0.044836447935826834 -0.04688800749575635 -0.3422332003048201 0.9373727349879004
1520621247.439355850 -0.22390223799208311 -0.26645516838810945 0.00503896582395078 0.0465585290085042 -0.04220965396136183 -0.3334500185364587 0.9406708954927127
1520621247.489356756 -0.25368472053326885 -0.28615524912363277 0.004575879798207148 0.04557674765940511 -0.038147937647211326 -0.32309654946616956 0.9444978108228259
1520621247.539359093 -0.28216364666346627 -0.3077967778495879 0.006079276208366489 0.04033729087869075 -0.03480041020656778 -0.3115140922980682 0.9487469655886827
1520621247.589397430 -0.30829040333633806 -0.3301366130148501 0.009530223669110714 0.03357761364788703 -0.031211363800447183 -0.29775404744495837 0.9535412533611617
1520621247.639397860 -0.33149002065548316 -0.352589357701412 0.01453911848487623 0.028325349885753588 -0.024564323101338638 -0.28137232273644297 0.958865936709779
1520621247.689403772 -0.3520945842985554 -0.37507729312174987 0.022320894396951195 0.026142107832272193 -0.016844584880551454 -0.26365100239276523 0.9641166937127362
1520621247.739401817 -0.36758327440808286 -0.395219756608567 0.032282974035164794 0.027040363976565573 -0.012670300056198925 -0.2468154996021293 0.9686022875095083
1520621247.789404154 -0.379518616699148 -0.4147122630318105 0.04391891767320643 0.027640621278708165 -0.012901927951793892 -0.23160780966859587 0.9723308895694764
1520621247.839404821 -0.3874124810218975 -0.43114333762765145 0.0565645092137595 0.026170752355818155 -0.014555470340898302 -0.21921721565189448 0.9752164079660046
1520621247.889406919 -0.39285080176901277 -0.44791796984104804 0.06936443897903839 0.02305156481686494 -0.014268465457125616 -0.20881739490521084 0.9775788110623072
1520621247.939408064 -0.39575662115123755 -0.4643162387523546 0.08379957679944412 0.01836044661454267 -0.010467879323847639 -0.1994622326730445 0.9796775669778603
1520621247.989412069 -0.3957024739930587 -0.48000157811093513 0.10074039516884031 0.012973009304164507 -0.005170358921672201 -0.1909344001094433 0.9815034504641654
1520621248.039342403 -0.3917950257132734 -0.49382290371123616 0.12147714393650873 0.005557581841929391 -0.0004934837250467894 -0.18197960443953898 0.9832864757159596
1520621248.089344740 -0.38550728522957395 -0.5066443806374686 0.14582852914375222 -0.00464673749004222 0.0038152048479496215 -0.17444376586596919 0.9846487823549906
1520621248.139345646 -0.37433524911428706 -0.5170994137600099 0.17277425970623828 -0.015923749431211814 0.008143497392654747 -0.16885892383897913 0.9854779457168027
1520621248.189347744 -0.3601341028350725 -0.5262739790528829 0.20180318532911162 -0.02820106710946619 0.0107524238504701 -0.16372063978764337 0.9860449468978338
1520621248.239348650 -0.3434052734674336 -0.5337222697953571 0.23150362186864382 -0.0408541314952984 0.012259811095113751 -0.15641065910474705 0.9867706636752512
1520621248.289350986 -0.32445914087971134 -0.5394549491915681 0.25939477466355004 -0.04681768136398848 0.014639846150942094 -0.15070458046024596 0.987361083416132
1520621248.339352131 -0.3033637321528874 -0.542728650012112 0.28419119384458563 -0.044726233736841994 0.013134597504573362 -0.1436004333847431 0.9885372840190826
1520621248.389354467 -0.2812205423909134 -0.5445861921085895 0.3053341710319389 -0.036857966914659014 0.007585498533695878 -0.13434946457783306 0.9902192544353815
1520621248.439165115 -0.259107781571716 -0.5443481763515032 0.32318251125396424 -0.027741417387186915 0.0014479418429620464 -0.12336215808513284 0.9919728298589373
1520621248.489167213 -0.23745860540067648 -0.5430292551307262 0.33842357966940045 -0.021146444514280886 -0.004484321002296646 -0.11265996254976961 0.9933984354667755
1520621248.539169550 -0.2156089938466525 -0.5392985970678053 0.34980108247870306 -0.01938132328224634 -0.011277644903394824 -0.10199359098640946 0.9945322953182361
1520621248.589170933 -0.19494090511477302 -0.5339808876256869 0.35820779294508154 -0.020521484130125757 -0.015204404523413172 -0.08880401851794346 0.9957216182584618
1520621248.639173031 -0.1743945005713413 -0.5266937058992135 0.3639672845711631 -0.020322246963219024 -0.014975896482198598 -0.06971610886638838 0.9972474081026486
1520621248.689174414 -0.15366183657566224 -0.5180905837229498 0.36805317920033864 -0.017495555901706355 -0.018844321058945065 -0.032989352297913145 0.9991248669322979
1520621248.739176512 -0.13330323674594882 -0.5081613889750723 0.37008300862980803 -0.010791875752072012 -0.022991062580412138 0.015761727324205155 0.999553157371299
1520621248.789177895 -0.11443827819527695 -0.49664523732420124 0.36964872461959764 -0.0005485909493723022 -0.025914421194826856 0.06812574985025653 0.9973399741459519
1520621248.839080811 -0.09708128631703869 -0.4848255414779077 0.36865814815839454 0.007858737333303412 -0.028927874776428716 0.12075576151410801 0.9922295421774103
1520621248.889083147 -0.08206464863802623 -0.47262499178142275 0.3682785710032095 0.0115064547513591 -0.02980239302059218 0.17037401088336143 0.9848614700986213
1520621248.939084053 -0.06928865382500236 -0.46099153457081665 0.3688954976658191 0.009862147098391859 -0.030399179970062046 0.2172448453242685 0.9755938217781991
1520621248.989086628 -0.05836809692932623 -0.44768720617890084 0.36855574941920277 0.003973152326200695 -0.03232462408366308 0.2670304958769833 0.9631376054386701
1520621249.039088488 -0.050466381992538466 -0.4341576581910577 0.3686929420785908 -0.004471903369648702 -0.033128723578463526 0.31206855985589804 0.9494712758708291
1520621249.089089632 -0.04608769765748168 -0.4221634210167845 0.36815202989939355 -0.01097355618154309 -0.03345126070281375 0.344909319393207 0.93797556237774
1520621249.139091015 -0.04523300886715823 -0.4134445977309339 0.36722349428707307 -0.01181518211500018 -0.0351171030605306 0.3621922159757976 0.9313667318681543
1520621249.189090967 -0.04869485585619127 -0.40799476746523594 0.3659113103152382 -0.006896638364898336 -0.03756064927588953 0.36045050302185133 0.9319962815787045
1520621249.239156008 -0.05678564711692419 -0.4061963654570781 0.3653044105795599 0.00021976744910845472 -0.037311281358896796 0.3370402299716264 0.9407506063597828
1520621249.289156914 -0.06924231575608485 -0.4075856587356551 0.3648551573778516 0.006967719949894068 -0.0351360002479311 0.29746603702092006 0.9540602020755011
1520621249.339157104 -0.08585014033608804 -0.4103567761258784 0.36487998638160307 0.012910777392409204 -0.033478419416923054 0.24619786579812356 0.9685551704146322
1520621249.389157772 -0.10650171959024253 -0.4121428391695712 0.36503101151972667 0.01606608914645182 -0.030663067356151194 0.1882914519096995 0.981502922164569
1520621249.439160109 -0.12968365736732734 -0.41095583987198386 0.3645560091126097 0.017564610663245106 -0.023704051606237054 0.1296413387212194 0.9911219529827132
1520621249.489161491 -0.154922957955972 -0.40630050007283147 0.3636661123145116 0.018115744793477932 -0.011534287184330754 0.06991291613566103 0.9973218959629508
1520621249.539163589 -0.1817658730016329 -0.39882202547981377 0.3634168364462562 0.015888456116240162 0.0015058543430862433 0.012097285014544577 0.9997994524204425
1520621249.589165688 -0.20860852701350957 -0.38994788029781835 0.3634277171391582 0.012299272459368042 0.010273961069889022 -0.039259145879007425 0.9991005420305584
1520621249.639187574 -0.23641246524995502 -0.3799642265038521 0.3628471856490552 0.008787132737316638 0.021039319313388326 -0.09085978947164912 0.995602647645261
1520621249.689189434 -0.26397532111406014 -0.369212468646285 0.3630300148863421 0.0030349573323501765 0.032299291680175264 -0.141689206304832 0.9893794588567404
1520621249.739190102 -0.29150818502154163 -0.358000073484547 0.3632309457955455 -0.006543474089855451 0.042353671213009 -0.19005074053929102 0.9808384502567602
1520621249.789191723 -0.3184777795443936 -0.34563807342890673 0.3632803043592535 -0.01898085461979198 0.05101486513260138 -0.23504200371107653 0.9704599255945024
1520621249.839192390 -0.3437424838593601 -0.3305246930181025 0.36233706389574094 -0.032451530931833505 0.05858251590792781 -0.27602492363197956 0.9588144911837938
1520621249.889194250 -0.3679373192067208 -0.31640373752278395 0.360984807647343 -0.044199129888734714 0.06340446606694493 -0.3113952714775174 0.9471321425763607
1520621249.939194441 -0.391027831595919 -0.303699766957995 0.3577196887079647 -0.04917718748207122 0.06779039869026537 -0.338178113521605 0.9373481901682729
1520621249.989196062 -0.4120927429330673 -0.2947556528979098 0.35422752955668935 -0.04496274664661717 0.06968350890507614 -0.3497604704354971 0.9331613865357954
1520621250.039220095 -0.43066250596778166 -0.2869144683480093 0.3513534369171862 -0.03421719571914516 0.06965767624399995 -0.3435340084523042 0.9359280830780194
1520621250.089197874 -0.4456947260832149 -0.2831704771973978 0.34959399534097035 -0.02303929825661931 0.06700911148753982 -0.3201010208350741 0.9447297529843318
1520621250.139200211 -0.4581614084919972 -0.2811518075348674 0.3484246529838802 -0.0173456651645349 0.06303801525010333 -0.28343425838816305 0.9567603449690416
1520621250.189201355 -0.46832044157632957 -0.28051087854413265 0.3481818211069605 -0.017093086891579838 0.05922354056387508 -0.23981230489382693 0.9688603908949454
1520621250.239203930 -0.47599881379213366 -0.28162102100718944 0.34704859986812503 -0.018166822934952184 0.05373778576224825 -0.19321542788592005 0.979515194038705
1520621250.289205551 -0.48183325528454835 -0.2834465238935557 0.3454477045332516 -0.017674402115028798 0.04439728480680118 -0.1453498988576121 0.988225633908442
1520621250.339207888 -0.48600743503299204 -0.28527728940016733 0.34332234043019055 -0.015137164953830605 0.03329646722918521 -0.0979800708379524 0.9945160216033757
1520621250.389209986 -0.4879893976256134 -0.2880177088937288 0.3405811814320843 -0.010745913643001008 0.023273154802876703 -0.04653959330868619 0.998587478321334
1520621250.439212084 -0.48860838097503395 -0.2906138399412616 0.33684331943584733 -0.0061651902006418765 0.015895580504290054 0.008530578903075061 0.9998182585719266
1520621250.489245892 -0.4875257801507321 -0.29176246228547215 0.33274937429463675 -0.005213241853431306 0.010488401475644398 0.06632837926412093 0.9977291023359288
1520621250.539247513 -0.48467812208441224 -0.2926611832882626 0.3260578516836632 -0.009472924830169462 0.003183298183984451 0.1251548408242544 0.9920868894033876
1520621250.589249611 -0.4805859853594879 -0.2928120507138129 0.32029070749524846 -0.016220239093180225 -0.002845613825279466 0.18000128170874033 0.9835285175880403
1520621250.639251709 -0.4756945603734679 -0.2919562167403503 0.3142468354050291 -0.02089463121241969 -0.01143093844465997 0.2279950442507316 0.9733709507838615
1520621250.689252615 -0.47072212450240625 -0.29169742418190553 0.3084236592166203 -0.02346038493753743 -0.019270820480352845 0.2645620361276146 0.9638906446566475
1520621250.739253044 -0.4629877699425627 -0.29346691943098335 0.30057251067647617 -0.022241059302304134 -0.026552097883028897 0.28500874472876503 0.9578989178442866
1520621250.789254427 -0.4564280426711546 -0.2968630264234494 0.2953579478547401 -0.01791573763624892 -0.02987190846506258 0.2887244196740509 0.956778399062963
1520621250.839257240 -0.44989523658851305 -0.3019709855357036 0.2919168483371419 -0.013244714099764349 -0.029860866409080977 0.2786927660761699 0.9598245924868397
1520621250.889289379 -0.4442912998342886 -0.3100930667961469 0.28935717203273587 -0.011239751561282462 -0.024013857669595132 0.25315960871606 0.9670611227525365
1520621250.939295530 -0.4390280949820383 -0.3171737301363067 0.28927906929069847 -0.010232280310472365 -0.015544022551833098 0.21732502896994643 0.9759218798581001
1520621250.989294052 -0.4340706596362543 -0.32407714925561537 0.2901654672168441 -0.00899258132239028 -0.007591467304149231 0.17550664926058146 0.984407902838378
1520621251.039297342 -0.4295440713768148 -0.32943467699582885 0.2914716931886918 -0.00536108140920434 0.0014495218917931602 0.1262741442199796 0.9919798375944548
1520621251.089300156 -0.4253480452523306 -0.3330223641591523 0.29206831819033363 0.00017447859303939113 0.007537313456558485 0.07684860195955501 0.9970142681225481
1520621251.139301300 -0.4203076772150763 -0.33547249810620133 0.2921086735207248 0.007943536905637231 0.007646928427328371 0.033156968290195925 0.999389333623718
1520621251.189301968 -0.4127948826553664 -0.3369284484471712 0.2927015674109629 0.01528367931042065 0.0013647965727123742 -0.004237229205083241 0.9998732881549116
1520621251.239304066 -0.40490671381405174 -0.33599045519547244 0.29352629269972375 0.019580693779014575 -0.007636227816619252 -0.040231180484203266 0.9989693371534047
1520621251.289308786 -0.39699479051597214 -0.3358552058975278 0.2913498576666848 0.019474027717759634 -0.017193007714999205 -0.07795298768815337 0.9966185300508167
1520621251.339286089 -0.3867722270111724 -0.3363310274005863 0.29021653395415714 0.013364513637888062 -0.02827831380916595 -0.1114888304355816 0.9932733598720139
1520621251.389288187 -0.37469719192945095 -0.338305265523265 0.2899771378117648 0.003418620428779037 -0.036710822515312366 -0.13469882102289596 0.9902004121185041
1520621251.439288855 -0.3612631852404798 -0.34116177269808196 0.2892295106108803 -0.0034690084346097627 -0.040015751896472156 -0.144601076731534 0.9886744834315903
1520621251.489290953 -0.3464336401329521 -0.34452104591950705 0.28902470516118306 -0.003921244056449771 -0.03747923769909374 -0.14394390948178074 0.9888680809438869
1520621251.539291620 -0.3308733490008862 -0.34914890484168487 0.2895935577588121 0.0015797629730617362 -0.025541823425794544 -0.13399676202736588 0.9906512945387069
1520621251.589293718 -0.3150818299445052 -0.35506186976099124 0.29020659312545394 0.010067261518757527 -0.0020320107029936107 -0.12066035768120409 0.992640720131035
1520621251.639294147 -0.2996297670899182 -0.36030202692040864 0.2932125262975598 0.018047336233568242 0.03285401889225153 -0.10962792491510609 0.9932656367640573
1520621251.689277649 -0.28448442905631904 -0.364121172363906 0.2968297073639697 0.023471366900745284 0.07456294454691526 -0.10103175084605737 0.99180746496348
1520621251.739279509 -0.26999367281977615 -0.366129414951366 0.2997305988795863 0.024861485043380885 0.11773910914940156 -0.09155019731256789 0.9885028933241282
1520621251.789281607 -0.2560749050761283 -0.36570453711737727 0.3021507785155794 0.022795593020778156 0.15809899967043128 -0.07926878887605196 0.9839723199115736
1520621251.839283943 -0.24287550451329223 -0.36544278174773803 0.30428834311327446 0.019479415519383255 0.19471407128043725 -0.06365936669998148 0.9785982157391139
1520621251.889284372 -0.23145100958625975 -0.36291986540305243 0.30507010278740593 0.018798315626299605 0.22550245272952008 -0.04777322587869722 0.9728889895726685
1520621251.939286232 -0.22171581401339321 -0.3587248826465044 0.30486412037311694 0.022595079712532145 0.25150975737507997 -0.03500331970248939 0.9669576370905387
1520621251.989286900 -0.21390245803947033 -0.354306966541558 0.30402995535401334 0.031052836228308362 0.2702210815029243 -0.022728171229751428 0.9620289593905783
1520621252.039288759 -0.208753441461265 -0.3501481433815524 0.30229462810548224 0.041785386732151875 0.2836637391743506 -0.015596382195970412 0.9578860148241375
1520621252.089291334 -0.20561664243423625 -0.34435165534311185 0.30200467195867836 0.051324938130841914 0.2923741512877347 -0.011543442945458856 0.9548559343218258
1520621252.139292479 -0.20358563401895158 -0.3386725199370017 0.3000904704354414 0.057913711820470344 0.29532385115978294 -0.010143250281976037 0.9535863565472439
1520621252.189295292 -0.20258718018528454 -0.3332406819112225 0.29826084599574665 0.06112447402005725 0.2892324260800511 -0.010078796202612721 0.9552522286007636
1520621252.239297152 -0.2014794577232599 -0.32959140112037194 0.29675163174071933 0.05928097002706738 0.26692352978048717 -0.010871959489792374 0.961831272281697
1520621252.289300442 -0.20082706512102283 -0.32682097484007955 0.29659045043332255 0.05128736702143772 0.2322582730767194 -0.009143253970454238 0.9712579994410653
1520621252.339303493 -0.2014474439277076 -0.3251376663039882 0.2950913492972972 0.03832411917332226 0.1902441397838212 -0.011789399670959938 0.9809176516012449
1520621252.389306545 -0.2032828396227839 -0.32217930480983803 0.2924859896718476 0.025949298839510724 0.14076416923812274 -0.019171315355426596 0.9895173284061184
1520621252.439307213 -0.20509870033067165 -0.32146818051805104 0.2885965520348771 0.017628930361374775 0.0863751853361636 -0.025621713835971425 0.9957771216253991
1520621252.489310741 -0.20807753713377825 -0.3198010036701925 0.2842201769368172 0.014426171575998813 0.02969922408140522 -0.03329078862966237 0.9989001777229983
1520621252.539381981 -0.21071507120015143 -0.3182815608388624 0.27854832831722387 0.01402456082450624 -0.027213596234788577 -0.040678607526201095 0.9987031504723408
1520621252.589383602 -0.2132458202846384 -0.31742603224345495 0.27152943562169535 0.013880222494211593 -0.08258056189851323 -0.04989069828203909 0.995238015976564
1520621252.639387846 -0.2155425869353282 -0.31739750629458185 0.26565637177536 0.012738767630245023 -0.13793902468190355 -0.05844995131283814 0.9886324658135573
1520621252.689386368 -0.21776575393249284 -0.31598855266488945 0.2610970666024543 0.008297951425321682 -0.1910439939098587 -0.0642722115748261 0.9794398497163539
1520621252.739387035 -0.21998003998869015 -0.3174943203283015 0.25736880222803843 0.000932655752367659 -0.23376628762163248 -0.07300194343622601 0.9695479200015757
1520621252.789387941 -0.22250939477647566 -0.31873002083380164 0.25519969489175354 -0.008929189061068538 -0.2661768004932681 -0.0825933230808342 0.9603377132261045
1520621252.839389563 -0.2247252178094773 -0.31882110821497395 0.2544465668876807 -0.019790076500145023 -0.2895880843340092 -0.09034056963973008 0.9526729112140464
1520621252.889391661 -0.22680326544901253 -0.31903935539899136 0.25511139043649544 -0.02948508754894545 -0.30458733977257985 -0.09648208619471114 0.9471263849698256
1520621252.939357042 -0.22882661743266325 -0.31914491260265077 0.25552474414466764 -0.035425097229195276 -0.3114853124992472 -0.10162476735443593 0.9441368381986295
1520621252.989303589 -0.2302036247982661 -0.3247618030045094 0.25448118968238465 -0.03827885386976085 -0.3103169318464265 -0.10475771786571375 0.9440677685968341
1520621253.039304972 -0.23178759894860998 -0.3277129531815739 0.2543314372013479 -0.04019203491012585 -0.2953574718158499 -0.10713057668988998 0.9485102022173637
1520621253.089307070 -0.23325861978466209 -0.33204815918444847 0.2543654317373748 -0.041266176757124795 -0.2654667487121883 -0.10932672080188562 0.9570121086500089
1520621253.139309883 -0.23443541486691455 -0.34025123059264956 0.2534388630120189 -0.039211457644278004 -0.22513794796709544 -0.1138912868390134 0.9668526985827417
1520621253.189310789 -0.236297497633927 -0.3457872182876286 0.25257525258122876 -0.03685899886468429 -0.1773720537824116 -0.11705714458406263 0.9764620799813624
1520621253.239312410 -0.2376528974229227 -0.3507599076013833 0.2513356976341695 -0.03449019230021382 -0.12665674689767079 -0.11737395453134103 0.984373836455474
1520621253.289315701 -0.23785379949445815 -0.3556164556837094 0.2503149358049335 -0.03003210761752523 -0.07693547474508926 -0.11534673429577924 0.9898859207631433
1520621253.339292288 -0.23749748774783433 -0.359737594687999 0.24897990866575143 -0.021037114632504593 -0.03400730918827067 -0.10966973515228891 0.9931633762485098
1520621253.389293432 -0.23757402097638813 -0.3618636697065609 0.24765963639831998 -0.006570274357308518 0.009604957071689861 -0.10153519434807379 0.9947638818348903
1520621253.439295053 -0.2378129154958541 -0.36440136740968815 0.2468040255586895 0.009665760880186775 0.051256569317087344 -0.09285605439825298 0.9943123706009287
1520621253.489295959 -0.2383424627550265 -0.36502803615013846 0.2461585256776409 0.024847168057457514 0.09094327770879235 -0.08201721046121022 0.9921618394532555
1520621253.539297819 -0.2390339911225429 -0.3652595711671967 0.24758519822700728 0.038298806460963584 0.13426666798016387 -0.07313890138721788 0.9875000579225508
1520621253.589299202 -0.2390472727407488 -0.36417972124114306 0.25133927051285015 0.04706053285019275 0.17776568417408897 -0.06575981278302566 0.980744775566363
1520621253.639301062 -0.23988480147597 -0.36187475241736566 0.25252006302513064 0.04991675899637965 0.21905974011851156 -0.05967936731152082 0.9726045036641585
1520621253.689302921 -0.24015045838007595 -0.3605351353577319 0.25574422041273653 0.04968995732368699 0.25569330486223873 -0.052461760873217404 0.9640537358653187
1520621253.739331007 -0.23941900188948834 -0.3589641902345723 0.258557870521841 0.048897990674869635 0.28080233393895104 -0.046066078170383634 0.9574115897587612
1520621253.789333105 -0.23864301244570257 -0.356191730617182 0.2603657639837534 0.04874578524011613 0.2875881377632173 -0.03940258955372581 0.9557009717352337
1520621253.839335442 -0.2368984958049798 -0.3521113953139874 0.2594984734894707 0.04814749311745385 0.2770618641744607 -0.036563790760044866 0.9589481902229823
1520621253.889337540 -0.234249221757178 -0.3480383910919512 0.25864291559545954 0.047757887356911735 0.25142477492864895 -0.03658257292811815 0.9660054255050753
1520621253.939339876 -0.23062362689200896 -0.343811874216293 0.2563298655494841 0.04584461466354688 0.21955813821315848 -0.033878071440719845 0.973932631923882
1520621253.989344835 -0.2277705240168949 -0.33937814404871547 0.2524725513310822 0.04127360372724193 0.18270862609439686 -0.031745319562403305 0.9817872897282514
1520621254.039346457 -0.22463333081835693 -0.33846110653323674 0.24726694669090593 0.03791752774546832 0.13128000393492578 -0.02968857067812771 0.9901749393049732
1520621254.089348793 -0.22079156819094783 -0.33773062017763844 0.24200966557295855 0.03617714092573442 0.06951509127965137 -0.02415617415942472 0.9966320011964299
1520621254.139420271 -0.21776026551100924 -0.3366293980265648 0.23772268357026924 0.03205074444323769 0.008171216040426789 -0.021121065129301595 0.9992296440843109
1520621254.189421654 -0.2152494157333038 -0.3360509580364034 0.23377232566322592 0.02421862889059686 -0.05014116449331032 -0.018697645866645456 0.9982733692115402
1520621254.239421606 -0.2139113976429777 -0.33460585946359334 0.23098070128644113 0.013875048094908004 -0.09932956360407384 -0.02400924553307442 0.9946681240310865
1520621254.289423466 -0.21369857216447138 -0.33115341188772124 0.22919609161062987 0.0018496163490751465 -0.13417278215027004 -0.038742096052935264 0.990198613129125
1520621254.339424372 -0.21387557224592812 -0.3278628097237567 0.2269522247333103 -0.009166553393336854 -0.14659008208757482 -0.06409861980139238 0.9870758274175302
1520621254.389429808 -0.21261651138674378 -0.3230484730049219 0.22664033472439163 -0.015312171029955957 -0.1382277971052087 -0.09420502499725202 0.9857910664999241
1520621254.439426899 -0.2106470502220346 -0.31693065377232466 0.22931837591951207 -0.01771413134226845 -0.12160857857558065 -0.1144714019906602 0.9857960546146999
1520621254.489428997 -0.2075738754829391 -0.3115270239969202 0.23500084443607366 -0.020953999319640263 -0.10064072798377642 -0.12281803713010345 0.9870907271061341
1520621254.539343357 -0.2040621800195189 -0.3079740789570627 0.24310502167972547 -0.027482418740158013 -0.0706293391399755 -0.12395593043001474 0.9893892764852823
1520621254.589433908 -0.19947023459327468 -0.30644703177382937 0.25295408789149004 -0.03785481587554584 -0.0315891687203142 -0.11847506627645708 0.9917322199088711
1520621254.639344931 -0.19327387061493878 -0.3061623874367087 0.2632448325389069 -0.04965623891433333 0.01295529526732017 -0.10487414300423083 0.9931605269998136
1520621254.689347029 -0.18440680768616255 -0.3077577669460636 0.2741585267766885 -0.059050794301435 0.060134341717007406 -0.08211197188442852 0.9930531147485933
1520621254.739347935 -0.17215302031318347 -0.3069811749359785 0.2821203520907848 -0.061514007731647315 0.10425101716963767 -0.048373321540184304 0.9914674851123746
1520621254.789350748 -0.15702241369187533 -0.30589141483357146 0.28699389952577875 -0.05706854239421069 0.14607371441571082 -0.007876777755598252 0.9875948601516649
1520621254.839351654 -0.1400217494500717 -0.3039459338208809 0.28967291324211825 -0.04919702981751056 0.18171115171498148 0.03728935655480363 0.9814123564981638
1520621254.889353991 -0.12129166163405189 -0.30191813270658485 0.2904846974741914 -0.03887489743099837 0.2053742432927232 0.09004846468115549 0.9737563537919728
1520621254.939356565 -0.10101736839866046 -0.2995204509590738 0.2881872560426711 -0.0247618510885124 0.2119844016515526 0.14842856440640972 0.9656181571694662
1520621254.989298582 -0.08126979320076111 -0.2964302434778887 0.28249376994923275 -0.0048879729377778675 0.2038340305129318 0.2035824970221792 0.9575917515474052
1520621255.039300442 -0.062473493449413484 -0.294600916225427 0.27477926366386035 0.018533005360959184 0.18270817149617094 0.25240022774163356 0.9500359871166923
1520621255.089301825 -0.04424857360932609 -0.29451056040859697 0.2651981267999381 0.04314085244809291 0.14398796830799082 0.291789011826991 0.9445980650041673
1520621255.139302731 -0.026541503547765917 -0.29625729220260155 0.2546881651104583 0.06078192601989239 0.09345972661038614 0.31935106091377297 0.9410556502484176
1520621255.189303398 -0.010522833208262234 -0.30119955969542916 0.2457974807436135 0.06591871027279693 0.03507463786148725 0.3279957185627799 0.9417235804732418
1520621255.239305496 0.002095167960163858 -0.3083881615012608 0.23829962947588046 0.0591961443671404 -0.023116872818930222 0.3161244299447541 0.9465869064566879
1520621255.289308310 0.010574000072090814 -0.3166832397892492 0.2318924912091359 0.04448257028710022 -0.07581249995138518 0.28835857517118 0.9534794690589942
1520621255.339308977 0.014689115448335729 -0.32476878547329496 0.22555945749401707 0.03100749615829781 -0.12007100298317834 0.24820962837298932 0.9607359001346569
1520621255.389584541 0.015542303904886527 -0.3343770762060625 0.21917678976981939 0.02562825281868798 -0.1524541209204685 0.20032298653650812 0.9674562701936056
1520621255.439586163 0.012121900202667074 -0.34570732763966755 0.21078097323240125 0.03157278773679069 -0.16970440836585696 0.14502714471952 0.9742539197510193
1520621255.489588976 0.0040496809613539565 -0.3550706674238174 0.20260725444955363 0.04234101498628889 -0.17711429592939548 0.08816518236294076 0.979318469776954
1520621255.539592981 -0.007596108766216421 -0.3673706165996137 0.1982124980521708 0.05013406289988899 -0.17677646386401227 0.029720211161153875 0.9825239776256975
1520621255.589596510 -0.023519825794755013 -0.3766560990686587 0.19508721040816804 0.04944658272474639 -0.16450218179774848 -0.028282464248735106 0.9847305062079902
1520621255.639597416 -0.041491115818379554 -0.38693610996979283 0.19374699320165562 0.039997929672908564 -0.14011516140261362 -0.08508792237128827 0.985661175370897
1520621255.689598322 -0.059718910606252576 -0.3963406188520512 0.19539889970089883 0.024883309383547613 -0.10664594531740967 -0.13812684883029316 0.9843416261104131
1520621255.739600182 -0.07714094830107814 -0.4052539177512029 0.20014878025985397 0.006552662258445122 -0.0661616013564458 -0.18429817739546983 0.9806191344920746
1520621255.789427519 -0.09267956294396815 -0.41514304732545887 0.207224032456668 -0.012088684011039047 -0.019870733054482167 -0.223538594834984 0.9744175256562044
1520621255.839428902 -0.10540040239533906 -0.4245478518597814 0.21617307924358323 -0.029409047495573652 0.028827698155649128 -0.2528211417178932 0.9666361994281565
1520621255.889430285 -0.11501060969044492 -0.4350963729599271 0.22745424805996295 -0.04115945060156878 0.0750691223526383 -0.269771676189488 0.9591109264424506
1520621255.939432621 -0.12063370939763847 -0.4472034270581858 0.2393515960035851 -0.046245530532980486 0.11736168987415894 -0.2711240303630078 0.9542428122942943
1520621255.989436388 -0.1208428369029786 -0.46353080464713253 0.25416413841810737 -0.04534942498597572 0.15808831378763577 -0.2575692953079094 0.9521604763966053
1520621256.039440632 -0.11683381663235153 -0.4766158324944485 0.26655550088298113 -0.04023537261946387 0.19296149017709768 -0.22914022967701797 0.9532270103403335
1520621256.089442730 -0.10927233416540859 -0.4882936225360337 0.27719673401863903 -0.030722720931307824 0.221589880348397 -0.18935786674200925 0.9560845347816664
1520621256.139445305 -0.09800911914453665 -0.5015167811684788 0.285131478640401 -0.016678613643199273 0.24050213909178617 -0.14028393439264938 0.9603129503919724
1520621256.189329863 -0.0844297120906146 -0.5112414401840947 0.29112235561788696 -0.0011332032963702059 0.24749215938324423 -0.08594786376276597 0.9650695889979775
1520621256.239331722 -0.0692526305532617 -0.523644334733683 0.29540573182794794 0.01120730236308201 0.24593458048627304 -0.030065059791840515 0.9687552171082727
1520621256.289335012 -0.05195274822935455 -0.5361562800331205 0.29810460905393804 0.017442752911711518 0.2377133427576182 0.027156188708685372 0.9707989794291496
1520621256.339335918 -0.032496342389999815 -0.5454244026286666 0.2994087922610431 0.017048647052107534 0.2184757585386044 0.08567705969425347 0.9719244456267275
1520621256.389337063 -0.012194680581880085 -0.5540015696882311 0.29966600391825987 0.010927689461154843 0.19002427213089076 0.1442631170205415 0.9710610252047412
1520621256.439337492 0.009043749685023413 -0.5611580428407044 0.2981345762004422 0.0009800895363952654 0.1559570723655384 0.19737508696708805 0.9678427072868842
1520621256.489339352 0.02986648046989647 -0.56845704227926 0.2964678837772708 -0.01102790092144545 0.11581841117043919 0.2389604470202607 0.9640344318514246
1520621256.539341211 0.05097895414711467 -0.5757447703266787 0.29341025505315627 -0.023161458942376516 0.06879938138539488 0.2687028057488314 0.9604837292340528
1520621256.589437485 0.07215073485962635 -0.583118287818751 0.28793713440606206 -0.03072779268413297 0.016170782949313792 0.28682777551548183 0.9573526705077955
1520621256.639439106 0.0928460561449302 -0.5898964777721167 0.2803502607274941 -0.031918029172092764 -0.0403114956466721 0.2928936983575305 0.9547614907373181
1520621256.689439058 0.11209230775539952 -0.5964326067607775 0.26988526540530244 -0.02676735756985543 -0.09150151560513937 0.2805887512219372 0.9550816372951602
1520621256.739440918 0.12998510953692075 -0.6029801157112158 0.25912676483404334 -0.01637261112234667 -0.13217433220699218 0.2528341305790389 0.9582989021829326
1520621256.789441586 0.14555920544076087 -0.6078001106023491 0.2463443712035767 -0.002790909534077425 -0.16102140025180983 0.2131177047354257 0.9636623700307192
1520621256.839442968 0.15885208300604403 -0.6139849369429136 0.2334279582919868 0.012055742812365128 -0.17981824138155356 0.16251420918415765 0.9701078243911525
1520621256.889444351 0.16904575685140305 -0.6207528731346481 0.22148416824553704 0.024774658493798323 -0.1902311283590516 0.10341917364360502 0.975962503697059
1520621256.939445019 0.17568549577246267 -0.6280527354623308 0.21295284360010844 0.03134260443199023 -0.19116312874976532 0.03867087297929415 0.9802952937442063
1520621256.989385605 0.1791397293301861 -0.6272171545792308 0.2062651767811004 0.02817426949409919 -0.1848365482542159 -0.026614834129467496 0.9820047411149305
1520621257.039386272 0.18023828370591746 -0.6261595686880895 0.19991039177283554 0.018993716981003682 -0.16817959920521114 -0.08707613572306083 0.9817192102194798
1520621257.089387894 0.18128231829009567 -0.6211603021230068 0.19587576713238292 0.00837402203089904 -0.14592670536669847 -0.1388683698527721 0.9794645722384656
1520621257.139389515 0.18203001282313808 -0.6158108615243832 0.19338428612525882 0.00018158531500287044 -0.11942167757173529 -0.18751219622122706 0.9749756951950228
1520621257.189390659 0.1827541543595464 -0.6098927439556823 0.1929385942250965 -0.003933674916041462 -0.08843530957138702 -0.2324760607974427 0.968565229284415
1520621257.239391565 0.18343882667249703 -0.6027333823241308 0.195168724028835 -0.004687602034609317 -0.051508555252542595 -0.27470175668198515 0.9601374068323723
1520621257.289393902 0.18487021738956355 -0.5974063173058891 0.20080885590364758 -0.00594853591977489 -0.011014893507489933 -0.310380544969102 0.9505299597309457
1520621257.339396238 0.1868567418793575 -0.5898655327954246 0.20838779944475982 -0.006309044850317958 0.03390480420485419 -0.33701927100528745 0.9408659156202716
1520621257.389399052 0.19049940843595048 -0.5841039077211517 0.21612270981864926 -0.0016373922967375602 0.08184321251910665 -0.3532187204790095 0.9319525433272826
1520621257.439524412 0.19555186875269515 -0.5787784280300352 0.22211931629141068 0.008580113084499939 0.12632917656313766 -0.3540815412727412 0.9266032500149441
1520621257.489526749 0.2030455859124807 -0.5763004690490912 0.22943278024564245 0.022575619188618577 0.16229919901292691 -0.338679148861355 0.9265234727434385
1520621257.539528370 0.2127376221039343 -0.5736470199823588 0.2343834864116083 0.039384537804942485 0.18699450946977705 -0.30674920453855675 0.9324091575724743
1520621257.589535236 0.22362678774927724 -0.5738300268546485 0.24028117154543735 0.06157755672649734 0.2054008805925832 -0.26574530420975373 0.9398926087856272
1520621257.639532089 0.23536795139634406 -0.5712525458403666 0.24494298929255118 0.08555460033164432 0.2227192426822678 -0.22183455122931714 0.9454448588796796
1520621257.689533949 0.24931212105052286 -0.5692057292799566 0.2462103271957692 0.10251852093938502 0.23205196165553155 -0.17127012669290426 0.9520023023390318
1520621257.739534855 0.2643773992814888 -0.5681179309447617 0.2479587264371677 0.10724311409912499 0.232631611520836 -0.12008675006117923 0.9591457763339652
1520621257.789536476 0.2830290743724219 -0.5707215904152978 0.24828759638253337 0.10084890235485408 0.21913935972470805 -0.06443929283147488 0.9683258839113233
1520621257.839516163 0.30214867012058033 -0.5728623493149858 0.24839276862840656 0.08567570260284621 0.1940664232027232 -0.006370451790646584 0.9772191743476963
1520621257.889513969 0.3214039873201184 -0.576198618883864 0.24775950025176258 0.06552853495279204 0.15925376012376646 0.048925379198418315 0.9838447836237552
1520621257.939514875 0.33967250687700223 -0.579001317574255 0.24605826695230912 0.04510050596000874 0.11560487117912752 0.09854979083395786 0.9873648752352859
1520621257.989516497 0.35575076561927044 -0.581943824326309 0.24289286703648325 0.027511691061331178 0.06648863119721445 0.13778174874180318 0.9878454122432909
1520621258.039517164 0.3694043411780838 -0.5838329304062049 0.23808863027377752 0.01705227588470886 0.012134758087170995 0.16644583266035906 0.9858284598870725
1520621258.089518785 0.3805982244733597 -0.5871581898581333 0.23031459868475462 0.016540591401342536 -0.04156908056324795 0.1799785696759125 0.982652601296426
1520621258.139520407 0.3894240111219077 -0.5909030589567748 0.2213672209772833 0.02330731634743403 -0.09007088861334772 0.1784662027246729 0.9795375533965599
1520621258.189520597 0.3960239683075029 -0.5949793563189556 0.2123473632170422 0.029417724023171467 -0.1281247271725961 0.16005256109142316 0.9783158127559427
1520621258.239602566 0.399741486072169 -0.5982947900496111 0.2040799873857542 0.03378039770055201 -0.1565681717872691 0.12459167303016663 0.9791946728439288
1520621258.289602757 0.4016356306770678 -0.6003175666105657 0.19579153932661936 0.0358570583725208 -0.1740392951454585 0.07445389460616218 0.9812651082597997
1520621258.339603424 0.4009359889416772 -0.6004366419162364 0.18880213360387174 0.03364514866679674 -0.18203807348811665 0.02016859067460078 0.9825087133059558
1520621258.389602900 0.39789630587649516 -0.5993989478862404 0.1818615860821466 0.029364378389964443 -0.1800591865962137 -0.035440822276812396 0.9825784298062034
1520621258.439605474 0.39283795295743745 -0.5993933846351119 0.17880312971384513 0.02556880978405966 -0.16975145263777902 -0.08890758099049548 0.981135119306209
1520621258.489606857 0.3866430789663826 -0.59783809538025 0.1753736316737819 0.023978297725557585 -0.15600282338656613 -0.13674883039702482 0.9779508769455908
1520621258.539608479 0.37852265788394573 -0.5936669939959162 0.17450376593181227 0.023631707437795545 -0.1303542551574101 -0.18392950584149328 0.9739708658100793
1520621258.589610577 0.37034652332277646 -0.588130369905385 0.17633893686992302 0.019078581532089866 -0.09158746619723238 -0.22789520028950697 0.9691808507431933
1520621258.639556646 0.36226262708940604 -0.5817150257330769 0.1814245639876308 0.005632666235552726 -0.04295580256699173 -0.2667790961566837 0.9627834574558951
1520621258.689559221 0.3553188087659131 -0.575886163462656 0.18877309114271096 -0.013941681334461378 0.008751176168002844 -0.29496523844052636 0.9553661887197853
1520621258.739560843 0.35004766375202584 -0.5699985537848123 0.19730742481668723 -0.03241740427787324 0.059346172509978284 -0.30941554859385606 0.948519457890382
1520621258.789563417 0.34678759910600104 -0.5656669306699983 0.20606814082769803 -0.04535356729121141 0.10798897694397876 -0.309170664606729 0.9437663561174385
1520621258.839564562 0.3465242976688505 -0.5632626381905923 0.2128981834100192 -0.051890859742929875 0.1518791128419238 -0.29414397039388235 0.9421886214757704
1520621258.889566183 0.3491383510483979 -0.5623809333086303 0.22022811616520221 -0.053509786803804166 0.18383107662648274 -0.2658559994146925 0.9448086714027211
1520621258.939567566 0.356004794822095 -0.5629350974727951 0.2261212285279444 -0.0529768759162432 0.1980494166717597 -0.22476098570371808 0.9526029490189623
1520621258.989569664 0.3677308685968653 -0.566278802397257 0.23259440121152553 -0.04976468033088258 0.19440016700841817 -0.17096308712856254 0.9646261838132613
1520621259.039404154 0.38247289008303703 -0.5686356099070495 0.23826911338881684 -0.044892365074452496 0.18265501730872277 -0.11261637057176407 0.9756738047571102
1520621259.089405060 0.40039903329153215 -0.5699164079226551 0.2426463205736581 -0.04307693845058621 0.164306278164188 -0.050776793382296764 0.9841593070145547
1520621259.139406681 0.4189308856505464 -0.5712420407119668 0.2464980297364251 -0.04612183712057241 0.14480636306382938 0.010372470232293901 0.9883300588457937
1520621259.189408302 0.43898301303304255 -0.5735719533327808 0.25004645282918564 -0.054535899434657274 0.12374480083634581 0.06713801558282094 0.9885370740657261
1520621259.239409208 0.45788676819441576 -0.576131046888967 0.25317031878086604 -0.06165797970508037 0.10106810269679765 0.11905012885957188 0.9858045440017391
1520621259.289410591 0.47452487503410706 -0.5791222024687226 0.25510639219245257 -0.06610219590443771 0.07545205356573834 0.1632777640570658 0.9814671971461144
1520621259.339411259 0.4894378137252628 -0.58186975100359 0.2566784048265479 -0.06752904507305289 0.04003770575541844 0.20302037564679404 0.9760223036701564
1520621259.389412403 0.5019518200418772 -0.5853280166655681 0.25620370057831354 -0.06244143056317915 -0.001054843483380623 0.23566118688993112 0.9698266649500199
1520621259.439418793 0.5104332111556793 -0.5884128035046264 0.25397389853052216 -0.05200766074690615 -0.04342473970562967 0.2590740708693044 0.9634781372757452
1520621259.489459038 0.5146775144683947 -0.5928566396059672 0.25064444819528914 -0.040343401100627056 -0.08081484542267757 0.26805501005957355 0.9591599878690232
1520621259.539421558 0.5138429153127848 -0.5972442476506248 0.24485151823963172 -0.03008275911515656 -0.11437042116899843 0.2645833791450185 0.9570841498247942
1520621259.589423656 0.5072972686738045 -0.6025695600561363 0.23682615529922468 -0.02538124846079548 -0.14105375141866272 0.25286133556849943 0.9568284989546497
1520621259.639424086 0.4955524865527334 -0.6073340197770679 0.22525430215823605 -0.025485244904656153 -0.1566713999694174 0.2336795180342482 0.9592697522464962
1520621259.689426422 0.47851453022961543 -0.6119411308985375 0.2119028185210146 -0.028129238630749332 -0.1596744482710553 0.21333975056668314 0.9634308316280593
1520621259.739428997 0.45622653500477983 -0.6173758398884567 0.19575087648865944 -0.03004279760280837 -0.15082993440900092 0.19357415045593923 0.9689565570620979
1520621259.789428949 0.4306018908571157 -0.6196927745013675 0.17880790970894575 -0.028833159839037642 -0.13725054609032158 0.17845833460647342 0.973901206129805
1520621259.839431286 0.4002812800504421 -0.6201346449854966 0.16207443712559683 -0.022486216664904985 -0.12250522735185711 0.1652221620933387 0.9783600955092002
1520621259.889457464 0.3662909200188456 -0.6182699425726343 0.14606300811194878 -0.012934420804505313 -0.1101257929268603 0.1532655823560869 0.9819443323100001
1520621259.939459562 0.3285439812775083 -0.6139868412981998 0.1311687027391099 -0.004485175114907577 -0.09875365861665909 0.1408619033071621 0.9850814800363963
1520621259.989460230 0.2866396025215811 -0.6081095219711491 0.11666810595550449 0.0008320726493196863 -0.09002245963454332 0.12785763548829776 0.9876981773111637
1520621260.039462090 0.2418096250986783 -0.6003157672864008 0.10087958444359658 0.003793124253937721 -0.08146432033747968 0.11456720050870874 0.9900623885836408
1520621260.089463949 0.19366332893828125 -0.5914878468416123 0.08405241445214337 0.00621232209963133 -0.07388907063561359 0.10014383187840833 0.9922061404927128
1520621260.139464617 0.14171520291729442 -0.5818078245861189 0.06570867066888626 0.011913740362857127 -0.06773992853859573 0.08346814924537915 0.9941340115566429
1520621260.189466238 0.08735680681157655 -0.5716548834741738 0.04663915007618747 0.020930443772828936 -0.06504285701711039 0.06611837419610962 0.9954695896250109
1520621260.239466667 0.029902041248259317 -0.5621993952222569 0.028966377454768922 0.031676470183900664 -0.06410086809811791 0.04832512318854864 0.9962692218544984
1520621260.289535284 -0.029827822119005174 -0.5519529684466293 0.012278126873224708 0.042542219154674224 -0.06279974986690327 0.029975886014274766 0.996668348681601
1520621260.339535952 -0.09067070627271416 -0.5413342696770562 -0.0020750370372904585 0.050856908082252565 -0.06262014651607636 0.012035120688051366 0.9966681734763294
1520621260.389537811 -0.15270207592257423 -0.5297894730811227 -0.014442437086333384 0.05529397488865974 -0.06427653631257077 -0.0037097357382291597 0.9963921622942563
1520621260.439539433 -0.21466721325846871 -0.518239686940347 -0.025123718953766538 0.05664492146384795 -0.06798031046698809 -0.015434774834723063 0.9959577290161303
1520621260.489541054 -0.2771160797591211 -0.5058438324391522 -0.03527278652343556 0.056487762087814565 -0.07083072145104113 -0.02556087152822764 0.9955595328656911
1520621260.539541721 -0.33949630460714214 -0.49480683863003083 -0.04406348615012973 0.055318231112580656 -0.07170661705994368 -0.03478671369252711 0.9952828436815677
1520621260.589543819 -0.4026922007091717 -0.48520986568619434 -0.05225677857903097 0.0547478989404795 -0.07092080487667207 -0.045740935820941554 0.9949274716216618
1520621260.639545441 -0.46584065297571287 -0.47656618448054255 -0.05866293761643527 0.05510307801522233 -0.07076651901171233 -0.05693810832538492 0.9943408884283801
1520621260.689800978 -0.5287977981988222 -0.4688844170823537 -0.06240746837694921 0.056637276352501764 -0.06936605048903198 -0.06884548366451697 0.9935999543809985
1520621260.739802361 -0.5905706550588173 -0.4603995482447428 -0.06192321098044352 0.05796061642847969 -0.06563100004330515 -0.08325172498014088 0.9926743116774894
1520621260.789803982 -0.6510997897626333 -0.4511879676128854 -0.05730725231850736 0.05481399690712586 -0.05984892129156321 -0.09954902631529293 0.9917174616406524
1520621260.839805126 -0.7099704085751758 -0.44084588360061117 -0.04850876028543998 0.0484528455495031 -0.05564660117831286 -0.1142332321100091 0.9907101221937519
1520621260.889806747 -0.7672763741363864 -0.427781219111966 -0.03590679777974411 0.04392684543650063 -0.05127332575847438 -0.12939602000902317 0.9892917407526901
1520621260.939807653 -0.8223480495487564 -0.4130054841342384 -0.020197031542905655 0.04405914772397501 -0.04376378551546688 -0.14759599945217822 0.9870962179670763
1520621260.989809275 -0.8738877988113051 -0.3980649977609518 -0.0016791780011674226 0.042637788749019474 -0.039686280254158005 -0.16103008214259468 0.9852290752791107
1520621261.039811134 -0.9234402357431922 -0.3836196275295596 0.018713225107173607 0.03805830999019075 -0.03663759828406797 -0.17108983884951143 0.983838156647278
1520621261.089820623 -0.9722679849105238 -0.3695159624487592 0.04017483054955082 0.03288528104299569 -0.031009003239112733 -0.18301620000679159 0.982070298168066
1520621261.139895439 -1.019136775880445 -0.3570505925228965 0.061811068353835666 0.028253717184908225 -0.022677874274671828 -0.1957715728132017 0.9799800675329386
1520621261.189823151 -1.0627230884219212 -0.3463472077107233 0.08311778923896483 0.022138006431490706 -0.016871318378609577 -0.20678277614801943 0.9779908745872452
1520621261.239823818 -1.1023322630248438 -0.3381722332261093 0.10466603193163314 0.016034149467296994 -0.012882015125457311 -0.2146684729114684 0.9764703817704999
1520621261.289825678 -1.136698168449014 -0.33165057667772174 0.12694227288147147 0.011822413530466609 -0.0061360714829432695 -0.22164832685266328 0.97503569081777
1520621261.339827299 -1.1645152268520123 -0.32626169674871736 0.1508597708030734 0.004061530169046676 0.002839937342199308 -0.22705462374691787 0.9738694145334496
1520621261.389827967 -1.1850270613462692 -0.3232680171164676 0.1769365716702478 -0.006202737013781218 0.011839181878037409 -0.2265639219683133 0.9739045893147504
1520621261.439829588 -1.1989881110062652 -0.32188039590364104 0.2037379503798541 -0.01074197771628092 0.01957011010327465 -0.22282934016830336 0.9746018191371526
1520621261.489589453 -1.2073057986909455 -0.32057073852188744 0.2301240480090388 -0.008586248554823109 0.028811936514715735 -0.2247475147673106 0.9739531319606424
1520621261.539591074 -1.2085086537514915 -0.32118323518124936 0.25662978513886153 -0.006694453894003797 0.03602692713676596 -0.22649648703564676 0.9733224471718785
1520621261.589591980 -1.2028214744042176 -0.3213250573041471 0.2830996236822015 -0.009989934958784795 0.04017241173872092 -0.2255758273971182 0.9733457374585454
1520621261.639593601 -1.190283833838364 -0.3216714426280513 0.3090558767315261 -0.01591187996969799 0.041182567093535155 -0.21922868870350673 0.9746740943991264
1520621261.689595461 -1.1715871800479234 -0.32183174733675984 0.3337872466476143 -0.022155624117429565 0.04087894322991872 -0.21171706233550816 0.9762243214734998
1520621261.739596367 -1.1470948742315061 -0.3208626063950343 0.3560735034484959 -0.02931175234424668 0.04085236879940119 -0.20472230738114608 0.9775278420579779
1520621261.789598227 -1.116694747060056 -0.3197629600262345 0.3747759499821192 -0.03769205668413373 0.041249058032791684 -0.20160847959226352 0.9778710779191822
1520621261.839599133 -1.082695263298678 -0.31726153511069366 0.38822005586280167 -0.044385966631688666 0.04277637672501244 -0.20036818255179845 0.9777794531392752
1520621261.889601231 -1.0444814726891625 -0.3143007046019898 0.3949408813722025 -0.04801572992870778 0.045591469781958716 -0.20037841354134253 0.9774785925784713
1520621261.939464808 -1.0016808715347643 -0.31071266645618173 0.3955799127438937 -0.05107608056588408 0.04794080786833072 -0.2017119004046014 0.9769366520763377
1520621261.989465714 -0.9543000759084664 -0.3049782603048815 0.3900513461702411 -0.05495710476975143 0.04901016702545259 -0.2008279304572903 0.976855087774899
1520621262.039466619 -0.9035242749848909 -0.29766584511731625 0.37843760819258565 -0.05843309754720517 0.04881124342536534 -0.19753888636328049 0.9773338344704247
1520621262.089468241 -0.8503710535851362 -0.2891247568559595 0.3608697714257675 -0.059038206936527116 0.048715849481482734 -0.1932993455021505 0.9781495893570972
1520621262.139470339 -0.7956614987156981 -0.27960201554235137 0.33765907914620064 -0.05627049189465811 0.0475713985281423 -0.1883254897399177 0.9793386052322404
1520621262.189471006 -0.7394485442195329 -0.26948600120850547 0.30974176394128705 -0.0497203377304514 0.04456280153269401 -0.18193767159588872 0.9810406354426886
1520621262.239473820 -0.6823529301361989 -0.25887660232849063 0.27847081443373944 -0.03855407445029949 0.042229760295541825 -0.17243631477817722 0.9833595212506885
1520621262.289474964 -0.6256799046815182 -0.24961482619147038 0.24457460507584797 -0.022193532470350705 0.043261014378463684 -0.16347983389910067 0.9853477942634045
1520621262.339518309 -0.5692363098930451 -0.24016053463082762 0.20959471027373253 -0.002307666514373298 0.04481104093728163 -0.1524316066243603 0.987294915710241
1520621262.389520168 -0.5117466987481529 -0.23116079137978496 0.17364727760844034 0.018627654594859048 0.047370531166878074 -0.1386951528320927 0.9890261360763652
1520621262.439521074 -0.453153252664443 -0.22204220497598168 0.13803996210474326 0.03612840704924144 0.04939222927235437 -0.12436562895810227 0.9903475835409744
1520621262.489522934 -0.39292141834536803 -0.21336921800440242 0.10338306532366003 0.04665797010615884 0.05181163359477833 -0.11036845210436198 0.9914420775970226
1520621262.539524078 -0.33207554107907505 -0.20495210298567804 0.0699695774455401 0.04874696767395768 0.058313957209607824 -0.10011058382753274 0.9920690936335335
1520621262.589525938 -0.2697700397182569 -0.1966042503926605 0.03804812647408355 0.0413161867376569 0.06476522436980149 -0.09333385354367554 0.9926667266552639
1520621262.639528513 -0.20617180516717593 -0.18825584433255033 0.0077859881525813406 0.027729153352913472 0.0667551591898282 -0.08704975437554012 0.9935779702866956
1520621262.689529419 -0.14111563035096583 -0.18053909831955295 -0.021302017802032124 0.014894376415028615 0.060611076333014144 -0.0816698674775079 0.9947032159006862
1520621262.739664078 -0.07437010303858632 -0.17255907285707572 -0.04923387658618913 0.005091185673159654 0.0552954592127603 -0.07508096115601748 0.9956301227317201
1520621262.789665699 -0.005537219430850716 -0.16405145361718912 -0.0761946173249635 -0.0002059690403972364 0.05593029594700709 -0.06396100191515257 0.9963838365840971
1520621262.839667082 0.06570779323424943 -0.15300815278482213 -0.1013953720674425 -0.0006319239495244461 0.05690103448222529 -0.04738038865919846 0.9972547175709313
1520621262.889668703 0.13820616520465645 -0.13947316445730182 -0.12362534668163169 0.003072167516935948 0.05665102751175534 -0.030415555638779356 0.9979259074920315
1520621262.939670801 0.2123267978157824 -0.12348596302428747 -0.14359263058863939 0.007335477381669477 0.055134162612324844 -0.01038301583308817 0.9983980207646801
1520621262.989671707 0.286356241748589 -0.10597376407994671 -0.15939265892366214 0.00859369521962132 0.054044500721107995 0.0115892647686264 0.9984342889176039
1520621263.039673805 0.36009628464039134 -0.08728376722519246 -0.17152008773626715 0.008325584145757738 0.05308454741608349 0.0338472211790761 0.9979815033820598
1520621263.089674711 0.4334705109813339 -0.0681460386184498 -0.17885794901269506 0.00834593226285285 0.04847978441375115 0.05624090437780628 0.9972046011690012
1520621263.139669418 0.5058252102296605 -0.05028757114204072 -0.18063507463950035 0.011441808161406691 0.04220759428087817 0.0792329289193587 0.995896453947838
1520621263.189670563 0.5769638678916101 -0.03450058309555357 -0.17713691615842656 0.02222685459525554 0.0361128685618867 0.10223934587422408 0.9938555950510337
1520621263.239672422 0.6464645170220156 -0.0216479967411264 -0.16783065888668877 0.0402102198454429 0.027737435713575176 0.12456052458655566 0.9910088034900288
1520621263.289674282 0.7143830502696233 -0.01237681228146388 -0.15355279475835537 0.05851704778854877 0.018792282907654754 0.1439644828968643 0.9876724319760423
1520621263.339675188 0.7797353721108876 -0.007474869403806911 -0.13297285395106034 0.07309454713497604 0.008178867386018251 0.15944660394257398 0.9844628351535648
1520621263.389677048 0.8392254248905574 -0.007983319087700298 -0.1053783569701961 0.08299847252425127 -0.0020925129580235528 0.16882030117322408 0.9821438697359687
1520621263.439677715 0.891501157893353 -0.012346875265919313 -0.0722449755396684 0.09010604603680994 -0.01044545372121551 0.1716320358536532 0.9809761654764608
1520621263.489679337 0.9356282473613907 -0.021193696334238517 -0.03509986452393551 0.09677722188203051 -0.022507253276375455 0.17122869567320845 0.9802083077860548
1520621263.539875269 0.9708968600169725 -0.03455434038635282 0.004614859359449106 0.10181273356029542 -0.03572603233765444 0.16807347744902132 0.9798515826780004
1520621263.589875698 0.9976051826365232 -0.052715996034370945 0.044516364125135786 0.10237468475532635 -0.04549534685436401 0.16075797904400013 0.9806153524749333
1520621263.639877796 1.0165673043677925 -0.07653346111789754 0.08386982386685234 0.09789690269184582 -0.05270301386011571 0.15198898148047646 0.9821089238378456
1520621263.689878702 1.029582504234708 -0.1048195112678179 0.12077798526615978 0.09001405882767179 -0.05663517842713227 0.14118170783325998 0.9842548710324879
1520621263.739880800 1.03797589770265 -0.136145907258882 0.1542616253296838 0.0796916977704338 -0.06043808682499974 0.13332168174517842 0.9860130831505417
1520621263.789881945 1.041993688543649 -0.17107451495641648 0.18452417541310676 0.06688460375962894 -0.06258255181316891 0.12835127261325596 0.9874896580759857
1520621263.839884281 1.0426989048621798 -0.2074759772637257 0.21143027390930097 0.053650957903217465 -0.0620774571102008 0.12418477015494171 0.9888610149542567
1520621263.889886618 1.0395687779767726 -0.2457908215188692 0.2354543531741566 0.04263466826489127 -0.058796862350255705 0.11799352127354555 0.9903548570977865
1520621263.939979315 1.0339732987276 -0.28514191055004373 0.2570462705004037 0.035119198873672715 -0.05502933226675027 0.1123576361592444 0.9915211425166153
1520621263.989981651 1.0254165025507624 -0.32541492246061504 0.27722328031159116 0.0321580594931012 -0.052408492199227795 0.10731398994726246 0.9923219823810419
1520621264.039983034 1.0132054280001295 -0.3663228484437184 0.2970082996912254 0.03156772567596896 -0.049420154830388224 0.10342645564923868 0.9929068915381862
1520621264.089985371 0.9979544758093936 -0.4084297846526492 0.3160679343788636 0.030251472303780832 -0.04433242964926592 0.09586431227164727 0.99394643605052
1520621264.139986515 0.9816539983688369 -0.4506127097307584 0.3346252481744633 0.025329283807039898 -0.037983389446028755 0.09076072642738268 0.9948257033502843
1520621264.189989090 0.9634104850359524 -0.49209177519627534 0.35251322634419985 0.01768551422981168 -0.027730280637072117 0.08712693548943316 0.9956541323343345
1520621264.239991188 0.9436137676633064 -0.5322341143451633 0.3701492858258186 0.0068660293253813886 -0.014793310768940708 0.08096393741470219 0.9965835922972567
1520621264.289992571 0.9237942566924745 -0.5711947706198995 0.38681275742273574 -0.0076870851101367935 -0.006923581274156344 0.07288528718521639 0.9972866727560227
1520621264.339994192 0.9038403111580532 -0.6089634763922311 0.4022196333711697 -0.021801547056987988 -0.002644424346012037 0.06748517354158821 0.997478546595295
1520621264.389723301 0.8842098825520289 -0.6450004071690634 0.41353193371030145 -0.030404237401588104 -0.004037556671991525 0.06789295868390907 0.9972210520467835
1520621264.439724922 0.8632284753306562 -0.6785284357907712 0.41879488004340615 -0.03189779716253579 -0.0056319744148618555 0.0695917758200905 0.997049545478345
1520621264.489725828 0.8400969002145099 -0.7102083770628641 0.41653642383690004 -0.03134054683810795 -0.005405353017044284 0.07007534701585925 0.9970346022196303
1520621264.539727449 0.8152179780402982 -0.740028334715713 0.4077163740374181 -0.0331236089138624 -0.0065439238827222175 0.06716244800451704 0.9971706018384111
1520621264.589728594 0.7889491513788127 -0.7686921852748795 0.3937332064107101 -0.03804781628223387 -0.012690279245756716 0.06659688486000265 0.9969735078806066
1520621264.639730215 0.7609825587084288 -0.7968875912211133 0.37673265592094485 -0.0439186302742066 -0.016942150897369567 0.06778026784219808 0.9965891594478882
1520621264.689731121 0.7305989029715269 -0.8227775482779875 0.3573925458217626 -0.0485282353255682 -0.016600591147489754 0.06681368410968686 0.9964463670290695
1520621264.739732981 0.697100814199635 -0.8448721891128075 0.3361701418203404 -0.05043812062236816 -0.0145417753209245 0.062026179872956166 0.9966931753398169
1520621264.789591074 0.6611177599022247 -0.8626978408386645 0.31495930136194356 -0.05004412950642166 -0.012325299560966266 0.055396740298764416 0.9971333277235037
1520621264.839592695 0.6231360336547037 -0.8770513013447415 0.2929114365863508 -0.048135739476383305 -0.00859446479817108 0.04907624188500889 0.997597417920846
1520621264.889594555 0.5837861122256636 -0.8883615639937732 0.26994472252210616 -0.04558083488572978 -0.0032736268943880393 0.04300625288064523 0.9980291243602275
1520621264.939595222 0.5431484728388634 -0.8957627966869086 0.2452040858966047 -0.04256354349196164 0.001300972923057525 0.03828946393970163 0.9983589380508754
1520621264.989597082 0.5017001093187548 -0.8996567798296762 0.2185847357695984 -0.03799918196120405 0.005722864385432074 0.03878725602608988 0.9985083173231316
1520621265.039597750 0.45934428052840254 -0.8995331939072859 0.18970689357317985 -0.03151173565861909 0.011055847595069966 0.039977156664823287 0.9986423812830758
1520621265.089599609 0.4160862797885523 -0.8965775887449141 0.15895309675440517 -0.02425683405716406 0.01911496050692186 0.044281439256847334 0.9985416257841654
1520621265.139600277 0.37182313622244484 -0.8902483154873251 0.12762008152759685 -0.015860569814400975 0.02749484893023676 0.052114260478024865 0.9981365535147456
1520621265.189751625 0.3268955100887505 -0.8793103416950979 0.09627484626124871 -0.007779474774986355 0.03199221143907173 0.062395285242045545 0.9975082989925581
1520621265.239752293 0.2800536875400241 -0.8640380559937181 0.06571250238351403 -0.00010924338750995671 0.03700059388762921 0.06843345781247588 0.9969693104452481
1520621265.289754152 0.23212131563457866 -0.8459441382073304 0.03593109723609033 0.006377443904126405 0.04148177261931377 0.06992491508426421 0.9966690007219386
1520621265.339755774 0.18368232177008656 -0.8249344559379436 0.007325036594050157 0.012844278193857254 0.04539872294135882 0.06875836050900286 0.9965170687615373
1520621265.389756918 0.1346640347452846 -0.7992406174249505 -0.019916347331539325 0.01981160125207763 0.04820003547694858 0.06512354467268609 0.9965155196810105
1520621265.439758539 0.08601578566118877 -0.7694144508243319 -0.046096834358350464 0.025769939132647888 0.04925390010846187 0.06066899019971348 0.9966088687089597
1520621265.489760160 0.037428124659324984 -0.7357984063018762 -0.07094761756995095 0.03108909159537964 0.04907495036447401 0.05576499601719383 0.9967524180305263
1520621265.539761305 -0.01131166112789796 -0.6965860559469893 -0.09412869736361172 0.0366525181639786 0.04825968506040431 0.05154464380142228 0.9968303493601578
1520621265.590115547 -0.06029783811831927 -0.6532909490661986 -0.11618576182925835 0.04240697404959191 0.04561123611671327 0.04666057956320098 0.9969674287591792
1520621265.640117884 -0.109488686536545 -0.6061486894730166 -0.1366800878731525 0.05030221459515141 0.04429766858319313 0.04211924146047567 0.9968617623641259
1520621265.690118790 -0.1597084016301751 -0.5571396552566716 -0.1548889140949588 0.06131062109465749 0.042856090391943984 0.03704556161167328 0.9965099044275378
1520621265.740120173 -0.21073848981476093 -0.5072748540490813 -0.17050078764910642 0.0748769085399185 0.039419348895739656 0.03356655293592751 0.9958478046489536
1520621265.790126085 -0.26249328333008887 -0.45687850754429826 -0.1831008348149339 0.08867242125715204 0.03882084373090974 0.03230613664590917 0.9947796023921232
1520621265.840124130 -0.31386558683987564 -0.40920128064929323 -0.19275127371551276 0.10047157775476698 0.04167564010904775 0.03221125143219586 0.9935446836283414
1520621265.890125036 -0.36517172486136595 -0.36113962147134776 -0.2008322289650737 0.11042128990519648 0.045425086846370234 0.03277105003886348 0.9923052748524633
1520621265.940126181 -0.4163637132342761 -0.31353007056581067 -0.20767068510990536 0.1194891932139401 0.04674650643955718 0.031926642845632534 0.9912203520496266
1520621265.990271330 -0.4681104596368195 -0.26751462889730704 -0.21399747155148455 0.12762601393387996 0.04497053727871355 0.030104294752919484 0.9903448807267307
1520621266.040288210 -0.5192464867870772 -0.22304922571258642 -0.22072714384734116 0.13491299908736204 0.03903339438627576 0.027342928566299243 0.9897106855325738
1520621266.090274096 -0.5715961822386308 -0.18101827168327053 -0.22686030522494832 0.1407663893291737 0.03288681677362418 0.02139635995271771 0.9892651195197876
1520621266.140276194 -0.624496119823418 -0.14045168439764824 -0.23341536336847618 0.144016899325212 0.026092893083352917 0.015130477485902445 0.9891154443695342
1520621266.190276861 -0.6793499196411044 -0.10085056757772756 -0.23916895660351567 0.14427429998778762 0.019828832976878496 0.006115131196201308 0.9893201448046341
1520621266.240278959 -0.7355642955846176 -0.062284777459355144 -0.2439243301440494 0.1402799391301992 0.01107840886772042 -0.004505720587746161 0.9900396487093699
1520621266.290279865 -0.7931238444074122 -0.025314435235277474 -0.24548779911939012 0.12997192009758823 0.004566343326153451 -0.01781629164460652 0.9913470775902898
1520621266.340281963 -0.8506369053858458 0.010137240284114769 -0.24289378527170818 0.11531556180159058 -0.0018009685360517963 -0.03207798305439563 0.9928091864612644
1520621266.390282631 -0.9078540508528479 0.04492557853592065 -0.2361208306876642 0.10489122093283365 -0.00018552242206216463 -0.05072809778618538 0.993189034095547
1520621266.440415382 -0.9629731832346663 0.07817246194605634 -0.2244815877866197 0.1044364277431769 0.010038314049491464 -0.07435680436420954 0.9916971969588454
1520621266.490417242 -1.0141288460877917 0.10947841420986149 -0.20878763660500158 0.1109926203608035 0.018025540927316494 -0.09650749334578443 0.9889600708966129
1520621266.540418386 -1.0599706257673283 0.13634228233053872 -0.18828909581107692 0.1186282118961727 0.020325362988181942 -0.11657500759817896 0.9858623101453874
1520621266.590420246 -1.1002880477698787 0.15770945719116156 -0.16316412600781258 0.12220510357236547 0.020837881916277945 -0.1350507324003929 0.9830528953297621
1520621266.640421152 -1.1351569271539461 0.17401488660946077 -0.1339593325140296 0.11910353395495833 0.02454165744826279 -0.15293533026142092 0.9807256701070705
1520621266.690422773 -1.1633111712450157 0.18363193195695895 -0.0998960503495947 0.11119850400470825 0.030073278195024547 -0.16911382219051221 0.9788416653319553
1520621266.740423679 -1.1841904253276587 0.18728314888440914 -0.06135931568265436 0.10003026620754353 0.03679350955165585 -0.183128098939574 0.9772943685891666
1520621266.790425539 -1.1969457202798195 0.18656773984549294 -0.020186499366039515 0.08676616073372402 0.04373497360679319 -0.19456196816902807 0.9760658410052762
1520621266.840089560 -1.2017139364049385 0.18255012798908213 0.021271369373781716 0.0737217353082607 0.04879242741206907 -0.20164407002317897 0.97546095452092
1520621266.890091419 -1.1975600354145568 0.1738466602899553 0.06322779126548277 0.061448961395072596 0.05384784619733632 -0.2046315424958114 0.9754231729968075
1520621266.940093756 -1.1853413821118661 0.16181122311224755 0.10348853014378862 0.049419416329582556 0.06006339357239158 -0.203165431575387 0.9760501613416178
1520621266.990095615 -1.1661573131278191 0.1490037569358014 0.14009555391566553 0.03878420838553242 0.06751297010664799 -0.19857552416335525 0.9769879964720831
1520621267.040096760 -1.1391010920569205 0.13227105512551693 0.17288974942466664 0.030773604015178577 0.07536155787998847 -0.1921861970891481 0.9779765265783372
1520621267.090098858 -1.1055346874252903 0.11571967277678095 0.20043494918510907 0.02295247371817273 0.08289651587956727 -0.18546070788759467 0.9788798074508829
1520621267.140100002 -1.0636619460246928 0.09767004458797894 0.22289533136702158 0.013410059242017046 0.0888636546111086 -0.1758066720229738 0.9803139473008072
1520621267.190102100 -1.0148927891052193 0.07945935356636316 0.23924313522188553 0.0007429077881406573 0.09026280774817949 -0.16385236503500847 0.9823464134906117
1520621267.239943266 -0.9609974413412444 0.06215916970297932 0.2494162097384269 -0.012816478868663203 0.08886163178248196 -0.14859478334083862 0.9848141645154445
1520621267.289944649 -0.9027076448018642 0.0457528941185134 0.25286607990650894 -0.024486904580103372 0.08297746628631997 -0.1302522787000251 0.9876990814444643
1520621267.339946270 -0.8429531615576159 0.029598712712148485 0.24866128550252828 -0.029097615026814284 0.07242390077633082 -0.11213386950820624 0.9906230881143485
1520621267.389947176 -0.7814346381449001 0.014022422458241271 0.23686592600240383 -0.02523927513344381 0.06071564475242014 -0.09417379489457237 0.9933820442449075
1520621267.439949036 -0.7193282920485189 -0.0011165819620312957 0.21862752039608316 -0.013839770416849563 0.04642870282723642 -0.07169731422774468 0.9962491312122271
1520621267.489949942 -0.6571097369984569 -0.016172639056047856 0.196247348837162 0.004024602635604197 0.030784662741676058 -0.046649853285521056 0.9984287146821982
1520621267.539950371 -0.5949595095914805 -0.029982774932966007 0.17124010933897918 0.024795217570778804 0.014759018001430578 -0.02089379679900604 0.9993652074334853
1520621267.589952469 -0.534296988104616 -0.04296189397618358 0.14480870844594124 0.04514230092628965 0.00461888514593029 0.00278270622054594 0.9989660129920233
1520621267.639892578 -0.47627566514428715 -0.05505299747200097 0.11825723156365718 0.06214287314396008 0.000916745739667183 0.022481597918748316 0.9978136101746068
1520621267.689943314 -0.4206556897277678 -0.06781583674592483 0.09164187103141838 0.07567715177182124 -0.001484669211232108 0.04047068813594597 0.9963096345307723
1520621267.739896059 -0.36817418567466903 -0.08112843089576015 0.06536211864631003 0.08597029077020485 -0.0037176037607613305 0.0560345260942551 0.9947137379229046
1520621267.789896965 -0.3190840473752949 -0.09536898131905507 0.03970864250875695 0.09207365631630449 -0.0054162105029766615 0.06782495871630771 0.993424824257712
1520621267.839898825 -0.2734734211971625 -0.11118053704991625 0.015507412540577317 0.09555021702008293 -0.006552985298630194 0.07625526570624196 0.9924778833118456
1520621267.889899731 -0.23137006955989337 -0.1289187070263431 -0.006885304180314946 0.10129295355160445 -0.008303493688107145 0.08162181660791842 0.9914679362475558
1520621267.939901829 -0.19096503756335356 -0.14803515073224258 -0.02592105149937268 0.11107772474103188 -0.018430483949582296 0.08776927594949298 0.9897568441425609
1520621267.989902735 -0.15216952250895954 -0.1695513582830041 -0.04081155389592348 0.12411925168126756 -0.034137664840325654 0.09523501488549968 0.9870964102564098
1520621268.040002108 -0.11529262259956367 -0.19289254488342286 -0.05016514074611441 0.13561990922422892 -0.04818892474203542 0.10161945064864386 0.9843569245980273
1520621268.090003729 -0.08119657723179122 -0.2167915415083662 -0.05353113603963437 0.1400631298514336 -0.05328778981748463 0.1045455458380812 0.9831647674515221
1520621268.140004396 -0.04918313087097332 -0.24115803679154843 -0.05119183007335185 0.13648487895513242 -0.05390746578720567 0.10630052887792969 0.9834460130120395
1520621268.190006256 -0.019268909657457367 -0.2657079053388887 -0.04380806529681408 0.12812526000532556 -0.05967807770858465 0.1123852510266089 0.9835608776996276
1520621268.240007162 0.00793050934441672 -0.28848834559158215 -0.033202708458580636 0.12115673617575234 -0.06457037413787625 0.11934661183750817 0.9833148520722348
1520621268.290009022 0.03094574389532091 -0.31013817701178736 -0.02168566362511515 0.11651492820605516 -0.06104520789448551 0.12445029086766048 0.983468290897684
1520621268.340009928 0.04864335747276838 -0.3324902675430848 -0.010325771162136031 0.1099567362586845 -0.04989339781869814 0.12065739884985395 0.9853232754320942
1520621268.390012026 0.06206149064363562 -0.3557611361199947 -0.0005802152439044956 0.10020663785952964 -0.04020597257483791 0.1122537587969436 0.9877961343992789
1520621268.440189600 0.0726501460081569 -0.37838395567403016 0.006903658449135008 0.09136712683150165 -0.03655212001182975 0.10715365209324296 0.9893604426599425
1520621268.490190268 0.07968877047091949 -0.4006606163020952 0.011762652662492646 0.08433436484945077 -0.02978755343062091 0.0978168917703772 0.9911772153608254
1520621268.540192366 0.0842446767843085 -0.42294011309102986 0.014631320676125728 0.07739179334209395 -0.02460235226405526 0.08647702040259268 0.9929385477101086
1520621268.590193272 0.08743703928645091 -0.4437990487257771 0.016692098850979456 0.0688921435314481 -0.02208810643561559 0.07692940302882859 0.9944082939433677
1520621268.640195370 0.08947968920921152 -0.46315257962533507 0.01843383542189981 0.058539841303689444 -0.02034174685434596 0.06526026223582868 0.9959419654216624
1520621268.690197468 0.08989694944948753 -0.4823869187591364 0.020509858282027237 0.04515138289233482 -0.014897227603757448 0.048507006771879246 0.9976905810554015
1520621268.740199566 0.08962663282152829 -0.5005822082512169 0.022340658183707066 0.02965332075078353 -0.011198541961680493 0.029689757272781614 0.999056450627024
1520621268.790200949 0.08883515742362487 -0.5193104250596402 0.024516173629674162 0.014603711070692056 -0.008472851024168589 0.009003882044419159 0.9998169195040743
1520621268.840202093 0.08750793540976215 -0.5378770490957199 0.02657036477804428 0.0017063490595352706 -0.007763214595514947 -0.01288446277201032 0.9998853991788798
1520621268.889998913 0.08551585312138 -0.5550693734704624 0.027706879436002342 -0.005813241451961348 -0.006093608654627059 -0.03536767939300272 0.9993388821674755
1520621268.940000057 0.08260384538517997 -0.571969347220853 0.02681208892859752 -0.007780079327134431 -0.003233352002320277 -0.053596482862206994 0.9985271317421945
1520621268.990002394 0.08071537475005058 -0.5861960075712833 0.02459736590550724 -0.005442198505566937 -0.005036420621541693 -0.06299016893749042 0.9979866008920038
1520621269.040003538 0.0783438900141394 -0.5974140619019987 0.021374280978284817 -0.0010433648692512755 -0.005520982144090198 -0.07403704320183864 0.9972396634610176
1520621269.090005875 0.0749613391779726 -0.6062396230527957 0.018262508034676724 0.0011441948921037386 -0.0067056416871573285 -0.08583728399851127 0.9962859458325062
1520621269.140008926 0.07191301737168256 -0.6126749108274943 0.014695367528521259 0.0023396400691339616 -0.005718874924826493 -0.09110863027990573 0.9958217903030947
1520621269.190008640 0.0696321510537407 -0.617048314516125 0.011110063904924557 0.003738235791017317 -0.0038129840204288736 -0.08989888505709887 0.9959365829266045
1520621269.240011692 0.06941778786879062 -0.6205271787825237 0.00752197381601827 0.005957809571865937 -0.0036581099452054388 -0.08285141139220893 0.9965373883437857
1520621269.289898157 0.07084457610879803 -0.6239317710300294 0.00296120710836177 0.010283938232825342 0.0009137430122460068 -0.07575351323229153 0.9970731221535842
1520621269.339978933 0.07196122454297008 -0.6278362550246493 -0.0011416057936438494 0.012326125793267992 0.004005629845084714 -0.07035106530234966 0.9974380928976482
1520621269.389901161 0.07117719452105836 -0.6327389851220622 -0.004295014565531543 0.01326164761482307 0.00317234396735599 -0.06880925330225962 0.9975366417311591
1520621269.439903259 0.06873746488461689 -0.6371007893329306 -0.007937837879092077 0.016640916404546107 0.0051276709558280295 -0.07357262746043604 0.9971378316864493
1520621269.489904165 0.06650593979370188 -0.6414401969084376 -0.011632141036328052 0.01837113953259736 0.009531036325910734 -0.07925891646283953 0.9966391948644026
1520621269.539906263 0.06483036291911838 -0.6448574480490028 -0.014645987211556351 0.01779639875218625 0.010105195141638693 -0.0799243415612107 0.9965908251878549
1520621269.589907169 0.06299444799775898 -0.6476711752118028 -0.01695689931317636 0.016782038814528496 0.0092628827576947 -0.07837868045017894 0.9967393564152736
1520621269.639909267 0.061030839217279524 -0.65058891524789 -0.01801855366570695 0.01538239718702627 0.007352145168693144 -0.07806016175429403 0.9968028586260639
1520621269.690045595 0.059737151645458675 -0.6535851692275579 -0.018283515944757613 0.016158011083222665 0.005165512508022264 -0.07747276915004007 0.9968501422975214
1520621269.740046740 0.058629539407569875 -0.6565456219343674 -0.01741835418924041 0.01755238345085126 0.0045047952386129365 -0.07940207351770753 0.9966779476722363
1520621269.790048599 0.057855903460990385 -0.6593348673487436 -0.014734650495841332 0.016073898706073272 0.003586417001280439 -0.08242827207389951 0.9964609111030855
1520621269.840049744 0.0572544055513971 -0.6619690167282186 -0.010354485022765175 0.011736994160896318 0.001993194743145176 -0.08434301985226977 0.9963656583528874
1520621269.890051603 0.05662678368018121 -0.6644432205261804 -0.00547159195769347 0.007041968398118959 0.0037633778161815646 -0.08594689164342119 0.9962677248035926
1520621269.940052748 0.05600813798688164 -0.6673383138052565 -0.00025260855557864215 0.0021496521857108696 0.007762194465890095 -0.08656813862655946 0.9962133730819351
1520621269.990054607 0.055712073615916395 -0.6702707513052758 0.005821404934337727 -0.002480079124445626 0.009275928593685104 -0.08454289092450398 0.9963735775051389
1520621270.040056705 0.05560005679435579 -0.6728353926179205 0.012010564687307386 -0.004780903406954996 0.009815145297216185 -0.08139206040157101 0.9966223649853514
1520621270.090101242 0.054680166298681714 -0.6757173485053459 0.017728005821934817 -0.004686271771386979 0.008571338428201158 -0.07949451190999697 0.9967874365132345
1520621270.140103340 0.053726727540394065 -0.6789053827200321 0.022934044866120853 -0.0025535370454368234 0.005276082286883409 -0.0794997328393255 0.9968176537776283
1520621270.190104246 0.053046241366356224 -0.6819060966280702 0.02757989639275131 -3.515589391563971e-05 0.0009940803144889777 -0.07899453086269262 0.9968745531219937
1520621270.240106344 0.052398432094069976 -0.684537099949323 0.03169046866935583 0.0019852702062849964 -0.003079029579367507 -0.0790195062547889 0.9968663380365028
1520621270.290108204 0.05184979638168091 -0.6867923752973044 0.03516633884505416 0.0024630835884673755 -0.004377273499947261 -0.07916953472015842 0.996848512798277
1520621270.340109348 0.051656669950528394 -0.688383239623759 0.038437960260820234 0.0010418122186183398 -0.0034000919485172427 -0.07878590603879464 0.99688521656793
1520621270.390111208 0.051792617739663815 -0.6893000639485742 0.041224583224084704 -0.0008385432980067779 -0.0006754572240619361 -0.07663380785467665 0.9970587244973931
1520621270.440112352 0.052334584134711516 -0.6895919755344907 0.04339090033436978 -0.002324851804565221 0.0036506171101398557 -0.0750651506728311 0.9971692390027218
1520621270.490075588 0.05221946672903617 -0.6891776383412092 0.04538265398435946 -0.004965805984550008 0.007307492747795327 -0.0753734413689933 0.9971162347775006
