# timestamp tx ty tz qx qy qz qw
1.520621178710263491e+09 -2.602914981540721540e-02 -4.223376298219894132e-03 1.570063835688964016e-01 0 0 0 1
1.520621178718596458e+09 -2.620437459916746814e-02 -4.260585827777552126e-03 1.568583112112809097e-01 0 0 0 1
1.520621178726929426e+09 -2.637718669477800981e-02 -4.268989287522506615e-03 1.567375727546371778e-01 0 0 0 1
1.520621178735262632e+09 -2.662000714965179204e-02 -4.234097302338923896e-03 1.566345171229954758e-01 0 0 0 1
1.520621178743596315e+09 -2.675358989224935202e-02 -4.286370249012239064e-03 1.565075893123919482e-01 0 0 0 1
1.520621178751929522e+09 -2.697475934616599957e-02 -4.239096572220990566e-03 1.563491435017432263e-01 0 0 0 1
1.520621178760263443e+09 -2.722465732656148552e-02 -4.211384302740039942e-03 1.562652726170445927e-01 0 0 0 1
1.520621178768596649e+09 -2.742631236687803620e-02 -4.146894991745586623e-03 1.561328427545993769e-01 0 0 0 1
1.520621178776929617e+09 -2.760570041619714310e-02 -4.121271109572166580e-03 1.560234553141259806e-01 0 0 0 1
1.520621178785262346e+09 -2.772673325269586764e-02 -4.141046763112221640e-03 1.558669874717875103e-01 0 0 0 1
1.520621178793596506e+09 -2.791845723689539982e-02 -4.143824598624057387e-03 1.557706419503641637e-01 0 0 0 1
1.520621178801929474e+09 -2.806963541255341754e-02 -4.113145397892647992e-03 1.557435475582813478e-01 0 0 0 1
1.520621178810263395e+09 -2.828980826533561421e-02 -4.097118339325134251e-03 1.556881798029909891e-01 0 0 0 1
1.520621178818596363e+09 -2.826903721908469169e-02 -4.437172165772329535e-03 1.556428854992957245e-01 0 0 0 1
1.520621178826929569e+09 -2.840152548785573883e-02 -4.416017731273425007e-03 1.555967797210155990e-01 0 0 0 1
1.520621178835263491e+09 -2.866093813519260403e-02 -4.426604925055310780e-03 1.554920730475120028e-01 0 0 0 1
1.520621178843596458e+09 -2.876575940157266587e-02 -4.409696113783612148e-03 1.554647449221304711e-01 0 0 0 1
1.520621178851929426e+09 -2.901715904635088217e-02 -4.429045836161882299e-03 1.553720430902205685e-01 0 0 0 1
1.520621178860262394e+09 -2.918613532364311425e-02 -4.423137669880117251e-03 1.552793696277763313e-01 0 0 0 1
1.520621178868596554e+09 -2.946548097475154560e-02 -4.498745386294578097e-03 1.551901436520239930e-01 0 0 0 1
1.520621178876929522e+09 -2.957720521986734186e-02 -4.510074157408561213e-03 1.550936859042155724e-01 0 0 0 1
1.520621178885263443e+09 -2.970744863333185659e-02 -4.545411425708745234e-03 1.550012486327616568e-01 0 0 0 1
1.520621178893596411e+09 -2.991381227193912196e-02 -4.539380424309014117e-03 1.548673636094313188e-01 0 0 0 1
1.520621178901929617e+09 -3.003176417355307715e-02 -4.600841819918821685e-03 1.547606805944068409e-01 0 0 0 1
1.520621178910262585e+09 -3.011268165301500543e-02 -4.571377859261871457e-03 1.546280187510065129e-01 0 0 0 1
1.520621178918596506e+09 -3.023948359221817483e-02 -4.638245716343081249e-03 1.545483445866584482e-01 0 0 0 1
1.520621178926929474e+09 -3.034294547353649785e-02 -4.696832772866810224e-03 1.544169850226264629e-01 0 0 0 1
1.520621178935263634e+09 -3.044596724109549513e-02 -4.777781906806777279e-03 1.543364164650904424e-01 0 0 0 1
1.520621178943596363e+09 -3.054019869916174690e-02 -4.863025799583309272e-03 1.542286215959274287e-01 0 0 0 1
1.520621178951929331e+09 -3.062775861309413594e-02 -4.969550947819256770e-03 1.541347122946918891e-01 0 0 0 1
1.520621178960263491e+09 -3.070723773285083391e-02 -5.086478039898145731e-03 1.540333598677805504e-01 0 0 0 1
1.520621178968596458e+09 -3.078458507742831696e-02 -5.177502881316908834e-03 1.539047980757375367e-01 0 0 0 1
1.520621178976929665e+09 -3.083204505992931388e-02 -5.302890040400076721e-03 1.537963203560452907e-01 0 0 0 1
1.520621178985262394e+09 -3.082170713425719244e-02 -5.503289359129692748e-03 1.537135102345985604e-01 0 0 0 1
1.520621178993596554e+09 -3.081457066235421260e-02 -5.659020670341408099e-03 1.536088983135306396e-01 0 0 0 1
1.520621179001929522e+09 -3.077969403481062294e-02 -5.824148210732071895e-03 1.535123566936626993e-01 0 0 0 1
1.520621179010263443e+09 -3.070134734448787261e-02 -6.132677599403946189e-03 1.534727772422042058e-01 0 0 0 1
1.520621179018596411e+09 -3.061655140446550849e-02 -6.328292895089626668e-03 1.534111912187499094e-01 0 0 0 1
1.520621179026929617e+09 -3.073379207379500766e-02 -6.277596160698784011e-03 1.532586517866620923e-01 0 0 0 1
1.520621179035262585e+09 -3.035251138380012925e-02 -6.806146772461940664e-03 1.533185470702438380e-01 0 0 0 1
1.520621179043596268e+09 -3.015009629570980509e-02 -7.064063262965269985e-03 1.532728530656743970e-01 0 0 0 1
1.520621179051929474e+09 -2.988337041055783017e-02 -7.364069229403580330e-03 1.532143026302341671e-01 0 0 0 1
1.520621179060263634e+09 -2.961896815913939163e-02 -7.656591588274697102e-03 1.531883428670173242e-01 0 0 0 1
1.520621179068596601e+09 -2.951266970244786902e-02 -7.623243897839637739e-03 1.529924035404268690e-01 0 0 0 1
1.520621179076929569e+09 -2.918823878750104184e-02 -7.962177417106586219e-03 1.530271628117003679e-01 0 0 0 1
1.520621179085263491e+09 -2.884498840594656999e-02 -8.328106463197704201e-03 1.531093293752974205e-01 0 0 0 1
1.520621179093596458e+09 -2.838516393254142400e-02 -8.907320723562150988e-03 1.531543534960109199e-01 0 0 0 1
1.520621179101929665e+09 -2.792693309417682013e-02 -9.355719609570045669e-03 1.532117047448910974e-01 0 0 0 1
1.520621179110262632e+09 -2.739158670317587418e-02 -9.806166728126841647e-03 1.532415255169672363e-01 0 0 0 1
1.520621179118596554e+09 -2.687402154499513030e-02 -1.034798655088076114e-02 1.533394722720924364e-01 0 0 0 1
1.520621179126929522e+09 -2.633181245349991428e-02 -1.072293424615122781e-02 1.534373912484940927e-01 0 0 0 1
1.520621179135263681e+09 -2.586065464231124267e-02 -1.146472586963609430e-02 1.535234704207673051e-01 0 0 0 1
1.520621179143596411e+09 -2.506018907136831064e-02 -1.222815547981948026e-02 1.537902416577123788e-01 0 0 0 1
1.520621179151929379e+09 -2.427112366797218312e-02 -1.276001539604865176e-02 1.539337820240544996e-01 0 0 0 1
1.520621179160262585e+09 -2.352372218192416709e-02 -1.330762328151791074e-02 1.541266537736838416e-01 0 0 0 1
1.520621179168596506e+09 -2.279160022459736368e-02 -1.397751185738138613e-02 1.542272827160959814e-01 0 0 0 1
1.520621179176929712e+09 -2.189043966440595845e-02 -1.483769989691496871e-02 1.543686173320115707e-01 0 0 0 1
1.520621179185263395e+09 -2.099985085319883149e-02 -1.567104358196602654e-02 1.546093678902378254e-01 0 0 0 1
1.520621179193596601e+09 -1.999263928038097493e-02 -1.624574871670525500e-02 1.548488465280268844e-01 0 0 0 1
1.520621179201929569e+09 -1.899395685213656204e-02 -1.707761882110792051e-02 1.550931266342880921e-01 0 0 0 1
1.520621179210263491e+09 -1.794365824358817862e-02 -1.805110799860421000e-02 1.553187136692835146e-01 0 0 0 1
1.520621179218596458e+09 -1.689056884721301666e-02 -1.885270856031928677e-02 1.555766047881699254e-01 0 0 0 1
1.520621179226929426e+09 -1.590784411569601264e-02 -1.958357688809686525e-02 1.557438634880727868e-01 0 0 0 1
1.520621179235262632e+09 -1.462171758858077375e-02 -2.031227002538904536e-02 1.560687104053766205e-01 0 0 0 1
1.520621179243596315e+09 -1.341244277348557778e-02 -2.160246908115903697e-02 1.563336916036484059e-01 0 0 0 1
1.520621179251929522e+09 -1.223480277384003667e-02 -2.245032527837165226e-02 1.565838400012744547e-01 0 0 0 1
1.520621179260263443e+09 -1.109221657562597940e-02 -2.342295567604402162e-02 1.567945475869572114e-01 0 0 0 1
1.520621179268596649e+09 -9.741836975079964933e-03 -2.462809801401744103e-02 1.570414873894576679e-01 0 0 0 1
1.520621179276929617e+09 -8.313400274139459700e-03 -2.556909940595597508e-02 1.574121817850222538e-01 0 0 0 1
1.520621179285262346e+09 -6.926649871537238212e-03 -2.680484855562348390e-02 1.577155354556041278e-01 0 0 0 1
1.520621179293596506e+09 -5.471329022164961309e-03 -2.789840133041776582e-02 1.579155272402665844e-01 0 0 0 1
1.520621179301929474e+09 -4.078283864970222439e-03 -2.898880410339943481e-02 1.582313426872496986e-01 0 0 0 1
1.520621179310263395e+09 -2.505192439469283716e-03 -3.037023160709750869e-02 1.585107125648272941e-01 0 0 0 1
1.520621179318596363e+09 -9.642714770003446567e-04 -3.151669718511151963e-02 1.587760677653593522e-01 0 0 0 1
1.520621179326929569e+09 6.260150626233862425e-04 -3.286659485289278315e-02 1.590496060910644438e-01 0 0 0 1
1.520621179335263491e+09 2.277693202257013994e-03 -3.404980206789010033e-02 1.593203882948668326e-01 0 0 0 1
1.520621179343596458e+09 3.964811249714206287e-03 -3.534948780980307070e-02 1.596275489616691967e-01 0 0 0 1
1.520621179351929426e+09 5.692361113015909080e-03 -3.670620316033823549e-02 1.599703699236609822e-01 0 0 0 1
1.520621179360262394e+09 7.521262389127536530e-03 -3.805638643580733227e-02 1.602751767026779905e-01 0 0 0 1
1.520621179368596554e+09 9.436796639392619479e-03 -3.946438054739964674e-02 1.606186317441069544e-01 0 0 0 1
1.520621179376929522e+09 1.125980255955261189e-02 -4.099035570567299835e-02 1.609937462926978036e-01 0 0 0 1
1.520621179385263443e+09 1.328965126357428694e-02 -4.225234927954146791e-02 1.612814598970300217e-01 0 0 0 1
1.520621179393596411e+09 1.535616134880124495e-02 -4.370102884397453202e-02 1.616345197563939795e-01 0 0 0 1
1.520621179401929617e+09 1.739951613323220680e-02 -4.513426129913367113e-02 1.620025371152866711e-01 0 0 0 1
1.520621179410262585e+09 1.947655731883823904e-02 -4.654501491058815610e-02 1.624551049159070892e-01 0 0 0 1
1.520621179418596506e+09 2.164488842845602168e-02 -4.801634729198300811e-02 1.627406963789348460e-01 0 0 0 1
1.520621179426929474e+09 2.386820548829104993e-02 -4.954090788706255744e-02 1.631191637334372668e-01 0 0 0 1
1.520621179435263634e+09 2.615928438379810927e-02 -5.102096547971224361e-02 1.635040052609519901e-01 0 0 0 1
1.520621179443596363e+09 2.842801974855302394e-02 -5.250661289716473945e-02 1.638612174440139402e-01 0 0 0 1
1.520621179451929331e+09 3.081768900371850695e-02 -5.407527896397090750e-02 1.642237322705848435e-01 0 0 0 1
1.520621179460263491e+09 3.325024701002987637e-02 -5.570945450883524330e-02 1.646207354202486872e-01 0 0 0 1
1.520621179468596458e+09 3.574066495368277696e-02 -5.726506420250876417e-02 1.651030055364772764e-01 0 0 0 1
1.520621179476929665e+09 3.818640077283064205e-02 -5.891667835953939836e-02 1.652508603364231110e-01 0 0 0 1
1.520621179485262394e+09 4.096803862686793085e-02 -6.056411985377807561e-02 1.657457802064501440e-01 0 0 0 1
1.520621179493596554e+09 4.341828253118529268e-02 -6.220219082196598581e-02 1.659381426537738236e-01 0 0 0 1
1.520621179501929522e+09 4.612833831402674001e-02 -6.398557546990923939e-02 1.663176927229286228e-01 0 0 0 1
1.520621179510263443e+09 4.901724125510653618e-02 -6.580776153248113491e-02 1.666182658743489142e-01 0 0 0 1
1.520621179518596411e+09 5.173299474812720344e-02 -6.748876458724040184e-02 1.668898803098746164e-01 0 0 0 1
1.520621179526929617e+09 5.461874846605674350e-02 -6.933167594526346011e-02 1.671543585711090518e-01 0 0 0 1
1.520621179535262585e+09 5.752910103170372214e-02 -7.115527880232497271e-02 1.674601720896624624e-01 0 0 0 1
1.520621179543596268e+09 6.052679555440376724e-02 -7.304206058529083556e-02 1.677376068743228199e-01 0 0 0 1
1.520621179551929474e+09 6.336369438497990725e-02 -7.453681860749750143e-02 1.679227773560094672e-01 0 0 0 1
1.520621179560263634e+09 6.643556037071995934e-02 -7.651653105446198921e-02 1.682478060223897565e-01 0 0 0 1
1.520621179568596601e+09 6.981925272829636597e-02 -7.888646321401127093e-02 1.686912202845745057e-01 0 0 0 1
1.520621179576929569e+09 7.299751758459760431e-02 -8.097378657270626334e-02 1.690654590704816496e-01 0 0 0 1
1.520621179585263491e+09 7.635208083893763042e-02 -8.285979682587929496e-02 1.695623834535096019e-01 0 0 0 1
1.520621179593596458e+09 7.958431996689929733e-02 -8.497776975702309166e-02 1.698682749283089155e-01 0 0 0 1
1.520621179601929665e+09 8.294930328922323071e-02 -8.700751682654017660e-02 1.702126557667804629e-01 0 0 0 1
1.520621179610262632e+09 8.623371349069663960e-02 -8.905696316930256096e-02 1.704785762949347916e-01 0 0 0 1
1.520621179618596554e+09 8.958003735628328190e-02 -9.097049523518530023e-02 1.707653134901003789e-01 0 0 0 1
1.520621179626929522e+09 9.307918746303533997e-02 -9.311992360369558686e-02 1.710460319182800504e-01 0 0 0 1
1.520621179635263681e+09 9.688960845779170938e-02 -9.562768203104110576e-02 1.719002089795069743e-01 0 0 0 1
1.520621179643596411e+09 1.001634224273454388e-01 -9.755154825615530712e-02 1.723318156152433556e-01 0 0 0 1
1.520621179651929379e+09 1.038509206947939578e-01 -9.985790773031744116e-02 1.727580875637100277e-01 0 0 0 1
1.520621179660262585e+09 1.073897611657211870e-01 -1.020156876399116452e-01 1.732713892306594339e-01 0 0 0 1
1.520621179668596506e+09 1.112800080370268674e-01 -1.042112308026394984e-01 1.739908992946892496e-01 0 0 0 1
1.520621179676929712e+09 1.149390162037748908e-01 -1.063507215070729206e-01 1.744499762221176642e-01 0 0 0 1
1.520621179685263395e+09 1.186439888740313808e-01 -1.083780776253492339e-01 1.751736860454033984e-01 0 0 0 1
1.520621179693596601e+09 1.224522068134974440e-01 -1.106901383388304572e-01 1.756181025395397999e-01 0 0 0 1
1.520621179701929569e+09 1.262837426091927284e-01 -1.128357958239784020e-01 1.763165795803562919e-01 0 0 0 1
1.520621179710263491e+09 1.303251420537221428e-01 -1.150804600227690599e-01 1.771846461639228210e-01 0 0 0 1
1.520621179718596458e+09 1.341366039135118982e-01 -1.171711952657880085e-01 1.777443402616836199e-01 0 0 0 1
1.520621179726929426e+09 1.382093849016758913e-01 -1.193303224992735556e-01 1.787094358314653686e-01 0 0 0 1
1.520621179735262632e+09 1.420400909320134186e-01 -1.215105091047241626e-01 1.792666047698352472e-01 0 0 0 1
1.520621179743596315e+09 1.461891996314363951e-01 -1.235898540690115732e-01 1.802252712001903845e-01 0 0 0 1
1.520621179751929522e+09 1.502259889577017837e-01 -1.259692252127833090e-01 1.809747784643682689e-01 0 0 0 1
1.520621179760263443e+09 1.545142830560658487e-01 -1.282236863738220878e-01 1.821130655451319580e-01 0 0 0 1
1.520621179768596649e+09 1.585374382499425971e-01 -1.303914863863513407e-01 1.828983884392925141e-01 0 0 0 1
1.520621179776929617e+09 1.626282354014471077e-01 -1.324020638486749224e-01 1.838827599816821312e-01 0 0 0 1
1.520621179785262346e+09 1.667857232448568539e-01 -1.347979870010694858e-01 1.848493553715953031e-01 0 0 0 1
1.520621179793596506e+09 1.711347392488937746e-01 -1.370683932087212176e-01 1.858922868617798319e-01 0 0 0 1
1.520621179801929474e+09 1.756057266612712775e-01 -1.393966189639467279e-01 1.871609727379772714e-01 0 0 0 1
1.520621179810263395e+09 1.797272225654404920e-01 -1.416408542715135166e-01 1.880566932094898114e-01 0 0 0 1
1.520621179818596363e+09 1.839379214181373623e-01 -1.439192167357056240e-01 1.890992605257855175e-01 0 0 0 1
1.520621179826929569e+09 1.883924348332131071e-01 -1.460042968586722223e-01 1.903932356891464561e-01 0 0 0 1
1.520621179835263491e+09 1.927576372741804933e-01 -1.483959508947704231e-01 1.914907179911613522e-01 0 0 0 1
1.520621179843596458e+09 1.973015688502903764e-01 -1.507343324801182494e-01 1.927084617197598604e-01 0 0 0 1
1.520621179851929426e+09 2.014379140771024312e-01 -1.528075827648216478e-01 1.937299095836015894e-01 0 0 0 1
1.520621179860262394e+09 2.059103532191606245e-01 -1.552134497839533500e-01 1.950171932301247857e-01 0 0 0 1
1.520621179868596554e+09 2.105033143184593669e-01 -1.575140186667658426e-01 1.963138893669436058e-01 0 0 0 1
1.520621179876929522e+09 2.149636349487480391e-01 -1.597278292070340999e-01 1.976365771131791682e-01 0 0 0 1
1.520621179885263443e+09 2.196348920309425523e-01 -1.620458368067911881e-01 1.990065863228311915e-01 0 0 0 1
1.520621179893596411e+09 2.243825440862025067e-01 -1.643620764722215633e-01 2.003057280746740609e-01 0 0 0 1
1.520621179901929617e+09 2.290752972249813224e-01 -1.666158520776545027e-01 2.017314948169448563e-01 0 0 0 1
1.520621179910262585e+09 2.335715528240228656e-01 -1.686457394406339905e-01 2.029919871117045194e-01 0 0 0 1
1.520621179918596506e+09 2.384743719443784826e-01 -1.709780034304516638e-01 2.043741718021572229e-01 0 0 0 1
1.520621179926929474e+09 2.429849012142146769e-01 -1.730744260943170021e-01 2.057348605795803476e-01 0 0 0 1
1.520621179935263634e+09 2.476350989677309489e-01 -1.751608994753184323e-01 2.070581281065353441e-01 0 0 0 1
1.520621179943596363e+09 2.523908932552674234e-01 -1.772321588496860167e-01 2.084497760612185058e-01 0 0 0 1
1.520621179951929331e+09 2.571254583213914424e-01 -1.793459325074276967e-01 2.097546583173537371e-01 0 0 0 1
1.520621179960263491e+09 2.617688375750963914e-01 -1.814174485358903688e-01 2.110736733152391853e-01 0 0 0 1
1.520621179968596458e+09 2.667950425578470286e-01 -1.838405704362729987e-01 2.126394704373801847e-01 0 0 0 1
1.520621179976929665e+09 2.717341612302297538e-01 -1.860934512984614431e-01 2.140338441200480002e-01 0 0 0 1
1.520621179985262394e+09 2.762662068525429948e-01 -1.878831803134938250e-01 2.152063799347165851e-01 0 0 0 1
1.520621179993596554e+09 2.809692879692816669e-01 -1.898814340029615355e-01 2.165317053285518156e-01 0 0 0 1
1.520621180001929522e+09 2.859850887737094283e-01 -1.920823253992757218e-01 2.178211915063124060e-01 0 0 0 1
1.520621180010263443e+09 2.908651615921120648e-01 -1.942161552326499008e-01 2.192480105447549565e-01 0 0 0 1
1.520621180018596411e+09 2.958337845938373567e-01 -1.965618862316714788e-01 2.207594581925123034e-01 0 0 0 1
1.520621180026929617e+09 3.004926790141393411e-01 -1.985053202983289022e-01 2.220139764286175321e-01 0 0 0 1
1.520621180035262585e+09 3.050616509128830645e-01 -2.003226209497667165e-01 2.230872626980457962e-01 0 0 0 1
1.520621180043596268e+09 3.102728018878988525e-01 -2.026611697356215380e-01 2.244740583671616108e-01 0 0 0 1
1.520621180051929474e+09 3.152463975799222329e-01 -2.051207382269556456e-01 2.259917125653714276e-01 0 0 0 1
1.520621180060263634e+09 3.201247396839747017e-01 -2.071378083541037807e-01 2.273295080266968249e-01 0 0 0 1
1.520621180068596601e+09 3.249563730104511050e-01 -2.093052140517408510e-01 2.287017413150533862e-01 0 0 0 1
1.520621180076929569e+09 3.296479742653262157e-01 -2.113424229912540531e-01 2.300431991034110890e-01 0 0 0 1
1.520621180085263491e+09 3.343645606796423753e-01 -2.131624778888553395e-01 2.313712188400209868e-01 0 0 0 1
1.520621180093596458e+09 3.391173713132031864e-01 -2.153506533366323916e-01 2.326342948367241537e-01 0 0 0 1
1.520621180101929665e+09 3.443357616870232896e-01 -2.176817666475837632e-01 2.341537344669297749e-01 0 0 0 1
1.520621180110262632e+09 3.492019785848073932e-01 -2.200475372283159370e-01 2.357017925221214227e-01 0 0 0 1
1.520621180118596554e+09 3.541649734944140038e-01 -2.220372251597688695e-01 2.370449090278776705e-01 0 0 0 1
1.520621180126929522e+09 3.588092673255218745e-01 -2.239769047252081480e-01 2.383586353299429472e-01 0 0 0 1
1.520621180135263681e+09 3.640563972919780289e-01 -2.264082426163975814e-01 2.400338400326849086e-01 0 0 0 1
1.520621180143596411e+09 3.691131029235967809e-01 -2.284278047785744947e-01 2.415749834529132833e-01 0 0 0 1
1.520621180151929379e+09 3.738263573712642396e-01 -2.305077878261398983e-01 2.428660084645675177e-01 0 0 0 1
1.520621180160262585e+09 3.781593294419894891e-01 -2.316048331933917570e-01 2.442776821188945569e-01 0 0 0 1
1.520621180168596506e+09 3.830491985894668439e-01 -2.337223636360227230e-01 2.456783522552710153e-01 0 0 0 1
1.520621180176929712e+09 3.880475210928255869e-01 -2.355944554528557333e-01 2.470540482569139051e-01 0 0 0 1
1.520621180185263395e+09 3.928838813749043757e-01 -2.377883696259424084e-01 2.487282384399960300e-01 0 0 0 1
1.520621180193596601e+09 3.976636643687359030e-01 -2.397684479569324179e-01 2.503241207461555096e-01 0 0 0 1
1.520621180201929569e+09 4.022872733866780237e-01 -2.415145348337660591e-01 2.517276937755172916e-01 0 0 0 1
1.520621180210263491e+09 4.070473538433931893e-01 -2.433973803008749881e-01 2.532509098844348827e-01 0 0 0 1
1.520621180218596458e+09 4.114576089190215002e-01 -2.450113796496432572e-01 2.545674329554932225e-01 0 0 0 1
1.520621180226929426e+09 4.164039460618949029e-01 -2.470552948440063457e-01 2.561425756433275414e-01 0 0 0 1
1.520621180235262632e+09 4.208161963279027917e-01 -2.487867096561724445e-01 2.575213107625262676e-01 0 0 0 1
1.520621180243596315e+09 4.256063208068344705e-01 -2.507147055127753044e-01 2.589627668328891019e-01 0 0 0 1
1.520621180251929522e+09 4.296441922073986897e-01 -2.517628705279437717e-01 2.601893093760483389e-01 0 0 0 1
1.520621180260263443e+09 4.344897818676574097e-01 -2.536527723992840766e-01 2.617586337458461809e-01 0 0 0 1
1.520621180268596649e+09 4.389430965725648059e-01 -2.553983195383305871e-01 2.631475393431310650e-01 0 0 0 1
1.520621180276929617e+09 4.432926221464211780e-01 -2.569002067247304621e-01 2.644614303948260581e-01 0 0 0 1
1.520621180285262346e+09 4.479347540268800998e-01 -2.586663159138642420e-01 2.660059892115020919e-01 0 0 0 1
1.520621180293596506e+09 4.522666856288478643e-01 -2.601384092550262928e-01 2.674194958037432457e-01 0 0 0 1
1.520621180301929474e+09 4.565764797805842434e-01 -2.616676095535452884e-01 2.687562931378872921e-01 0 0 0 1
1.520621180310263395e+09 4.604736320216096246e-01 -2.628150501993982147e-01 2.698983442171061231e-01 0 0 0 1
1.520621180318596363e+09 4.648977342430966608e-01 -2.644795808934390369e-01 2.715148332151571253e-01 0 0 0 1
1.520621180326929569e+09 4.691064952886405681e-01 -2.661126868256614708e-01 2.728127662095745087e-01 0 0 0 1
1.520621180335263491e+09 4.730287856397018542e-01 -2.671003912053021567e-01 2.740846631312756632e-01 0 0 0 1
1.520621180343596458e+09 4.772665154459699854e-01 -2.683877114483261828e-01 2.753903362612808436e-01 0 0 0 1
1.520621180351929426e+09 4.814478823466145085e-01 -2.700323061131869595e-01 2.768169273047293988e-01 0 0 0 1
1.520621180360262394e+09 4.852470179818739737e-01 -2.712442866938479247e-01 2.781142955186051147e-01 0 0 0 1
1.520621180368596554e+09 4.894944851239312333e-01 -2.726667278559621321e-01 2.794023663134022062e-01 0 0 0 1
1.520621180376929522e+09 4.935096321328424906e-01 -2.741859379149679254e-01 2.806475610129590681e-01 0 0 0 1
1.520621180385263443e+09 4.974753458833762743e-01 -2.754278334193652755e-01 2.818498073344453125e-01 0 0 0 1
1.520621180393596411e+09 5.010197873964283843e-01 -2.760755806249206579e-01 2.829370988572508239e-01 0 0 0 1
1.520621180401929617e+09 5.050440967476074183e-01 -2.773109577615443522e-01 2.841147274867854566e-01 0 0 0 1
1.520621180410262585e+09 5.090678216854312987e-01 -2.787814632814619165e-01 2.854606486477515581e-01 0 0 0 1
1.520621180418596506e+09 5.123406218506824095e-01 -2.795991777041905157e-01 2.864117157632655175e-01 0 0 0 1
1.520621180426929474e+09 5.164166882513970824e-01 -2.809619860341436848e-01 2.877722604397199291e-01 0 0 0 1
1.520621180435263634e+09 5.201402082528087112e-01 -2.819390464123185946e-01 2.889221365693759314e-01 0 0 0 1
1.520621180443596363e+09 5.235732485253746793e-01 -2.827305245720520555e-01 2.899474998068873877e-01 0 0 0 1
1.520621180451929331e+09 5.271758759994490395e-01 -2.836227928723900060e-01 2.909424380423912826e-01 0 0 0 1
1.520621180460263491e+09 5.307733055805722300e-01 -2.844897121189087219e-01 2.921612085893126043e-01 0 0 0 1
1.520621180468596458e+09 5.342209403651315691e-01 -2.852745087604174890e-01 2.930433224279866966e-01 0 0 0 1
1.520621180476929665e+09 5.374545087900938212e-01 -2.858256975516596521e-01 2.939730931019908233e-01 0 0 0 1
1.520621180485262394e+09 5.409768895493133334e-01 -2.865569707018881251e-01 2.949928633465288552e-01 0 0 0 1
1.520621180493596554e+09 5.446915298233151459e-01 -2.878243535403942621e-01 2.960434344539932816e-01 0 0 0 1
1.520621180501929522e+09 5.479460764846980636e-01 -2.880816163620346648e-01 2.968028978362415859e-01 0 0 0 1
1.520621180510263443e+09 5.511111057956147308e-01 -2.885557745810654051e-01 2.975916587129652235e-01 0 0 0 1
1.520621180518596411e+09 5.543261731192680175e-01 -2.891466362361289066e-01 2.983852847914914008e-01 0 0 0 1
1.520621180526929617e+09 5.577915798586091656e-01 -2.900459027827840819e-01 2.993248675552533378e-01 0 0 0 1
1.520621180535262585e+09 5.612875056345193459e-01 -2.907965398949969860e-01 3.001346336718098140e-01 0 0 0 1
1.520621180543596268e+09 5.644137535304983855e-01 -2.908340323114334547e-01 3.007314029532690558e-01 0 0 0 1
1.520621180551929474e+09 5.676068197565570239e-01 -2.914424112264201172e-01 3.015442267078400906e-01 0 0 0 1
1.520621180560263634e+09 5.705689394151988170e-01 -2.916163358320555954e-01 3.019613526158746453e-01 0 0 0 1
1.520621180568596601e+09 5.737102455257016009e-01 -2.920165048797145335e-01 3.025160672740030421e-01 0 0 0 1
1.520621180576929569e+09 5.767857357806939200e-01 -2.922768643831633595e-01 3.030516395865225920e-01 0 0 0 1
1.520621180585263491e+09 5.799413330477204420e-01 -2.928489440250082732e-01 3.035721435014526737e-01 0 0 0 1
1.520621180593596458e+09 5.829813473220039066e-01 -2.930899118628615962e-01 3.039823932678762386e-01 0 0 0 1
1.520621180601929665e+09 5.857684658392200427e-01 -2.932163218398472493e-01 3.042723356783498811e-01 0 0 0 1
1.520621180610262632e+09 5.888676352292633309e-01 -2.936352682239937728e-01 3.046794478857499655e-01 0 0 0 1
1.520621180618596554e+09 5.918053007077400673e-01 -2.940521937724186463e-01 3.050939821138458630e-01 0 0 0 1
1.520621180626929522e+09 5.948564633543188540e-01 -2.943086541773916043e-01 3.053327497355542430e-01 0 0 0 1
1.520621180635263681e+09 5.973921041641107044e-01 -2.940026721988879821e-01 3.052918768406052141e-01 0 0 0 1
1.520621180643596411e+09 6.002361924785130087e-01 -2.940601203610297976e-01 3.054335340446998615e-01 0 0 0 1
1.520621180651929379e+09 6.031137437334755935e-01 -2.940759369306356064e-01 3.055340332761014022e-01 0 0 0 1
1.520621180660262585e+09 6.063697565467703887e-01 -2.946702294054726057e-01 3.059049065666807898e-01 0 0 0 1
1.520621180668596506e+09 6.090177258375762959e-01 -2.945085831388087882e-01 3.059355938438792499e-01 0 0 0 1
1.520621180676929712e+09 6.119274457005671186e-01 -2.944180434918756140e-01 3.058726909582727416e-01 0 0 0 1
1.520621180685263395e+09 6.148557311862444807e-01 -2.946206322646386377e-01 3.060934739751395295e-01 0 0 0 1
1.520621180693596601e+09 6.174779749001485518e-01 -2.943236887170078697e-01 3.057933342182206360e-01 0 0 0 1
1.520621180701929569e+09 6.197635769427812802e-01 -2.935911016754870762e-01 3.054028135826563073e-01 0 0 0 1
1.520621180710263491e+09 6.227181510620115601e-01 -2.939928365055231030e-01 3.054105432850706681e-01 0 0 0 1
1.520621180718596458e+09 6.254920321942093464e-01 -2.938418480972783131e-01 3.051890637799745676e-01 0 0 0 1
1.520621180726929426e+09 6.278871222210876679e-01 -2.931070720463593293e-01 3.047145811829385931e-01 0 0 0 1
1.520621180735262632e+09 6.302621433798779593e-01 -2.925054841159256958e-01 3.040011803102635746e-01 0 0 0 1
1.520621180743596315e+09 6.327980543823118476e-01 -2.918316666892655231e-01 3.034874890300738315e-01 0 0 0 1
1.520621180751929522e+09 6.358594069505151269e-01 -2.919812078977911396e-01 3.032294236641699392e-01 0 0 0 1
1.520621180760263443e+09 6.384015255469367434e-01 -2.915010075980573045e-01 3.026623209083021404e-01 0 0 0 1
1.520621180768596649e+09 6.408362030798416820e-01 -2.907114770209102694e-01 3.018854468304963401e-01 0 0 0 1
1.520621180776929617e+09 6.433093255129908039e-01 -2.899002467604807620e-01 3.010409493521175595e-01 0 0 0 1
1.520621180785262346e+09 6.454112359687144140e-01 -2.890437471175102413e-01 3.003166588130572467e-01 0 0 0 1
1.520621180793596506e+09 6.477378176715046232e-01 -2.883358073969398694e-01 2.993785988495301087e-01 0 0 0 1
1.520621180801929474e+09 6.500228432624423069e-01 -2.875327469217939802e-01 2.983107853160806844e-01 0 0 0 1
1.520621180810263395e+09 6.523088823498549571e-01 -2.866308815288083345e-01 2.972261002194502844e-01 0 0 0 1
1.520621180818596363e+09 6.544697610371260632e-01 -2.856355756118420519e-01 2.960381847192099514e-01 0 0 0 1
1.520621180826929569e+09 6.565198139818521073e-01 -2.845941183499913762e-01 2.947627738699851729e-01 0 0 0 1
1.520621180835263491e+09 6.583419169690917228e-01 -2.833132536888519626e-01 2.933671703071234482e-01 0 0 0 1
1.520621180843596458e+09 6.603116453154217469e-01 -2.821638912068702432e-01 2.919179987907654095e-01 0 0 0 1
1.520621180851929426e+09 6.622882058539044658e-01 -2.812800009321578809e-01 2.905188296990084407e-01 0 0 0 1
1.520621180860262394e+09 6.638730900976567151e-01 -2.797453916487230297e-01 2.887484510986104702e-01 0 0 0 1
1.520621180868596554e+09 6.654651282477058727e-01 -2.783690340053425194e-01 2.870338189699059850e-01 0 0 0 1
1.520621180876929522e+09 6.670881081341432095e-01 -2.770980813027279499e-01 2.853172172188460642e-01 0 0 0 1
1.520621180885263443e+09 6.686603654252677442e-01 -2.758235622126105069e-01 2.834688623081236258e-01 0 0 0 1
1.520621180893596411e+09 6.699989809360481496e-01 -2.743205470613945263e-01 2.815927941184139804e-01 0 0 0 1
1.520621180901929617e+09 6.710477736251633241e-01 -2.726936880330493862e-01 2.796188832743831121e-01 0 0 0 1
1.520621180910262585e+09 6.721578450515325320e-01 -2.712056596585377122e-01 2.776083413558536606e-01 0 0 0 1
1.520621180918596506e+09 6.731522244702227153e-01 -2.694507148094185123e-01 2.753620251149271336e-01 0 0 0 1
1.520621180926929474e+09 6.738908719130648484e-01 -2.678149152733515503e-01 2.732691139069722830e-01 0 0 0 1
1.520621180935263634e+09 6.747995272293628721e-01 -2.661018656255619286e-01 2.708912800387477393e-01 0 0 0 1
1.520621180943596363e+09 6.755423097472706973e-01 -2.646031121455921786e-01 2.687380234350378316e-01 0 0 0 1
1.520621180951929331e+09 6.759733358435867645e-01 -2.631297149083250408e-01 2.667833933034309268e-01 0 0 0 1
1.520621180960263491e+09 6.763557569758050780e-01 -2.614734121385826615e-01 2.641446454192801774e-01 0 0 0 1
1.520621180968596458e+09 6.763667615768621522e-01 -2.596099840416258298e-01 2.619659419100117681e-01 0 0 0 1
1.520621180976929665e+09 6.764012219916107904e-01 -2.580385027121715469e-01 2.596219175878951013e-01 0 0 0 1
1.520621180985262394e+09 6.762753078316398048e-01 -2.562352935535193721e-01 2.567326607195814514e-01 0 0 0 1
1.520621180993596554e+09 6.761549090163138098e-01 -2.549223930696431495e-01 2.546937768832711058e-01 0 0 0 1
1.520621181001929522e+09 6.755980183422575225e-01 -2.533387873336437890e-01 2.524737629719098209e-01 0 0 0 1
1.520621181010263443e+09 6.744718722229340324e-01 -2.508439060893598027e-01 2.496157310458579914e-01 0 0 0 1
1.520621181018596411e+09 6.743369606168453378e-01 -2.503521949044037465e-01 2.478602164466308100e-01 0 0 0 1
1.520621181026929617e+09 6.733613185087038433e-01 -2.495603539950688177e-01 2.459632419882993304e-01 0 0 0 1
1.520621181035262585e+09 6.720760530044335157e-01 -2.476759446304351853e-01 2.436413066050600040e-01 0 0 0 1
1.520621181043596268e+09 6.704914743134470223e-01 -2.463653416416259345e-01 2.410411656267925640e-01 0 0 0 1
1.520621181051929474e+09 6.692916722069778279e-01 -2.448098296072375168e-01 2.389444489592162935e-01 0 0 0 1
1.520621181060263634e+09 6.676893848771482398e-01 -2.437142377708292340e-01 2.366381844999001505e-01 0 0 0 1
1.520621181068596601e+09 6.656836789411805233e-01 -2.423045326023152146e-01 2.345394601684192004e-01 0 0 0 1
1.520621181076929569e+09 6.635652727860420486e-01 -2.413583370328293842e-01 2.322822286160579619e-01 0 0 0 1
1.520621181085263491e+09 6.613990690698440256e-01 -2.402443807040609558e-01 2.302240063037548357e-01 0 0 0 1
1.520621181093596458e+09 6.587398686955260318e-01 -2.389665569913195231e-01 2.279170017229747991e-01 0 0 0 1
1.520621181101929665e+09 6.562774989072041043e-01 -2.379919194819081207e-01 2.259810713941408089e-01 0 0 0 1
1.520621181110262632e+09 6.534435487779409746e-01 -2.372257501887157227e-01 2.237843506334358246e-01 0 0 0 1
1.520621181118596554e+09 6.503790461776061127e-01 -2.363205326624551184e-01 2.221508250737875834e-01 0 0 0 1
1.520621181126929522e+09 6.472309637512224656e-01 -2.358108727255572301e-01 2.204761810379813891e-01 0 0 0 1
1.520621181135263681e+09 6.438840646869520290e-01 -2.348162448529795832e-01 2.183882002114059251e-01 0 0 0 1
1.520621181143596411e+09 6.402770806792402736e-01 -2.343123474771676706e-01 2.170885382273950448e-01 0 0 0 1
1.520621181151929379e+09 6.361960754195553625e-01 -2.333878876308760342e-01 2.148547540021037427e-01 0 0 0 1
1.520621181160262585e+09 6.325041421904081806e-01 -2.335235923742956521e-01 2.137094316837877539e-01 0 0 0 1
1.520621181168596506e+09 6.286441870983178193e-01 -2.329411298420646093e-01 2.117197382047899534e-01 0 0 0 1
1.520621181176929712e+09 6.242631835625743753e-01 -2.331167170267234301e-01 2.103524621303174413e-01 0 0 0 1
1.520621181185263395e+09 6.199321826459277540e-01 -2.329139573434185762e-01 2.090608588007591973e-01 0 0 0 1
1.520621181193596601e+09 6.151536912836900184e-01 -2.323005016312295057e-01 2.075424359864617152e-01 0 0 0 1
1.520621181201929569e+09 6.107038832977625953e-01 -2.326794936760503418e-01 2.062651900964433960e-01 0 0 0 1
1.520621181210263491e+09 6.055657716768928500e-01 -2.325528272466353963e-01 2.051222723882069054e-01 0 0 0 1
1.520621181218596458e+09 6.004515465438523547e-01 -2.324443234918046608e-01 2.038288096166245289e-01 0 0 0 1
1.520621181226929426e+09 5.954054917188885687e-01 -2.333799619912496626e-01 2.030709726883517252e-01 0 0 0 1
1.520621181235262632e+09 5.894532928592043364e-01 -2.327232424082940065e-01 2.018561064333588284e-01 0 0 0 1
1.520621181243596315e+09 5.847674614230523593e-01 -2.340006937530698661e-01 2.012802600215204407e-01 0 0 0 1
1.520621181251929522e+09 5.786657938656173394e-01 -2.343037767779013736e-01 2.004739953321432733e-01 0 0 0 1
1.520621181260263443e+09 5.729230635325085474e-01 -2.346449090822988470e-01 1.997064661148391096e-01 0 0 0 1
1.520621181268596649e+09 5.671118739367734252e-01 -2.360928732635800831e-01 1.992624226096808560e-01 0 0 0 1
1.520621181276929617e+09 5.609218559658336600e-01 -2.360694625056323215e-01 1.986301930540883554e-01 0 0 0 1
1.520621181285262346e+09 5.546954808401575177e-01 -2.370206834250127015e-01 1.982370736069956063e-01 0 0 0 1
1.520621181293596506e+09 5.483952232716652331e-01 -2.378964823523579408e-01 1.980243652361588502e-01 0 0 0 1
1.520621181301929474e+09 5.417100733877348029e-01 -2.390198855966839675e-01 1.978756760153728145e-01 0 0 0 1
1.520621181310263395e+09 5.350961189018715869e-01 -2.400099431456239607e-01 1.979326573447997006e-01 0 0 0 1
1.520621181318596363e+09 5.279478302085364172e-01 -2.403306539342463521e-01 1.976333024057010945e-01 0 0 0 1
1.520621181326929569e+09 5.209426721613082956e-01 -2.414045389658241447e-01 1.977409809274572883e-01 0 0 0 1
1.520621181335263491e+09 5.140836708888179007e-01 -2.429114017104976320e-01 1.979559779622284132e-01 0 0 0 1
1.520621181343596458e+09 5.067079254616841943e-01 -2.442755768512024916e-01 1.983506209729355430e-01 0 0 0 1
1.520621181351929426e+09 4.991230738286118740e-01 -2.453153539875880806e-01 1.986353447214381784e-01 0 0 0 1
1.520621181360262394e+09 4.908157518676983244e-01 -2.451495168180081174e-01 1.988790260560886480e-01 0 0 0 1
1.520621181368596554e+09 4.835655728673331488e-01 -2.468197875196554980e-01 1.995708619074618717e-01 0 0 0 1
1.520621181376929522e+09 4.755564706956671994e-01 -2.483287479725341251e-01 2.002120465336709731e-01 0 0 0 1
1.520621181385263443e+09 4.673183846734987323e-01 -2.489930508754159000e-01 2.006208223382699440e-01 0 0 0 1
1.520621181393596411e+09 4.589670700954782134e-01 -2.500311676544652029e-01 2.012988105017543550e-01 0 0 0 1
1.520621181401929617e+09 4.510179243105636449e-01 -2.518822386953259995e-01 2.023409985470376871e-01 0 0 0 1
1.520621181410262585e+09 4.423260071943949656e-01 -2.526623888928879458e-01 2.031536103436579754e-01 0 0 0 1
1.520621181418596506e+09 4.336152934880990184e-01 -2.530932602255471231e-01 2.037775010003379794e-01 0 0 0 1
1.520621181426929474e+09 4.249972766213191422e-01 -2.548357782242740566e-01 2.050419866344399544e-01 0 0 0 1
1.520621181435263634e+09 4.164063614602668828e-01 -2.557201990890555221e-01 2.060417568323167359e-01 0 0 0 1
1.520621181443596363e+09 4.071609641758754394e-01 -2.566742628261505788e-01 2.068296025991109843e-01 0 0 0 1
1.520621181451929331e+09 3.982158137073463777e-01 -2.581066431350840240e-01 2.082151421555793469e-01 0 0 0 1
1.520621181460263491e+09 3.889314041890086227e-01 -2.584902817800767139e-01 2.090234607098926389e-01 0 0 0 1
1.520621181468596458e+09 3.792707077755050893e-01 -2.597370856204982426e-01 2.103112312651038707e-01 0 0 0 1
1.520621181476929665e+09 3.703495106031499118e-01 -2.609412499559732312e-01 2.116783321564712494e-01 0 0 0 1
1.520621181485262394e+09 3.608566262867500818e-01 -2.617925162129528527e-01 2.127822982451901268e-01 0 0 0 1
1.520621181493596554e+09 3.510745213058215075e-01 -2.629267894912309389e-01 2.141670624414202528e-01 0 0 0 1
1.520621181501929522e+09 3.414653328523430398e-01 -2.641525027641691281e-01 2.156133788295200304e-01 0 0 0 1
1.520621181510263443e+09 3.319757535710977647e-01 -2.654228369174670421e-01 2.172778986477053031e-01 0 0 0 1
1.520621181518596411e+09 3.220495025087842800e-01 -2.657332656315268826e-01 2.187563600641502237e-01 0 0 0 1
1.520621181526929617e+09 3.124303101895364865e-01 -2.674582609094883212e-01 2.205942359896544414e-01 0 0 0 1
1.520621181535262585e+09 3.026724745815729811e-01 -2.679277150732743973e-01 2.220621502922057733e-01 0 0 0 1
1.520621181543596268e+09 2.922953887881890589e-01 -2.681997651579298703e-01 2.236247408601221842e-01 0 0 0 1
1.520621181551929474e+09 2.813649941888114459e-01 -2.682879433771264699e-01 2.249336153853411790e-01 0 0 0 1
1.520621181560263634e+09 2.718457110330237958e-01 -2.702659335482152647e-01 2.272598566559638211e-01 0 0 0 1
1.520621181568596601e+09 2.615548995068139870e-01 -2.702518115906092921e-01 2.288263881506971131e-01 0 0 0 1
1.520621181576929569e+09 2.511950265535544125e-01 -2.713328299795133569e-01 2.306506269290169442e-01 0 0 0 1
1.520621181585263491e+09 2.405976641944833627e-01 -2.713460588074849689e-01 2.324431454827080579e-01 0 0 0 1
1.520621181593596458e+09 2.302559230587565287e-01 -2.723782400055704267e-01 2.342147896817052821e-01 0 0 0 1
1.520621181601929665e+09 2.196167316505192035e-01 -2.730535640842420841e-01 2.361330291446048779e-01 0 0 0 1
1.520621181610262632e+09 2.091700627409898150e-01 -2.733329683377581087e-01 2.382538929421313956e-01 0 0 0 1
1.520621181618596554e+09 1.983335033186403029e-01 -2.736619881806561239e-01 2.401483718288406344e-01 0 0 0 1
1.520621181626929522e+09 1.876448325160672281e-01 -2.735803158252536615e-01 2.421508265304848084e-01 0 0 0 1
1.520621181635263681e+09 1.770773075904986671e-01 -2.742184376607665897e-01 2.441640218405443097e-01 0 0 0 1
1.520621181643596411e+09 1.665616984915100351e-01 -2.745887898895154056e-01 2.461085733505348205e-01 0 0 0 1
1.520621181651929379e+09 1.556261717234586062e-01 -2.742804231934066195e-01 2.481085261441038359e-01 0 0 0 1
1.520621181660262585e+09 1.449289789789507399e-01 -2.743789167347635560e-01 2.499619929205600943e-01 0 0 0 1
1.520621181668596506e+09 1.347203640353740184e-01 -2.751376448983339218e-01 2.521199975609731414e-01 0 0 0 1
1.520621181676929712e+09 1.237710448050657330e-01 -2.747977780615589172e-01 2.540268120758593096e-01 0 0 0 1
1.520621181685263395e+09 1.130483954674710301e-01 -2.748775298662649025e-01 2.559309561729052884e-01 0 0 0 1
1.520621181693596601e+09 1.028590963618225551e-01 -2.754360592895771509e-01 2.579674116608077217e-01 0 0 0 1
1.520621181701929569e+09 9.229303933401189486e-02 -2.755500326656781240e-01 2.598894072006916467e-01 0 0 0 1
1.520621181710263491e+09 8.132328688013468199e-02 -2.750167241485711456e-01 2.617896203794376486e-01 0 0 0 1
1.520621181718596458e+09 7.075886981416812382e-02 -2.750281244265658787e-01 2.636000823051087849e-01 0 0 0 1
1.520621181726929426e+09 6.022883606388884647e-02 -2.749992961867917529e-01 2.654366246073884827e-01 0 0 0 1
1.520621181735262632e+09 5.005920866348956277e-02 -2.754031462544148656e-01 2.672486051441997912e-01 0 0 0 1
1.520621181743596315e+09 3.937486871230400087e-02 -2.749416174527844481e-01 2.688929572478264696e-01 0 0 0 1
1.520621181751929522e+09 2.914634019412898347e-02 -2.750534113095766120e-01 2.705811502509014588e-01 0 0 0 1
1.520621181760263443e+09 1.915563301753719916e-02 -2.751730471707467540e-01 2.722152092855072425e-01 0 0 0 1
1.520621181768596649e+09 8.485223288287491172e-03 -2.748060130630342046e-01 2.738277482509829941e-01 0 0 0 1
1.520621181776929617e+09 -1.414112943417922263e-03 -2.754303877450637872e-01 2.755508757440825462e-01 0 0 0 1
1.520621181785262346e+09 -1.148811373760000309e-02 -2.753225425332720411e-01 2.769423309446863435e-01 0 0 0 1
1.520621181793596506e+09 -2.158427489464970206e-02 -2.752024928934231340e-01 2.783725824501572799e-01 0 0 0 1
1.520621181801929474e+09 -3.180758557076535098e-02 -2.752469897879809002e-01 2.796901948595436060e-01 0 0 0 1
1.520621181810263395e+09 -4.181369274913321332e-02 -2.752249746403647723e-01 2.810071624179957261e-01 0 0 0 1
1.520621181818596363e+09 -5.234671764037029940e-02 -2.746955823906760408e-01 2.822547782532522920e-01 0 0 0 1
1.520621181826929569e+09 -6.195404930104170260e-02 -2.750181430338566324e-01 2.834819488732187587e-01 0 0 0 1
1.520621181835263491e+09 -7.194431048078964164e-02 -2.748073414980580775e-01 2.846451562190510653e-01 0 0 0 1
1.520621181843596458e+09 -8.197502220118396687e-02 -2.743321771075931670e-01 2.856996179052009310e-01 0 0 0 1
1.520621181851929426e+09 -9.169698983254737090e-02 -2.739114333775117816e-01 2.869445155578091988e-01 0 0 0 1
1.520621181860262394e+09 -1.014622266679371387e-01 -2.737155275087091999e-01 2.879947243492750886e-01 0 0 0 1
1.520621181868596554e+09 -1.113039337383026073e-01 -2.736892182003344276e-01 2.888450279730736536e-01 0 0 0 1
1.520621181876929522e+09 -1.206689218201179026e-01 -2.735273421737760557e-01 2.898479612671078787e-01 0 0 0 1
1.520621181885263443e+09 -1.302032078855748232e-01 -2.732733392296572417e-01 2.907152217584956233e-01 0 0 0 1
1.520621181893596411e+09 -1.399375207661244236e-01 -2.733558581411783539e-01 2.915623603198043146e-01 0 0 0 1
1.520621181901929617e+09 -1.491816878123343737e-01 -2.732658258633524628e-01 2.925646556002043930e-01 0 0 0 1
1.520621181910262585e+09 -1.588098281505030962e-01 -2.729228971338411025e-01 2.933276722820448157e-01 0 0 0 1
1.520621181918596506e+09 -1.679521233486208076e-01 -2.729613748957238073e-01 2.940616859719438203e-01 0 0 0 1
1.520621181926929474e+09 -1.771374527602532223e-01 -2.728878296339195542e-01 2.950022988061253848e-01 0 0 0 1
1.520621181935263634e+09 -1.864563034055789492e-01 -2.722386946426625931e-01 2.957759859918978051e-01 0 0 0 1
1.520621181943596363e+09 -1.952914461660238965e-01 -2.725705163805871578e-01 2.965620231638876891e-01 0 0 0 1
1.520621181951929331e+09 -2.043502163319206866e-01 -2.723124355673913755e-01 2.972600181131066499e-01 0 0 0 1
1.520621181960263491e+09 -2.132358037424540442e-01 -2.719976014017618793e-01 2.980187357794517045e-01 0 0 0 1
1.520621181968596458e+09 -2.220806979190169117e-01 -2.720760062024965009e-01 2.987426139133395608e-01 0 0 0 1
1.520621181976929665e+09 -2.309887529284525565e-01 -2.718594836431784678e-01 2.993399188576533199e-01 0 0 0 1
1.520621181985262394e+09 -2.397035845443565849e-01 -2.719870458371408395e-01 2.998732159913908291e-01 0 0 0 1
1.520621181993596554e+09 -2.485015802579364774e-01 -2.719270572603991187e-01 3.005035918048479804e-01 0 0 0 1
1.520621182001929522e+09 -2.571855149057106216e-01 -2.717740134519334161e-01 3.010340935761237624e-01 0 0 0 1
1.520621182010263443e+09 -2.659078483928636327e-01 -2.718346606389093756e-01 3.014990640792811760e-01 0 0 0 1
1.520621182018596411e+09 -2.744623499309806758e-01 -2.719812481887142752e-01 3.019796788612738592e-01 0 0 0 1
1.520621182026929617e+09 -2.830333751006023912e-01 -2.719301598325062352e-01 3.023982096635644545e-01 0 0 0 1
1.520621182035262585e+09 -2.917148184794105537e-01 -2.718663811958995646e-01 3.028023284659910885e-01 0 0 0 1
1.520621182043596268e+09 -3.004943913756783491e-01 -2.717630699918345272e-01 3.030413764889188233e-01 0 0 0 1
1.520621182051929474e+09 -3.087278333931225971e-01 -2.713077696027426100e-01 3.033080426059309165e-01 0 0 0 1
1.520621182060263634e+09 -3.172907879940485842e-01 -2.717840966677799175e-01 3.038938895014937636e-01 0 0 0 1
1.520621182068596601e+09 -3.257752069870121225e-01 -2.714688046431213975e-01 3.042613914140346321e-01 0 0 0 1
1.520621182076929569e+09 -3.338484638653758108e-01 -2.716506685384262321e-01 3.046494073222301147e-01 0 0 0 1
1.520621182085263491e+09 -3.420641229829012864e-01 -2.716495299870965718e-01 3.049255295958370748e-01 0 0 0 1
1.520621182093596458e+09 -3.502806977111641573e-01 -2.714565559862919253e-01 3.052565300696727935e-01 0 0 0 1
1.520621182101929665e+09 -3.581735348984951828e-01 -2.712034932371024665e-01 3.052781978904290927e-01 0 0 0 1
1.520621182110262632e+09 -3.662410664453737974e-01 -2.711410386437649311e-01 3.056517659900357398e-01 0 0 0 1
1.520621182118596554e+09 -3.748451481011100261e-01 -2.713935489283301195e-01 3.060601201447117337e-01 0 0 0 1
1.520621182126929522e+09 -3.821669067968617162e-01 -2.713116517827233176e-01 3.061848554312813775e-01 0 0 0 1
1.520621182135263681e+09 -3.902638899807255868e-01 -2.716961078903599169e-01 3.064826831355291770e-01 0 0 0 1
1.520621182143596411e+09 -3.984610521550806528e-01 -2.716046273985061044e-01 3.067963896549936731e-01 0 0 0 1
1.520621182151929379e+09 -4.065906298272563557e-01 -2.715583335956919253e-01 3.069567548172127402e-01 0 0 0 1
1.520621182160262585e+09 -4.144764487671501740e-01 -2.714149717428171460e-01 3.070003144588966393e-01 0 0 0 1
1.520621182168596506e+09 -4.224377580113122255e-01 -2.715838640399559356e-01 3.072354329280353458e-01 0 0 0 1
1.520621182176929712e+09 -4.304655100967778036e-01 -2.715200938667811092e-01 3.073909642858618785e-01 0 0 0 1
1.520621182185263395e+09 -4.385714765464083231e-01 -2.716746765435231747e-01 3.074975313051293568e-01 0 0 0 1
1.520621182193596601e+09 -4.469867247612944183e-01 -2.722117727591969460e-01 3.077945452052592845e-01 0 0 0 1
1.520621182201929569e+09 -4.549488774579440453e-01 -2.724149685469344773e-01 3.078863829542488606e-01 0 0 0 1
1.520621182210263491e+09 -4.626550021722366512e-01 -2.721252954042355787e-01 3.077518162202805829e-01 0 0 0 1
1.520621182218596458e+09 -4.706757564248337244e-01 -2.723368853512445620e-01 3.078199553520908349e-01 0 0 0 1
1.520621182226929426e+09 -4.786152056298171864e-01 -2.726132133098913002e-01 3.078762032074429111e-01 0 0 0 1
1.520621182235262632e+09 -4.865168734796240790e-01 -2.728132146257667978e-01 3.079107615123704011e-01 0 0 0 1
1.520621182243596315e+09 -4.946836350079258926e-01 -2.737161258655563811e-01 3.080268244523312049e-01 0 0 0 1
1.520621182251929522e+09 -5.024081226987804349e-01 -2.732109458699005788e-01 3.078394957575310009e-01 0 0 0 1
1.520621182260263443e+09 -5.102439711064290506e-01 -2.736080193389559545e-01 3.077885960181756531e-01 0 0 0 1
1.520621182268596649e+09 -5.181513206089543022e-01 -2.738551912125625210e-01 3.076553840825477781e-01 0 0 0 1
1.520621182276929617e+09 -5.259538543091352158e-01 -2.743079103713924605e-01 3.075609482414884965e-01 0 0 0 1
1.520621182285262346e+09 -5.337621702507429067e-01 -2.744729907619491982e-01 3.076767487602587448e-01 0 0 0 1
1.520621182293596506e+09 -5.415644279308199360e-01 -2.749206155994026179e-01 3.075759207962076580e-01 0 0 0 1
1.520621182301929474e+09 -5.495162414803176354e-01 -2.757675019116738735e-01 3.076093607250964812e-01 0 0 0 1
1.520621182310263395e+09 -5.573196951939131116e-01 -2.762894597914569150e-01 3.075141159515328848e-01 0 0 0 1
1.520621182318596363e+09 -5.647244827937851763e-01 -2.761293708603949071e-01 3.072421506988447515e-01 0 0 0 1
1.520621182326929569e+09 -5.724432584310167327e-01 -2.764593519796844090e-01 3.070792875392014398e-01 0 0 0 1
1.520621182335263491e+09 -5.800149548267273802e-01 -2.770147533358608971e-01 3.069295504845306333e-01 0 0 0 1
1.520621182343596458e+09 -5.876327220033392695e-01 -2.775773713711999768e-01 3.068079685398914513e-01 0 0 0 1
1.520621182351929426e+09 -5.952139087178133225e-01 -2.781021370303552454e-01 3.066741847979423952e-01 0 0 0 1
1.520621182360262394e+09 -6.028425667207422123e-01 -2.787650134484903619e-01 3.064420025182057472e-01 0 0 0 1
1.520621182368596554e+09 -6.103747841317026523e-01 -2.798167221865517362e-01 3.065902945604683794e-01 0 0 0 1
1.520621182376929522e+09 -6.179471638352925789e-01 -2.803660735657352854e-01 3.064914371650027114e-01 0 0 0 1
1.520621182385263443e+09 -6.254022417828728475e-01 -2.809808961927255933e-01 3.063419922869643486e-01 0 0 0 1
1.520621182393596411e+09 -6.326481978588578414e-01 -2.812807649746038585e-01 3.062004921560756987e-01 0 0 0 1
1.520621182401929617e+09 -6.401301848289139285e-01 -2.819980573246699818e-01 3.061749468442254152e-01 0 0 0 1
1.520621182410262585e+09 -6.474878042920630961e-01 -2.827315249346920023e-01 3.062370452385503317e-01 0 0 0 1
1.520621182418596506e+09 -6.548588825975156791e-01 -2.833096983830410975e-01 3.063572383004165012e-01 0 0 0 1
1.520621182426929474e+09 -6.624027078418347481e-01 -2.843935961861415729e-01 3.064277665955426055e-01 0 0 0 1
1.520621182435263634e+09 -6.697321317832849452e-01 -2.846857480561897358e-01 3.063928306116019407e-01 0 0 0 1
1.520621182443596363e+09 -6.770694467254622095e-01 -2.853357710733459562e-01 3.065066504646640766e-01 0 0 0 1
1.520621182451929331e+09 -6.844145375609363979e-01 -2.860107556943345397e-01 3.066239423581127443e-01 0 0 0 1
1.520621182460263491e+09 -6.917673430989035310e-01 -2.866823029266712952e-01 3.068617847894878903e-01 0 0 0 1
1.520621182468596458e+09 -6.992367301078555863e-01 -2.876262407323111336e-01 3.071051658209069668e-01 0 0 0 1
1.520621182476929665e+09 -7.063597375050916227e-01 -2.880257161524817366e-01 3.072583509143083091e-01 0 0 0 1
1.520621182485262394e+09 -7.137044083606314260e-01 -2.885947706443625638e-01 3.075063419198400538e-01 0 0 0 1
1.520621182493596554e+09 -7.209707155928763989e-01 -2.891965604977430049e-01 3.077809544679084297e-01 0 0 0 1
1.520621182501929522e+09 -7.283613349394567615e-01 -2.897953261333384711e-01 3.081787509542821546e-01 0 0 0 1
1.520621182510263443e+09 -7.357216938260013883e-01 -2.903508006708431788e-01 3.084952602552386569e-01 0 0 0 1
1.520621182518596411e+09 -7.431106186586398099e-01 -2.908223674340337794e-01 3.088647030590954135e-01 0 0 0 1
1.520621182526929617e+09 -7.503891677570908580e-01 -2.913852034711774674e-01 3.093762760242679821e-01 0 0 0 1
1.520621182535262585e+09 -7.577034293804988385e-01 -2.918547588807209880e-01 3.098215233977172911e-01 0 0 0 1
1.520621182543596268e+09 -7.649940442837355192e-01 -2.922755646532161355e-01 3.103149111937533178e-01 0 0 0 1
1.520621182551929474e+09 -7.723839565820500574e-01 -2.926526535982708621e-01 3.108189821487294946e-01 0 0 0 1
1.520621182560263634e+09 -7.795294410441326871e-01 -2.930634105165301762e-01 3.113141116979554202e-01 0 0 0 1
1.520621182568596601e+09 -7.866634014906008776e-01 -2.934715547180180018e-01 3.118986838079444990e-01 0 0 0 1
1.520621182576929569e+09 -7.938135222054634177e-01 -2.937683818653209489e-01 3.124252561305354003e-01 0 0 0 1
1.520621182585263491e+09 -8.008365123769073390e-01 -2.942012678546994664e-01 3.129410557790408554e-01 0 0 0 1
1.520621182593596458e+09 -8.080610860261214778e-01 -2.943654122709299381e-01 3.135163530061493287e-01 0 0 0 1
1.520621182601929665e+09 -8.149406729219073053e-01 -2.946357403219687088e-01 3.140157089480148933e-01 0 0 0 1
1.520621182610262632e+09 -8.219324227005961880e-01 -2.948333523747593832e-01 3.145323370827386444e-01 0 0 0 1
1.520621182618596554e+09 -8.287752803934309576e-01 -2.952343355383713064e-01 3.149355914523657152e-01 0 0 0 1
1.520621182626929522e+09 -8.354445137581303360e-01 -2.953821177601223535e-01 3.154867448121740914e-01 0 0 0 1
1.520621182635263681e+09 -8.422934793441632095e-01 -2.952716937366083316e-01 3.161465560861569379e-01 0 0 0 1
1.520621182643596411e+09 -8.488590008114377250e-01 -2.955380360779235049e-01 3.166483820341285949e-01 0 0 0 1
1.520621182651929379e+09 -8.555946833101133464e-01 -2.958056172165451914e-01 3.171102947496269309e-01 0 0 0 1
1.520621182660262585e+09 -8.622409942529773996e-01 -2.957104691520618944e-01 3.176299610193180634e-01 0 0 0 1
1.520621182668596506e+09 -8.686038232367310208e-01 -2.957331587400993111e-01 3.179936556730826869e-01 0 0 0 1
1.520621182676929712e+09 -8.748701596062810060e-01 -2.958255278843369140e-01 3.182976613597641169e-01 0 0 0 1
1.520621182685263395e+09 -8.813982862016092046e-01 -2.956860592037935387e-01 3.187278767182888384e-01 0 0 0 1
1.520621182693596601e+09 -8.875602916882274762e-01 -2.956961404379406799e-01 3.190368103323091287e-01 0 0 0 1
1.520621182701929569e+09 -8.939069449146652691e-01 -2.953107638449272709e-01 3.193523492021852483e-01 0 0 0 1
1.520621182710263491e+09 -9.001031282203355577e-01 -2.951143378233206382e-01 3.196541379684805229e-01 0 0 0 1
1.520621182718596458e+09 -9.062369606586935245e-01 -2.947356375722267607e-01 3.199151528438666237e-01 0 0 0 1
1.520621182726929426e+09 -9.122778029787604881e-01 -2.944991630094662138e-01 3.200639799584585887e-01 0 0 0 1
1.520621182735262632e+09 -9.183112585349919588e-01 -2.940792862165253485e-01 3.202612901738346451e-01 0 0 0 1
1.520621182743596315e+09 -9.244299966424994741e-01 -2.937088907552881656e-01 3.204473571971275803e-01 0 0 0 1
1.520621182751929522e+09 -9.304117177768738145e-01 -2.931577794863629016e-01 3.205591157581555439e-01 0 0 0 1
1.520621182760263443e+09 -9.361916678105963729e-01 -2.925936935364576996e-01 3.206685697218016884e-01 0 0 0 1
1.520621182768596649e+09 -9.421953132945044551e-01 -2.918983731576703100e-01 3.207270690450076955e-01 0 0 0 1
1.520621182776929617e+09 -9.480175862269197840e-01 -2.914787134719685202e-01 3.208166449531981712e-01 0 0 0 1
1.520621182785262346e+09 -9.538194225636976720e-01 -2.906823097454652727e-01 3.208365664752264035e-01 0 0 0 1
1.520621182793596506e+09 -9.594677802680704470e-01 -2.901149301230535604e-01 3.208932991633883791e-01 0 0 0 1
1.520621182801929474e+09 -9.653151451346628775e-01 -2.893136778956090227e-01 3.208918060300367525e-01 0 0 0 1
1.520621182810263395e+09 -9.709732229240285450e-01 -2.886037551919462540e-01 3.208474460737120726e-01 0 0 0 1
1.520621182818596363e+09 -9.766361895243454994e-01 -2.877922145544977717e-01 3.208405458401526467e-01 0 0 0 1
1.520621182826929569e+09 -9.820891798452793253e-01 -2.868506370390841997e-01 3.208168965397260042e-01 0 0 0 1
1.520621182835263491e+09 -9.879118833381378417e-01 -2.861690697533055827e-01 3.209084170519433954e-01 0 0 0 1
1.520621182843596458e+09 -9.934549861630942447e-01 -2.850851838464325549e-01 3.207345986359979584e-01 0 0 0 1
1.520621182851929426e+09 -9.989033485190259576e-01 -2.840405843897537697e-01 3.206734733150660155e-01 0 0 0 1
1.520621182860262394e+09 -1.004559431860035490e+00 -2.831152859589923798e-01 3.206606499250621578e-01 0 0 0 1
1.520621182868596554e+09 -1.009995261714181858e+00 -2.820759334066625934e-01 3.206245336005211222e-01 0 0 0 1
1.520621182876929522e+09 -1.015189770577651585e+00 -2.810776770345900788e-01 3.204707012505121355e-01 0 0 0 1
1.520621182885263443e+09 -1.020758384021420495e+00 -2.799929647262983101e-01 3.204665176457162090e-01 0 0 0 1
1.520621182893596411e+09 -1.026043052433557534e+00 -2.786264372794754474e-01 3.203508405883044308e-01 0 0 0 1
1.520621182901929617e+09 -1.031299604856118046e+00 -2.773302981213544571e-01 3.201760181438468855e-01 0 0 0 1
1.520621182910262585e+09 -1.036425816617408291e+00 -2.759728171005917385e-01 3.199686612250500772e-01 0 0 0 1
1.520621182918596506e+09 -1.041626552258968719e+00 -2.744917237118092990e-01 3.198185809454818784e-01 0 0 0 1
1.520621182926929474e+09 -1.046650442346226395e+00 -2.733268368632416623e-01 3.196238488086473595e-01 0 0 0 1
1.520621182935263634e+09 -1.051713655078951426e+00 -2.719797444787062091e-01 3.194203598795284371e-01 0 0 0 1
1.520621182943596363e+09 -1.056727499510343060e+00 -2.703895154801144729e-01 3.191783576623139496e-01 0 0 0 1
1.520621182951929331e+09 -1.061681695311145646e+00 -2.689318152208370893e-01 3.187928869735459081e-01 0 0 0 1
1.520621182960263491e+09 -1.066705803564571564e+00 -2.673287892778181130e-01 3.185297080447235807e-01 0 0 0 1
1.520621182968596458e+09 -1.071333957238045365e+00 -2.658596378007668237e-01 3.181002094626939058e-01 0 0 0 1
1.520621182976929665e+09 -1.076574346340815058e+00 -2.641608680468996440e-01 3.178448390606809504e-01 0 0 0 1
1.520621182985262394e+09 -1.081352677682372310e+00 -2.624378615072074927e-01 3.174083726527359151e-01 0 0 0 1
1.520621182993596554e+09 -1.086231681162118878e+00 -2.605938211721618991e-01 3.170161868152336915e-01 0 0 0 1
1.520621183001929522e+09 -1.090797087078034355e+00 -2.587900506300043757e-01 3.163586846625805471e-01 0 0 0 1
1.520621183010263443e+09 -1.095415329230219115e+00 -2.567518360916134501e-01 3.157475655381936086e-01 0 0 0 1
1.520621183018596411e+09 -1.099935209427720828e+00 -2.549211651547236279e-01 3.151855283821427545e-01 0 0 0 1
1.520621183026929617e+09 -1.104481600834291921e+00 -2.529897140309000925e-01 3.146326150886999962e-01 0 0 0 1
1.520621183035262585e+09 -1.108992186628847687e+00 -2.508003617811859209e-01 3.139908634414918520e-01 0 0 0 1
1.520621183043596268e+09 -1.113519820809172556e+00 -2.490182763891489737e-01 3.132622750442297654e-01 0 0 0 1
1.520621183051929474e+09 -1.117952170467394257e+00 -2.469002915799981546e-01 3.125392770733219638e-01 0 0 0 1
1.520621183060263634e+09 -1.122132486653506955e+00 -2.449838823015311196e-01 3.116007759856838089e-01 0 0 0 1
1.520621183068596601e+09 -1.126609283192810729e+00 -2.428219448530613001e-01 3.108272443345714287e-01 0 0 0 1
1.520621183076929569e+09 -1.130606213300906493e+00 -2.405008828918087094e-01 3.097241362262488362e-01 0 0 0 1
1.520621183085263491e+09 -1.134538707623611309e+00 -2.385453025124316673e-01 3.087472324912803323e-01 0 0 0 1
1.520621183093596458e+09 -1.138678921280017242e+00 -2.362866617085792598e-01 3.075916809243190997e-01 0 0 0 1
1.520621183101929665e+09 -1.142769782536753098e+00 -2.340948259304429513e-01 3.064895806816685386e-01 0 0 0 1
1.520621183110262632e+09 -1.146862442885789868e+00 -2.319351663385988971e-01 3.052472385059938897e-01 0 0 0 1
1.520621183118596554e+09 -1.150681843216244449e+00 -2.297521102971007423e-01 3.038869917594497760e-01 0 0 0 1
1.520621183126929522e+09 -1.154633162890640330e+00 -2.275997341337473445e-01 3.024675656136466273e-01 0 0 0 1
1.520621183135263681e+09 -1.158548162075011101e+00 -2.250463681277863337e-01 3.009829734575377724e-01 0 0 0 1
1.520621183143596411e+09 -1.162311277937040366e+00 -2.229168319415865129e-01 2.993981577832218743e-01 0 0 0 1
1.520621183151929379e+09 -1.165970709007231321e+00 -2.204176519193424832e-01 2.977580818894189907e-01 0 0 0 1
1.520621183160262585e+09 -1.169534149398042455e+00 -2.182937475006752059e-01 2.959747480332650671e-01 0 0 0 1
1.520621183168596506e+09 -1.173056859858991885e+00 -2.159532906842036581e-01 2.941766917281609661e-01 0 0 0 1
1.520621183176929712e+09 -1.176494904755850168e+00 -2.135964721092419305e-01 2.922239701543947188e-01 0 0 0 1
1.520621183185263395e+09 -1.179975242370222555e+00 -2.109601595880469249e-01 2.901863838259843842e-01 0 0 0 1
1.520621183193596601e+09 -1.183259478758937444e+00 -2.086040450291739567e-01 2.881054336293711327e-01 0 0 0 1
1.520621183201929569e+09 -1.186563905486317960e+00 -2.059888458685065205e-01 2.858155241136850488e-01 0 0 0 1
1.520621183210263491e+09 -1.189748278132634507e+00 -2.035329246351492705e-01 2.833870913742029263e-01 0 0 0 1
1.520621183218596458e+09 -1.192953111903573671e+00 -2.009806411722032671e-01 2.808389244811244634e-01 0 0 0 1
1.520621183226929426e+09 -1.196065041078405056e+00 -1.983355307451952765e-01 2.781754699151739452e-01 0 0 0 1
1.520621183235262632e+09 -1.199142286288075843e+00 -1.956615987743611784e-01 2.753391242838703068e-01 0 0 0 1
1.520621183243596315e+09 -1.202181994861760250e+00 -1.929632739638007521e-01 2.724666100215529241e-01 0 0 0 1
1.520621183251929522e+09 -1.205083122682388819e+00 -1.903702152876853848e-01 2.693631650875674133e-01 0 0 0 1
1.520621183260263443e+09 -1.208138964584752451e+00 -1.874951993006437334e-01 2.660673691632238214e-01 0 0 0 1
1.520621183268596649e+09 -1.211133022073809240e+00 -1.847855971919837303e-01 2.629529357602637951e-01 0 0 0 1
1.520621183276929617e+09 -1.213770396932041473e+00 -1.817990260521008539e-01 2.594430606789335236e-01 0 0 0 1
1.520621183285262346e+09 -1.216691842017350034e+00 -1.791692487984268833e-01 2.560148279097427260e-01 0 0 0 1
1.520621183293596506e+09 -1.219319766715078801e+00 -1.762019389998377150e-01 2.524928029810289409e-01 0 0 0 1
1.520621183301929474e+09 -1.221631958182815669e+00 -1.730149996282451808e-01 2.486150045086288340e-01 0 0 0 1
1.520621183310263395e+09 -1.224070403522846462e+00 -1.699163554275516796e-01 2.448021070176229497e-01 0 0 0 1
1.520621183318596363e+09 -1.226492012980185287e+00 -1.671030356185410071e-01 2.411031737570830114e-01 0 0 0 1
1.520621183326929569e+09 -1.228984887789103642e+00 -1.638619635508055117e-01 2.371086380526001847e-01 0 0 0 1
1.520621183335263491e+09 -1.231013355063136583e+00 -1.608536253047972986e-01 2.330251209546403413e-01 0 0 0 1
1.520621183343596458e+09 -1.233069873092954127e+00 -1.572599453865181074e-01 2.287456820270301616e-01 0 0 0 1
1.520621183351929426e+09 -1.235288579033954726e+00 -1.543489165925163720e-01 2.247354219107913220e-01 0 0 0 1
1.520621183360262394e+09 -1.236880203052994842e+00 -1.508388684844441663e-01 2.205188715418351375e-01 0 0 0 1
1.520621183368596554e+09 -1.239048829171711663e+00 -1.476949979667722124e-01 2.163978381477427160e-01 0 0 0 1
1.520621183376929522e+09 -1.240550554540633676e+00 -1.438698784127546704e-01 2.118505752439037160e-01 0 0 0 1
1.520621183385263443e+09 -1.242492732804672428e+00 -1.405891075049318095e-01 2.076486547075973021e-01 0 0 0 1
1.520621183393596411e+09 -1.244058893291217549e+00 -1.371727009401579878e-01 2.032473729199351098e-01 0 0 0 1
1.520621183401929617e+09 -1.245483160082336394e+00 -1.334670993995054067e-01 1.989112951296403420e-01 0 0 0 1
1.520621183410262585e+09 -1.246907559064514004e+00 -1.299644633300469643e-01 1.943938697561320428e-01 0 0 0 1
1.520621183418596506e+09 -1.248000432071061816e+00 -1.261558533157446371e-01 1.900391955088920337e-01 0 0 0 1
1.520621183426929474e+09 -1.249226038633458602e+00 -1.225501686806386159e-01 1.854001397091862291e-01 0 0 0 1
1.520621183435263634e+09 -1.250210742730731628e+00 -1.186883608513543686e-01 1.808709566015980208e-01 0 0 0 1
1.520621183443596363e+09 -1.251290537851815321e+00 -1.148823810527531686e-01 1.763982438437114997e-01 0 0 0 1
1.520621183451929331e+09 -1.252208228018089287e+00 -1.109587989009779285e-01 1.718897610514233953e-01 0 0 0 1
1.520621183460263491e+09 -1.253163852664936240e+00 -1.070971243554732499e-01 1.672883034503833688e-01 0 0 0 1
1.520621183468596458e+09 -1.253777441094794387e+00 -1.030951897020180308e-01 1.628940774487626086e-01 0 0 0 1
1.520621183476929665e+09 -1.254454048698509183e+00 -9.909429478431308613e-02 1.584453538520258498e-01 0 0 0 1
1.520621183485262394e+09 -1.254843448855729626e+00 -9.501279110182425658e-02 1.539792286791117348e-01 0 0 0 1
1.520621183493596554e+09 -1.255446527701294279e+00 -9.070246106366575134e-02 1.496372390410358744e-01 0 0 0 1
1.520621183501929522e+09 -1.255520270220973789e+00 -8.629285280132381608e-02 1.451239524237777356e-01 0 0 0 1
1.520621183510263443e+09 -1.255415748799135756e+00 -8.202435268227270537e-02 1.409862988703882714e-01 0 0 0 1
1.520621183518596411e+09 -1.255751625666454263e+00 -7.782991939993844088e-02 1.366730387358456866e-01 0 0 0 1
1.520621183526929617e+09 -1.255589322316849055e+00 -7.330026568444336643e-02 1.324718215720559478e-01 0 0 0 1
1.520621183535262585e+09 -1.255510310091272785e+00 -6.873582900877905910e-02 1.282836217231393405e-01 0 0 0 1
1.520621183543596268e+09 -1.255152863319746626e+00 -6.432603769571632046e-02 1.241852630026365478e-01 0 0 0 1
1.520621183551929474e+09 -1.254717283054733290e+00 -5.998031723664876136e-02 1.201603473725851856e-01 0 0 0 1
1.520621183560263634e+09 -1.254410147776673590e+00 -5.549794444991273945e-02 1.162392172184258943e-01 0 0 0 1
1.520621183568596601e+09 -1.253992483319164464e+00 -5.082751691424436391e-02 1.123136652329665974e-01 0 0 0 1
1.520621183576929569e+09 -1.253392385363411465e+00 -4.637444707008198108e-02 1.085302966709897898e-01 0 0 0 1
1.520621183585263491e+09 -1.252566426859333060e+00 -4.181837558641565700e-02 1.047917392541479753e-01 0 0 0 1
1.520621183593596458e+09 -1.251842321939606872e+00 -3.722183994900818416e-02 1.011299008827102330e-01 0 0 0 1
1.520621183601929665e+09 -1.251019411822681837e+00 -3.265755989346741384e-02 9.754764640918756058e-02 0 0 0 1
1.520621183610262632e+09 -1.249933182111107266e+00 -2.819352397148899847e-02 9.401416374023852107e-02 0 0 0 1
1.520621183618596554e+09 -1.248877051874650368e+00 -2.354603324817416965e-02 9.072336492846444500e-02 0 0 0 1
1.520621183626929522e+09 -1.247689592061234531e+00 -1.894722580772612019e-02 8.736424196119907393e-02 0 0 0 1
1.520621183635263681e+09 -1.246632972040112808e+00 -1.412910750602591747e-02 8.407471134884847430e-02 0 0 0 1
1.520621183643596411e+09 -1.245332886157120011e+00 -9.502098835134087373e-03 8.099091385150325451e-02 0 0 0 1
1.520621183651929379e+09 -1.244024653700937622e+00 -4.819003137182087393e-03 7.787725820841795432e-02 0 0 0 1
1.520621183660262585e+09 -1.242728232669677357e+00 1.609838530181040284e-04 7.471290382858697399e-02 0 0 0 1
1.520621183668596506e+09 -1.241227015526752187e+00 4.725524357960586563e-03 7.181995144458852565e-02 0 0 0 1
1.520621183676929712e+09 -1.239755617108719177e+00 9.564199965788056090e-03 6.908839162298452408e-02 0 0 0 1
1.520621183685263395e+09 -1.238152825928969136e+00 1.441442395041558910e-02 6.632786718738303833e-02 0 0 0 1
1.520621183693596601e+09 -1.236575670977448027e+00 1.909562246250606776e-02 6.377899999871861070e-02 0 0 0 1
1.520621183701929569e+09 -1.234771851962178424e+00 2.404010391971078686e-02 6.120549417631404587e-02 0 0 0 1
1.520621183710263491e+09 -1.233150686707678245e+00 2.888968276736825214e-02 5.869325850461515337e-02 0 0 0 1
1.520621183718596458e+09 -1.231238651521784355e+00 3.360748748889053061e-02 5.630831205577013776e-02 0 0 0 1
1.520621183726929426e+09 -1.229319685622250136e+00 3.863284047688497758e-02 5.392148596445589526e-02 0 0 0 1
1.520621183735262632e+09 -1.227275770280240597e+00 4.346323156493192563e-02 5.171278408567991924e-02 0 0 0 1
1.520621183743596315e+09 -1.225276480246200173e+00 4.840134470415713430e-02 4.952235961091400185e-02 0 0 0 1
1.520621183751929522e+09 -1.223033604951602848e+00 5.333115605298455186e-02 4.745312403048074223e-02 0 0 0 1
1.520621183760263443e+09 -1.220808436145121245e+00 5.828484215150686598e-02 4.544413369836020067e-02 0 0 0 1
1.520621183768596649e+09 -1.218609789080101091e+00 6.360193504246225427e-02 4.346219584768751254e-02 0 0 0 1
1.520621183776929617e+09 -1.216250922234754839e+00 6.869361895134840079e-02 4.161427267890727144e-02 0 0 0 1
1.520621183785262346e+09 -1.213808916567490348e+00 7.373261221385263298e-02 3.979552081559645238e-02 0 0 0 1
1.520621183793596506e+09 -1.211280890726377679e+00 7.875192749110937473e-02 3.811648789503596646e-02 0 0 0 1
1.520621183801929474e+09 -1.208657572039884887e+00 8.427580859774475019e-02 3.621776615082017425e-02 0 0 0 1
1.520621183810263395e+09 -1.205995847061483772e+00 8.952120902041116324e-02 3.446534170232840033e-02 0 0 0 1
1.520621183818596363e+09 -1.203224483257711475e+00 9.478798357404671915e-02 3.281517157252533679e-02 0 0 0 1
1.520621183826929569e+09 -1.200252282972002815e+00 1.000361678509370522e-01 3.131679377153484545e-02 0 0 0 1
1.520621183835263491e+09 -1.197301808458644423e+00 1.052754519741065931e-01 2.970118651744702021e-02 0 0 0 1
1.520621183843596458e+09 -1.194331793042337164e+00 1.108694372888866519e-01 2.821130955788220263e-02 0 0 0 1
1.520621183851929426e+09 -1.191226164159449707e+00 1.161333799820849499e-01 2.660441465225238389e-02 0 0 0 1
1.520621183860262394e+09 -1.188102811839977679e+00 1.215549546928127445e-01 2.513937860271298064e-02 0 0 0 1
1.520621183868596554e+09 -1.184643758822613746e+00 1.269772944450888730e-01 2.378916949467191344e-02 0 0 0 1
1.520621183876929522e+09 -1.181303627691762781e+00 1.327830128979334834e-01 2.236008586857807234e-02 0 0 0 1
1.520621183885263443e+09 -1.177817993298769128e+00 1.383594792413628261e-01 2.103601784308750666e-02 0 0 0 1
1.520621183893596411e+09 -1.173994066312294304e+00 1.441912435514426383e-01 1.975750784011098826e-02 0 0 0 1
1.520621183901929617e+09 -1.170520096081095751e+00 1.496921517037331784e-01 1.865869609022052789e-02 0 0 0 1
1.520621183910262585e+09 -1.166499854976110973e+00 1.551056821657146312e-01 1.758906364964873958e-02 0 0 0 1
1.520621183918596506e+09 -1.162457591886126629e+00 1.608021064900612140e-01 1.654433768766350177e-02 0 0 0 1
1.520621183926929474e+09 -1.158403493460770983e+00 1.664401789250654629e-01 1.553996624523390491e-02 0 0 0 1
1.520621183935263634e+09 -1.154167246416768489e+00 1.721673090891833180e-01 1.462927236179834001e-02 0 0 0 1
1.520621183943596363e+09 -1.149839240718796063e+00 1.777630563356724092e-01 1.386546348504780202e-02 0 0 0 1
1.520621183951929331e+09 -1.145425716504692382e+00 1.832776692180719258e-01 1.313728632651955941e-02 0 0 0 1
1.520621183960263491e+09 -1.140858679361120176e+00 1.888343264467861604e-01 1.245147163561044490e-02 0 0 0 1
1.520621183968596458e+09 -1.136216156772560160e+00 1.943016065618780597e-01 1.182291376447897058e-02 0 0 0 1
1.520621183976929665e+09 -1.131457728923554118e+00 1.998633668461679003e-01 1.135719373911681096e-02 0 0 0 1
1.520621183985262394e+09 -1.126620578069970069e+00 2.053513776115265532e-01 1.092451870896005151e-02 0 0 0 1
1.520621183993596554e+09 -1.121704958177438094e+00 2.106498741160258703e-01 1.057087552983837497e-02 0 0 0 1
1.520621184001929522e+09 -1.116570409820474730e+00 2.161229296066587424e-01 1.031251954741785326e-02 0 0 0 1
1.520621184010263443e+09 -1.111225563419897089e+00 2.214713247328242152e-01 1.013771848667144315e-02 0 0 0 1
1.520621184018596411e+09 -1.105986046873412842e+00 2.267033778722651327e-01 1.005568691029501416e-02 0 0 0 1
1.520621184026929617e+09 -1.100658629393395982e+00 2.320512214464645617e-01 1.003715453932718660e-02 0 0 0 1
1.520621184035262585e+09 -1.094927244076757678e+00 2.370433980975183985e-01 1.015663309445324902e-02 0 0 0 1
1.520621184043596268e+09 -1.089351114687166611e+00 2.422322602821307402e-01 1.037960386977454519e-02 0 0 0 1
1.520621184051929474e+09 -1.083680794411356452e+00 2.473202343462136965e-01 1.065378412514306206e-02 0 0 0 1
1.520621184060263634e+09 -1.077810800846827011e+00 2.523031244471862777e-01 1.104932587480678130e-02 0 0 0 1
1.520621184068596601e+09 -1.071859276658976512e+00 2.572009706198966628e-01 1.152199152394839388e-02 0 0 0 1
1.520621184076929569e+09 -1.065862453735300974e+00 2.621629901545861618e-01 1.206040015007980859e-02 0 0 0 1
1.520621184085263491e+09 -1.059660179688632464e+00 2.669780740816309339e-01 1.275411614833643625e-02 0 0 0 1
1.520621184093596458e+09 -1.053448195269251153e+00 2.717096419056616030e-01 1.345711758646206402e-02 0 0 0 1
1.520621184101929665e+09 -1.047225395751697707e+00 2.764814683405181217e-01 1.415734740483898246e-02 0 0 0 1
1.520621184110262632e+09 -1.040651079093496856e+00 2.811205646294526739e-01 1.488987491500637361e-02 0 0 0 1
1.520621184118596554e+09 -1.034194386594876836e+00 2.857346156677738613e-01 1.570035199957331429e-02 0 0 0 1
1.520621184126929522e+09 -1.027702180806369547e+00 2.904609436632626385e-01 1.648950958807449130e-02 0 0 0 1
1.520621184135263681e+09 -1.020969276313731466e+00 2.948711566456839739e-01 1.724812797634855954e-02 0 0 0 1
1.520621184143596411e+09 -1.014279450535686911e+00 2.994326603588392532e-01 1.806223217470792619e-02 0 0 0 1
1.520621184151929379e+09 -1.007077677760654932e+00 3.038940878156736192e-01 1.880908787289925499e-02 0 0 0 1
1.520621184160262585e+09 -1.000227773833345157e+00 3.082782637755619448e-01 1.965851370745597126e-02 0 0 0 1
1.520621184168596506e+09 -9.933671458157972145e-01 3.126558667779212319e-01 2.060039810280545058e-02 0 0 0 1
1.520621184176929712e+09 -9.861553598735044446e-01 3.170574709020286264e-01 2.132912254056384960e-02 0 0 0 1
1.520621184185263395e+09 -9.789382583980524855e-01 3.210570102884413579e-01 2.218463460282971145e-02 0 0 0 1
1.520621184193596601e+09 -9.715819021954501533e-01 3.255143622610363052e-01 2.302271378396991697e-02 0 0 0 1
1.520621184201929569e+09 -9.639670663078196977e-01 3.295898569138600021e-01 2.388254638881137648e-02 0 0 0 1
1.520621184210263491e+09 -9.564755000169720134e-01 3.337955714358246673e-01 2.474840265450994892e-02 0 0 0 1
1.520621184218596458e+09 -9.488307427044533338e-01 3.377723925263364513e-01 2.565104681431884526e-02 0 0 0 1
1.520621184226929426e+09 -9.410827662368367319e-01 3.417069376229904254e-01 2.654217873163933206e-02 0 0 0 1
1.520621184235262632e+09 -9.331760681897788290e-01 3.457455730729638299e-01 2.738119971353969451e-02 0 0 0 1
1.520621184243596315e+09 -9.253382289990927934e-01 3.497068762009404863e-01 2.822728303717592091e-02 0 0 0 1
1.520621184251929522e+09 -9.173338383126066198e-01 3.531847852673542509e-01 2.915728738493639227e-02 0 0 0 1
1.520621184260263443e+09 -9.096023381447381206e-01 3.570141019935209048e-01 2.985226698820253599e-02 0 0 0 1
1.520621184268596649e+09 -9.015883395141717216e-01 3.606323377495701532e-01 3.071355052692592569e-02 0 0 0 1
1.520621184276929617e+09 -8.933960305103265664e-01 3.641508368868469070e-01 3.163722270369340173e-02 0 0 0 1
1.520621184285262346e+09 -8.854942445189122324e-01 3.676706709860920186e-01 3.247808577952748799e-02 0 0 0 1
1.520621184293596506e+09 -8.773924026402613041e-01 3.711362631888437957e-01 3.329621352862366379e-02 0 0 0 1
1.520621184301929474e+09 -8.689236359400480669e-01 3.742671070113727239e-01 3.416685339610447958e-02 0 0 0 1
1.520621184310263395e+09 -8.609775115978628435e-01 3.774685158022950127e-01 3.509444801086369914e-02 0 0 0 1
1.520621184318596363e+09 -8.527852956936261553e-01 3.806157367820651172e-01 3.594853618099169701e-02 0 0 0 1
1.520621184326929569e+09 -8.442075594547985284e-01 3.839061891925151793e-01 3.693063317495526299e-02 0 0 0 1
1.520621184335263491e+09 -8.360708525604906294e-01 3.863196899454995892e-01 3.804518745034668470e-02 0 0 0 1
1.520621184343596458e+09 -8.279215118991483102e-01 3.889184886967481658e-01 3.897466863314535956e-02 0 0 0 1
1.520621184351929426e+09 -8.197294208728265197e-01 3.915767911936329781e-01 4.007833167100716132e-02 0 0 0 1
1.520621184360262394e+09 -8.113404435753402977e-01 3.939117212352138964e-01 4.115819236496287559e-02 0 0 0 1
1.520621184368596554e+09 -8.029364393969825597e-01 3.961296296024571229e-01 4.226666448011195953e-02 0 0 0 1
1.520621184376929522e+09 -7.946063800523430753e-01 3.982881843015619872e-01 4.347681738572095611e-02 0 0 0 1
1.520621184385263443e+09 -7.862359738060826775e-01 4.002850412038883587e-01 4.465227247285663559e-02 0 0 0 1
1.520621184393596411e+09 -7.778346300185697837e-01 4.018812392731261895e-01 4.590977189274059178e-02 0 0 0 1
1.520621184401929617e+09 -7.694825063448555991e-01 4.037253001364253246e-01 4.708970842043735949e-02 0 0 0 1
1.520621184410262585e+09 -7.610042107315402315e-01 4.053237938238950511e-01 4.835658268013953709e-02 0 0 0 1
1.520621184418596506e+09 -7.524609926157272977e-01 4.072087030928286389e-01 4.944968025736740103e-02 0 0 0 1
1.520621184426929474e+09 -7.441176176723151015e-01 4.079689931659440383e-01 5.085251649056576895e-02 0 0 0 1
1.520621184435263634e+09 -7.354305806260147405e-01 4.095767311102904706e-01 5.208514675243480774e-02 0 0 0 1
1.520621184443596363e+09 -7.269935046663912326e-01 4.099871618248120964e-01 5.346044134446259477e-02 0 0 0 1
1.520621184451929331e+09 -7.184176921792577719e-01 4.107793336546883833e-01 5.486075111442745289e-02 0 0 0 1
1.520621184460263491e+09 -7.099162139505409419e-01 4.114580694817739359e-01 5.612572566592599621e-02 0 0 0 1
1.520621184468596458e+09 -7.012742763772540355e-01 4.121056543113454373e-01 5.745559758841678466e-02 0 0 0 1
1.520621184476929665e+09 -6.927875204817099952e-01 4.125721679080166515e-01 5.873583296851836444e-02 0 0 0 1
1.520621184485262394e+09 -6.840941351512561663e-01 4.131778463282667624e-01 6.005331214453657473e-02 0 0 0 1
1.520621184493596554e+09 -6.754847302405235787e-01 4.133239555318179437e-01 6.126736725473391765e-02 0 0 0 1
1.520621184501929522e+09 -6.668454506972240070e-01 4.134981074133110002e-01 6.245825704572083303e-02 0 0 0 1
1.520621184510263443e+09 -6.581562798311912932e-01 4.135441856023284179e-01 6.366124405100448413e-02 0 0 0 1
1.520621184518596411e+09 -6.494046189665857449e-01 4.134002183818961118e-01 6.490340732957977643e-02 0 0 0 1
1.520621184526929617e+09 -6.406677614798509390e-01 4.132263199853890012e-01 6.605921416099413968e-02 0 0 0 1
1.520621184535262585e+09 -6.319058191978481620e-01 4.128704522659379927e-01 6.722787160732268674e-02 0 0 0 1
1.520621184543596268e+09 -6.231973533900633244e-01 4.123558693240705897e-01 6.836981299369560006e-02 0 0 0 1
1.520621184551929474e+09 -6.141642913916589563e-01 4.118775229896539103e-01 6.963269284768847101e-02 0 0 0 1
1.520621184560263634e+09 -6.053089627452615806e-01 4.107989934585238867e-01 7.079731140630030062e-02 0 0 0 1
1.520621184568596601e+09 -5.962702788677125554e-01 4.099913156106542722e-01 7.199866008049671251e-02 0 0 0 1
1.520621184576929569e+09 -5.872665928655484979e-01 4.090868685220914736e-01 7.327173876691217558e-02 0 0 0 1
1.520621184585263491e+09 -5.780959279260906580e-01 4.079796240200585511e-01 7.457601700832539038e-02 0 0 0 1
1.520621184593596458e+09 -5.688781322679956620e-01 4.067244388821316670e-01 7.579333173849089889e-02 0 0 0 1
1.520621184601929665e+09 -5.596500903076168099e-01 4.051145384300983698e-01 7.717783267983402418e-02 0 0 0 1
1.520621184610262632e+09 -5.503424222740264105e-01 4.037135439690891503e-01 7.852490684306001612e-02 0 0 0 1
1.520621184618596554e+09 -5.409405404621558944e-01 4.018296329350996565e-01 7.993461808205304386e-02 0 0 0 1
1.520621184626929522e+09 -5.316318734707989879e-01 4.001853228884967861e-01 8.143378331065842524e-02 0 0 0 1
1.520621184635263681e+09 -5.221881922689882716e-01 3.982462412110884253e-01 8.305993576239023568e-02 0 0 0 1
1.520621184643596411e+09 -5.126582028107672384e-01 3.961287046280167479e-01 8.473276329101575577e-02 0 0 0 1
1.520621184651929379e+09 -5.030361246091994420e-01 3.943572351610028504e-01 8.638949327625877750e-02 0 0 0 1
1.520621184660262585e+09 -4.935185193124204117e-01 3.923689105204600236e-01 8.825373402730418704e-02 0 0 0 1
1.520621184668596506e+09 -4.839143565166533212e-01 3.900221838291288989e-01 9.027025088928808394e-02 0 0 0 1
1.520621184676929712e+09 -4.743058648895750462e-01 3.870670014242414414e-01 9.246313418530838213e-02 0 0 0 1
1.520621184685263395e+09 -4.644077525346130275e-01 3.849914391353039811e-01 9.459798456755952323e-02 0 0 0 1
1.520621184693596601e+09 -4.548194273419065015e-01 3.820399160384158610e-01 9.696339116176422301e-02 0 0 0 1
1.520621184701929569e+09 -4.449918026066274623e-01 3.793191568818620740e-01 9.947457250827373976e-02 0 0 0 1
1.520621184710263491e+09 -4.351319841860261661e-01 3.768932954111612887e-01 1.019682927386107441e-01 0 0 0 1
1.520621184718596458e+09 -4.253272931674809132e-01 3.739423210730225544e-01 1.048184795121080981e-01 0 0 0 1
1.520621184726929426e+09 -4.154380022700732700e-01 3.710508878540951239e-01 1.076035714545551247e-01 0 0 0 1
1.520621184735262632e+09 -4.055977150326907088e-01 3.683897392300273244e-01 1.106541678449386445e-01 0 0 0 1
1.520621184743596315e+09 -3.956373319639399644e-01 3.653634651791621835e-01 1.138001265430486075e-01 0 0 0 1
1.520621184751929522e+09 -3.857329926065213854e-01 3.625115593865967933e-01 1.170537371647895064e-01 0 0 0 1
1.520621184760263443e+09 -3.758191470975894566e-01 3.594321955383677492e-01 1.203606682058226962e-01 0 0 0 1
1.520621184768596649e+09 -3.658968888278745224e-01 3.568103597615228662e-01 1.236939991718097875e-01 0 0 0 1
1.520621184776929617e+09 -3.560184169814021304e-01 3.536791731740805966e-01 1.273892622284311660e-01 0 0 0 1
1.520621184785262346e+09 -3.461454410081588606e-01 3.504388483614477301e-01 1.312343170253602587e-01 0 0 0 1
1.520621184793596506e+09 -3.363892765544961860e-01 3.474324701022221684e-01 1.350665511335220614e-01 0 0 0 1
1.520621184801929474e+09 -3.265601430055213861e-01 3.441649165525100251e-01 1.390284765033635850e-01 0 0 0 1
1.520621184810263395e+09 -3.168475838710316239e-01 3.410661199530507504e-01 1.431352652294897165e-01 0 0 0 1
1.520621184818596363e+09 -3.070977904071500175e-01 3.378506659510066013e-01 1.474197076844319110e-01 0 0 0 1
1.520621184826929569e+09 -2.973944844720541880e-01 3.347868278576006662e-01 1.517019114917073086e-01 0 0 0 1
1.520621184835263491e+09 -2.877107605192287809e-01 3.315572400467886038e-01 1.561624842968807325e-01 0 0 0 1
1.520621184843596458e+09 -2.780157307309101267e-01 3.284046683971477698e-01 1.607718691392494570e-01 0 0 0 1
1.520621184851929426e+09 -2.683519734558992842e-01 3.253336285482329449e-01 1.654194925486023315e-01 0 0 0 1
1.520621184860262394e+09 -2.586925969457372076e-01 3.222708447683935162e-01 1.701856049559320461e-01 0 0 0 1
1.520621184868596554e+09 -2.490723723378772680e-01 3.192150058117048106e-01 1.750013210483500892e-01 0 0 0 1
1.520621184876929522e+09 -2.395038921647006935e-01 3.163624355881319850e-01 1.797576917980217015e-01 0 0 0 1
1.520621184885263443e+09 -2.301785259885191226e-01 3.129759113752788591e-01 1.848352404401467641e-01 0 0 0 1
1.520621184893596411e+09 -2.206389166956680969e-01 3.103646132538629976e-01 1.896501240916492748e-01 0 0 0 1
1.520621184901929617e+09 -2.112270858637853577e-01 3.071982971004044161e-01 1.946929789796476573e-01 0 0 0 1
1.520621184910262585e+09 -2.017766451115899362e-01 3.042495693535970380e-01 1.997240651903053887e-01 0 0 0 1
1.520621184918596506e+09 -1.923805244671346060e-01 3.017371901027390835e-01 2.045320412942459587e-01 0 0 0 1
1.520621184926929474e+09 -1.832521191594498888e-01 2.985371076248605759e-01 2.096366683122703467e-01 0 0 0 1
1.520621184935263634e+09 -1.741109990201753499e-01 2.960684241888083545e-01 2.144748397064806245e-01 0 0 0 1
1.520621184943596363e+09 -1.649484065720357995e-01 2.934010164615806771e-01 2.193724560531569168e-01 0 0 0 1
1.520621184951929331e+09 -1.558256964867649197e-01 2.908875365339217423e-01 2.242602019577595307e-01 0 0 0 1
1.520621184960263491e+09 -1.467404133767059582e-01 2.883341662327217891e-01 2.291400800024692153e-01 0 0 0 1
1.520621184968596458e+09 -1.377206551377702648e-01 2.857924725402359312e-01 2.338209330207681180e-01 0 0 0 1
1.520621184976929665e+09 -1.285898924104824648e-01 2.833797522540315583e-01 2.385542860735834214e-01 0 0 0 1
1.520621184985262394e+09 -1.197430365335965807e-01 2.804951297278426847e-01 2.433382478806858096e-01 0 0 0 1
1.520621184993596554e+09 -1.106602856415591640e-01 2.781365756903326214e-01 2.479506383798395497e-01 0 0 0 1
1.520621185001929522e+09 -1.017069372780158298e-01 2.757396322906375263e-01 2.525491073711838563e-01 0 0 0 1
1.520621185010263443e+09 -9.275420447261240042e-02 2.736376303428140200e-01 2.568695693077382991e-01 0 0 0 1
1.520621185018596411e+09 -8.385661128061361325e-02 2.709955328762240212e-01 2.612415419991451770e-01 0 0 0 1
1.520621185026929617e+09 -7.505611087668012660e-02 2.690134474584803259e-01 2.656442664515747953e-01 0 0 0 1
1.520621185035262585e+09 -6.621645753759120012e-02 2.665789233563626848e-01 2.699242314434819878e-01 0 0 0 1
1.520621185043596268e+09 -5.727113900541030977e-02 2.648797459692529555e-01 2.739664744948993036e-01 0 0 0 1
1.520621185051929474e+09 -4.849289639140658137e-02 2.626851260828828027e-01 2.780265819671243754e-01 0 0 0 1
1.520621185060263634e+09 -3.968822870717891860e-02 2.607647895666364568e-01 2.820514094751396250e-01 0 0 0 1
1.520621185068596601e+09 -3.098360065043714862e-02 2.585749681951577950e-01 2.860853946370331968e-01 0 0 0 1
1.520621185076929569e+09 -2.204311555877191964e-02 2.568886987882041395e-01 2.897745699566685040e-01 0 0 0 1
1.520621185085263491e+09 -1.315224657290986476e-02 2.554910996376893451e-01 2.934321922113969361e-01 0 0 0 1
1.520621185093596458e+09 -4.178073485013478194e-03 2.536394062488653844e-01 2.970524823434148587e-01 0 0 0 1
1.520621185101929665e+09 4.633157560563871957e-03 2.520388946304344957e-01 3.004745441508445136e-01 0 0 0 1
1.520621185110262632e+09 1.344369713046295045e-02 2.505801248350868482e-01 3.037828159223958657e-01 0 0 0 1
1.520621185118596554e+09 2.217161995176841760e-02 2.488931780385516546e-01 3.071175982954412742e-01 0 0 0 1
1.520621185126929522e+09 3.093143226336392271e-02 2.475002312465065524e-01 3.100634941814213175e-01 0 0 0 1
1.520621185135263681e+09 3.983176452956438407e-02 2.459984559766376089e-01 3.130676928696036754e-01 0 0 0 1
1.520621185143596411e+09 4.878667882218945540e-02 2.449242221085187188e-01 3.157291830049075987e-01 0 0 0 1
1.520621185151929379e+09 5.745714940545187943e-02 2.433475544442436078e-01 3.186458807638541391e-01 0 0 0 1
1.520621185160262585e+09 6.650001205405176030e-02 2.423198918967696680e-01 3.209612188352672923e-01 0 0 0 1
1.520621185168596506e+09 7.519812649578638819e-02 2.409031853619296726e-01 3.235102089631820554e-01 0 0 0 1
1.520621185176929712e+09 8.407551559243953143e-02 2.398354505563531913e-01 3.258003358808843064e-01 0 0 0 1
1.520621185185263395e+09 9.317471372363883564e-02 2.387370161808637925e-01 3.280569073115047196e-01 0 0 0 1
1.520621185193596601e+09 1.020182553297326322e-01 2.379332117078681863e-01 3.299961278948617682e-01 0 0 0 1
1.520621185201929569e+09 1.111881418007674149e-01 2.372675423805769568e-01 3.317962343329674546e-01 0 0 0 1
1.520621185210263491e+09 1.200193857450589929e-01 2.361989648033762101e-01 3.335662865259225729e-01 0 0 0 1
1.520621185218596458e+09 1.290722047241321668e-01 2.353658357514216704e-01 3.352013821938617522e-01 0 0 0 1
1.520621185226929426e+09 1.378892479024870221e-01 2.345541919932796482e-01 3.366184375717764521e-01 0 0 0 1
1.520621185235262632e+09 1.470760911259756387e-01 2.341407760654842796e-01 3.378803940841015319e-01 0 0 0 1
1.520621185243596315e+09 1.560798656070206958e-01 2.334221309470694838e-01 3.390345007084056839e-01 0 0 0 1
1.520621185251929522e+09 1.650356435060889027e-01 2.329807131314510782e-01 3.398748036144270124e-01 0 0 0 1
1.520621185260263443e+09 1.740215392867139332e-01 2.329132676258174328e-01 3.406060866237399232e-01 0 0 0 1
1.520621185268596649e+09 1.831411543956029675e-01 2.324778957721757577e-01 3.413508434680805337e-01 0 0 0 1
1.520621185276929617e+09 1.919908347322027975e-01 2.320832318679726947e-01 3.418468926839637323e-01 0 0 0 1
1.520621185285262346e+09 2.011367989975808568e-01 2.322929782939215926e-01 3.420365764879065296e-01 0 0 0 1
1.520621185293596506e+09 2.100571861218607506e-01 2.321143848275654675e-01 3.422637496481424346e-01 0 0 0 1
1.520621185301929474e+09 2.190722668491070779e-01 2.322187060229168321e-01 3.423082872394935805e-01 0 0 0 1
1.520621185310263395e+09 2.279982609438570007e-01 2.324614836826820463e-01 3.422741100380886081e-01 0 0 0 1
1.520621185318596363e+09 2.371568097627861915e-01 2.322870178579748424e-01 3.422215222438544924e-01 0 0 0 1
1.520621185326929569e+09 2.460209384933483845e-01 2.327771326180600453e-01 3.416875697319841088e-01 0 0 0 1
1.520621185335263491e+09 2.549893637825937365e-01 2.329035441495282410e-01 3.412680683660969105e-01 0 0 0 1
1.520621185343596458e+09 2.638666040008996738e-01 2.335971663010732446e-01 3.404041843960279312e-01 0 0 0 1
1.520621185351929426e+09 2.727286953520807744e-01 2.341304541040739040e-01 3.395484821002214826e-01 0 0 0 1
1.520621185360262394e+09 2.815531714550219000e-01 2.342994344072522606e-01 3.387944812143754980e-01 0 0 0 1
1.520621185368596554e+09 2.902810938590996148e-01 2.352772550649759875e-01 3.375036782492264464e-01 0 0 0 1
1.520621185376929522e+09 2.989267696094110027e-01 2.359306648632378822e-01 3.362474144987102065e-01 0 0 0 1
1.520621185385263443e+09 3.076235985088934255e-01 2.367117948720401377e-01 3.349069036647414066e-01 0 0 0 1
1.520621185393596411e+09 3.165480210567129804e-01 2.374682421464420212e-01 3.333179982733456281e-01 0 0 0 1
1.520621185401929617e+09 3.249405237855244044e-01 2.379448586635554697e-01 3.321637900184069014e-01 0 0 0 1
1.520621185410262585e+09 3.334515477317371301e-01 2.393424083697002214e-01 3.301116753975390505e-01 0 0 0 1
1.520621185418596506e+09 3.420813897115400071e-01 2.402663044536674231e-01 3.282251515781304807e-01 0 0 0 1
1.520621185426929474e+09 3.501076414827702932e-01 2.415553492232661581e-01 3.261201680203946740e-01 0 0 0 1
1.520621185435263634e+09 3.581196764872486282e-01 2.430908233302178090e-01 3.240421921360390201e-01 0 0 0 1
1.520621185443596363e+09 3.673198992216141212e-01 2.434292081492241966e-01 3.221521238371494178e-01 0 0 0 1
1.520621185451929331e+09 3.755854512465898187e-01 2.445258516983869757e-01 3.198190018296265258e-01 0 0 0 1
1.520621185460263491e+09 3.832309675655726222e-01 2.464011143042580954e-01 3.173961258854798295e-01 0 0 0 1
1.520621185468596458e+09 3.920677739087702340e-01 2.468000299206417614e-01 3.149983650767920196e-01 0 0 0 1
1.520621185476929665e+09 4.001553455788018354e-01 2.479507989511347543e-01 3.124777968144945017e-01 0 0 0 1
1.520621185485262394e+09 4.077237672947554570e-01 2.499776845366894484e-01 3.097369156875757756e-01 0 0 0 1
1.520621185493596554e+09 4.163630454430921057e-01 2.502001821900188272e-01 3.071968554038495558e-01 0 0 0 1
1.520621185501929522e+09 4.234092313431622179e-01 2.524920868378859873e-01 3.039943831947042874e-01 0 0 0 1
1.520621185510263443e+09 4.320510593380145759e-01 2.530551778174572886e-01 3.014856539520873735e-01 0 0 0 1
1.520621185518596411e+09 4.393675802319725321e-01 2.547853616566496116e-01 2.980322790840546077e-01 0 0 0 1
1.520621185526929617e+09 4.472466360511111461e-01 2.561066078888060149e-01 2.950776496894382817e-01 0 0 0 1
1.520621185535262585e+09 4.548701545112637801e-01 2.578752815002063881e-01 2.919980192532323215e-01 0 0 0 1
1.520621185543596268e+09 4.624124687296632397e-01 2.589418715076722277e-01 2.887130650577476310e-01 0 0 0 1
1.520621185551929474e+09 4.700255578544959567e-01 2.602900852374910312e-01 2.854175119299677821e-01 0 0 0 1
1.520621185560263634e+09 4.772938122976242425e-01 2.619325121651517319e-01 2.821289039933130294e-01 0 0 0 1
1.520621185568596601e+09 4.846617628377004605e-01 2.632964759657616116e-01 2.786555356483133572e-01 0 0 0 1
1.520621185576929569e+09 4.918560913077593133e-01 2.652269546042597126e-01 2.752225810598547540e-01 0 0 0 1
1.520621185585263491e+09 4.990209029914717265e-01 2.667739039737881401e-01 2.717778563442676543e-01 0 0 0 1
1.520621185593596458e+09 5.062457881013866512e-01 2.679916453465057136e-01 2.684268098800182134e-01 0 0 0 1
1.520621185601929665e+09 5.132978930440997845e-01 2.696410915254603968e-01 2.649440181220235058e-01 0 0 0 1
1.520621185610262632e+09 5.204317955101011028e-01 2.712074440691826793e-01 2.615594399203349241e-01 0 0 0 1
1.520621185618596554e+09 5.273103464518108519e-01 2.727392513114932915e-01 2.580624891334852844e-01 0 0 0 1
1.520621185626929522e+09 5.338958772707903533e-01 2.741379656469738468e-01 2.544715692961676545e-01 0 0 0 1
1.520621185635263681e+09 5.407123582332574729e-01 2.756253187187727716e-01 2.509873200637720014e-01 0 0 0 1
1.520621185643596411e+09 5.472521322919204900e-01 2.770775614497841821e-01 2.474015206154456248e-01 0 0 0 1
1.520621185651929379e+09 5.536521162195960910e-01 2.782622353036831586e-01 2.437984451025061450e-01 0 0 0 1
1.520621185660262585e+09 5.602015119058468828e-01 2.796165081795117802e-01 2.404006992796143827e-01 0 0 0 1
1.520621185668596506e+09 5.666155289499384962e-01 2.808713011872787657e-01 2.369434077043723885e-01 0 0 0 1
1.520621185676929712e+09 5.729792849321392323e-01 2.820376875363967972e-01 2.335560170721835416e-01 0 0 0 1
1.520621185685263395e+09 5.792626530094912018e-01 2.831032728017602862e-01 2.302372377720742769e-01 0 0 0 1
1.520621185693596601e+09 5.854931026558415352e-01 2.841107550898893663e-01 2.270638772049300425e-01 0 0 0 1
1.520621185701929569e+09 5.916828107381010282e-01 2.850670593970596189e-01 2.239432296842702730e-01 0 0 0 1
1.520621185710263491e+09 5.977336101171258909e-01 2.860335834976139302e-01 2.209236540892882683e-01 0 0 0 1
1.520621185718596458e+09 6.037663316115783330e-01 2.869351388716137596e-01 2.180370201160750643e-01 0 0 0 1
1.520621185726929426e+09 6.096443528322254002e-01 2.874512955499574085e-01 2.151653924605683166e-01 0 0 0 1
1.520621185735262632e+09 6.154994375080592439e-01 2.879828500756220766e-01 2.124312948505451271e-01 0 0 0 1
1.520621185743596315e+09 6.214339499386235532e-01 2.883410278428726881e-01 2.098904324618942052e-01 0 0 0 1
1.520621185751929522e+09 6.270630575481380697e-01 2.886419381744161350e-01 2.073908144943539256e-01 0 0 0 1
1.520621185760263443e+09 6.329442927761567139e-01 2.890573383852096390e-01 2.052890185952584989e-01 0 0 0 1
1.520621185768596649e+09 6.383862187896197637e-01 2.888488472788036665e-01 2.029114760320815947e-01 0 0 0 1
1.520621185776929617e+09 6.439858765435698684e-01 2.888860473883878011e-01 2.009230988771031345e-01 0 0 0 1
1.520621185785262346e+09 6.492186661660263036e-01 2.884536534866072865e-01 1.987778112257170271e-01 0 0 0 1
1.520621185793596506e+09 6.549475291666141397e-01 2.881392760180470081e-01 1.972353582373278513e-01 0 0 0 1
1.520621185801929474e+09 6.601694951773587894e-01 2.875751039829344546e-01 1.955059221039614492e-01 0 0 0 1
1.520621185810263395e+09 6.654083149742572312e-01 2.865673651566650881e-01 1.938994104016593667e-01 0 0 0 1
1.520621185818596363e+09 6.702770839169353012e-01 2.860241797880485048e-01 1.922173907279538518e-01 0 0 0 1
1.520621185826929569e+09 6.755719138263257539e-01 2.845032500389141905e-01 1.910669176448720474e-01 0 0 0 1
1.520621185835263491e+09 6.802646845375973639e-01 2.835711848646366162e-01 1.896336443242787606e-01 0 0 0 1
1.520621185843596458e+09 6.851459376752969677e-01 2.819769856092458338e-01 1.884847508144966710e-01 0 0 0 1
1.520621185851929426e+09 6.899548626092332215e-01 2.802746383060992774e-01 1.874975547498833883e-01 0 0 0 1
1.520621185860262394e+09 6.946584075608709385e-01 2.784054221596998779e-01 1.866167752292298143e-01 0 0 0 1
1.520621185868596554e+09 6.995456102876788096e-01 2.759633049916840886e-01 1.861069034425690827e-01 0 0 0 1
1.520621185876929522e+09 7.040182511984914848e-01 2.738152371264940266e-01 1.854815075674360880e-01 0 0 0 1
1.520621185885263443e+09 7.086019686088168568e-01 2.711396474264580192e-01 1.850939606646404556e-01 0 0 0 1
1.520621185893596411e+09 7.129604288869902939e-01 2.685172687422834881e-01 1.847493269199407262e-01 0 0 0 1
1.520621185901929617e+09 7.169043503740643031e-01 2.659815257062140281e-01 1.843918701458300280e-01 0 0 0 1
1.520621185910262585e+09 7.212169993177869332e-01 2.626201113331016468e-01 1.845355404955726364e-01 0 0 0 1
1.520621185918596506e+09 7.250663539702862925e-01 2.594443862083142260e-01 1.846267382025872372e-01 0 0 0 1
1.520621185926929474e+09 7.288987759238286790e-01 2.558903136400538236e-01 1.847756766087773617e-01 0 0 0 1
1.520621185935263634e+09 7.325232374779734323e-01 2.521921517961699388e-01 1.851740744364032132e-01 0 0 0 1
1.520621185943596363e+09 7.357838844150891289e-01 2.485492304225374038e-01 1.855575503338193766e-01 0 0 0 1
1.520621185951929331e+09 7.391454052949016917e-01 2.444184550635441489e-01 1.863047811031675050e-01 0 0 0 1
1.520621185960263491e+09 7.426055550179165854e-01 2.396460972470817463e-01 1.874106654283671514e-01 0 0 0 1
1.520621185968596458e+09 7.456796063936280694e-01 2.350480793720307049e-01 1.885198810988792939e-01 0 0 0 1
1.520621185976929665e+09 7.483268540965045679e-01 2.305721867022276217e-01 1.896076736057883405e-01 0 0 0 1
1.520621185985262394e+09 7.512256156905897653e-01 2.252847089222939636e-01 1.911731831349925415e-01 0 0 0 1
1.520621185993596554e+09 7.539784298775237259e-01 2.199612008105690242e-01 1.928369514814904928e-01 0 0 0 1
1.520621186001929522e+09 7.563992044772508416e-01 2.145839476322177752e-01 1.945777975738660626e-01 0 0 0 1
1.520621186010263443e+09 7.587646362634933306e-01 2.088820446664401143e-01 1.964818103105747671e-01 0 0 0 1
1.520621186018596411e+09 7.608099930278203749e-01 2.031744086588029852e-01 1.985493170714713873e-01 0 0 0 1
1.520621186026929617e+09 7.628210132690785850e-01 1.968795037914956025e-01 2.007391513015230888e-01 0 0 0 1
1.520621186035262585e+09 7.647142708465547445e-01 1.905732633592930880e-01 2.030260250739861494e-01 0 0 0 1
1.520621186043596268e+09 7.664562300246774429e-01 1.842392585054539733e-01 2.055053939908406679e-01 0 0 0 1
1.520621186051929474e+09 7.680148989476690558e-01 1.778314969450215388e-01 2.080676520061097712e-01 0 0 0 1
1.520621186060263634e+09 7.695054265133781657e-01 1.710419809294675408e-01 2.107631519997004155e-01 0 0 0 1
1.520621186068596601e+09 7.707694528398291167e-01 1.643267991790378080e-01 2.135713571200381633e-01 0 0 0 1
1.520621186076929569e+09 7.718041046076765666e-01 1.572333370539013009e-01 2.163477914682356840e-01 0 0 0 1
1.520621186085263491e+09 7.726001947960233762e-01 1.502324328933882791e-01 2.192253303548303833e-01 0 0 0 1
1.520621186093596458e+09 7.735738133043127407e-01 1.426294433596771993e-01 2.222974889022937273e-01 0 0 0 1
1.520621186101929665e+09 7.741985827804142017e-01 1.353386901484667781e-01 2.253282322606251498e-01 0 0 0 1
1.520621186110262632e+09 7.747739615098040433e-01 1.276620303226146946e-01 2.284817139807175934e-01 0 0 0 1
1.520621186118596554e+09 7.750914971625749716e-01 1.203375119314462616e-01 2.316713034176096642e-01 0 0 0 1
1.520621186126929522e+09 7.753314897935003058e-01 1.125659757702006658e-01 2.349120303259721876e-01 0 0 0 1
1.520621186135263681e+09 7.752793065214481638e-01 1.051833692530432796e-01 2.381875669426101183e-01 0 0 0 1
1.520621186143596411e+09 7.753727827326449829e-01 9.723857440856509271e-02 2.415858618141464298e-01 0 0 0 1
1.520621186151929379e+09 7.749318593900685892e-01 8.989889077144141982e-02 2.449708720228069847e-01 0 0 0 1
1.520621186160262585e+09 7.745863868635870508e-01 8.178903570361595321e-02 2.483689713145724731e-01 0 0 0 1
1.520621186168596506e+09 7.740914338113208393e-01 7.432195963090293400e-02 2.519780323829519109e-01 0 0 0 1
1.520621186176929712e+09 7.734657647398189839e-01 6.667476094585567115e-02 2.557282192301038037e-01 0 0 0 1
1.520621186185263395e+09 7.718026435708059685e-01 5.945481726751700169e-02 2.591438329339132984e-01 0 0 0 1
1.520621186193596601e+09 7.708549257734856885e-01 5.157727259974231870e-02 2.625983141049126335e-01 0 0 0 1
1.520621186201929569e+09 7.690750993831084736e-01 4.384659559374182169e-02 2.660527560598964225e-01 0 0 0 1
1.520621186210263491e+09 7.679809911037452919e-01 3.642247031287482173e-02 2.697915403992423578e-01 0 0 0 1
1.520621186218596458e+09 7.659667741247190298e-01 2.877319051070759137e-02 2.731456546572406108e-01 0 0 0 1
1.520621186226929426e+09 7.643900300623954758e-01 2.107671017098711186e-02 2.767892036970824865e-01 0 0 0 1
1.520621186235262632e+09 7.615875024555819328e-01 1.452165710649433450e-02 2.798741539859641581e-01 0 0 0 1
1.520621186243596315e+09 7.597615467751855922e-01 6.485315125414614634e-03 2.835604611741175951e-01 0 0 0 1
1.520621186251929522e+09 7.573210169140890402e-01 -9.469043880754313136e-04 2.868915701736980406e-01 0 0 0 1
1.520621186260263443e+09 7.549024185148910382e-01 -8.724694997162329990e-03 2.902186201786063346e-01 0 0 0 1
1.520621186268596649e+09 7.518252992611927921e-01 -1.616821162209425289e-02 2.935167053696094985e-01 0 0 0 1
1.520621186276929617e+09 7.486619930536403400e-01 -2.313978205945899091e-02 2.964840633434344674e-01 0 0 0 1
1.520621186285262346e+09 7.461560485796404629e-01 -3.086308906192292145e-02 3.000725035451026201e-01 0 0 0 1
1.520621186293596506e+09 7.427797081756276620e-01 -3.852993457661668675e-02 3.031178325466088452e-01 0 0 0 1
1.520621186301929474e+09 7.391823180824826922e-01 -4.642924616609478417e-02 3.059186631388057798e-01 0 0 0 1
1.520621186310263395e+09 7.354457647492401717e-01 -5.264133092107592393e-02 3.085555845787963936e-01 0 0 0 1
1.520621186318596363e+09 7.321863135706964121e-01 -6.061008479865959142e-02 3.116025957488235409e-01 0 0 0 1
1.520621186326929569e+09 7.278660399186404062e-01 -6.774372622233049146e-02 3.140511505926804059e-01 0 0 0 1
1.520621186335263491e+09 7.239766871767036038e-01 -7.456367199233582266e-02 3.168268106456746391e-01 0 0 0 1
1.520621186343596458e+09 7.198979686634842112e-01 -8.193589583132376841e-02 3.195324046068988011e-01 0 0 0 1
1.520621186351929426e+09 7.158389465246476346e-01 -8.934058620773066561e-02 3.220925171929864828e-01 0 0 0 1
1.520621186360262394e+09 7.112628901811736126e-01 -9.652626473935399520e-02 3.244605196718377549e-01 0 0 0 1
1.520621186368596554e+09 7.069228050666188645e-01 -1.034644246870883855e-01 3.268373305396343742e-01 0 0 0 1
1.520621186376929522e+09 7.024271049301896719e-01 -1.106780344947677630e-01 3.290109975032349254e-01 0 0 0 1
1.520621186385263443e+09 6.975577446125941217e-01 -1.176830985362712356e-01 3.311938559468758925e-01 0 0 0 1
1.520621186393596411e+09 6.925876515220336094e-01 -1.245408071814563256e-01 3.331922052204487894e-01 0 0 0 1
1.520621186401929617e+09 6.872818171801707843e-01 -1.309117554439021003e-01 3.350513575158109436e-01 0 0 0 1
1.520621186410262585e+09 6.821098217073894299e-01 -1.376888911287639239e-01 3.368297410539125014e-01 0 0 0 1
1.520621186418596506e+09 6.769029526581552547e-01 -1.444903055743563813e-01 3.384395339989754170e-01 0 0 0 1
1.520621186426929474e+09 6.715620133529988101e-01 -1.512192147684847665e-01 3.400088696052663284e-01 0 0 0 1
1.520621186435263634e+09 6.661956932797873376e-01 -1.573870064025549853e-01 3.414594715114267487e-01 0 0 0 1
1.520621186443596363e+09 6.605471520365086002e-01 -1.641239022413151227e-01 3.424495601587214111e-01 0 0 0 1
1.520621186451929331e+09 6.546735811341691802e-01 -1.700595047704124285e-01 3.436750499844041240e-01 0 0 0 1
1.520621186460263491e+09 6.489614094691867896e-01 -1.764924453959486605e-01 3.445301078379325865e-01 0 0 0 1
1.520621186468596458e+09 6.433589581577837668e-01 -1.826772902202428162e-01 3.453260551264623057e-01 0 0 0 1
1.520621186476929665e+09 6.375090810361180305e-01 -1.886483655626218781e-01 3.462397579795730707e-01 0 0 0 1
1.520621186485262394e+09 6.309291175407732988e-01 -1.946587694356231024e-01 3.461716195737949420e-01 0 0 0 1
1.520621186493596554e+09 6.251704663497589243e-01 -2.007446826407436324e-01 3.466057127692210305e-01 0 0 0 1
1.520621186501929522e+09 6.189420427168287331e-01 -2.067516951791494861e-01 3.467854630098792246e-01 0 0 0 1
1.520621186510263443e+09 6.125712468211977901e-01 -2.125310917931944044e-01 3.467074805670378179e-01 0 0 0 1
1.520621186518596411e+09 6.059750827315898425e-01 -2.173288247724949329e-01 3.464744691261365528e-01 0 0 0 1
1.520621186526929617e+09 5.985254941439069887e-01 -2.220143187887563263e-01 3.451609379510685027e-01 0 0 0 1
1.520621186535262585e+09 5.919728737100077298e-01 -2.276374595340564522e-01 3.445815649641692513e-01 0 0 0 1
1.520621186543596268e+09 5.855999304931133187e-01 -2.325943848140442638e-01 3.441717565155064662e-01 0 0 0 1
1.520621186551929474e+09 5.786728804103021817e-01 -2.377494780759985549e-01 3.440391746044890731e-01 0 0 0 1
1.520621186560263634e+09 5.719538140553767080e-01 -2.425267770299532888e-01 3.428258434264495058e-01 0 0 0 1
1.520621186568596601e+09 5.666039408876454297e-01 -2.483067797060621862e-01 3.421533322928087539e-01 0 0 0 1
1.520621186576929569e+09 5.592641750633716713e-01 -2.533568407054761495e-01 3.406044572758299971e-01 0 0 0 1
1.520621186585263491e+09 5.519172741870111976e-01 -2.575901760738112944e-01 3.388916018173293576e-01 0 0 0 1
1.520621186593596458e+09 5.448093245099631110e-01 -2.621211142028908592e-01 3.373498203645493021e-01 0 0 0 1
1.520621186601929665e+09 5.378606399075679390e-01 -2.671084522586587573e-01 3.357769219102937353e-01 0 0 0 1
1.520621186610262632e+09 5.307475078707689642e-01 -2.714917484054699681e-01 3.340544288358018310e-01 0 0 0 1
1.520621186618596554e+09 5.236462609317623640e-01 -2.756483327356916702e-01 3.320611961763109132e-01 0 0 0 1
1.520621186626929522e+09 5.164592853123132210e-01 -2.797824441188142552e-01 3.299873810008013830e-01 0 0 0 1
1.520621186635263681e+09 5.096128672193036557e-01 -2.838033077216151057e-01 3.277654139899766061e-01 0 0 0 1
1.520621186643596411e+09 5.014800588147966254e-01 -2.868406322763279448e-01 3.255475038020079204e-01 0 0 0 1
1.520621186651929379e+09 4.941054434199169121e-01 -2.907278781276315671e-01 3.228912982084619632e-01 0 0 0 1
1.520621186660262585e+09 4.868423399549621777e-01 -2.943183997396208174e-01 3.202684998741927025e-01 0 0 0 1
1.520621186668596506e+09 4.799148616667981981e-01 -2.982703770303909430e-01 3.174719196577677760e-01 0 0 0 1
1.520621186676929712e+09 4.721812496816265581e-01 -3.010925875220816783e-01 3.145520432352097995e-01 0 0 0 1
1.520621186685263395e+09 4.650888816172152884e-01 -3.043104832020078199e-01 3.115272410185736529e-01 0 0 0 1
1.520621186693596601e+09 4.576095453156799886e-01 -3.072390338660798692e-01 3.085596223963682494e-01 0 0 0 1
1.520621186701929569e+09 4.505008241823469373e-01 -3.110970015887605244e-01 3.051851614922922451e-01 0 0 0 1
1.520621186710263491e+09 4.432904509234941726e-01 -3.134643582248843874e-01 3.016368043423294232e-01 0 0 0 1
1.520621186718596458e+09 4.358817231466270981e-01 -3.162026921296591242e-01 2.983395401496118371e-01 0 0 0 1
1.520621186726929426e+09 4.282479278257679267e-01 -3.192974865348829905e-01 2.946391091323823375e-01 0 0 0 1
1.520621186735262632e+09 4.207124329637134119e-01 -3.215921668509343911e-01 2.910457134437038906e-01 0 0 0 1
1.520621186743596315e+09 4.132660942593642250e-01 -3.239074589735010390e-01 2.871914059902800354e-01 0 0 0 1
1.520621186751929522e+09 4.059029605150411557e-01 -3.271359864157804553e-01 2.832372944501131418e-01 0 0 0 1
1.520621186760263443e+09 3.982893834300613722e-01 -3.297697409873642238e-01 2.791273069931001771e-01 0 0 0 1
1.520621186768596649e+09 3.907650254160636161e-01 -3.315548797592043906e-01 2.753559192164154457e-01 0 0 0 1
1.520621186776929617e+09 3.832675127139985038e-01 -3.347760601376358336e-01 2.712698183821782294e-01 0 0 0 1
1.520621186785262346e+09 3.755828817647712814e-01 -3.370599964416175487e-01 2.669586508714856254e-01 0 0 0 1
1.520621186793596506e+09 3.680412973021730538e-01 -3.394922720289187401e-01 2.626110651629312009e-01 0 0 0 1
1.520621186801929474e+09 3.601731427886979420e-01 -3.412684676325660194e-01 2.578139201537661407e-01 0 0 0 1
1.520621186810263395e+09 3.525230204137064227e-01 -3.434238770830239096e-01 2.532354170388018133e-01 0 0 0 1
1.520621186818596363e+09 3.448178378957685863e-01 -3.457314408523833871e-01 2.486065802121388835e-01 0 0 0 1
1.520621186826929569e+09 3.370012756293245815e-01 -3.472209737894534909e-01 2.438532830744217783e-01 0 0 0 1
1.520621186835263491e+09 3.293696514352306703e-01 -3.498459018102696438e-01 2.390070483114195010e-01 0 0 0 1
1.520621186843596458e+09 3.215626994492626345e-01 -3.518854745251555061e-01 2.339457249549807827e-01 0 0 0 1
1.520621186851929426e+09 3.138124508696834569e-01 -3.543083065992095326e-01 2.288002614253363820e-01 0 0 0 1
1.520621186860262394e+09 3.057708054174794743e-01 -3.559340511689165210e-01 2.237225985738438006e-01 0 0 0 1
1.520621186868596554e+09 2.977339757189694236e-01 -3.575738168568723951e-01 2.185690778890434505e-01 0 0 0 1
1.520621186876929522e+09 2.900834439522221864e-01 -3.598375390493485648e-01 2.134211583898311115e-01 0 0 0 1
1.520621186885263443e+09 2.815530167405733142e-01 -3.613839828056290004e-01 2.078451290443039667e-01 0 0 0 1
1.520621186893596411e+09 2.738277345419889430e-01 -3.636849062575558955e-01 2.025599887853901659e-01 0 0 0 1
1.520621186901929617e+09 2.659950506623256494e-01 -3.660903167133199299e-01 1.970227993723459026e-01 0 0 0 1
1.520621186910262585e+09 2.574846224540850992e-01 -3.675879440596075964e-01 1.915216132670685134e-01 0 0 0 1
1.520621186918596506e+09 2.493902966450536329e-01 -3.698154446130231809e-01 1.857129192285063013e-01 0 0 0 1
1.520621186926929474e+09 2.416722865830606137e-01 -3.724638725289363128e-01 1.801660935797995133e-01 0 0 0 1
1.520621186935263634e+09 2.326037464060227711e-01 -3.724247419540519521e-01 1.744557889987008448e-01 0 0 0 1
1.520621186943596363e+09 2.246294724571151757e-01 -3.747076271737671549e-01 1.687058495315196804e-01 0 0 0 1
1.520621186951929331e+09 2.164314084354671541e-01 -3.760250859797756862e-01 1.631763896710607398e-01 0 0 0 1
1.520621186960263491e+09 2.078958746942377589e-01 -3.773627723973763670e-01 1.573150748410410138e-01 0 0 0 1
1.520621186968596458e+09 1.993423735998455237e-01 -3.787427985219119497e-01 1.514009888840570639e-01 0 0 0 1
1.520621186976929665e+09 1.908151503925551440e-01 -3.800616808380493650e-01 1.455550567577232890e-01 0 0 0 1
1.520621186985262394e+09 1.819670425904069688e-01 -3.806821682764164327e-01 1.397361299605217599e-01 0 0 0 1
1.520621186993596554e+09 1.735934861228635162e-01 -3.823831034657617645e-01 1.342361683131607641e-01 0 0 0 1
1.520621187001929522e+09 1.647988230280473809e-01 -3.831858219761518081e-01 1.282622430014650483e-01 0 0 0 1
1.520621187010263443e+09 1.564666020461905616e-01 -3.853744500435490883e-01 1.226118557584341406e-01 0 0 0 1
1.520621187018596411e+09 1.473900181427379996e-01 -3.851220381228138701e-01 1.166004197379166829e-01 0 0 0 1
1.520621187026929617e+09 1.385232241162385192e-01 -3.861533374443090194e-01 1.113694854787423694e-01 0 0 0 1
1.520621187035262585e+09 1.297282090620064388e-01 -3.866463792019240175e-01 1.055839476724842463e-01 0 0 0 1
1.520621187043596268e+09 1.207718491409570660e-01 -3.873562912759128674e-01 1.001545666403251822e-01 0 0 0 1
1.520621187051929474e+09 1.118092283286951094e-01 -3.882492401705769369e-01 9.481812228245933838e-02 0 0 0 1
1.520621187060263634e+09 1.028545456000129477e-01 -3.884957254557549478e-01 8.951374817602530953e-02 0 0 0 1
1.520621187068596601e+09 9.384793479646713621e-02 -3.889890268355516989e-01 8.430880298728227196e-02 0 0 0 1
1.520621187076929569e+09 8.463251388176284973e-02 -3.891157138742508126e-01 7.893107218523320867e-02 0 0 0 1
1.520621187085263491e+09 7.554748714723058534e-02 -3.893808151451046973e-01 7.393571880633986737e-02 0 0 0 1
1.520621187093596458e+09 6.634816838456536470e-02 -3.895939805788285470e-01 6.918191208363055900e-02 0 0 0 1
1.520621187101929665e+09 5.718271599708590891e-02 -3.898863839219458560e-01 6.451066220105472482e-02 0 0 0 1
1.520621187110262632e+09 4.803817271081867180e-02 -3.893098537625355737e-01 5.980228160375733459e-02 0 0 0 1
1.520621187118596554e+09 3.881824827197999372e-02 -3.891847968068647967e-01 5.538219809896927082e-02 0 0 0 1
1.520621187126929522e+09 2.960718957607877400e-02 -3.892024737465561435e-01 5.121493637419161082e-02 0 0 0 1
1.520621187135263681e+09 2.016126274918161876e-02 -3.883393514644365441e-01 4.686444267386624674e-02 0 0 0 1
1.520621187143596411e+09 1.127007225711973426e-02 -3.885099860922683890e-01 4.315959047094830581e-02 0 0 0 1
1.520621187151929379e+09 1.542809881784512616e-03 -3.876852516623009448e-01 3.890276369440703874e-02 0 0 0 1
1.520621187160262585e+09 -7.896565714970327221e-03 -3.867606140334164389e-01 3.483348265510277653e-02 0 0 0 1
1.520621187168596506e+09 -1.737107015727068493e-02 -3.862467389352656211e-01 3.106710116169331126e-02 0 0 0 1
1.520621187176929712e+09 -2.649531791156445326e-02 -3.858523621060728770e-01 2.743669379197011260e-02 0 0 0 1
1.520621187185263395e+09 -3.620092645068123671e-02 -3.847823010878576033e-01 2.361417673163102027e-02 0 0 0 1
1.520621187193596601e+09 -4.570099008343347924e-02 -3.833682892239050899e-01 1.977762848924546901e-02 0 0 0 1
1.520621187201929569e+09 -5.525075942630652825e-02 -3.827724604402716890e-01 1.644830778605088639e-02 0 0 0 1
1.520621187210263491e+09 -6.505000207236527610e-02 -3.813390625627800512e-01 1.266709217441785995e-02 0 0 0 1
1.520621187218596458e+09 -7.419184361026343044e-02 -3.807879828194181693e-01 9.402434021457017899e-03 0 0 0 1
1.520621187226929426e+09 -8.411561077377677220e-02 -3.792785673466164686e-01 5.996678331122495820e-03 0 0 0 1
1.520621187235262632e+09 -9.381543381433515849e-02 -3.778962925334087286e-01 2.688022757735164525e-03 0 0 0 1
1.520621187243596315e+09 -1.035890526494281372e-01 -3.763749034208631050e-01 -5.864839589118098218e-04 0 0 0 1
1.520621187251929522e+09 -1.134460046696297852e-01 -3.749313305330984614e-01 -3.788561532207301852e-03 0 0 0 1
1.520621187260263443e+09 -1.230089349358592377e-01 -3.731627265437998942e-01 -6.809005199448825429e-03 0 0 0 1
1.520621187268596649e+09 -1.330052925691672105e-01 -3.715675722703702943e-01 -9.839421272583637190e-03 0 0 0 1
1.520621187276929617e+09 -1.424780719413482610e-01 -3.690586922887811872e-01 -1.264028590978838462e-02 0 0 0 1
1.520621187285262346e+09 -1.522830845941873790e-01 -3.672022200678747295e-01 -1.524289339182949288e-02 0 0 0 1
1.520621187293596506e+09 -1.619894622233065684e-01 -3.651446012814300035e-01 -1.784659866100246628e-02 0 0 0 1
1.520621187301929474e+09 -1.717847232817463765e-01 -3.631716327473647477e-01 -2.018618976110864160e-02 0 0 0 1
1.520621187310263395e+09 -1.813488877713979042e-01 -3.607801990963798167e-01 -2.241620900972840502e-02 0 0 0 1
1.520621187318596363e+09 -1.908920264956706636e-01 -3.580938715602771660e-01 -2.471294851883865107e-02 0 0 0 1
1.520621187326929569e+09 -2.004499354685079782e-01 -3.552622781968987065e-01 -2.671873279348879748e-02 0 0 0 1
1.520621187335263491e+09 -2.101898630669854495e-01 -3.530421269252791427e-01 -2.861257079826273753e-02 0 0 0 1
1.520621187343596458e+09 -2.196399711382557851e-01 -3.502434487594151546e-01 -3.043849761580286195e-02 0 0 0 1
1.520621187351929426e+09 -2.291202649561508431e-01 -3.473708995199776828e-01 -3.219645487365974112e-02 0 0 0 1
1.520621187360262394e+09 -2.388816407484879167e-01 -3.444595855131297180e-01 -3.389537117975993663e-02 0 0 0 1
1.520621187368596554e+09 -2.485912271180102107e-01 -3.412878036530949677e-01 -3.552922049931372950e-02 0 0 0 1
1.520621187376929522e+09 -2.582600339921648502e-01 -3.380717856429692469e-01 -3.706631666895632282e-02 0 0 0 1
1.520621187385263443e+09 -2.678645925366085478e-01 -3.350759778789204058e-01 -3.847033369742991482e-02 0 0 0 1
1.520621187393596411e+09 -2.775194440475121094e-01 -3.320183606305303625e-01 -3.985986309449218723e-02 0 0 0 1
1.520621187401929617e+09 -2.873007874238989734e-01 -3.285542264841959659e-01 -4.118050524044114535e-02 0 0 0 1
1.520621187410262585e+09 -2.971178049390424958e-01 -3.252117324458531078e-01 -4.229364258559720202e-02 0 0 0 1
1.520621187418596506e+09 -3.067390337689471780e-01 -3.216885425971562906e-01 -4.340447002867331427e-02 0 0 0 1
1.520621187426929474e+09 -3.165734268624248449e-01 -3.185499033899358290e-01 -4.419186810297059953e-02 0 0 0 1
1.520621187435263634e+09 -3.263835522606693962e-01 -3.150584436445669212e-01 -4.495557784353954034e-02 0 0 0 1
1.520621187443596363e+09 -3.356974315337664105e-01 -3.112309585081213248e-01 -4.581505628813864472e-02 0 0 0 1
1.520621187451929331e+09 -3.459293399604365105e-01 -3.082081948242797464e-01 -4.604331035822295526e-02 0 0 0 1
1.520621187460263491e+09 -3.556160129081631927e-01 -3.046294636280784118e-01 -4.640968357917629739e-02 0 0 0 1
1.520621187468596458e+09 -3.651321850552235460e-01 -3.004006652347606110e-01 -4.680578644874222594e-02 0 0 0 1
1.520621187476929665e+09 -3.753338419863902486e-01 -2.972850390899779427e-01 -4.666144053330845143e-02 0 0 0 1
1.520621187485262394e+09 -3.852142838447619733e-01 -2.937013085762645304e-01 -4.657173109293410995e-02 0 0 0 1
1.520621187493596554e+09 -3.949714449856969734e-01 -2.901030799170677410e-01 -4.630035235078255873e-02 0 0 0 1
1.520621187501929522e+09 -4.048872707011513250e-01 -2.865435710135492142e-01 -4.584746999452238292e-02 0 0 0 1
1.520621187510263443e+09 -4.146580068848721989e-01 -2.828704608009846577e-01 -4.519733615802301596e-02 0 0 0 1
1.520621187518596411e+09 -4.244543133682628366e-01 -2.793140019805382401e-01 -4.445277138764813785e-02 0 0 0 1
1.520621187526929617e+09 -4.342772098656427215e-01 -2.756899266199068776e-01 -4.352487854899189657e-02 0 0 0 1
1.520621187535262585e+09 -4.440291754242287614e-01 -2.720489695647453354e-01 -4.247613521381488066e-02 0 0 0 1
1.520621187543596268e+09 -4.537727622935070482e-01 -2.685339912873836443e-01 -4.123951458980890106e-02 0 0 0 1
1.520621187551929474e+09 -4.633975779529093675e-01 -2.648861960635326973e-01 -3.992443065825357351e-02 0 0 0 1
1.520621187560263634e+09 -4.732540093304912765e-01 -2.614942963073061399e-01 -3.835267749443060925e-02 0 0 0 1
1.520621187568596601e+09 -4.831075832763172540e-01 -2.581121178289546014e-01 -3.661276705560900790e-02 0 0 0 1
1.520621187576929569e+09 -4.928849449286341056e-01 -2.545668023987875950e-01 -3.477389755504101121e-02 0 0 0 1
1.520621187585263491e+09 -5.025654791911295938e-01 -2.512537674575520130e-01 -3.272409567452982948e-02 0 0 0 1
1.520621187593596458e+09 -5.123117848906171279e-01 -2.480262937077033492e-01 -3.050653970960581773e-02 0 0 0 1
1.520621187601929665e+09 -5.220973869327032446e-01 -2.446147381446078795e-01 -2.823206540348832672e-02 0 0 0 1
1.520621187610262632e+09 -5.319575292903512276e-01 -2.412918189042810857e-01 -2.563063313691582579e-02 0 0 0 1
1.520621187618596554e+09 -5.416218987391421269e-01 -2.383872072461878933e-01 -2.290398108699875923e-02 0 0 0 1
1.520621187626929522e+09 -5.511935371743521550e-01 -2.352053328521187536e-01 -2.007002256609358160e-02 0 0 0 1
1.520621187635263681e+09 -5.609671477479857282e-01 -2.321721760034604065e-01 -1.705016282250826354e-02 0 0 0 1
1.520621187643596411e+09 -5.705242007297697260e-01 -2.291048363079127848e-01 -1.400375072218396078e-02 0 0 0 1
1.520621187651929379e+09 -5.801580079864853134e-01 -2.261429204448728303e-01 -1.077169727079030359e-02 0 0 0 1
1.520621187660262585e+09 -5.897526791241413102e-01 -2.232895123023339590e-01 -7.417572015077644743e-03 0 0 0 1
1.520621187668596506e+09 -5.990936171108294239e-01 -2.203366510531923339e-01 -3.987564467726523176e-03 0 0 0 1
1.520621187676929712e+09 -6.084444045034984594e-01 -2.175075860924402527e-01 -4.671733180257042761e-04 0 0 0 1
1.520621187685263395e+09 -6.178471401141190089e-01 -2.149738140275111453e-01 3.323037449756371942e-03 0 0 0 1
1.520621187693596601e+09 -6.270162666623537717e-01 -2.122307723412968361e-01 7.094489024986661008e-03 0 0 0 1
1.520621187701929569e+09 -6.362058863237542994e-01 -2.095885063814472149e-01 1.108222407341141746e-02 0 0 0 1
1.520621187710263491e+09 -6.452806070761162305e-01 -2.072279988784752058e-01 1.510958762570291380e-02 0 0 0 1
1.520621187718596458e+09 -6.541661418134460115e-01 -2.048299424198252172e-01 1.933205831912887529e-02 0 0 0 1
1.520621187726929426e+09 -6.630066908837308759e-01 -2.024116537662064008e-01 2.357493868825666361e-02 0 0 0 1
1.520621187735262632e+09 -6.718002850399433790e-01 -2.001988863273720387e-01 2.791468536050456528e-02 0 0 0 1
1.520621187743596315e+09 -6.803790848002785330e-01 -1.981695299486793127e-01 3.239754897184543569e-02 0 0 0 1
1.520621187751929522e+09 -6.889014275938469822e-01 -1.958123204267174788e-01 3.687111280750499098e-02 0 0 0 1
1.520621187760263443e+09 -6.972870205885335348e-01 -1.940380529570393531e-01 4.156372824291731938e-02 0 0 0 1
1.520621187768596649e+09 -7.055872063997538080e-01 -1.921537050071986386e-01 4.628749315125735286e-02 0 0 0 1
1.520621187776929617e+09 -7.139461278809640099e-01 -1.906169623116533707e-01 5.122778887624535038e-02 0 0 0 1
1.520621187785262346e+09 -7.218846236211448053e-01 -1.890612261354709389e-01 5.611373645325912207e-02 0 0 0 1
1.520621187793596506e+09 -7.296847458872434133e-01 -1.874928975788276997e-01 6.110896012112698727e-02 0 0 0 1
1.520621187801929474e+09 -7.372655495573916529e-01 -1.861499921118147105e-01 6.621424046888702009e-02 0 0 0 1
1.520621187810263395e+09 -7.444877924749881970e-01 -1.848986417526672366e-01 7.132553129198671016e-02 0 0 0 1
1.520621187818596363e+09 -7.515582266239926312e-01 -1.838734833028818905e-01 7.658240048471265382e-02 0 0 0 1
1.520621187826929569e+09 -7.584255918786659834e-01 -1.827623015438013532e-01 8.191483072110639085e-02 0 0 0 1
1.520621187835263491e+09 -7.651268231492691640e-01 -1.820793485777592036e-01 8.730557684163708920e-02 0 0 0 1
1.520621187843596458e+09 -7.716165663785030659e-01 -1.811627891842426674e-01 9.276010493463671125e-02 0 0 0 1
1.520621187851929426e+09 -7.779502288038175895e-01 -1.806511249618085735e-01 9.828833895756416972e-02 0 0 0 1
1.520621187860262394e+09 -7.838974414359469733e-01 -1.802138116610239038e-01 1.039048273533182964e-01 0 0 0 1
1.520621187868596554e+09 -7.898066419160894025e-01 -1.800361035205167992e-01 1.095236635879337506e-01 0 0 0 1
1.520621187876929522e+09 -7.956075115766859662e-01 -1.798342668650423359e-01 1.152358752146633858e-01 0 0 0 1
1.520621187885263443e+09 -8.011430928844136545e-01 -1.797680822303132642e-01 1.209108387623112346e-01 0 0 0 1
1.520621187893596411e+09 -8.063954548219869345e-01 -1.799853211902291417e-01 1.266593305993943819e-01 0 0 0 1
1.520621187901929617e+09 -8.115195467671503238e-01 -1.802295332380905446e-01 1.324732334865286187e-01 0 0 0 1
1.520621187910262585e+09 -8.164046538171362277e-01 -1.805150184018072812e-01 1.381758210287884481e-01 0 0 0 1
1.520621187918596506e+09 -8.210942894891899435e-01 -1.811295362094941241e-01 1.440376568795185275e-01 0 0 0 1
1.520621187926929474e+09 -8.254748791520079010e-01 -1.817981291288075507e-01 1.497641402231726371e-01 0 0 0 1
1.520621187935263634e+09 -8.298066542657686062e-01 -1.825273647750289552e-01 1.555867068587566404e-01 0 0 0 1
1.520621187943596363e+09 -8.338369742093209025e-01 -1.833731776868597896e-01 1.614197065728615321e-01 0 0 0 1
1.520621187951929331e+09 -8.376009525068635053e-01 -1.842001460715070316e-01 1.672305132984475140e-01 0 0 0 1
1.520621187960263491e+09 -8.412905971135480332e-01 -1.853181393569344193e-01 1.731710995649571316e-01 0 0 0 1
1.520621187968596458e+09 -8.447061292405410038e-01 -1.862372163668306602e-01 1.789416125170095739e-01 0 0 0 1
1.520621187976929665e+09 -8.479243348921883250e-01 -1.876548423871078342e-01 1.848182944380176718e-01 0 0 0 1
1.520621187985262394e+09 -8.509493602175994820e-01 -1.887805908540581834e-01 1.906502586110172537e-01 0 0 0 1
1.520621187993596554e+09 -8.536188841783435288e-01 -1.901991878166514605e-01 1.964370742486116761e-01 0 0 0 1
1.520621188001929522e+09 -8.562915084878935934e-01 -1.915249632891735665e-01 2.021872212876349995e-01 0 0 0 1
1.520621188010263443e+09 -8.585771742338914603e-01 -1.930162225315120716e-01 2.078980890707364804e-01 0 0 0 1
1.520621188018596411e+09 -8.609667946448622544e-01 -1.949510096093156619e-01 2.137846066364836872e-01 0 0 0 1
1.520621188026929617e+09 -8.630144101383110389e-01 -1.966311602328183472e-01 2.195721081505117578e-01 0 0 0 1
1.520621188035262585e+09 -8.648766192766335070e-01 -1.982906373247071974e-01 2.252278298143990387e-01 0 0 0 1
1.520621188043596268e+09 -8.665142200645605808e-01 -2.001047891540687074e-01 2.309063934375668037e-01 0 0 0 1
1.520621188051929474e+09 -8.679183886595307484e-01 -2.021515105310685012e-01 2.366383368553166555e-01 0 0 0 1
1.520621188060263634e+09 -8.691639865270859300e-01 -2.039246848507981769e-01 2.421653547931199579e-01 0 0 0 1
1.520621188068596601e+09 -8.702194657617421392e-01 -2.059047048924226297e-01 2.477503504370757170e-01 0 0 0 1
1.520621188076929569e+09 -8.711680413788536192e-01 -2.081653885968366424e-01 2.533067334572995932e-01 0 0 0 1
1.520621188085263491e+09 -8.717592882976462620e-01 -2.102413951425460281e-01 2.587128968556053898e-01 0 0 0 1
1.520621188093596458e+09 -8.722948823288415587e-01 -2.123331019763237126e-01 2.640055244460639550e-01 0 0 0 1
1.520621188101929665e+09 -8.725874567503016932e-01 -2.146868359569645834e-01 2.693480574820337203e-01 0 0 0 1
1.520621188110262632e+09 -8.726904800488544112e-01 -2.168899579687886270e-01 2.746415060393883056e-01 0 0 0 1
1.520621188118596554e+09 -8.726287313901694986e-01 -2.192146489284659827e-01 2.798174574152143546e-01 0 0 0 1
1.520621188126929522e+09 -8.723156006210925906e-01 -2.216065647592487808e-01 2.849684115921089500e-01 0 0 0 1
1.520621188135263681e+09 -8.719078208778276995e-01 -2.239554357858667410e-01 2.899599973543376397e-01 0 0 0 1
1.520621188143596411e+09 -8.712557475218729586e-01 -2.261607277996690035e-01 2.948857731438987440e-01 0 0 0 1
1.520621188151929379e+09 -8.704496467237436974e-01 -2.284951830880768142e-01 2.998856749177876146e-01 0 0 0 1
1.520621188160262585e+09 -8.694713679967016606e-01 -2.309166725343055893e-01 3.047819863216978398e-01 0 0 0 1
1.520621188168596506e+09 -8.682383508032884833e-01 -2.332941364678886575e-01 3.096515897762033287e-01 0 0 0 1
1.520621188176929712e+09 -8.668376137500799494e-01 -2.357748669989235824e-01 3.144048758200725935e-01 0 0 0 1
1.520621188185263395e+09 -8.652231480472074576e-01 -2.381094115653478172e-01 3.191976802970186711e-01 0 0 0 1
1.520621188193596601e+09 -8.634730398318135602e-01 -2.405562631728883627e-01 3.239303822120875864e-01 0 0 0 1
1.520621188201929569e+09 -8.614966530897409935e-01 -2.429498973360063596e-01 3.285647675505882770e-01 0 0 0 1
1.520621188210263491e+09 -8.593989163300632672e-01 -2.454628277414189208e-01 3.332091196362434449e-01 0 0 0 1
1.520621188218596458e+09 -8.570637911073029080e-01 -2.479081206934953263e-01 3.377143917844025456e-01 0 0 0 1
1.520621188226929426e+09 -8.546261808502805257e-01 -2.502062509456222106e-01 3.421475467794072856e-01 0 0 0 1
1.520621188235262632e+09 -8.519528723676226267e-01 -2.526186250154290880e-01 3.465856045014139575e-01 0 0 0 1
1.520621188243596315e+09 -8.490597792584877457e-01 -2.550637501125790907e-01 3.509300028322159815e-01 0 0 0 1
1.520621188251929522e+09 -8.460486912982232433e-01 -2.572720863706501326e-01 3.551732421738997836e-01 0 0 0 1
1.520621188260263443e+09 -8.429098780299761895e-01 -2.597801800594478072e-01 3.595376124004490137e-01 0 0 0 1
1.520621188268596649e+09 -8.394246570789619666e-01 -2.621601206034145370e-01 3.637306835621485490e-01 0 0 0 1
1.520621188276929617e+09 -8.359195789371737240e-01 -2.643884369725129080e-01 3.678370207366414846e-01 0 0 0 1
1.520621188285262346e+09 -8.323095814700025574e-01 -2.668418177476371556e-01 3.720089482933210956e-01 0 0 0 1
1.520621188293596506e+09 -8.282324437826698027e-01 -2.690333516117531243e-01 3.759659604397176391e-01 0 0 0 1
1.520621188301929474e+09 -8.241477626728097583e-01 -2.712671562440005513e-01 3.798685870010043431e-01 0 0 0 1
1.520621188310263395e+09 -8.199324292116560997e-01 -2.735343628554104400e-01 3.838417451542552872e-01 0 0 0 1
1.520621188318596363e+09 -8.154856476725159675e-01 -2.757111213106296921e-01 3.876461002639770559e-01 0 0 0 1
1.520621188326929569e+09 -8.109570717590379729e-01 -2.778490868193292940e-01 3.914525281433351989e-01 0 0 0 1
1.520621188335263491e+09 -8.063354899421837363e-01 -2.800124290845122932e-01 3.952186751869100068e-01 0 0 0 1
1.520621188343596458e+09 -8.015089036307777581e-01 -2.820046688884481068e-01 3.986468355119385798e-01 0 0 0 1
1.520621188351929426e+09 -7.965066346887348381e-01 -2.840210488707407555e-01 4.022630870207017928e-01 0 0 0 1
1.520621188360262394e+09 -7.912431370001937747e-01 -2.860823913717231992e-01 4.057703007015494023e-01 0 0 0 1
1.520621188368596554e+09 -7.860253794225560142e-01 -2.878640620214339974e-01 4.091481577140336778e-01 0 0 0 1
1.520621188376929522e+09 -7.805288138077770554e-01 -2.898425461409872561e-01 4.124150875871490651e-01 0 0 0 1
1.520621188385263443e+09 -7.749955870684795967e-01 -2.913990690711323328e-01 4.155463638431298179e-01 0 0 0 1
1.520621188393596411e+09 -7.692397526659895401e-01 -2.932610981841301534e-01 4.186764238768188040e-01 0 0 0 1
1.520621188401929617e+09 -7.634168394660051371e-01 -2.948905342077955405e-01 4.215909665688661878e-01 0 0 0 1
1.520621188410262585e+09 -7.573664643296942334e-01 -2.966282848204729872e-01 4.244333054371434155e-01 0 0 0 1
1.520621188418596506e+09 -7.512364781269933456e-01 -2.983763139047375113e-01 4.272129096340639975e-01 0 0 0 1
1.520621188426929474e+09 -7.450585681973694863e-01 -2.998762965851572426e-01 4.297632555289516709e-01 0 0 0 1
1.520621188435263634e+09 -7.387013545566727402e-01 -3.014151347392227676e-01 4.321578785685284974e-01 0 0 0 1
1.520621188443596363e+09 -7.323637164391794130e-01 -3.029406355086412539e-01 4.344990026664079519e-01 0 0 0 1
1.520621188451929331e+09 -7.258793725571247579e-01 -3.042147167446755951e-01 4.366998600550686671e-01 0 0 0 1
1.520621188460263491e+09 -7.189218759897860744e-01 -3.056696363632093183e-01 4.387391787146639466e-01 0 0 0 1
1.520621188468596458e+09 -7.121590782594741098e-01 -3.068452283178865203e-01 4.405167740741287030e-01 0 0 0 1
1.520621188476929665e+09 -7.054233495593218439e-01 -3.079197535084492454e-01 4.419809592136387799e-01 0 0 0 1
1.520621188485262394e+09 -6.984376347665799400e-01 -3.089700003081732316e-01 4.434150896954323073e-01 0 0 0 1
1.520621188493596554e+09 -6.911474310345294692e-01 -3.097319199496392228e-01 4.446797771307429148e-01 0 0 0 1
1.520621188501929522e+09 -6.840324444235756918e-01 -3.105501252830755732e-01 4.456118015797594367e-01 0 0 0 1
1.520621188510263443e+09 -6.768678988128138396e-01 -3.115275854579374615e-01 4.464206012594378326e-01 0 0 0 1
1.520621188518596411e+09 -6.695729737479304555e-01 -3.121398657425242806e-01 4.469774091973426344e-01 0 0 0 1
1.520621188526929617e+09 -6.622444183711582166e-01 -3.127133045318212234e-01 4.472639994747100722e-01 0 0 0 1
1.520621188535262585e+09 -6.549441141162637425e-01 -3.130778197898007598e-01 4.473033870899791875e-01 0 0 0 1
1.520621188543596268e+09 -6.475298298085430115e-01 -3.133638755313418178e-01 4.471672036037661613e-01 0 0 0 1
1.520621188551929474e+09 -6.398106763021675913e-01 -3.138611167341360808e-01 4.467789868885432281e-01 0 0 0 1
1.520621188560263634e+09 -6.323457331411440618e-01 -3.139553211311897352e-01 4.461391241859489210e-01 0 0 0 1
1.520621188568596601e+09 -6.248474625282810502e-01 -3.139924121927571976e-01 4.454384987744446356e-01 0 0 0 1
1.520621188576929569e+09 -6.172681428658222114e-01 -3.138719808273041645e-01 4.443125245956456304e-01 0 0 0 1
1.520621188585263491e+09 -6.095388742355797307e-01 -3.139328261627202243e-01 4.430316099031346155e-01 0 0 0 1
1.520621188593596458e+09 -6.020186035352043108e-01 -3.138559301597203532e-01 4.414747447421907278e-01 0 0 0 1
1.520621188601929665e+09 -5.942763951502779696e-01 -3.135721197248632075e-01 4.397224484128559041e-01 0 0 0 1
1.520621188610262632e+09 -5.865075083814154100e-01 -3.132470902301270899e-01 4.377662334645908704e-01 0 0 0 1
1.520621188618596554e+09 -5.785818445205908045e-01 -3.128061447711173448e-01 4.355937445865341040e-01 0 0 0 1
1.520621188626929522e+09 -5.706089813947803346e-01 -3.124258455138312351e-01 4.332467120878209510e-01 0 0 0 1
1.520621188635263681e+09 -5.625120490314118316e-01 -3.117645179456984827e-01 4.307223289412074330e-01 0 0 0 1
1.520621188643596411e+09 -5.547124431739183237e-01 -3.108725764421148563e-01 4.278991488746537453e-01 0 0 0 1
1.520621188651929379e+09 -5.466083504732596188e-01 -3.101183413000732081e-01 4.249634655259124649e-01 0 0 0 1
1.520621188660262585e+09 -5.385515378217659022e-01 -3.091217189471567872e-01 4.218186422665504143e-01 0 0 0 1
1.520621188668596506e+09 -5.303360063969997373e-01 -3.080589404825859745e-01 4.184952369668468730e-01 0 0 0 1
1.520621188676929712e+09 -5.222794480257584304e-01 -3.066769712518628843e-01 4.150279472524280866e-01 0 0 0 1
1.520621188685263395e+09 -5.138858746773574682e-01 -3.053072444296074384e-01 4.113892105839025426e-01 0 0 0 1
1.520621188693596601e+09 -5.058409508262650123e-01 -3.036183450126407335e-01 4.075373245019948687e-01 0 0 0 1
1.520621188701929569e+09 -4.974472648420162901e-01 -3.021136101182962941e-01 4.036361664143433003e-01 0 0 0 1
1.520621188710263491e+09 -4.891444451676553173e-01 -3.003027382395000444e-01 3.996576034979593128e-01 0 0 0 1
1.520621188718596458e+09 -4.807303181912447876e-01 -2.985275347430632609e-01 3.953600347611803123e-01 0 0 0 1
1.520621188726929426e+09 -4.721941044160016254e-01 -2.966411817888906510e-01 3.909763448551808462e-01 0 0 0 1
1.520621188735262632e+09 -4.635903376949399024e-01 -2.945218370385395135e-01 3.866722923588878924e-01 0 0 0 1
1.520621188743596315e+09 -4.553049695355328441e-01 -2.922209484287247028e-01 3.819505742380804314e-01 0 0 0 1
1.520621188751929522e+09 -4.467183987201747142e-01 -2.900660416956079013e-01 3.772596785389317198e-01 0 0 0 1
1.520621188760263443e+09 -4.382737771530489379e-01 -2.875447389828728051e-01 3.724763870629379525e-01 0 0 0 1
1.520621188768596649e+09 -4.297075375837007827e-01 -2.850275858037268906e-01 3.675332428750961444e-01 0 0 0 1
1.520621188776929617e+09 -4.211087848666175137e-01 -2.825556700556841605e-01 3.624687071458421173e-01 0 0 0 1
1.520621188785262346e+09 -4.125968728349007075e-01 -2.797573682494631786e-01 3.574705438352885345e-01 0 0 0 1
1.520621188793596506e+09 -4.041982452865536812e-01 -2.767097559971548604e-01 3.522117668686013392e-01 0 0 0 1
1.520621188801929474e+09 -3.956586383839186816e-01 -2.739168555845459263e-01 3.469783501350101051e-01 0 0 0 1
1.520621188810263395e+09 -3.867295783500178663e-01 -2.708817394767698561e-01 3.416597528040810072e-01 0 0 0 1
1.520621188818596363e+09 -3.780296658685440292e-01 -2.678271378839802708e-01 3.363479289127246918e-01 0 0 0 1
1.520621188826929569e+09 -3.692225946433942418e-01 -2.646251096267082659e-01 3.309875754468512010e-01 0 0 0 1
1.520621188835263491e+09 -3.603658997141481191e-01 -2.612963232051920270e-01 3.255567210344338935e-01 0 0 0 1
1.520621188843596458e+09 -3.515776424586378179e-01 -2.580095492537487489e-01 3.200275710282423081e-01 0 0 0 1
1.520621188851929426e+09 -3.428265877014403107e-01 -2.545090624927563994e-01 3.146000033149245478e-01 0 0 0 1
1.520621188860262394e+09 -3.340003702099665350e-01 -2.510407926983633242e-01 3.090265947103012500e-01 0 0 0 1
1.520621188868596554e+09 -3.251861758583282080e-01 -2.474390466085609752e-01 3.034722305605730419e-01 0 0 0 1
1.520621188876929522e+09 -3.165164650581595573e-01 -2.437502462326822661e-01 2.979745863125145000e-01 0 0 0 1
1.520621188885263443e+09 -3.077603328362207846e-01 -2.398267570778681579e-01 2.924030050855979113e-01 0 0 0 1
1.520621188893596411e+09 -2.989627232200678941e-01 -2.360550313477889350e-01 2.867880283709607347e-01 0 0 0 1
1.520621188901929617e+09 -2.904141733556668270e-01 -2.322751602785710912e-01 2.812871600411317452e-01 0 0 0 1
1.520621188910262585e+09 -2.816293935815184502e-01 -2.283523455935513313e-01 2.757149504146803043e-01 0 0 0 1
1.520621188918596506e+09 -2.728298034584448195e-01 -2.241577403243751876e-01 2.702032223721766435e-01 0 0 0 1
1.520621188926929474e+09 -2.643198582302846988e-01 -2.201319366547582757e-01 2.648590546745486218e-01 0 0 0 1
1.520621188935263634e+09 -2.554808824363022923e-01 -2.161225963751454149e-01 2.594795451864582159e-01 0 0 0 1
1.520621188943596363e+09 -2.467086620206946357e-01 -2.121236294535328026e-01 2.542188153022717501e-01 0 0 0 1
1.520621188951929331e+09 -2.379383206969225006e-01 -2.078863091953410125e-01 2.489458993630540018e-01 0 0 0 1
1.520621188960263491e+09 -2.291747218063505676e-01 -2.035072632604216780e-01 2.438562949923386292e-01 0 0 0 1
1.520621188968596458e+09 -2.204297589068777707e-01 -1.992855996513206440e-01 2.387025336242083462e-01 0 0 0 1
1.520621188976929665e+09 -2.116664653192685819e-01 -1.950703691323030231e-01 2.337383127445906705e-01 0 0 0 1
1.520621188985262394e+09 -2.029899228458376115e-01 -1.907419641109506792e-01 2.288013283304166645e-01 0 0 0 1
1.520621188993596554e+09 -1.941899682231334467e-01 -1.865614294443056487e-01 2.240265152140523686e-01 0 0 0 1
1.520621189001929522e+09 -1.853401370068006870e-01 -1.822943458051028420e-01 2.193465537787213648e-01 0 0 0 1
1.520621189010263443e+09 -1.765874326911447967e-01 -1.780410823751998883e-01 2.145457983843412908e-01 0 0 0 1
1.520621189018596411e+09 -1.675827872741832980e-01 -1.739081096036679819e-01 2.100853562265854180e-01 0 0 0 1
1.520621189026929617e+09 -1.585623250933176354e-01 -1.698550327024119788e-01 2.056151506328594003e-01 0 0 0 1
1.520621189035262585e+09 -1.498257865018907120e-01 -1.653788031754315213e-01 2.011442942469270356e-01 0 0 0 1
1.520621189043596268e+09 -1.408541169030742002e-01 -1.611963185595403081e-01 1.970241623616886262e-01 0 0 0 1
1.520621189051929474e+09 -1.320420673812224832e-01 -1.569874738297283301e-01 1.927651610254290659e-01 0 0 0 1
1.520621189060263634e+09 -1.229764350560081376e-01 -1.526152745978349712e-01 1.887678472981921818e-01 0 0 0 1
1.520621189068596601e+09 -1.142003129929595739e-01 -1.484569627418657056e-01 1.849505584920907442e-01 0 0 0 1
1.520621189076929569e+09 -1.052353791149363560e-01 -1.440574081370211701e-01 1.812449915328715466e-01 0 0 0 1
1.520621189085263491e+09 -9.632361530722288734e-02 -1.397608879012032235e-01 1.776143658910587231e-01 0 0 0 1
1.520621189093596458e+09 -8.730568557118584261e-02 -1.354052104871865669e-01 1.741051050885191742e-01 0 0 0 1
1.520621189101929665e+09 -7.824304851717006626e-02 -1.312115531563964321e-01 1.709334400411002264e-01 0 0 0 1
1.520621189110262632e+09 -6.935053702789406582e-02 -1.269385952082285884e-01 1.678361902143086226e-01 0 0 0 1
1.520621189118596554e+09 -6.020926982067853483e-02 -1.226138002922794179e-01 1.648354359464954122e-01 0 0 0 1
1.520621189126929522e+09 -5.117199852483611533e-02 -1.184595017149452367e-01 1.621189910172362580e-01 0 0 0 1
1.520621189135263681e+09 -4.226396899408441099e-02 -1.142010013547876124e-01 1.594068177247163209e-01 0 0 0 1
1.520621189143596411e+09 -3.318527333111082056e-02 -1.102001729061191648e-01 1.569575674896162010e-01 0 0 0 1
1.520621189151929379e+09 -2.436615146002318877e-02 -1.062849159199893423e-01 1.545256188252466245e-01 0 0 0 1
1.520621189160262585e+09 -1.533709601695470992e-02 -1.020811019647261952e-01 1.523795067186288765e-01 0 0 0 1
1.520621189168596506e+09 -6.546620883569165272e-03 -9.811076560178100259e-02 1.502901271141880990e-01 0 0 0 1
1.520621189176929712e+09 2.512700593997219123e-03 -9.405217182021397004e-02 1.484557101587744565e-01 0 0 0 1
1.520621189185263395e+09 1.131994874069180979e-02 -9.021042975348014803e-02 1.467511095599285387e-01 0 0 0 1
1.520621189193596601e+09 2.025419499464631290e-02 -8.635764473101192884e-02 1.452267347348339399e-01 0 0 0 1
1.520621189201929569e+09 2.908263331526561579e-02 -8.250162072250977197e-02 1.438317479867612381e-01 0 0 0 1
1.520621189210263491e+09 3.778638475536866270e-02 -7.868887767019461243e-02 1.424643289818137148e-01 0 0 0 1
1.520621189218596458e+09 4.672389357625883477e-02 -7.503053156227934561e-02 1.415616655571816374e-01 0 0 0 1
1.520621189226929426e+09 5.536714321941682559e-02 -7.125316781598944882e-02 1.406586531702462839e-01 0 0 0 1
1.520621189235262632e+09 6.416358365169672062e-02 -6.763133943294963313e-02 1.398078564895965936e-01 0 0 0 1
1.520621189243596315e+09 7.293020991879817227e-02 -6.412665389294991414e-02 1.394546980301603067e-01 0 0 0 1
1.520621189251929522e+09 8.159768533788913647e-02 -6.021823649435475989e-02 1.389523901403240114e-01 0 0 0 1
1.520621189260263443e+09 9.033857180783588792e-02 -5.709569878567566370e-02 1.388403306278382932e-01 0 0 0 1
1.520621189268596649e+09 9.908613321919934602e-02 -5.321323106007080916e-02 1.386854579307483792e-01 0 0 0 1
1.520621189276929617e+09 1.076580992545954629e-01 -4.998013473914797444e-02 1.387614415396185574e-01 0 0 0 1
1.520621189285262346e+09 1.163258182603448265e-01 -4.689254645331064619e-02 1.391098565928450270e-01 0 0 0 1
1.520621189293596506e+09 1.247924508491684570e-01 -4.312630553685592449e-02 1.393104166333971605e-01 0 0 0 1
1.520621189301929474e+09 1.334383960824746529e-01 -3.961080830503860284e-02 1.399331434185986378e-01 0 0 0 1
1.520621189310263395e+09 1.419376656177706586e-01 -3.624818261806861397e-02 1.406555543860981139e-01 0 0 0 1
1.520621189318596363e+09 1.503516282287656880e-01 -3.301433057273062133e-02 1.415080494680249767e-01 0 0 0 1
1.520621189326929569e+09 1.587218784795999538e-01 -2.989875617067527802e-02 1.424899413402016535e-01 0 0 0 1
1.520621189335263491e+09 1.665618107764245126e-01 -2.735146728399806548e-02 1.436854275493852917e-01 0 0 0 1
1.520621189343596458e+09 1.750380807056028942e-01 -2.425662583981369469e-02 1.449820539806649933e-01 0 0 0 1
1.520621189351929426e+09 1.830713537875039432e-01 -2.109101793687317983e-02 1.464477208286332210e-01 0 0 0 1
1.520621189360262394e+09 1.911822232006131772e-01 -1.831199799533944628e-02 1.480546231869930285e-01 0 0 0 1
1.520621189368596554e+09 1.994119283960920086e-01 -1.552608823267298543e-02 1.497897722628209749e-01 0 0 0 1
1.520621189376929522e+09 2.070408731985753370e-01 -1.215114378022363884e-02 1.514375052065364269e-01 0 0 0 1
1.520621189385263443e+09 2.148979737140359614e-01 -9.372210244115719568e-03 1.534422402625446047e-01 0 0 0 1
1.520621189393596411e+09 2.227572859198939659e-01 -6.694247758313509600e-03 1.555852879188086568e-01 0 0 0 1
1.520621189401929617e+09 2.304257920069768817e-01 -4.005546500778112140e-03 1.578994855906359351e-01 0 0 0 1
1.520621189410262585e+09 2.380679156074495539e-01 -1.685667633541054755e-03 1.605180195253546049e-01 0 0 0 1
1.520621189418596506e+09 2.452701362078564262e-01 1.015032493911993683e-03 1.630544058596097301e-01 0 0 0 1
1.520621189426929474e+09 2.527202884814437889e-01 3.327814305816634288e-03 1.659253627057657443e-01 0 0 0 1
1.520621189435263634e+09 2.600978759667731399e-01 5.143303201168070160e-03 1.690944896030566191e-01 0 0 0 1
1.520621189443596363e+09 2.671255807229497847e-01 7.362677119349014809e-03 1.722683099442134935e-01 0 0 0 1
1.520621189451929331e+09 2.736489638387634704e-01 9.620236752441280181e-03 1.754539975773206084e-01 0 0 0 1
1.520621189460263491e+09 2.805075410761465049e-01 1.143371511319135614e-02 1.789949980482585801e-01 0 0 0 1
1.520621189468596458e+09 2.868716471831016523e-01 1.367661085623539385e-02 1.824933207890295783e-01 0 0 0 1
1.520621189476929665e+09 2.937257839909938051e-01 1.506394602226923674e-02 1.864098282404065277e-01 0 0 0 1
1.520621189485262394e+09 3.000445353694415340e-01 1.669330601770102618e-02 1.903458740278258787e-01 0 0 0 1
1.520621189493596554e+09 3.059656173835492154e-01 1.842115849791758908e-02 1.944498577255149296e-01 0 0 0 1
1.520621189501929522e+09 3.123109975935323135e-01 1.933852660074464325e-02 1.988845465121225065e-01 0 0 0 1
1.520621189510263443e+09 3.182801244471958890e-01 2.065362055215991255e-02 2.034067345986638742e-01 0 0 0 1
1.520621189518596411e+09 3.241003106206044038e-01 2.155241995465562166e-02 2.079959438218772494e-01 0 0 0 1
1.520621189526929617e+09 3.294712545180157326e-01 2.280696521218494865e-02 2.126488623945412826e-01 0 0 0 1
1.520621189535262585e+09 3.353167446736667889e-01 2.342690723500384653e-02 2.176319173505474325e-01 0 0 0 1
1.520621189543596268e+09 3.403287207956214866e-01 2.418418721738146981e-02 2.225393799666393058e-01 0 0 0 1
1.520621189551929474e+09 3.450295759085891811e-01 2.557442267368970068e-02 2.274990973888249002e-01 0 0 0 1
1.520621189560263634e+09 3.502781101079281978e-01 2.560947896502996368e-02 2.327637651212359771e-01 0 0 0 1
1.520621189568596601e+09 3.550494549889379181e-01 2.609232280233453327e-02 2.379501550521259112e-01 0 0 0 1
1.520621189576929569e+09 3.597344427926866262e-01 2.618752751028097236e-02 2.434032637151148926e-01 0 0 0 1
1.520621189585263491e+09 3.639366399024716037e-01 2.677263848094080245e-02 2.487332763551088899e-01 0 0 0 1
1.520621189593596458e+09 3.680934588458026901e-01 2.678462462762853935e-02 2.542568936332425533e-01 0 0 0 1
1.520621189601929665e+09 3.719855648299634776e-01 2.698813633590402272e-02 2.598158496129516770e-01 0 0 0 1
1.520621189610262632e+09 3.759526518508968795e-01 2.687874172247473048e-02 2.655860231010911399e-01 0 0 0 1
1.520621189618596554e+09 3.795714920633980194e-01 2.701903685407225364e-02 2.712350518999848692e-01 0 0 0 1
1.520621189626929522e+09 3.830290779253422428e-01 2.683153241078828355e-02 2.769492962439823458e-01 0 0 0 1
1.520621189635263681e+09 3.865955030627993283e-01 2.610587251829799005e-02 2.829765021945984671e-01 0 0 0 1
1.520621189643596411e+09 3.892908194753039730e-01 2.642789625945818344e-02 2.884775332787647972e-01 0 0 0 1
1.520621189651929379e+09 3.923114295297931431e-01 2.580743148770936468e-02 2.943350875878862905e-01 0 0 0 1
1.520621189660262585e+09 3.947813240747686248e-01 2.583996512312758398e-02 3.001233203786211057e-01 0 0 0 1
1.520621189668596506e+09 3.974430370063535278e-01 2.494020608166847008e-02 3.059604701434559537e-01 0 0 0 1
1.520621189676929712e+09 3.995974957826062823e-01 2.447421273200844904e-02 3.116883125556872969e-01 0 0 0 1
1.520621189685263395e+09 4.016744947499265583e-01 2.389461996007957723e-02 3.174193847526343149e-01 0 0 0 1
1.520621189693596601e+09 4.032710211955563562e-01 2.330591144512739188e-02 3.230620592727184714e-01 0 0 0 1
1.520621189701929569e+09 4.050793032409260030e-01 2.218013973897758895e-02 3.287514389379413426e-01 0 0 0 1
1.520621189710263491e+09 4.065971213340825452e-01 2.135909921863143879e-02 3.343567871999852947e-01 0 0 0 1
1.520621189718596458e+09 4.074986194669392159e-01 2.081393452360924545e-02 3.399497538961477883e-01 0 0 0 1
1.520621189726929426e+09 4.085496300223583344e-01 1.958752606049818379e-02 3.454111993352344534e-01 0 0 0 1
1.520621189735262632e+09 4.094155406302188993e-01 1.838477707348462609e-02 3.508934876581319973e-01 0 0 0 1
1.520621189743596315e+09 4.101075992790415015e-01 1.745651986939655842e-02 3.563793936543566687e-01 0 0 0 1
1.520621189751929522e+09 4.106420718069838660e-01 1.633057122245407111e-02 3.617101984558623862e-01 0 0 0 1
1.520621189760263443e+09 4.106746225464236177e-01 1.512788097317030456e-02 3.669281761578631063e-01 0 0 0 1
1.520621189768596649e+09 4.107484136460274327e-01 1.382817827174709358e-02 3.721136178591386567e-01 0 0 0 1
1.520621189776929617e+09 4.109604194340825689e-01 1.239963226433116184e-02 3.772011808961523993e-01 0 0 0 1
1.520621189785262346e+09 4.107959433599068788e-01 1.082505688074852923e-02 3.822879388987618920e-01 0 0 0 1
1.520621189793596506e+09 4.100328749524584371e-01 9.040843713815083227e-03 3.870791708081164906e-01 0 0 0 1
1.520621189801929474e+09 4.093762443655033501e-01 7.741456020811221528e-03 3.922646001950043093e-01 0 0 0 1
1.520621189810263395e+09 4.083207536087198886e-01 6.345641894375697589e-03 3.971011429873780862e-01 0 0 0 1
1.520621189818596363e+09 4.072766245969953181e-01 4.461747830276086013e-03 4.018373219769275639e-01 0 0 0 1
1.520621189826929569e+09 4.063262097656721306e-01 2.848850480559717013e-03 4.067063239929864515e-01 0 0 0 1
1.520621189835263491e+09 4.050063802334102903e-01 1.282073026444896513e-03 4.113586250722180981e-01 0 0 0 1
1.520621189843596458e+09 4.034682274860408313e-01 -7.169785145298979145e-04 4.159409698290961188e-01 0 0 0 1
1.520621189851929426e+09 4.016819953823060896e-01 -2.606684386070701187e-03 4.204839424293826955e-01 0 0 0 1
1.520621189860262394e+09 3.999342187479560939e-01 -4.652453228501940430e-03 4.249517180288335805e-01 0 0 0 1
1.520621189868596554e+09 3.978236565690101978e-01 -6.068265810119211068e-03 4.295861256847861576e-01 0 0 0 1
1.520621189876929522e+09 3.954876648799501293e-01 -8.761098989159110673e-03 4.337645851457041513e-01 0 0 0 1
1.520621189885263443e+09 3.932729344867077481e-01 -1.073436484329071128e-02 4.383303467088821570e-01 0 0 0 1
1.520621189893596411e+09 3.905631968758805916e-01 -1.294266394095122674e-02 4.426706457597440192e-01 0 0 0 1
1.520621189901929617e+09 3.875058494044452129e-01 -1.495825711628273602e-02 4.467543430175278107e-01 0 0 0 1
1.520621189910262585e+09 3.846816891470298261e-01 -1.716139611179523516e-02 4.512326264247203955e-01 0 0 0 1
1.520621189918596506e+09 3.816332256988024252e-01 -1.962411794420937383e-02 4.552372717474468811e-01 0 0 0 1
1.520621189926929474e+09 3.783935000635451074e-01 -2.183282032636457703e-02 4.594191418182340669e-01 0 0 0 1
1.520621189935263634e+09 3.749004865525074059e-01 -2.433818896430017809e-02 4.632508077455446127e-01 0 0 0 1
1.520621189943596363e+09 3.713707991661092667e-01 -2.658645639368883984e-02 4.672633090797069233e-01 0 0 0 1
1.520621189951929331e+09 3.674352517527360584e-01 -2.922229502266149304e-02 4.709828317586337576e-01 0 0 0 1
1.520621189960263491e+09 3.635544916365370804e-01 -3.162677992814588723e-02 4.747131409432363558e-01 0 0 0 1
1.520621189968596458e+09 3.594646384248235682e-01 -3.436453058003374750e-02 4.782594730031304309e-01 0 0 0 1
1.520621189976929665e+09 3.552379388330771937e-01 -3.684948154971201539e-02 4.817580892112836022e-01 0 0 0 1
1.520621189985262394e+09 3.508523007559689599e-01 -3.947287147297295906e-02 4.852317876899527871e-01 0 0 0 1
1.520621189993596554e+09 3.464283392846548848e-01 -4.193647420565160822e-02 4.886155277497661320e-01 0 0 0 1
1.520621190001929522e+09 3.417096884803110246e-01 -4.456315015832856830e-02 4.920140381630011550e-01 0 0 0 1
1.520621190010263443e+09 3.366883530772307731e-01 -4.734843215888495660e-02 4.950118652153983057e-01 0 0 0 1
1.520621190018596411e+09 3.317261775333737450e-01 -5.001159908623054040e-02 4.980257551521591886e-01 0 0 0 1
1.520621190026929617e+09 3.266790018613126012e-01 -5.250089406976843343e-02 5.009629793483307836e-01 0 0 0 1
1.520621190035262585e+09 3.213525994487963500e-01 -5.523720672595233694e-02 5.036924532341353622e-01 0 0 0 1
1.520621190043596268e+09 3.160397931931508975e-01 -5.766087204834657864e-02 5.064676160314922626e-01 0 0 0 1
1.520621190051929474e+09 3.104101349415303579e-01 -6.042878143265406621e-02 5.089514426839318872e-01 0 0 0 1
1.520621190060263634e+09 3.048382837226520925e-01 -6.271810998487825639e-02 5.113851781042761946e-01 0 0 0 1
1.520621190068596601e+09 2.990294805643081144e-01 -6.512593756581974702e-02 5.136484951097044505e-01 0 0 0 1
1.520621190076929569e+09 2.929945213449525188e-01 -6.761000079546342079e-02 5.157331084575564883e-01 0 0 0 1
1.520621190085263491e+09 2.868674501161557755e-01 -7.014259857853122337e-02 5.177626039436726835e-01 0 0 0 1
1.520621190093596458e+09 2.806476926324389387e-01 -7.257505638600036946e-02 5.195036485752710931e-01 0 0 0 1
1.520621190101929665e+09 2.743977685875139683e-01 -7.492965578390831105e-02 5.210873244750986455e-01 0 0 0 1
1.520621190110262632e+09 2.678691917127763444e-01 -7.732251280700264129e-02 5.224817053231713970e-01 0 0 0 1
1.520621190118596554e+09 2.612268038521167179e-01 -7.953229977203124523e-02 5.236109500760739444e-01 0 0 0 1
1.520621190126929522e+09 2.545974804926308677e-01 -8.187373078801707393e-02 5.246892497613917516e-01 0 0 0 1
1.520621190135263681e+09 2.479359666269453921e-01 -8.402928898426098581e-02 5.254863300619241340e-01 0 0 0 1
1.520621190143596411e+09 2.410919722368993767e-01 -8.622264081703090444e-02 5.260703738811922658e-01 0 0 0 1
1.520621190151929379e+09 2.341925288106064817e-01 -8.839257981725190394e-02 5.263592125989928761e-01 0 0 0 1
1.520621190160262585e+09 2.272562980754223583e-01 -9.041780379043418137e-02 5.266360728666097391e-01 0 0 0 1
1.520621190168596506e+09 2.201222199127603751e-01 -9.240158196413628122e-02 5.265478055916823497e-01 0 0 0 1
1.520621190176929712e+09 2.129859027082255940e-01 -9.438999217824095567e-02 5.263038502099159910e-01 0 0 0 1
1.520621190185263395e+09 2.057250292190384577e-01 -9.652803669517684426e-02 5.258482536185584699e-01 0 0 0 1
1.520621190193596601e+09 1.984268200796740489e-01 -9.828950081160581220e-02 5.252555022892211323e-01 0 0 0 1
1.520621190201929569e+09 1.911653338103781463e-01 -9.978511949725243912e-02 5.243950605118741226e-01 0 0 0 1
1.520621190210263491e+09 1.835786918400221790e-01 -1.015252672711878246e-01 5.232232114529842271e-01 0 0 0 1
1.520621190218596458e+09 1.759114756421198411e-01 -1.033849764833305596e-01 5.218341472192031816e-01 0 0 0 1
1.520621190226929426e+09 1.681004253769424750e-01 -1.048042888457327848e-01 5.203295745032832098e-01 0 0 0 1
1.520621190235262632e+09 1.604711707651839125e-01 -1.063379212110935335e-01 5.186100519155842914e-01 0 0 0 1
1.520621190243596315e+09 1.527334279368939285e-01 -1.073005939049190838e-01 5.166720226318006759e-01 0 0 0 1
1.520621190251929522e+09 1.448218709684828687e-01 -1.089166332469578835e-01 5.145215954886710463e-01 0 0 0 1
1.520621190260263443e+09 1.372044459178685116e-01 -1.098771962744508057e-01 5.122753352556188577e-01 0 0 0 1
1.520621190268596649e+09 1.291528192689885834e-01 -1.113197037380388998e-01 5.098093314877025772e-01 0 0 0 1
1.520621190276929617e+09 1.211839011484072692e-01 -1.125061364516851681e-01 5.069708560321797286e-01 0 0 0 1
1.520621190285262346e+09 1.133204512586412083e-01 -1.135609731721830551e-01 5.042227423616683080e-01 0 0 0 1
1.520621190293596506e+09 1.052789177922032193e-01 -1.148347498182687998e-01 5.010083096715871598e-01 0 0 0 1
1.520621190301929474e+09 9.703216058151920009e-02 -1.157986827389283491e-01 4.977590008192378512e-01 0 0 0 1
1.520621190310263395e+09 8.872611154664589161e-02 -1.169190913305168111e-01 4.942850014865429742e-01 0 0 0 1
1.520621190318596363e+09 8.065623132019072994e-02 -1.176773670599263744e-01 4.906265956365833958e-01 0 0 0 1
1.520621190326929569e+09 7.256355133886771558e-02 -1.183615968119609008e-01 4.869723398007594906e-01 0 0 0 1
1.520621190335263491e+09 6.425520100172432691e-02 -1.191598559653436196e-01 4.830747814407088114e-01 0 0 0 1
1.520621190343596458e+09 5.584735064123336201e-02 -1.198608829603707848e-01 4.789886404265606412e-01 0 0 0 1
1.520621190351929426e+09 4.772311482314339770e-02 -1.206154526078699885e-01 4.749378939150068479e-01 0 0 0 1
1.520621190360262394e+09 3.936162934636777688e-02 -1.211789804871277187e-01 4.706049760666166648e-01 0 0 0 1
1.520621190368596554e+09 3.100946986884467460e-02 -1.215176045209196420e-01 4.662686751244153882e-01 0 0 0 1
1.520621190376929522e+09 2.265904841542043524e-02 -1.222082001277805530e-01 4.618423935931545987e-01 0 0 0 1
1.520621190385263443e+09 1.437505105102077074e-02 -1.226271196063110080e-01 4.572991222769802189e-01 0 0 0 1
1.520621190393596411e+09 5.998579537565384978e-03 -1.226214951033332001e-01 4.526277795811390892e-01 0 0 0 1
1.520621190401929617e+09 -2.292828380511702235e-03 -1.227650676622853432e-01 4.481487845715230733e-01 0 0 0 1
1.520621190410262585e+09 -1.088438297265253984e-02 -1.236462415810321014e-01 4.434585941969992895e-01 0 0 0 1
1.520621190418596506e+09 -1.931581582431823874e-02 -1.233777280034378254e-01 4.384900389627666151e-01 0 0 0 1
1.520621190426929474e+09 -2.788664996266188023e-02 -1.233469586126368922e-01 4.334847129067298521e-01 0 0 0 1
1.520621190435263634e+09 -3.635122323457035121e-02 -1.232370870651968708e-01 4.285271953618072782e-01 0 0 0 1
1.520621190443596363e+09 -4.486096776214787418e-02 -1.230433911140426106e-01 4.236674562249143072e-01 0 0 0 1
1.520621190451929331e+09 -5.336356089633098598e-02 -1.229369782901594821e-01 4.186050812400998744e-01 0 0 0 1
1.520621190460263491e+09 -6.192386447211684075e-02 -1.228582984730256511e-01 4.134517334396594634e-01 0 0 0 1
1.520621190468596458e+09 -7.076136926340970135e-02 -1.228900274125515057e-01 4.083322478949564793e-01 0 0 0 1
1.520621190476929665e+09 -7.900409658872176166e-02 -1.223348112001806376e-01 4.029098559839743299e-01 0 0 0 1
1.520621190485262394e+09 -8.757862123081922023e-02 -1.220224948510303387e-01 3.975199872219012942e-01 0 0 0 1
1.520621190493596554e+09 -9.593109133130423016e-02 -1.213833980485957698e-01 3.921532061690855553e-01 0 0 0 1
1.520621190501929522e+09 -1.049705689173996981e-01 -1.210857933721107837e-01 3.865432023252191041e-01 0 0 0 1
1.520621190510263443e+09 -1.136954832644893609e-01 -1.208604744893445604e-01 3.809961830140928818e-01 0 0 0 1
1.520621190518596411e+09 -1.228723376644467735e-01 -1.207385547111973212e-01 3.754907227499482136e-01 0 0 0 1
1.520621190526929617e+09 -1.318304284405016902e-01 -1.197742204526482945e-01 3.698680946325674235e-01 0 0 0 1
1.520621190535262585e+09 -1.406104178500860447e-01 -1.185948617943151095e-01 3.638293134613397317e-01 0 0 0 1
1.520621190543596268e+09 -1.492437164960677132e-01 -1.183607294690968148e-01 3.582359259763139292e-01 0 0 0 1
1.520621190551929474e+09 -1.576571521046781221e-01 -1.172241967314234801e-01 3.525038062259389093e-01 0 0 0 1
1.520621190560263634e+09 -1.669043757872937794e-01 -1.169597464188271152e-01 3.469158720092768711e-01 0 0 0 1
1.520621190568596601e+09 -1.757035789157194716e-01 -1.161671963414152575e-01 3.411116662567257318e-01 0 0 0 1
1.520621190576929569e+09 -1.842046330143667365e-01 -1.149752445741083484e-01 3.353918528412480615e-01 0 0 0 1
1.520621190585263491e+09 -1.933093224965067858e-01 -1.140201916939819204e-01 3.295108580106438367e-01 0 0 0 1
1.520621190593596458e+09 -2.022067815122222667e-01 -1.127308789979466486e-01 3.235678192292426036e-01 0 0 0 1
1.520621190601929665e+09 -2.108204491698379424e-01 -1.115523477661025664e-01 3.178263705486381596e-01 0 0 0 1
1.520621190610262632e+09 -2.196285147675665628e-01 -1.101292502028790032e-01 3.120239258704664564e-01 0 0 0 1
1.520621190618596554e+09 -2.283454635344479566e-01 -1.088016943441512119e-01 3.062321352022896459e-01 0 0 0 1
1.520621190626929522e+09 -2.371255222441202293e-01 -1.074664838661611999e-01 3.004578430649780252e-01 0 0 0 1
1.520621190635263681e+09 -2.457987905302207732e-01 -1.059046782236960915e-01 2.947360665177984895e-01 0 0 0 1
1.520621190643596411e+09 -2.546256331751847179e-01 -1.044491203104226384e-01 2.889494974766546598e-01 0 0 0 1
1.520621190651929379e+09 -2.634469609105366539e-01 -1.025195341158702256e-01 2.833168560470584740e-01 0 0 0 1
1.520621190660262585e+09 -2.722542374293014378e-01 -1.008408088957548632e-01 2.776562271080214028e-01 0 0 0 1
1.520621190668596506e+09 -2.810215623593660950e-01 -9.904434445295839939e-02 2.720693004465937204e-01 0 0 0 1
1.520621190676929712e+09 -2.897746293401262108e-01 -9.723587966326940890e-02 2.665319016723755041e-01 0 0 0 1
1.520621190685263395e+09 -2.985422251381919523e-01 -9.529047521486933015e-02 2.610005236402610507e-01 0 0 0 1
1.520621190693596601e+09 -3.072492471600992703e-01 -9.340107785605744617e-02 2.555571328006274179e-01 0 0 0 1
1.520621190701929569e+09 -3.159763270654272205e-01 -9.145619158355677847e-02 2.501181095014874955e-01 0 0 0 1
1.520621190710263491e+09 -3.247628272328239030e-01 -8.924131086434272664e-02 2.448011347189975595e-01 0 0 0 1
1.520621190718596458e+09 -3.334121800021286885e-01 -8.712873618699712441e-02 2.395848521170356182e-01 0 0 0 1
1.520621190726929426e+09 -3.422122593561192638e-01 -8.506638369980168424e-02 2.344417018511639750e-01 0 0 0 1
1.520621190735262632e+09 -3.508612444882684978e-01 -8.280066411003028648e-02 2.293333474031749031e-01 0 0 0 1
1.520621190743596315e+09 -3.595768909823968684e-01 -8.044226717904667812e-02 2.244189687229762864e-01 0 0 0 1
1.520621190751929522e+09 -3.681627585559476556e-01 -7.809224206605169805e-02 2.195832866866911370e-01 0 0 0 1
1.520621190760263443e+09 -3.767374973584749487e-01 -7.593454671240895681e-02 2.147908987868949460e-01 0 0 0 1
1.520621190768596649e+09 -3.853770107391730759e-01 -7.348317637459222951e-02 2.101548371781543079e-01 0 0 0 1
1.520621190776929617e+09 -3.940609290331587578e-01 -7.075904943718003270e-02 2.056686418058155663e-01 0 0 0 1
1.520621190785262346e+09 -4.026844288959683382e-01 -6.859553865271827977e-02 2.012642988607917793e-01 0 0 0 1
1.520621190793596506e+09 -4.112328698678402450e-01 -6.622860501402205724e-02 1.969845827634162383e-01 0 0 0 1
1.520621190801929474e+09 -4.198621543343655782e-01 -6.363873896824101539e-02 1.929368338827159857e-01 0 0 0 1
1.520621190810263395e+09 -4.283835566637688719e-01 -6.131858870013828788e-02 1.890669056625999822e-01 0 0 0 1
1.520621190818596363e+09 -4.368774489559097973e-01 -5.863700364021362521e-02 1.853854431262440539e-01 0 0 0 1
1.520621190826929569e+09 -4.453761380966327899e-01 -5.608021218348557824e-02 1.817428968161778347e-01 0 0 0 1
1.520621190835263491e+09 -4.540831253029954384e-01 -5.364763464169131080e-02 1.782102989782496927e-01 0 0 0 1
1.520621190843596458e+09 -4.624087787226608404e-01 -5.116794783425238080e-02 1.750157719431790770e-01 0 0 0 1
1.520621190851929426e+09 -4.710321901511498877e-01 -4.852351229021623080e-02 1.718320437121878541e-01 0 0 0 1
1.520621190860262394e+09 -4.793044143371393284e-01 -4.591608801746738244e-02 1.689536021535720245e-01 0 0 0 1
1.520621190868596554e+09 -4.878752777555463438e-01 -4.355719453066764224e-02 1.660635255775546604e-01 0 0 0 1
1.520621190876929522e+09 -4.961980629767887008e-01 -4.092161838202701407e-02 1.635408100370581153e-01 0 0 0 1
1.520621190885263443e+09 -5.045269230725401011e-01 -3.853442515202376573e-02 1.611164945602918674e-01 0 0 0 1
1.520621190893596411e+09 -5.128742114454460932e-01 -3.606587439390995797e-02 1.589097867655806517e-01 0 0 0 1
1.520621190901929617e+09 -5.209740717442253866e-01 -3.370688497124196825e-02 1.569025467723592637e-01 0 0 0 1
1.520621190910262585e+09 -5.291723299748730680e-01 -3.123466292701193581e-02 1.551945283980002976e-01 0 0 0 1
1.520621190918596506e+09 -5.371722957882939520e-01 -2.887012037495872985e-02 1.536833251751474894e-01 0 0 0 1
1.520621190926929474e+09 -5.451593365752533948e-01 -2.608190296183443557e-02 1.522336918458666588e-01 0 0 0 1
1.520621190935263634e+09 -5.531747783019128617e-01 -2.386185050502986904e-02 1.512054018308690573e-01 0 0 0 1
1.520621190943596363e+09 -5.611824885069133240e-01 -2.137930931675824375e-02 1.502962059808619077e-01 0 0 0 1
1.520621190951929331e+09 -5.692981899079819774e-01 -1.901948790861507366e-02 1.495385702218507973e-01 0 0 0 1
1.520621190960263491e+09 -5.771530603882027988e-01 -1.645141102262970279e-02 1.491737221774327438e-01 0 0 0 1
1.520621190968596458e+09 -5.844969948437586105e-01 -1.378368113446382104e-02 1.487874727611799841e-01 0 0 0 1
1.520621190976929665e+09 -5.922886525458466167e-01 -1.148457531202440318e-02 1.488986497420028421e-01 0 0 0 1
1.520621190985262394e+09 -5.998719809512297330e-01 -9.542021756744234473e-03 1.493243061999389720e-01 0 0 0 1
1.520621190993596554e+09 -6.071493952674091865e-01 -6.996802236508226081e-03 1.497296174929250157e-01 0 0 0 1
1.520621191001929522e+09 -6.145239373244781866e-01 -4.643352722182303438e-03 1.502903787656617585e-01 0 0 0 1
1.520621191010263443e+09 -6.218794341325852848e-01 -2.623539955843412486e-03 1.512363753927523646e-01 0 0 0 1
1.520621191018596411e+09 -6.294157215656960291e-01 -4.926597709472568809e-04 1.523656915542750401e-01 0 0 0 1
1.520621191026929617e+09 -6.365273547083025729e-01 1.570445167908829376e-03 1.535803561339743606e-01 0 0 0 1
1.520621191035262585e+09 -6.436974237790255016e-01 3.438194842421471442e-03 1.552142969893486324e-01 0 0 0 1
1.520621191043596268e+09 -6.506800483137782365e-01 5.322248160817277807e-03 1.570115035363310874e-01 0 0 0 1
1.520621191051929474e+09 -6.574765233350259308e-01 7.197003340201235666e-03 1.590993762310310977e-01 0 0 0 1
1.520621191060263634e+09 -6.643439676702691532e-01 9.068500247271238379e-03 1.613593738188681126e-01 0 0 0 1
1.520621191068596601e+09 -6.709925148607843726e-01 1.054742718521417544e-02 1.639830816460179364e-01 0 0 0 1
1.520621191076929569e+09 -6.774883058206355724e-01 1.208200322559738193e-02 1.668288265915724988e-01 0 0 0 1
1.520621191085263491e+09 -6.838814962453259039e-01 1.303865618134825155e-02 1.700471448390259432e-01 0 0 0 1
1.520621191093596458e+09 -6.898129688017811123e-01 1.453063946705401843e-02 1.733976434875665884e-01 0 0 0 1
1.520621191101929665e+09 -6.958785974609096314e-01 1.569346603165899801e-02 1.770222805763497220e-01 0 0 0 1
1.520621191110262632e+09 -7.015091096628998102e-01 1.675301774974624625e-02 1.809438226464885613e-01 0 0 0 1
1.520621191118596554e+09 -7.073868852817091213e-01 1.772112876278542082e-02 1.851872879346077028e-01 0 0 0 1
1.520621191126929522e+09 -7.127485043560337630e-01 1.831840562248854276e-02 1.896589501931218447e-01 0 0 0 1
1.520621191135263681e+09 -7.180184809684631020e-01 1.905684309698285617e-02 1.943175312119787002e-01 0 0 0 1
1.520621191143596411e+09 -7.230836936983352503e-01 1.966003527279658325e-02 1.992158539706856413e-01 0 0 0 1
1.520621191151929379e+09 -7.278786379322093048e-01 2.026491714196765326e-02 2.043166852364111108e-01 0 0 0 1
1.520621191160262585e+09 -7.324138019663104515e-01 2.056941387614885652e-02 2.095702611805425608e-01 0 0 0 1
1.520621191168596506e+09 -7.367356577164076992e-01 2.073759705330413539e-02 2.150124840847993379e-01 0 0 0 1
1.520621191176929712e+09 -7.409713306105862873e-01 2.080585866844142373e-02 2.206424072968777850e-01 0 0 0 1
1.520621191185263395e+09 -7.449124348866582590e-01 2.075877910245149671e-02 2.264977343095382345e-01 0 0 0 1
1.520621191193596601e+09 -7.487580384238886611e-01 2.050422497870174610e-02 2.324668869235997359e-01 0 0 0 1
1.520621191201929569e+09 -7.523140494086917318e-01 2.022296711350857201e-02 2.386014512256586784e-01 0 0 0 1
1.520621191210263491e+09 -7.556754308299253875e-01 1.979660729266252694e-02 2.449778708068661714e-01 0 0 0 1
1.520621191218596458e+09 -7.589462062783185470e-01 1.931367263163386028e-02 2.514171564912741630e-01 0 0 0 1
1.520621191226929426e+09 -7.617325805623835766e-01 1.849146655965838715e-02 2.580221616315043764e-01 0 0 0 1
1.520621191235262632e+09 -7.644528918100208514e-01 1.790783480530722116e-02 2.648174956854196793e-01 0 0 0 1
1.520621191243596315e+09 -7.668282902456637906e-01 1.705720799627430395e-02 2.717070977539455257e-01 0 0 0 1
1.520621191251929522e+09 -7.690732019919116480e-01 1.592010222659445695e-02 2.788493201615183104e-01 0 0 0 1
1.520621191260263443e+09 -7.710003197971959654e-01 1.510135173637738859e-02 2.859389999332773158e-01 0 0 0 1
1.520621191268596649e+09 -7.725381090347536173e-01 1.399248364303051773e-02 2.930772986075076414e-01 0 0 0 1
1.520621191276929617e+09 -7.741072200722957097e-01 1.266896621394586475e-02 3.003498875688752623e-01 0 0 0 1
1.520621191285262346e+09 -7.752375329527184666e-01 1.150264666167699623e-02 3.076928058140855349e-01 0 0 0 1
1.520621191293596506e+09 -7.762201893901550243e-01 1.030639632148955265e-02 3.151305619481863385e-01 0 0 0 1
1.520621191301929474e+09 -7.770459974910703949e-01 8.960768375622651938e-03 3.224774057830861462e-01 0 0 0 1
1.520621191310263395e+09 -7.774701084461220768e-01 7.402288547152635623e-03 3.298462246148061716e-01 0 0 0 1
1.520621191318596363e+09 -7.779529879815882953e-01 6.002879684596451604e-03 3.373805997233190190e-01 0 0 0 1
1.520621191326929569e+09 -7.780427998557333247e-01 4.303372990939413611e-03 3.448212038099687238e-01 0 0 0 1
1.520621191335263491e+09 -7.778285524094932235e-01 2.550546372307893606e-03 3.522695606704284721e-01 0 0 0 1
1.520621191343596458e+09 -7.771503370211023665e-01 8.475630515865084647e-04 3.596214958110874882e-01 0 0 0 1
1.520621191351929426e+09 -7.768357261135363512e-01 -1.007004723107329802e-03 3.671019649600710810e-01 0 0 0 1
1.520621191360262394e+09 -7.761176594633927284e-01 -2.858885825524182245e-03 3.745063327054687363e-01 0 0 0 1
1.520621191368596554e+09 -7.748173184305512384e-01 -4.996810771270454588e-03 3.819511789550724679e-01 0 0 0 1
1.520621191376929522e+09 -7.733725222760094997e-01 -7.112660870779885514e-03 3.892157287398105847e-01 0 0 0 1
1.520621191385263443e+09 -7.720205162881838001e-01 -9.089150912281462880e-03 3.963963541777373312e-01 0 0 0 1
1.520621191393596411e+09 -7.701786186242347565e-01 -1.132248970849414338e-02 4.035425495578706112e-01 0 0 0 1
1.520621191401929617e+09 -7.684043358202733431e-01 -1.348284368221608354e-02 4.106499581304721147e-01 0 0 0 1
1.520621191410262585e+09 -7.662077139609977383e-01 -1.580156572674240589e-02 4.177784059550522233e-01 0 0 0 1
1.520621191418596506e+09 -7.635252303560049469e-01 -1.823160881419361168e-02 4.247495275870960540e-01 0 0 0 1
1.520621191426929474e+09 -7.610468871216082842e-01 -2.050500721775438961e-02 4.317683224208870296e-01 0 0 0 1
1.520621191435263634e+09 -7.582152560021164778e-01 -2.284697922109379942e-02 4.386607696482229812e-01 0 0 0 1
1.520621191443596363e+09 -7.551927534132223396e-01 -2.512586229441993169e-02 4.454241461129664348e-01 0 0 0 1
1.520621191451929331e+09 -7.518921626117081036e-01 -2.763747440809904976e-02 4.521818923904086240e-01 0 0 0 1
1.520621191460263491e+09 -7.483169602382624408e-01 -3.025185219622339439e-02 4.588418410306893680e-01 0 0 0 1
1.520621191468596458e+09 -7.447164187028190163e-01 -3.269994817317578573e-02 4.652854039502258843e-01 0 0 0 1
1.520621191476929665e+09 -7.408578904880487315e-01 -3.530149229018042512e-02 4.715870541273794458e-01 0 0 0 1
1.520621191485262394e+09 -7.368456414901773943e-01 -3.792498093073104481e-02 4.778674540053642339e-01 0 0 0 1
1.520621191493596554e+09 -7.326927560355652735e-01 -4.058307337637789836e-02 4.840413806666867824e-01 0 0 0 1
1.520621191501929522e+09 -7.281771403134056353e-01 -4.328871202943929131e-02 4.900082535138741147e-01 0 0 0 1
1.520621191510263443e+09 -7.238471606938068348e-01 -4.598520192590516142e-02 4.959757226292929033e-01 0 0 0 1
1.520621191518596411e+09 -7.191354296312945094e-01 -4.864478516936487917e-02 5.016967832515966119e-01 0 0 0 1
1.520621191526929617e+09 -7.141373804162162164e-01 -5.149610573454921347e-02 5.073151604035264217e-01 0 0 0 1
1.520621191535262585e+09 -7.092220606663419691e-01 -5.413520296087404038e-02 5.128243075824139297e-01 0 0 0 1
1.520621191543596268e+09 -7.038996034682084568e-01 -5.689089095622412717e-02 5.182507850037663122e-01 0 0 0 1
1.520621191551929474e+09 -6.988349547735722700e-01 -5.950129131748504996e-02 5.234898920006194611e-01 0 0 0 1
1.520621191560263634e+09 -6.931798172000851466e-01 -6.230031413662540096e-02 5.286332234941526487e-01 0 0 0 1
1.520621191568596601e+09 -6.876722783358302227e-01 -6.503919108537448146e-02 5.336502258061106563e-01 0 0 0 1
1.520621191576929569e+09 -6.819942971995729408e-01 -6.786530682698521666e-02 5.386863102847272433e-01 0 0 0 1
1.520621191585263491e+09 -6.760202442330318640e-01 -7.021663932410993070e-02 5.432546424025919141e-01 0 0 0 1
1.520621191593596458e+09 -6.699283481209323821e-01 -7.284741324689258946e-02 5.479043757280548377e-01 0 0 0 1
1.520621191601929665e+09 -6.640088165731061753e-01 -7.552385106176418006e-02 5.525518588186550950e-01 0 0 0 1
1.520621191610262632e+09 -6.575343920329553837e-01 -7.815606309683509334e-02 5.568733799412288743e-01 0 0 0 1
1.520621191618596554e+09 -6.510504271031505308e-01 -8.074139132283919551e-02 5.610300835891124382e-01 0 0 0 1
1.520621191626929522e+09 -6.443978630195649204e-01 -8.320410955899726346e-02 5.651546898314403489e-01 0 0 0 1
1.520621191635263681e+09 -6.375210685783534448e-01 -8.554692750261849721e-02 5.690554625312340686e-01 0 0 0 1
1.520621191643596411e+09 -6.307408429694959517e-01 -8.798333552500126054e-02 5.728044823094706750e-01 0 0 0 1
1.520621191651929379e+09 -6.237888091296870385e-01 -9.017697462329821168e-02 5.763600014293344120e-01 0 0 0 1
1.520621191660262585e+09 -6.166016897959898380e-01 -9.271788179347872916e-02 5.797803094554379033e-01 0 0 0 1
1.520621191668596506e+09 -6.092361667228826105e-01 -9.460026874600968583e-02 5.828210734010261795e-01 0 0 0 1
1.520621191676929712e+09 -6.020785230769531982e-01 -9.715377354743925942e-02 5.859947111056513780e-01 0 0 0 1
1.520621191685263395e+09 -5.946324120001637015e-01 -9.926099274232191849e-02 5.888097203509508049e-01 0 0 0 1
1.520621191693596601e+09 -5.871218271508690245e-01 -1.013847309910058669e-01 5.915025601815426803e-01 0 0 0 1
1.520621191701929569e+09 -5.794870853780248465e-01 -1.033705475298392074e-01 5.938489177724011192e-01 0 0 0 1
1.520621191710263491e+09 -5.717498975827024488e-01 -1.052487011621368040e-01 5.959498215723990633e-01 0 0 0 1
1.520621191718596458e+09 -5.639817791354471144e-01 -1.071718605084935882e-01 5.978067968628928419e-01 0 0 0 1
1.520621191726929426e+09 -5.562352368617673459e-01 -1.090189056720475280e-01 5.994744129884073125e-01 0 0 0 1
1.520621191735262632e+09 -5.482593496779527564e-01 -1.109104722055522796e-01 6.009111536565350242e-01 0 0 0 1
1.520621191743596315e+09 -5.403925609810688035e-01 -1.126967097562776576e-01 6.020211720637895780e-01 0 0 0 1
1.520621191751929522e+09 -5.325554119508195683e-01 -1.142626117928767782e-01 6.028372512181148224e-01 0 0 0 1
1.520621191760263443e+09 -5.244104449848712157e-01 -1.161407249905074268e-01 6.033907804077405235e-01 0 0 0 1
1.520621191768596649e+09 -5.162878606638865442e-01 -1.177005441787958295e-01 6.037258399091474104e-01 0 0 0 1
1.520621191776929617e+09 -5.081232015833988536e-01 -1.191616678246745220e-01 6.037109019923840858e-01 0 0 0 1
1.520621191785262346e+09 -4.999994345269746510e-01 -1.206911359431533937e-01 6.033828721823464303e-01 0 0 0 1
1.520621191793596506e+09 -4.917103507354140257e-01 -1.220954348130794953e-01 6.028707303462590428e-01 0 0 0 1
1.520621191801929474e+09 -4.835477668873782719e-01 -1.233368931960879822e-01 6.019927980385326727e-01 0 0 0 1
1.520621191810263395e+09 -4.751342154138917251e-01 -1.246613219466148337e-01 6.008567398945698912e-01 0 0 0 1
1.520621191818596363e+09 -4.668853704608793009e-01 -1.258508412878019955e-01 5.995123053591941975e-01 0 0 0 1
1.520621191826929569e+09 -4.584681342195585096e-01 -1.269366476675281019e-01 5.979328141377668882e-01 0 0 0 1
1.520621191835263491e+09 -4.496414850485930814e-01 -1.284876473896237048e-01 5.964078234463168204e-01 0 0 0 1
1.520621191843596458e+09 -4.412050775441834216e-01 -1.295271707585888832e-01 5.944664914471136097e-01 0 0 0 1
1.520621191851929426e+09 -4.326357769400095976e-01 -1.305900468495805322e-01 5.926757347364806083e-01 0 0 0 1
1.520621191860262394e+09 -4.239805233891835723e-01 -1.315616375427149931e-01 5.905017299276689169e-01 0 0 0 1
1.520621191868596554e+09 -4.153619348931127941e-01 -1.322921049579491859e-01 5.883056392763974518e-01 0 0 0 1
1.520621191876929522e+09 -4.068270067451297267e-01 -1.330469406205524452e-01 5.858712941386778894e-01 0 0 0 1
1.520621191885263443e+09 -3.981352088250668109e-01 -1.338181269422151765e-01 5.833235651303854130e-01 0 0 0 1
1.520621191893596411e+09 -3.895538703035792971e-01 -1.341164132880258153e-01 5.807392626147558357e-01 0 0 0 1
1.520621191901929617e+09 -3.803849546111121027e-01 -1.350887735656889355e-01 5.780049844764949540e-01 0 0 0 1
1.520621191910262585e+09 -3.711368757551842257e-01 -1.355558341782655551e-01 5.752649925432307132e-01 0 0 0 1
1.520621191918596506e+09 -3.623008049819984588e-01 -1.360770560687578623e-01 5.723764527367312116e-01 0 0 0 1
1.520621191926929474e+09 -3.532897255252482882e-01 -1.365550746088800560e-01 5.694705548990632860e-01 0 0 0 1
1.520621191935263634e+09 -3.443951821687872838e-01 -1.368768161806240835e-01 5.664223850952678774e-01 0 0 0 1
1.520621191943596363e+09 -3.357840401922835838e-01 -1.371655920569562204e-01 5.635397823212666690e-01 0 0 0 1
1.520621191951929331e+09 -3.269043378664439614e-01 -1.373520241714358825e-01 5.605669080529471771e-01 0 0 0 1
1.520621191960263491e+09 -3.179404223717237632e-01 -1.375131625964817195e-01 5.575666790595910083e-01 0 0 0 1
1.520621191968596458e+09 -3.091821708734396879e-01 -1.378526251087025534e-01 5.545492181394662268e-01 0 0 0 1
1.520621191976929665e+09 -3.002743360287321028e-01 -1.377272006574412622e-01 5.517207235930492448e-01 0 0 0 1
1.520621191985262394e+09 -2.913772720149045981e-01 -1.378034917288950556e-01 5.486843036940918239e-01 0 0 0 1
1.520621191993596554e+09 -2.826243330989307023e-01 -1.378415337942554553e-01 5.456848265763258876e-01 0 0 0 1
1.520621192001929522e+09 -2.736968122594118369e-01 -1.375959389081704565e-01 5.428047326157108277e-01 0 0 0 1
1.520621192010263443e+09 -2.649970140887081271e-01 -1.370343971136454009e-01 5.399004132602844841e-01 0 0 0 1
1.520621192018596411e+09 -2.561908626927655863e-01 -1.367629885622102526e-01 5.368552827389212467e-01 0 0 0 1
1.520621192026929617e+09 -2.475864028645383408e-01 -1.360209434273075280e-01 5.339159636884567295e-01 0 0 0 1
1.520621192035262585e+09 -2.390269488068571813e-01 -1.353261180436339250e-01 5.309117817725410582e-01 0 0 0 1
1.520621192043596268e+09 -2.305103811294169636e-01 -1.348943183077753183e-01 5.279698872152422950e-01 0 0 0 1
1.520621192051929474e+09 -2.221665039830427735e-01 -1.339725489476928377e-01 5.251259241872434647e-01 0 0 0 1
1.520621192060263634e+09 -2.137275465695034904e-01 -1.332832903944067837e-01 5.223299193054407041e-01 0 0 0 1
1.520621192068596601e+09 -2.052351202521749962e-01 -1.324795192009420308e-01 5.194618499606893369e-01 0 0 0 1
1.520621192076929569e+09 -1.968884568597298879e-01 -1.317415661028197293e-01 5.168163486733641232e-01 0 0 0 1
1.520621192085263491e+09 -1.887149572250216845e-01 -1.308601488146076131e-01 5.140131982069935379e-01 0 0 0 1
1.520621192093596458e+09 -1.805256639943248476e-01 -1.296773278391414319e-01 5.113290743050675768e-01 0 0 0 1
1.520621192101929665e+09 -1.720904784020929057e-01 -1.287575995557945774e-01 5.088934324428295852e-01 0 0 0 1
1.520621192110262632e+09 -1.643117807818085807e-01 -1.276971447646259028e-01 5.061922865602010990e-01 0 0 0 1
1.520621192118596554e+09 -1.563139679668461568e-01 -1.265713017190599476e-01 5.036888964594370410e-01 0 0 0 1
1.520621192126929522e+09 -1.483259350633411300e-01 -1.252040227364188407e-01 5.012374916743222997e-01 0 0 0 1
1.520621192135263681e+09 -1.406244980573937986e-01 -1.239904646874223637e-01 4.990848595195402915e-01 0 0 0 1
1.520621192143596411e+09 -1.325736510042851979e-01 -1.223341614577452274e-01 4.967494251261475036e-01 0 0 0 1
1.520621192151929379e+09 -1.248813532240632407e-01 -1.206493295351345196e-01 4.946007086111721129e-01 0 0 0 1
1.520621192160262585e+09 -1.171100425213489338e-01 -1.193049656570449590e-01 4.925700019325391921e-01 0 0 0 1
1.520621192168596506e+09 -1.096954853272916197e-01 -1.177132697603707756e-01 4.905022157694867158e-01 0 0 0 1
1.520621192176929712e+09 -1.018720788976534841e-01 -1.159308994747625388e-01 4.887073213725783294e-01 0 0 0 1
1.520621192185263395e+09 -9.434644472982367525e-02 -1.147566009137074294e-01 4.869232813804007520e-01 0 0 0 1
1.520621192193596601e+09 -8.699954793953534882e-02 -1.130618619568594108e-01 4.852861727068493725e-01 0 0 0 1
1.520621192201929569e+09 -7.963569912835261055e-02 -1.115712428639490383e-01 4.835643755469354321e-01 0 0 0 1
1.520621192210263491e+09 -7.198576579117560437e-02 -1.095059709667866032e-01 4.821076369374350801e-01 0 0 0 1
1.520621192218596458e+09 -6.495249698742139310e-02 -1.081458334992515535e-01 4.806370512866762201e-01 0 0 0 1
1.520621192226929426e+09 -5.784845438740582324e-02 -1.067792056131052769e-01 4.792906243769119445e-01 0 0 0 1
1.520621192235262632e+09 -5.088151828234799279e-02 -1.052599813447216981e-01 4.780784014495189638e-01 0 0 0 1
1.520621192243596315e+09 -4.391277509351815267e-02 -1.038169719847475969e-01 4.769378001552269097e-01 0 0 0 1
1.520621192251929522e+09 -3.716264720938478039e-02 -1.022435599436875009e-01 4.759328027610143508e-01 0 0 0 1
1.520621192260263443e+09 -3.034769752260274567e-02 -1.009905293935936532e-01 4.749236517177382044e-01 0 0 0 1
1.520621192268596649e+09 -2.369497337154236050e-02 -9.963463467970423704e-02 4.739844657456258048e-01 0 0 0 1
1.520621192276929617e+09 -1.716197697675986289e-02 -9.848698117673548857e-02 4.730771169567242751e-01 0 0 0 1
1.520621192285262346e+09 -1.064518589393281811e-02 -9.705615699709857491e-02 4.722537009742748815e-01 0 0 0 1
1.520621192293596506e+09 -4.286933929827485557e-03 -9.614855105170583283e-02 4.716415929636743609e-01 0 0 0 1
1.520621192301929474e+09 1.732263424975288846e-03 -9.491351281366122716e-02 4.706941010225755839e-01 0 0 0 1
1.520621192310263395e+09 7.892339514376012222e-03 -9.403918234961572420e-02 4.700322818603066555e-01 0 0 0 1
1.520621192318596363e+09 1.399249241273625710e-02 -9.332129917750697778e-02 4.694080041764172595e-01 0 0 0 1
1.520621192326929569e+09 1.994320274684235894e-02 -9.254693332196062272e-02 4.687680673968437350e-01 0 0 0 1
1.520621192335263491e+09 2.546485145349419721e-02 -9.193631545523994753e-02 4.683539817272557304e-01 0 0 0 1
1.520621192343596458e+09 3.167998822971074269e-02 -9.140031443633100938e-02 4.675996859626119218e-01 0 0 0 1
1.520621192351929426e+09 3.738139512493110495e-02 -9.104130564395296332e-02 4.670621493196864815e-01 0 0 0 1
1.520621192360262394e+09 4.240821209157707994e-02 -9.075561169943113793e-02 4.665437207030882494e-01 0 0 0 1
1.520621192368596554e+09 4.787223781724070371e-02 -9.046920824294280017e-02 4.661603746131672832e-01 0 0 0 1
1.520621192376929522e+09 5.310514266823151974e-02 -9.048811829266112383e-02 4.657250315690892872e-01 0 0 0 1
1.520621192385263443e+09 5.823879031459588962e-02 -9.048110084498506289e-02 4.653362623812198340e-01 0 0 0 1
1.520621192393596411e+09 6.321384014275377439e-02 -9.061716107492456818e-02 4.648303784534877359e-01 0 0 0 1
1.520621192401929617e+09 6.837525214193307388e-02 -9.063653161114904044e-02 4.645380359216333410e-01 0 0 0 1
1.520621192410262585e+09 7.315224533151487574e-02 -9.069895216068357691e-02 4.640358791741943101e-01 0 0 0 1
1.520621192418596506e+09 7.789781852734134482e-02 -9.087655819667272983e-02 4.635733232452743380e-01 0 0 0 1
1.520621192426929474e+09 8.247374535072504731e-02 -9.093409765493332131e-02 4.632030223976040251e-01 0 0 0 1
1.520621192435263634e+09 8.685728436983319867e-02 -9.126606821275284886e-02 4.627433696212366332e-01 0 0 0 1
1.520621192443596363e+09 9.125187005503065940e-02 -9.157942020699816332e-02 4.623728449425004161e-01 0 0 0 1
1.520621192451929331e+09 9.553704663540318887e-02 -9.194319638212633539e-02 4.619842444555872785e-01 0 0 0 1
1.520621192460263491e+09 9.987934879839110991e-02 -9.231006042647083021e-02 4.618509136135608983e-01 0 0 0 1
1.520621192468596458e+09 1.037027029271612166e-01 -9.252397623603814125e-02 4.616162602341011834e-01 0 0 0 1
1.520621192476929665e+09 1.078919824517168280e-01 -9.274826072347219785e-02 4.614485776511485504e-01 0 0 0 1
1.520621192485262394e+09 1.118407610832777843e-01 -9.317243340603775792e-02 4.611937630903055751e-01 0 0 0 1
1.520621192493596554e+09 1.155594256590174451e-01 -9.334985447717225604e-02 4.610703900850836590e-01 0 0 0 1
1.520621192501929522e+09 1.193817257824221212e-01 -9.365156883496505991e-02 4.610054721626033469e-01 0 0 0 1
1.520621192510263443e+09 1.228048054805692679e-01 -9.389741664662820675e-02 4.608909820568387605e-01 0 0 0 1
1.520621192518596411e+09 1.263449736088296804e-01 -9.405775859641452019e-02 4.608609356624122633e-01 0 0 0 1
1.520621192526929617e+09 1.298115742168099995e-01 -9.412557366822038585e-02 4.608390763388563460e-01 0 0 0 1
1.520621192535262585e+09 1.331813050258392472e-01 -9.416430330211333910e-02 4.609112031447673008e-01 0 0 0 1
1.520621192543596268e+09 1.367044255438570888e-01 -9.431523913843453677e-02 4.610492121542113519e-01 0 0 0 1
1.520621192551929474e+09 1.400434766910495510e-01 -9.436101996324230967e-02 4.612732139195006020e-01 0 0 0 1
1.520621192560263634e+09 1.431878987349523014e-01 -9.426163339853077527e-02 4.614397841003252676e-01 0 0 0 1
1.520621192568596601e+09 1.469134729468567491e-01 -9.463223435782019966e-02 4.617512491221296145e-01 0 0 0 1
1.520621192576929569e+09 1.500870555388131855e-01 -9.470327030813374680e-02 4.620350816958385121e-01 0 0 0 1
1.520621192585263491e+09 1.532209286010381977e-01 -9.471341995831006333e-02 4.624702439716052993e-01 0 0 0 1
1.520621192593596458e+09 1.562205933844575956e-01 -9.458440888431252080e-02 4.626942739324626519e-01 0 0 0 1
1.520621192601929665e+09 1.591265833759680781e-01 -9.505305162952815135e-02 4.633215162878989712e-01 0 0 0 1
1.520621192610262632e+09 1.620441930193731173e-01 -9.503798910583682868e-02 4.637984596146895733e-01 0 0 0 1
1.520621192618596554e+09 1.649965113515516890e-01 -9.501158721633962134e-02 4.641973979967533026e-01 0 0 0 1
1.520621192626929522e+09 1.676572333088990341e-01 -9.489168278533555156e-02 4.645971246387918807e-01 0 0 0 1
1.520621192635263681e+09 1.704044382772080812e-01 -9.499764815265043794e-02 4.650858727852016372e-01 0 0 0 1
1.520621192643596411e+09 1.729655760605254278e-01 -9.458907721059828244e-02 4.657744661875633518e-01 0 0 0 1
1.520621192651929379e+09 1.754846648119563479e-01 -9.451195962581149246e-02 4.664837355159321408e-01 0 0 0 1
1.520621192660262585e+09 1.780816081094669379e-01 -9.470704886137970568e-02 4.671695925124990101e-01 0 0 0 1
1.520621192668596506e+09 1.804753916072621145e-01 -9.480890216257886749e-02 4.679037386349405025e-01 0 0 0 1
1.520621192676929712e+09 1.824461849996639184e-01 -9.468692593774086230e-02 4.684248519767941765e-01 0 0 0 1
1.520621192685263395e+09 1.846573205907087178e-01 -9.456512685582674216e-02 4.694236261832140933e-01 0 0 0 1
1.520621192693596601e+09 1.870419659481826757e-01 -9.462673813700650527e-02 4.703741558631453490e-01 0 0 0 1
1.520621192701929569e+09 1.889054921136273935e-01 -9.459622734331951666e-02 4.711082175781089454e-01 0 0 0 1
1.520621192710263491e+09 1.908950069890601453e-01 -9.459337456843530667e-02 4.719951151010515211e-01 0 0 0 1
1.520621192718596458e+09 1.926425150656029261e-01 -9.427401441309379848e-02 4.727161749043189420e-01 0 0 0 1
1.520621192726929426e+09 1.939808702946262953e-01 -9.401041219073202893e-02 4.734732459043031749e-01 0 0 0 1
1.520621192735262632e+09 1.958890026733769441e-01 -9.398537421463293295e-02 4.743672755607781788e-01 0 0 0 1
1.520621192743596315e+09 1.969901611887876491e-01 -9.342026337089992527e-02 4.750356107680058226e-01 0 0 0 1
1.520621192751929522e+09 1.984778603273531505e-01 -9.310998810605952691e-02 4.759232232272279095e-01 0 0 0 1
1.520621192760263443e+09 1.996023898028174148e-01 -9.258117217008132727e-02 4.768410271350995711e-01 0 0 0 1
1.520621192768596649e+09 2.006167889285678241e-01 -9.211383897337421800e-02 4.777844455615456454e-01 0 0 0 1
1.520621192776929617e+09 2.012577026562740734e-01 -9.149935599401648467e-02 4.787167760194381838e-01 0 0 0 1
1.520621192785262346e+09 2.015868767177141363e-01 -9.102897499699136308e-02 4.798514738933383761e-01 0 0 0 1
1.520621192793596506e+09 2.021534117974216338e-01 -9.027020490637427397e-02 4.809089575217166956e-01 0 0 0 1
1.520621192801929474e+09 2.025624806196030248e-01 -8.956895295796707401e-02 4.821336555931918788e-01 0 0 0 1
1.520621192810263395e+09 2.026579543807748296e-01 -8.881647375669132760e-02 4.832192263044357006e-01 0 0 0 1
1.520621192818596363e+09 2.030756679948181320e-01 -8.784862777935842360e-02 4.843314979810937615e-01 0 0 0 1
1.520621192826929569e+09 2.028484578926920134e-01 -8.719334077679286032e-02 4.856809614411858878e-01 0 0 0 1
1.520621192835263491e+09 2.026217399964366228e-01 -8.643937114930533294e-02 4.868436389390200514e-01 0 0 0 1
1.520621192843596458e+09 2.027970944836401390e-01 -8.535037858452998449e-02 4.876332853518499100e-01 0 0 0 1
1.520621192851929426e+09 2.023542553362515095e-01 -8.465352880050802664e-02 4.889925242876673739e-01 0 0 0 1
1.520621192860262394e+09 2.019455424281998424e-01 -8.394269303644452673e-02 4.901091189856732200e-01 0 0 0 1
1.520621192868596554e+09 2.011667918816075762e-01 -8.333564827458006530e-02 4.915214416569602118e-01 0 0 0 1
1.520621192876929522e+09 2.010684482138773710e-01 -8.242304671000033611e-02 4.926177093972985421e-01 0 0 0 1
1.520621192885263443e+09 2.001927647622230300e-01 -8.171994626014944529e-02 4.939095532581905257e-01 0 0 0 1
1.520621192893596411e+09 1.994864349100951006e-01 -8.085695186328367701e-02 4.951690254531730950e-01 0 0 0 1
1.520621192901929617e+09 1.982444870833879325e-01 -8.042601884411160196e-02 4.964270350962980416e-01 0 0 0 1
1.520621192910262585e+09 1.971419111556139692e-01 -7.984565926354925125e-02 4.976227660659853225e-01 0 0 0 1
1.520621192918596506e+09 1.959823009472403399e-01 -7.921164677614123129e-02 4.989056178184663182e-01 0 0 0 1
1.520621192926929474e+09 1.945013946378778558e-01 -7.873285302241028738e-02 5.000936760460850117e-01 0 0 0 1
1.520621192935263634e+09 1.931725820910457081e-01 -7.821757810357776730e-02 5.013964543671263208e-01 0 0 0 1
1.520621192943596363e+09 1.913307374498834923e-01 -7.776603735017739716e-02 5.024664901757505131e-01 0 0 0 1
1.520621192951929331e+09 1.895228901484768969e-01 -7.721927244837656357e-02 5.037377865319614401e-01 0 0 0 1
1.520621192960263491e+09 1.874787208041637232e-01 -7.694695239097715245e-02 5.047651154592232015e-01 0 0 0 1
1.520621192968596458e+09 1.852020126044402470e-01 -7.667946118758983687e-02 5.058114838404910163e-01 0 0 0 1
1.520621192976929665e+09 1.832341896812117454e-01 -7.683984302266255728e-02 5.070640993912109984e-01 0 0 0 1
1.520621192985262394e+09 1.805028986480496922e-01 -7.634234607271150885e-02 5.079843944189943450e-01 0 0 0 1
1.520621192993596554e+09 1.782250329086599860e-01 -7.671009593379141123e-02 5.090835467215601984e-01 0 0 0 1
1.520621193001929522e+09 1.754910478232530879e-01 -7.697273793554226806e-02 5.100781837707621946e-01 0 0 0 1
1.520621193010263443e+09 1.726016208167173716e-01 -7.700580746795926412e-02 5.111206636069380860e-01 0 0 0 1
1.520621193018596411e+09 1.695358484511613195e-01 -7.720140193932223394e-02 5.121355479634044361e-01 0 0 0 1
1.520621193026929617e+09 1.663183299898619572e-01 -7.745382106122378207e-02 5.131265547664292104e-01 0 0 0 1
1.520621193035262585e+09 1.629222869789084260e-01 -7.786097383568768571e-02 5.141343499911132930e-01 0 0 0 1
1.520621193043596268e+09 1.593714657608861218e-01 -7.833228970711891836e-02 5.150192893798521965e-01 0 0 0 1
1.520621193051929474e+09 1.557864938709433433e-01 -7.872761720665233387e-02 5.159952510491538913e-01 0 0 0 1
1.520621193060263634e+09 1.519360556391459172e-01 -7.928832461999701930e-02 5.168288417314768068e-01 0 0 0 1
1.520621193068596601e+09 1.479047964830142448e-01 -7.980220124665071690e-02 5.177025123338347967e-01 0 0 0 1
1.520621193076929569e+09 1.433766026673048977e-01 -7.992786732287227025e-02 5.183169160086533722e-01 0 0 0 1
1.520621193085263491e+09 1.389695380226801946e-01 -8.050388290482612952e-02 5.191592936139814984e-01 0 0 0 1
1.520621193093596458e+09 1.346422092844539176e-01 -8.135257158226116836e-02 5.200853102174429754e-01 0 0 0 1
1.520621193101929665e+09 1.300887910114770785e-01 -8.139666099347642181e-02 5.204238038566033620e-01 0 0 0 1
1.520621193110262632e+09 1.254715348892989635e-01 -8.192332877053176698e-02 5.212874362104140680e-01 0 0 0 1
1.520621193118596554e+09 1.206508112434607760e-01 -8.216793974886815732e-02 5.218333260253471551e-01 0 0 0 1
1.520621193126929522e+09 1.157117011513405513e-01 -8.252959200134091233e-02 5.223775983488825325e-01 0 0 0 1
1.520621193135263681e+09 1.104762308580410357e-01 -8.241357402638049834e-02 5.226477623357848046e-01 0 0 0 1
1.520621193143596411e+09 1.054243720695675623e-01 -8.262891778664416265e-02 5.230966676923414216e-01 0 0 0 1
1.520621193151929379e+09 1.000191600394766400e-01 -8.305404286645479139e-02 5.237547749522628582e-01 0 0 0 1
1.520621193160262585e+09 9.471276168464504153e-02 -8.301645756112552288e-02 5.239403351735216763e-01 0 0 0 1
1.520621193168596506e+09 8.928173387079452183e-02 -8.308640726860816450e-02 5.244218579823307635e-01 0 0 0 1
1.520621193176929712e+09 8.398644942342470276e-02 -8.329153033724601141e-02 5.248389718082144828e-01 0 0 0 1
1.520621193185263395e+09 7.830382202850860729e-02 -8.317756598987968708e-02 5.252060108547298434e-01 0 0 0 1
1.520621193193596601e+09 7.225731618975073101e-02 -8.296032859821278471e-02 5.255333775509534178e-01 0 0 0 1
1.520621193201929569e+09 6.638545323756195327e-02 -8.276868705839668383e-02 5.258229214432335041e-01 0 0 0 1
1.520621193210263491e+09 6.033976829180531798e-02 -8.282328612587475103e-02 5.259121750172037757e-01 0 0 0 1
1.520621193218596458e+09 5.443760309674305908e-02 -8.260563779228369263e-02 5.262803795838033594e-01 0 0 0 1
1.520621193226929426e+09 4.812225165109285108e-02 -8.251210875887116103e-02 5.264083249757325333e-01 0 0 0 1
1.520621193235262632e+09 4.208769314729765565e-02 -8.220074463905435724e-02 5.267135382657397447e-01 0 0 0 1
1.520621193243596315e+09 3.569437691955779091e-02 -8.189669738004912158e-02 5.269052901902275821e-01 0 0 0 1
1.520621193251929522e+09 2.942492842379407225e-02 -8.165539932785692567e-02 5.270863283405144983e-01 0 0 0 1
1.520621193260263443e+09 2.299215826681755281e-02 -8.115798004389451759e-02 5.271341628588515071e-01 0 0 0 1
1.520621193268596649e+09 1.645756288163757741e-02 -8.115313635482657162e-02 5.273485235897443779e-01 0 0 0 1
1.520621193276929617e+09 1.007568392009522418e-02 -8.046704962945738782e-02 5.273179495378084169e-01 0 0 0 1
1.520621193285262346e+09 3.363845788383834634e-03 -7.999811675147272538e-02 5.273225386115822921e-01 0 0 0 1
1.520621193293596506e+09 -2.980950628858447526e-03 -7.941585173144527499e-02 5.274505982945287830e-01 0 0 0 1
1.520621193301929474e+09 -9.706178220175387672e-03 -7.893806226623478750e-02 5.274735729473964962e-01 0 0 0 1
1.520621193310263395e+09 -1.634420762264771065e-02 -7.816637417982952307e-02 5.274568505534877882e-01 0 0 0 1
1.520621193318596363e+09 -2.308241800251270570e-02 -7.744220504462362431e-02 5.276657840625900153e-01 0 0 0 1
1.520621193326929569e+09 -2.946093493220935944e-02 -7.663140194652950932e-02 5.279031251372761080e-01 0 0 0 1
1.520621193335263491e+09 -3.620192721018877791e-02 -7.583274530922468060e-02 5.280588398915566639e-01 0 0 0 1
1.520621193343596458e+09 -4.261727741721521578e-02 -7.505132164985917065e-02 5.282368181016432462e-01 0 0 0 1
1.520621193351929426e+09 -4.935945659318685674e-02 -7.402845014399717094e-02 5.283940704383354170e-01 0 0 0 1
1.520621193360262394e+09 -5.628783956008409639e-02 -7.316464400901079301e-02 5.284726080310837570e-01 0 0 0 1
1.520621193368596554e+09 -6.332424395825092533e-02 -7.222852106478205858e-02 5.283796391960018379e-01 0 0 0 1
1.520621193376929522e+09 -7.015753783003014776e-02 -7.114268805366474879e-02 5.285209832129509344e-01 0 0 0 1
1.520621193385263443e+09 -7.753274301331636309e-02 -7.011835851771686112e-02 5.285725049045264523e-01 0 0 0 1
1.520621193393596411e+09 -8.428662249206225754e-02 -6.882590182886694219e-02 5.285403284398682011e-01 0 0 0 1
1.520621193401929617e+09 -9.134154849625186756e-02 -6.744977890287273681e-02 5.285585128394838517e-01 0 0 0 1
1.520621193410262585e+09 -9.846185172327931445e-02 -6.582686565622697383e-02 5.285572631424315659e-01 0 0 0 1
1.520621193418596506e+09 -1.056207661812576526e-01 -6.468526525926598936e-02 5.286351694626181263e-01 0 0 0 1
1.520621193426929474e+09 -1.132668115907442541e-01 -6.344239229333703545e-02 5.285537030140921022e-01 0 0 0 1
1.520621193435263634e+09 -1.205739945262327972e-01 -6.200228831291632048e-02 5.285946866158888202e-01 0 0 0 1
1.520621193443596363e+09 -1.281170663152403355e-01 -6.071662552450873829e-02 5.284743296289591274e-01 0 0 0 1
1.520621193451929331e+09 -1.355008579106577460e-01 -5.946959335819146375e-02 5.284287801046352318e-01 0 0 0 1
1.520621193460263491e+09 -1.430417217984806255e-01 -5.766081795822575184e-02 5.284120268836167700e-01 0 0 0 1
1.520621193468596458e+09 -1.505271804369428534e-01 -5.645425270736148526e-02 5.281517312068695347e-01 0 0 0 1
1.520621193476929665e+09 -1.581736347417403987e-01 -5.502612311881871499e-02 5.278444148648062662e-01 0 0 0 1
1.520621193485262394e+09 -1.658119898465179043e-01 -5.376465211160141866e-02 5.276069546676329658e-01 0 0 0 1
1.520621193493596554e+09 -1.735512277668870840e-01 -5.232496568742706078e-02 5.272433426970806192e-01 0 0 0 1
1.520621193501929522e+09 -1.812351960813975982e-01 -5.115526286931948441e-02 5.269883613587311721e-01 0 0 0 1
1.520621193510263443e+09 -1.888228525183745510e-01 -4.975803057191008349e-02 5.266703572450339710e-01 0 0 0 1
1.520621193518596411e+09 -1.968900933324687630e-01 -4.868776078430747667e-02 5.261773337079636015e-01 0 0 0 1
1.520621193526929617e+09 -2.049632665414901078e-01 -4.751945058252937670e-02 5.258058730378110113e-01 0 0 0 1
1.520621193535262585e+09 -2.129747405982366226e-01 -4.631701291422563038e-02 5.252343076522334453e-01 0 0 0 1
1.520621193543596268e+09 -2.208134232942510211e-01 -4.502013086803680064e-02 5.248862822995754573e-01 0 0 0 1
1.520621193551929474e+09 -2.290714136993715067e-01 -4.357053096206331411e-02 5.242294709476766901e-01 0 0 0 1
1.520621193560263634e+09 -2.370852374422715292e-01 -4.258922546526577868e-02 5.238228313404986736e-01 0 0 0 1
1.520621193568596601e+09 -2.454868799859739881e-01 -4.152611374458137217e-02 5.233524059487295599e-01 0 0 0 1
1.520621193576929569e+09 -2.537113295492177678e-01 -4.084083077546563079e-02 5.231633410034821630e-01 0 0 0 1
1.520621193585263491e+09 -2.618903727641197499e-01 -3.967659491104935654e-02 5.229854154703155178e-01 0 0 0 1
1.520621193593596458e+09 -2.702658993586729563e-01 -3.877506282426423923e-02 5.227118321263848344e-01 0 0 0 1
1.520621193601929665e+09 -2.788819220584680680e-01 -3.812230048667342164e-02 5.222495253159116224e-01 0 0 0 1
1.520621193610262632e+09 -2.872750391085387989e-01 -3.743084424650588993e-02 5.220094206511300960e-01 0 0 0 1
1.520621193618596554e+09 -2.960206816535627672e-01 -3.712973420912535349e-02 5.216677214521705519e-01 0 0 0 1
1.520621193626929522e+09 -3.042352072535661200e-01 -3.571123080921112525e-02 5.212871225383262086e-01 0 0 0 1
1.520621193635263681e+09 -3.134161699448608784e-01 -3.593840408000736897e-02 5.205398414038622246e-01 0 0 0 1
1.520621193643596411e+09 -3.224698221820843647e-01 -3.600553804857731244e-02 5.202038745199197844e-01 0 0 0 1
1.520621193651929379e+09 -3.310897980746409508e-01 -3.542075421017465420e-02 5.199138540277836729e-01 0 0 0 1
1.520621193660262585e+09 -3.399780134649226793e-01 -3.440314964161672595e-02 5.194453014219053699e-01 0 0 0 1
1.520621193668596506e+09 -3.487415801152252692e-01 -3.446220993380966213e-02 5.192205909705207567e-01 0 0 0 1
1.520621193676929712e+09 -3.573847285769770621e-01 -3.385880525460571722e-02 5.190070347349358126e-01 0 0 0 1
1.520621193685263395e+09 -3.661912209358968440e-01 -3.314566636423721402e-02 5.185415788283602723e-01 0 0 0 1
1.520621193693596601e+09 -3.750917629606798642e-01 -3.302965772940857914e-02 5.181953687308060719e-01 0 0 0 1
1.520621193701929569e+09 -3.840217016464031463e-01 -3.253612013317708218e-02 5.178911768221841072e-01 0 0 0 1
1.520621193710263491e+09 -3.927397384392126711e-01 -3.196484888743333919e-02 5.175997718946425685e-01 0 0 0 1
1.520621193718596458e+09 -4.015268389192964138e-01 -3.138905351674270428e-02 5.172813183245170698e-01 0 0 0 1
1.520621193726929426e+09 -4.102575466626954270e-01 -3.077722482827638384e-02 5.169092913687896029e-01 0 0 0 1
1.520621193735262632e+09 -4.188058933593473698e-01 -3.009911579139279425e-02 5.167257373020150979e-01 0 0 0 1
1.520621193743596315e+09 -4.272099978614674054e-01 -2.912958901276929691e-02 5.163682202264443521e-01 0 0 0 1
1.520621193751929522e+09 -4.358353675030842700e-01 -2.833335114787349784e-02 5.160674502776583239e-01 0 0 0 1
1.520621193760263443e+09 -4.440913510951165488e-01 -2.731343472133196393e-02 5.159875864372760468e-01 0 0 0 1
1.520621193768596649e+09 -4.522340733207620422e-01 -2.626263716376719959e-02 5.157125262720361203e-01 0 0 0 1
1.520621193776929617e+09 -4.603988495330733621e-01 -2.531698087903211380e-02 5.155030829287272631e-01 0 0 0 1
1.520621193785262346e+09 -4.685194842768746759e-01 -2.413110056384704105e-02 5.154451458055522295e-01 0 0 0 1
1.520621193793596506e+09 -4.762891929272045077e-01 -2.292617752443526502e-02 5.154335406687799992e-01 0 0 0 1
1.520621193801929474e+09 -4.843456044534975580e-01 -2.218861005015160259e-02 5.152519367378072257e-01 0 0 0 1
1.520621193810263395e+09 -4.923450155548204088e-01 -2.137786145198383725e-02 5.151238413236143288e-01 0 0 0 1
1.520621193818596363e+09 -4.998985930409883260e-01 -1.975759572898549976e-02 5.147438622449016510e-01 0 0 0 1
1.520621193826929569e+09 -5.074261194020966981e-01 -1.873468644935594174e-02 5.144853504888182716e-01 0 0 0 1
1.520621193835263491e+09 -5.149829977913238377e-01 -1.744098009562167206e-02 5.142500744409372881e-01 0 0 0 1
1.520621193843596458e+09 -5.225393749805223864e-01 -1.626083804259503829e-02 5.139881505945957940e-01 0 0 0 1
1.520621193851929426e+09 -5.301773181168427662e-01 -1.512633865448520520e-02 5.138063101986893866e-01 0 0 0 1
1.520621193860262394e+09 -5.375765576910440657e-01 -1.378098325720744644e-02 5.136703927336574438e-01 0 0 0 1
1.520621193868596554e+09 -5.452500874171890555e-01 -1.263733971891256580e-02 5.134025455874855481e-01 0 0 0 1
1.520621193876929522e+09 -5.527154156575435628e-01 -1.130076872866447868e-02 5.132200446478558664e-01 0 0 0 1
1.520621193885263443e+09 -5.598846283773868393e-01 -1.004903490622477413e-02 5.130276014154038222e-01 0 0 0 1
1.520621193893596411e+09 -5.671743207364433603e-01 -8.616791355473552017e-03 5.127608366748570567e-01 0 0 0 1
1.520621193901929617e+09 -5.740924609483049057e-01 -7.470494307455610716e-03 5.125780714615548739e-01 0 0 0 1
1.520621193910262585e+09 -5.810544080370000364e-01 -5.930051941223424272e-03 5.124012239596389406e-01 0 0 0 1
1.520621193918596506e+09 -5.878221892150675698e-01 -4.512530360511024519e-03 5.120495423406232760e-01 0 0 0 1
1.520621193926929474e+09 -5.950821651138716861e-01 -3.053608416553776905e-03 5.120035734518924020e-01 0 0 0 1
1.520621193935263634e+09 -6.018772651280137609e-01 -1.575547501450835775e-03 5.117610547188780057e-01 0 0 0 1
1.520621193943596363e+09 -6.084914034333831490e-01 -5.543293546750316381e-05 5.115776147916630823e-01 0 0 0 1
1.520621193951929331e+09 -6.153345960040117468e-01 1.611291198619468901e-03 5.113015954025343923e-01 0 0 0 1
1.520621193960263491e+09 -6.217727424168377759e-01 3.263709963573391271e-03 5.111205604817423698e-01 0 0 0 1
1.520621193968596458e+09 -6.281542040693677276e-01 4.915801319011925408e-03 5.110040269738906904e-01 0 0 0 1
1.520621193976929665e+09 -6.346243887646006998e-01 6.683374767434857588e-03 5.108784587303052405e-01 0 0 0 1
1.520621193985262394e+09 -6.410655809468837063e-01 8.513436813344932297e-03 5.108778800441968748e-01 0 0 0 1
1.520621193993596554e+09 -6.477835913354491604e-01 1.017838514594737731e-02 5.110608214197329691e-01 0 0 0 1
1.520621194001929522e+09 -6.541954612343626740e-01 1.226266744032078471e-02 5.110983466812912823e-01 0 0 0 1
1.520621194010263443e+09 -6.604817790256010124e-01 1.410690076855047881e-02 5.113608795282686970e-01 0 0 0 1
1.520621194018596411e+09 -6.665658855147291728e-01 1.584854516707423500e-02 5.115640317235909951e-01 0 0 0 1
1.520621194026929617e+09 -6.725002423538894991e-01 1.793122781313583047e-02 5.116711864581917624e-01 0 0 0 1
1.520621194035262585e+09 -6.785389487371262796e-01 1.997930077606802080e-02 5.119379793997154149e-01 0 0 0 1
1.520621194043596268e+09 -6.844831511877670360e-01 2.197307292309014226e-02 5.122361649895794677e-01 0 0 0 1
1.520621194051929474e+09 -6.900101747988265366e-01 2.388288515185299499e-02 5.126116137333562861e-01 0 0 0 1
1.520621194060263634e+09 -6.952546266221146798e-01 2.582198934550095082e-02 5.130392328696189441e-01 0 0 0 1
1.520621194068596601e+09 -7.008103224009225585e-01 2.803911180588869456e-02 5.134724284019749341e-01 0 0 0 1
1.520621194076929569e+09 -7.058050191741206403e-01 3.006298014459496404e-02 5.141160360051146849e-01 0 0 0 1
1.520621194085263491e+09 -7.107393176044154437e-01 3.200705815465443305e-02 5.146916750241992133e-01 0 0 0 1
1.520621194093596458e+09 -7.153824389662252203e-01 3.392516231938413895e-02 5.153447873903520549e-01 0 0 0 1
1.520621194101929665e+09 -7.198341735134393682e-01 3.584393159577248245e-02 5.159578660962658159e-01 0 0 0 1
1.520621194110262632e+09 -7.242867495761757812e-01 3.792955850283685759e-02 5.167010308917168171e-01 0 0 0 1
1.520621194118596554e+09 -7.282263939276709674e-01 3.967789626917295198e-02 5.171831886333759787e-01 0 0 0 1
1.520621194126929522e+09 -7.322979124152756425e-01 4.155526678874599256e-02 5.179164675165950360e-01 0 0 0 1
1.520621194135263681e+09 -7.361148510337770512e-01 4.320137940958734823e-02 5.185018392307871871e-01 0 0 0 1
1.520621194143596411e+09 -7.398572704017489787e-01 4.466224438765820093e-02 5.191085261112924343e-01 0 0 0 1
1.520621194151929379e+09 -7.433541568622430429e-01 4.630164733685226963e-02 5.196349059979525897e-01 0 0 0 1
1.520621194160262585e+09 -7.466784963490217253e-01 4.780883109750444504e-02 5.201226814435475632e-01 0 0 0 1
1.520621194168596506e+09 -7.500267661223563032e-01 4.919405097230633572e-02 5.206353610277272281e-01 0 0 0 1
1.520621194176929712e+09 -7.529181698594993311e-01 5.019819944995651539e-02 5.211376118905450827e-01 0 0 0 1
1.520621194185263395e+09 -7.557403360825800664e-01 5.145052491382628990e-02 5.216611149737091502e-01 0 0 0 1
1.520621194193596601e+09 -7.584235597463060419e-01 5.257072545115759610e-02 5.221556823455921759e-01 0 0 0 1
1.520621194201929569e+09 -7.607553967342540746e-01 5.357146905443088691e-02 5.225736643552492122e-01 0 0 0 1
1.520621194210263491e+09 -7.629691259039486084e-01 5.471400391436209709e-02 5.227245880446131920e-01 0 0 0 1
1.520621194218596458e+09 -7.651335477266199003e-01 5.501396453703810696e-02 5.234042895283774754e-01 0 0 0 1
1.520621194226929426e+09 -7.670823610554002858e-01 5.547711126246268609e-02 5.236669405266711763e-01 0 0 0 1
1.520621194235262632e+09 -7.687797392121595852e-01 5.632616132631595995e-02 5.238378666478327172e-01 0 0 0 1
1.520621194243596315e+09 -7.705018700633510242e-01 5.652641905480193518e-02 5.242453427060260740e-01 0 0 0 1
1.520621194251929522e+09 -7.718560882998116712e-01 5.665479641900494912e-02 5.245736428506395654e-01 0 0 0 1
1.520621194260263443e+09 -7.729978542296833677e-01 5.691173394052950751e-02 5.244383950914808246e-01 0 0 0 1
1.520621194268596649e+09 -7.740160230794359553e-01 5.664623116193079344e-02 5.247882056213812874e-01 0 0 0 1
1.520621194276929617e+09 -7.750983683490536569e-01 5.668587563181837208e-02 5.248152601678144347e-01 0 0 0 1
1.520621194285262346e+09 -7.757115654514517011e-01 5.654473935717674316e-02 5.249092706140889852e-01 0 0 0 1
1.520621194293596506e+09 -7.760838015895576980e-01 5.625408880434334957e-02 5.249037835594305701e-01 0 0 0 1
1.520621194301929474e+09 -7.763850986186219272e-01 5.590778221564984829e-02 5.249678357908709181e-01 0 0 0 1
1.520621194310263395e+09 -7.765848184398558285e-01 5.553093194371350183e-02 5.249889602434909541e-01 0 0 0 1
1.520621194318596363e+09 -7.764551648591553334e-01 5.523732910832412912e-02 5.250409648269338536e-01 0 0 0 1
1.520621194326929569e+09 -7.761234239649537070e-01 5.504646330550932998e-02 5.249747990150248622e-01 0 0 0 1
1.520621194335263491e+09 -7.754930638137084165e-01 5.437129944115337565e-02 5.249449056702000238e-01 0 0 0 1
1.520621194343596458e+09 -7.747096049306955168e-01 5.411619019318114621e-02 5.246182279862190434e-01 0 0 0 1
1.520621194351929426e+09 -7.738711671446459883e-01 5.372158302820184694e-02 5.244521908876333960e-01 0 0 0 1
1.520621194360262394e+09 -7.727541835133486803e-01 5.314479900536384083e-02 5.242855873578617931e-01 0 0 0 1
1.520621194368596554e+09 -7.714629037907909659e-01 5.260962704309524174e-02 5.240849006977876812e-01 0 0 0 1
1.520621194376929522e+09 -7.699734030634119986e-01 5.210509101511051622e-02 5.238109722517345634e-01 0 0 0 1
1.520621194385263443e+09 -7.683998880318175795e-01 5.167886508237384824e-02 5.234250406925233801e-01 0 0 0 1
1.520621194393596411e+09 -7.665210909286447327e-01 5.122804331219976692e-02 5.230397681264917775e-01 0 0 0 1
1.520621194401929617e+09 -7.644845741271950601e-01 5.055139216842430283e-02 5.226008568993050218e-01 0 0 0 1
1.520621194410262585e+09 -7.621904478519214710e-01 4.999230951094590925e-02 5.222256760285390875e-01 0 0 0 1
1.520621194418596506e+09 -7.596262432276997822e-01 4.951031438713304755e-02 5.217756437914138345e-01 0 0 0 1
1.520621194426929474e+09 -7.569164840164934738e-01 4.890264665749044504e-02 5.213209251624155716e-01 0 0 0 1
1.520621194435263634e+09 -7.541422756458182608e-01 4.824919693614548866e-02 5.208005899393497451e-01 0 0 0 1
1.520621194443596363e+09 -7.509197348433247488e-01 4.750511812980307003e-02 5.202924177329664168e-01 0 0 0 1
1.520621194451929331e+09 -7.479010468035550696e-01 4.684028607259438370e-02 5.198156891719059036e-01 0 0 0 1
1.520621194460263491e+09 -7.447118061335038508e-01 4.638706396691538725e-02 5.191171017593969594e-01 0 0 0 1
1.520621194468596458e+09 -7.413383191811753203e-01 4.552892483192039208e-02 5.185513769412384288e-01 0 0 0 1
1.520621194476929665e+09 -7.379298140952136320e-01 4.493315968257793891e-02 5.178820124378129552e-01 0 0 0 1
1.520621194485262394e+09 -7.344861181775668157e-01 4.424959696468877546e-02 5.171653954017825239e-01 0 0 0 1
1.520621194493596554e+09 -7.308214154226879700e-01 4.370387745695225590e-02 5.164507955443169429e-01 0 0 0 1
1.520621194501929522e+09 -7.271140919326676277e-01 4.288345627855449926e-02 5.157825192067164721e-01 0 0 0 1
1.520621194510263443e+09 -7.232716491025086292e-01 4.223308586721596924e-02 5.150507189161881438e-01 0 0 0 1
1.520621194518596411e+09 -7.190190016038274790e-01 4.129840083640157200e-02 5.142297060458884683e-01 0 0 0 1
1.520621194526929617e+09 -7.151019150674822189e-01 4.072039701948915180e-02 5.134012404459822321e-01 0 0 0 1
1.520621194535262585e+09 -7.109309286551594997e-01 3.994576781805381227e-02 5.125980327900085953e-01 0 0 0 1
1.520621194543596268e+09 -7.068308926538110493e-01 3.899964321892002150e-02 5.119205879040187313e-01 0 0 0 1
1.520621194551929474e+09 -7.023098136534726699e-01 3.825195180985696553e-02 5.110684868830319694e-01 0 0 0 1
1.520621194560263634e+09 -6.981418366595555369e-01 3.742096893063018292e-02 5.100927770072052336e-01 0 0 0 1
1.520621194568596601e+09 -6.933051640615606193e-01 3.639436624162317724e-02 5.094604362196679670e-01 0 0 0 1
1.520621194576929569e+09 -6.888680216288032288e-01 3.542588577228444890e-02 5.085710574088859737e-01 0 0 0 1
1.520621194585263491e+09 -6.840695582035480893e-01 3.457337469154175835e-02 5.079940665794120402e-01 0 0 0 1
1.520621194593596458e+09 -6.793294032597679832e-01 3.363609085653174180e-02 5.070853977820768410e-01 0 0 0 1
1.520621194601929665e+09 -6.744640372346847323e-01 3.258621293919705675e-02 5.064482444747246959e-01 0 0 0 1
1.520621194610262632e+09 -6.693950287150383094e-01 3.132888678491496659e-02 5.059378694327181236e-01 0 0 0 1
1.520621194618596554e+09 -6.642774927794824480e-01 3.022245388520550247e-02 5.053062404844159694e-01 0 0 0 1
1.520621194626929522e+09 -6.590826004127331439e-01 2.917992759388254864e-02 5.047745277027495536e-01 0 0 0 1
1.520621194635263681e+09 -6.535851707349125128e-01 2.809357918988619751e-02 5.042792136392504343e-01 0 0 0 1
1.520621194643596411e+09 -6.478396626949816106e-01 2.672689373304781846e-02 5.037297273399190534e-01 0 0 0 1
1.520621194651929379e+09 -6.424690508718744475e-01 2.564788812289753306e-02 5.031654033596622000e-01 0 0 0 1
1.520621194660262585e+09 -6.368744271413946390e-01 2.461478882981116278e-02 5.026611656177801812e-01 0 0 0 1
1.520621194668596506e+09 -6.312097945714122416e-01 2.357605506374704785e-02 5.021050979389829472e-01 0 0 0 1
1.520621194676929712e+09 -6.254172077232342808e-01 2.238650510627837598e-02 5.015276724015902410e-01 0 0 0 1
1.520621194685263395e+09 -6.196168567860029786e-01 2.126649531023361295e-02 5.009708082815333974e-01 0 0 0 1
1.520621194693596601e+09 -6.137152163548109662e-01 2.045512198281740357e-02 5.003961147664219844e-01 0 0 0 1
1.520621194701929569e+09 -6.078436110961780159e-01 1.925481806161433163e-02 4.997622773471013247e-01 0 0 0 1
1.520621194710263491e+09 -6.019942854332294147e-01 1.803605682164866053e-02 4.993089724793684514e-01 0 0 0 1
1.520621194718596458e+09 -5.958414212066404092e-01 1.720689177979206619e-02 4.987532877696785327e-01 0 0 0 1
1.520621194726929426e+09 -5.898009861960779032e-01 1.605405566513185001e-02 4.983375853411864398e-01 0 0 0 1
1.520621194735262632e+09 -5.836519181217180163e-01 1.526445386601116283e-02 4.977402998336319939e-01 0 0 0 1
1.520621194743596315e+09 -5.775306647175981745e-01 1.405490121546959514e-02 4.972396491288182396e-01 0 0 0 1
1.520621194751929522e+09 -5.711600562100028755e-01 1.332170838894630727e-02 4.966557025108042644e-01 0 0 0 1
1.520621194760263443e+09 -5.648031958211524595e-01 1.244909200223587309e-02 4.962044065606412424e-01 0 0 0 1
1.520621194768596649e+09 -5.584144296868369661e-01 1.147325676871246980e-02 4.957818780744098763e-01 0 0 0 1
1.520621194776929617e+09 -5.519564043747848814e-01 1.077304547818125346e-02 4.951707741408049035e-01 0 0 0 1
1.520621194785262346e+09 -5.454495471499556380e-01 1.005152041393420070e-02 4.947493453136448949e-01 0 0 0 1
1.520621194793596506e+09 -5.391014036393884101e-01 9.286105474243910862e-03 4.943404515135212396e-01 0 0 0 1
1.520621194801929474e+09 -5.325512157603731200e-01 8.671549557686786258e-03 4.940628982219223975e-01 0 0 0 1
1.520621194810263395e+09 -5.260955681978792819e-01 7.929157087712246366e-03 4.937809452946690936e-01 0 0 0 1
1.520621194818596363e+09 -5.195262860551491668e-01 7.270938599682308379e-03 4.934101271260522559e-01 0 0 0 1
1.520621194826929569e+09 -5.131761560425451840e-01 6.751277143826617255e-03 4.931953375944952978e-01 0 0 0 1
1.520621194835263491e+09 -5.069058323156012680e-01 6.040912699731282309e-03 4.927420744175656786e-01 0 0 0 1
1.520621194843596458e+09 -5.004590465690177403e-01 5.686302868212922412e-03 4.925384384008297811e-01 0 0 0 1
1.520621194851929426e+09 -4.940657337183176900e-01 5.228657619343768381e-03 4.923040194510308609e-01 0 0 0 1
1.520621194860262394e+09 -4.877492765020244314e-01 4.768788157939130024e-03 4.920636031043992276e-01 0 0 0 1
1.520621194868596554e+09 -4.813778809949452731e-01 4.401809971834591551e-03 4.918807945233520940e-01 0 0 0 1
1.520621194876929522e+09 -4.750954655043965746e-01 4.069970145465062750e-03 4.916402080641597561e-01 0 0 0 1
1.520621194885263443e+09 -4.688243122509996308e-01 3.708387516036193432e-03 4.915628599647661190e-01 0 0 0 1
1.520621194893596411e+09 -4.626427942824336004e-01 3.397837051239527284e-03 4.913588591969220154e-01 0 0 0 1
1.520621194901929617e+09 -4.565065576784068657e-01 3.095659779824955216e-03 4.913563581435889116e-01 0 0 0 1
1.520621194910262585e+09 -4.504017616097555354e-01 2.578185139295308126e-03 4.913215917660038734e-01 0 0 0 1
1.520621194918596506e+09 -4.443848172803070984e-01 2.373122955611872698e-03 4.914851091715308762e-01 0 0 0 1
1.520621194926929474e+09 -4.384461571075208841e-01 2.099750164934910401e-03 4.917432719707701683e-01 0 0 0 1
1.520621194935263634e+09 -4.325144380104312125e-01 1.700697741992773793e-03 4.920642740421667938e-01 0 0 0 1
1.520621194943596363e+09 -4.266474107710639396e-01 1.545398978157752623e-03 4.924819965896711782e-01 0 0 0 1
1.520621194951929331e+09 -4.205638441149791573e-01 1.191953062355644022e-03 4.931810351759766675e-01 0 0 0 1
1.520621194960263491e+09 -4.148688350988183893e-01 8.832544103036799044e-04 4.939086326256663106e-01 0 0 0 1
1.520621194968596458e+09 -4.090381278116251296e-01 5.227177530604532052e-04 4.948756616760183746e-01 0 0 0 1
1.520621194976929665e+09 -4.033051563385797733e-01 3.098568670516499424e-04 4.959412792758766120e-01 0 0 0 1
1.520621194985262394e+09 -3.976190394478105183e-01 -2.391893823987523149e-04 4.973250913528095563e-01 0 0 0 1
1.520621194993596554e+09 -3.918495175833667798e-01 -4.965696476134651149e-04 4.987323016381099983e-01 0 0 0 1
1.520621195001929522e+09 -3.860920331588262311e-01 -6.469036911498360354e-04 5.003004569757691922e-01 0 0 0 1
1.520621195010263443e+09 -3.804985068176829355e-01 -1.299831907357718030e-03 5.022469171685639555e-01 0 0 0 1
1.520621195018596411e+09 -3.745306610290655147e-01 -1.698762466550762795e-03 5.039942139464907989e-01 0 0 0 1
1.520621195026929617e+09 -3.688512232675881242e-01 -2.057220905170020764e-03 5.061087290982131393e-01 0 0 0 1
1.520621195035262585e+09 -3.633053307609752092e-01 -2.285533694317054554e-03 5.082442833022451367e-01 0 0 0 1
1.520621195043596268e+09 -3.577252127359401568e-01 -2.719361159230881952e-03 5.104777743823143421e-01 0 0 0 1
1.520621195051929474e+09 -3.522213336627258995e-01 -3.256137401139946874e-03 5.128078476805293384e-01 0 0 0 1
1.520621195060263634e+09 -3.466429639661171569e-01 -3.605796072450484502e-03 5.152559554750850701e-01 0 0 0 1
1.520621195068596601e+09 -3.412022375877230562e-01 -4.077500192754546227e-03 5.177115523743234249e-01 0 0 0 1
1.520621195076929569e+09 -3.360369081830496540e-01 -4.855300292609499024e-03 5.202940590335374260e-01 0 0 0 1
1.520621195085263491e+09 -3.304678474144133737e-01 -4.977143813017947949e-03 5.226859669613008741e-01 0 0 0 1
1.520621195093596458e+09 -3.249415089091872710e-01 -5.400420283621643058e-03 5.252367563398967487e-01 0 0 0 1
1.520621195101929665e+09 -3.194895302946546001e-01 -5.513391997048144866e-03 5.277721114185633944e-01 0 0 0 1
1.520621195110262632e+09 -3.141811954229678516e-01 -5.660923092427938563e-03 5.302726968770883342e-01 0 0 0 1
1.520621195118596554e+09 -3.088081759677402949e-01 -5.561647595393015564e-03 5.326633125716517814e-01 0 0 0 1
1.520621195126929522e+09 -3.033093619302692501e-01 -6.000405522769591826e-03 5.352576868972995783e-01 0 0 0 1
1.520621195135263681e+09 -2.982751395775239400e-01 -6.201001075234580107e-03 5.376699299861493753e-01 0 0 0 1
1.520621195143596411e+09 -2.931494593547811500e-01 -6.242007078750000382e-03 5.399719994908986909e-01 0 0 0 1
1.520621195151929379e+09 -2.879400073095613743e-01 -6.310025901233085044e-03 5.422865112622941020e-01 0 0 0 1
1.520621195160262585e+09 -2.827125527429137364e-01 -6.358903139204508115e-03 5.444842152648505795e-01 0 0 0 1
1.520621195168596506e+09 -2.773941165769020500e-01 -6.428684619719238214e-03 5.466011648112596433e-01 0 0 0 1
1.520621195176929712e+09 -2.722903788252866164e-01 -6.464038977776809247e-03 5.486354317143495862e-01 0 0 0 1
1.520621195185263395e+09 -2.672224487505071577e-01 -6.566044666505010952e-03 5.505694363337074737e-01 0 0 0 1
1.520621195193596601e+09 -2.620594507166727483e-01 -6.624627518653225522e-03 5.524718245671660366e-01 0 0 0 1
1.520621195201929569e+09 -2.571305393245880699e-01 -6.464040393426295772e-03 5.542955380330483184e-01 0 0 0 1
1.520621195210263491e+09 -2.520266185475405485e-01 -6.457760975695836514e-03 5.560042120993866632e-01 0 0 0 1
1.520621195218596458e+09 -2.471283473452681179e-01 -6.247472419296906665e-03 5.577615768246262373e-01 0 0 0 1
1.520621195226929426e+09 -2.421878536926118097e-01 -6.165776967737013337e-03 5.594505127432787273e-01 0 0 0 1
1.520621195235262632e+09 -2.372754595777569475e-01 -6.136530860485267524e-03 5.610176768894055144e-01 0 0 0 1
1.520621195243596315e+09 -2.324993720505479367e-01 -5.882404648039019079e-03 5.626912128519849787e-01 0 0 0 1
1.520621195251929522e+09 -2.275216305594684463e-01 -5.767035583740143245e-03 5.642311762676515130e-01 0 0 0 1
1.520621195260263443e+09 -2.228475417018691007e-01 -5.674727557793635135e-03 5.655218862224613563e-01 0 0 0 1
1.520621195268596649e+09 -2.181875062897681294e-01 -5.514475372084270965e-03 5.668084625173710478e-01 0 0 0 1
1.520621195276929617e+09 -2.134983286013615311e-01 -5.344222200867054795e-03 5.680878859184668173e-01 0 0 0 1
1.520621195285262346e+09 -2.087971841535876116e-01 -5.148475987939771237e-03 5.693062066420497835e-01 0 0 0 1
1.520621195293596506e+09 -2.043888147240525144e-01 -4.883919178016893348e-03 5.703495694350955159e-01 0 0 0 1
1.520621195301929474e+09 -1.998511743590181688e-01 -4.738664549956528305e-03 5.714653097082862399e-01 0 0 0 1
1.520621195310263395e+09 -1.954978801420931278e-01 -4.485218283919123472e-03 5.724013568848174138e-01 0 0 0 1
1.520621195318596363e+09 -1.911478338043648417e-01 -4.341902693854482465e-03 5.732422529864036331e-01 0 0 0 1
1.520621195326929569e+09 -1.868860624349190092e-01 -4.223678016795462398e-03 5.738825830927221094e-01 0 0 0 1
1.520621195335263491e+09 -1.826997726676096723e-01 -4.089481623867463611e-03 5.744665865979801112e-01 0 0 0 1
1.520621195343596458e+09 -1.786804456990203072e-01 -3.917097359692589542e-03 5.749267646231333018e-01 0 0 0 1
1.520621195351929426e+09 -1.746925100531392938e-01 -3.777418983541780406e-03 5.751591491281102808e-01 0 0 0 1
1.520621195360262394e+09 -1.707133865191512445e-01 -3.737815441552050366e-03 5.754349973684409481e-01 0 0 0 1
1.520621195368596554e+09 -1.669665309653683427e-01 -3.566635425695352524e-03 5.755067092386747518e-01 0 0 0 1
1.520621195376929522e+09 -1.631994542184313501e-01 -3.537011407515389116e-03 5.754206246285904491e-01 0 0 0 1
1.520621195385263443e+09 -1.596724436632120936e-01 -3.492336349862235068e-03 5.750557874353305898e-01 0 0 0 1
1.520621195393596411e+09 -1.561939585697262323e-01 -3.541767839611242863e-03 5.747346980490359858e-01 0 0 0 1
1.520621195401929617e+09 -1.525114466994049178e-01 -3.431147605483686469e-03 5.741480700563794670e-01 0 0 0 1
1.520621195410262585e+09 -1.492317730891036809e-01 -3.265602752368979012e-03 5.733987248098173506e-01 0 0 0 1
1.520621195418596506e+09 -1.458311928803959212e-01 -3.242879992658265209e-03 5.725302016843449859e-01 0 0 0 1
1.520621195426929474e+09 -1.424795082853951844e-01 -3.347126137450917582e-03 5.715260981349266078e-01 0 0 0 1
1.520621195435263634e+09 -1.392716933052432493e-01 -3.327631408002740265e-03 5.702928188981111202e-01 0 0 0 1
1.520621195443596363e+09 -1.361134923739970026e-01 -3.556638961128899545e-03 5.690752948255544119e-01 0 0 0 1
1.520621195451929331e+09 -1.330584715942714769e-01 -3.671143184886038746e-03 5.675632619154189484e-01 0 0 0 1
1.520621195460263491e+09 -1.301680647316685868e-01 -3.533292049856751049e-03 5.659628637027565023e-01 0 0 0 1
1.520621195468596458e+09 -1.271178090521979942e-01 -3.685902941584218162e-03 5.643394943873616398e-01 0 0 0 1
1.520621195476929665e+09 -1.241273058829052700e-01 -3.991197462172246802e-03 5.624519135183068119e-01 0 0 0 1
1.520621195485262394e+09 -1.212919426415645652e-01 -4.146835598777043330e-03 5.605160664832620210e-01 0 0 0 1
1.520621195493596554e+09 -1.182988471042800693e-01 -3.924657358641447935e-03 5.585692927489016579e-01 0 0 0 1
1.520621195501929522e+09 -1.157595506620294201e-01 -4.223846166788391976e-03 5.562711092585790329e-01 0 0 0 1
1.520621195510263443e+09 -1.130912526463540013e-01 -4.358744922193014126e-03 5.539929095982178975e-01 0 0 0 1
1.520621195518596411e+09 -1.105121234003150765e-01 -4.489015057234535533e-03 5.514796929606411435e-01 0 0 0 1
1.520621195526929617e+09 -1.078777253804162894e-01 -4.642154612907734013e-03 5.491217968837809327e-01 0 0 0 1
1.520621195535262585e+09 -1.053773959776350133e-01 -4.728273552837780613e-03 5.466865241079890136e-01 0 0 0 1
1.520621195543596268e+09 -1.030993929223646410e-01 -4.338290055090565644e-03 5.439564578293663022e-01 0 0 0 1
1.520621195551929474e+09 -1.004668992466913324e-01 -4.818960053364684804e-03 5.413994592765514202e-01 0 0 0 1
1.520621195560263634e+09 -9.822143857576559611e-02 -4.628404487579507176e-03 5.386849058725344808e-01 0 0 0 1
1.520621195568596601e+09 -9.586876407141092793e-02 -4.531011970154485979e-03 5.358717445918366185e-01 0 0 0 1
1.520621195576929569e+09 -9.368021831277256739e-02 -4.632473471477105420e-03 5.329698793115640321e-01 0 0 0 1
1.520621195585263491e+09 -9.136593261277814459e-02 -4.778155416362173113e-03 5.301636772111482099e-01 0 0 0 1
1.520621195593596458e+09 -8.922800716505224772e-02 -4.053983205528077782e-03 5.269478684738662100e-01 0 0 0 1
1.520621195601929665e+09 -8.709206681274239692e-02 -3.917537661320524833e-03 5.240008748502915648e-01 0 0 0 1
1.520621195610262632e+09 -8.501342765780400823e-02 -3.668619850788035208e-03 5.209440997826122466e-01 0 0 0 1
1.520621195618596554e+09 -8.287970801602057014e-02 -3.486027641903421959e-03 5.178803314151092518e-01 0 0 0 1
1.520621195626929522e+09 -8.068561116734596084e-02 -3.229771389613667054e-03 5.149179000485060165e-01 0 0 0 1
1.520621195635263681e+09 -7.882839591750412378e-02 -2.999569721795825039e-03 5.118417086332953669e-01 0 0 0 1
1.520621195643596411e+09 -7.681627341348640226e-02 -2.649735383506657271e-03 5.087229005857831776e-01 0 0 0 1
1.520621195651929379e+09 -7.526172902751326887e-02 -2.621235596954707425e-03 5.058416672980319273e-01 0 0 0 1
1.520621195660262585e+09 -7.326193663364327646e-02 -2.028978744060716544e-03 5.027867296773032013e-01 0 0 0 1
1.520621195668596506e+09 -7.148593214454579403e-02 -1.506800253383455690e-03 4.997022762353955372e-01 0 0 0 1
1.520621195676929712e+09 -6.944711472625264559e-02 -1.434062426446947036e-03 4.967833967074395396e-01 0 0 0 1
1.520621195685263395e+09 -6.768986882630317892e-02 -9.696987388899680482e-04 4.937981151293555637e-01 0 0 0 1
1.520621195693596601e+09 -6.580267303245324051e-02 -5.925992081937669909e-04 4.908613447496419369e-01 0 0 0 1
1.520621195701929569e+09 -6.408854884366160798e-02 -9.708992291879159353e-05 4.878495528162118955e-01 0 0 0 1
1.520621195710263491e+09 -6.235123822950361383e-02 5.662004872672987688e-04 4.847783622388341929e-01 0 0 0 1
1.520621195718596458e+09 -6.078332898901084302e-02 1.127820591517281201e-03 4.817255949614975830e-01 0 0 0 1
1.520621195726929426e+09 -5.916136069570621103e-02 1.713781250255341781e-03 4.787916173090407401e-01 0 0 0 1
1.520621195735262632e+09 -5.765537492251793239e-02 2.288067510594071763e-03 4.758592690506129319e-01 0 0 0 1
1.520621195743596315e+09 -5.595293512600313379e-02 2.883034872276479810e-03 4.730485143863767394e-01 0 0 0 1
1.520621195751929522e+09 -5.452269214641991546e-02 3.526792449558002751e-03 4.702605190046329486e-01 0 0 0 1
1.520621195760263443e+09 -5.284128123188336357e-02 4.078784663069989769e-03 4.675474781359132415e-01 0 0 0 1
1.520621195768596649e+09 -5.138748262743092488e-02 4.654888516923749719e-03 4.648562519762085010e-01 0 0 0 1
1.520621195776929617e+09 -4.978634326970809987e-02 5.453983064603651343e-03 4.621672911600722689e-01 0 0 0 1
1.520621195785262346e+09 -4.839652939778549268e-02 5.743137964729472245e-03 4.596048247325199565e-01 0 0 0 1
1.520621195793596506e+09 -4.687099266356858918e-02 6.482888115195040157e-03 4.569757579669815328e-01 0 0 0 1
1.520621195801929474e+09 -4.545945395692402302e-02 6.961209662828538036e-03 4.544387644504432888e-01 0 0 0 1
1.520621195810263395e+09 -4.392773686695439217e-02 7.438637522742319597e-03 4.519773744743476040e-01 0 0 0 1
1.520621195818596363e+09 -4.252393421757721947e-02 8.080431196149318041e-03 4.495400884911351369e-01 0 0 0 1
1.520621195826929569e+09 -4.125410035107296425e-02 8.293748002180634238e-03 4.473644215906567023e-01 0 0 0 1
1.520621195835263491e+09 -3.997317337294548079e-02 8.800279149197121065e-03 4.449739764169704515e-01 0 0 0 1
1.520621195843596458e+09 -3.874507162359841494e-02 9.291561548910531876e-03 4.426800876991090483e-01 0 0 0 1
1.520621195851929426e+09 -3.784255136563857702e-02 9.810720690807794853e-03 4.403893587657368158e-01 0 0 0 1
1.520621195860262394e+09 -3.634335296054680420e-02 1.028792582788184973e-02 4.382484667732839956e-01 0 0 0 1
1.520621195868596554e+09 -3.553784910924417950e-02 1.086556407174332772e-02 4.360056317695568673e-01 0 0 0 1
1.520621195876929522e+09 -3.409654679563617341e-02 1.147118113527867411e-02 4.340426881476096010e-01 0 0 0 1
1.520621195885263443e+09 -3.289449132192057146e-02 1.189465041285497904e-02 4.320113098572817556e-01 0 0 0 1
1.520621195893596411e+09 -3.195432903508182987e-02 1.240738073721681101e-02 4.301506670699355439e-01 0 0 0 1
1.520621195901929617e+09 -3.056546145956662297e-02 1.311664490313368958e-02 4.284073713374063619e-01 0 0 0 1
1.520621195910262585e+09 -2.935811111698660714e-02 1.349272550138524984e-02 4.268283546242481741e-01 0 0 0 1
1.520621195918596506e+09 -2.841100707801058611e-02 1.395393616015816463e-02 4.250374370715059857e-01 0 0 0 1
1.520621195926929474e+09 -2.736023804301007667e-02 1.468124460577702184e-02 4.236619179507730149e-01 0 0 0 1
1.520621195935263634e+09 -2.614324288666869389e-02 1.504514347731911172e-02 4.222812805723268337e-01 0 0 0 1
1.520621195943596363e+09 -2.536609561520886125e-02 1.548382721203567236e-02 4.210318313368601739e-01 0 0 0 1
1.520621195951929331e+09 -2.414980356983048582e-02 1.576465498433610168e-02 4.199488025139572756e-01 0 0 0 1
1.520621195960263491e+09 -2.330922311214911335e-02 1.589539229975600598e-02 4.188562039724401664e-01 0 0 0 1
1.520621195968596458e+09 -2.243883743705205047e-02 1.636689927084644669e-02 4.178917695200778937e-01 0 0 0 1
1.520621195976929665e+09 -2.139601383933698031e-02 1.662742164387298605e-02 4.169720360492816802e-01 0 0 0 1
1.520621195985262394e+09 -2.047052623866080223e-02 1.679904918625874100e-02 4.162269167032006667e-01 0 0 0 1
1.520621195993596554e+09 -1.969423143572679447e-02 1.680737434767243244e-02 4.155857752485203616e-01 0 0 0 1
1.520621196001929522e+09 -1.866910973933139095e-02 1.695662172926171163e-02 4.150771296120301379e-01 0 0 0 1
1.520621196010263443e+09 -1.779175513648068030e-02 1.693054060176135689e-02 4.147214167615431712e-01 0 0 0 1
1.520621196018596411e+09 -1.709146854531123916e-02 1.667135105690231711e-02 4.145473017043888042e-01 0 0 0 1
1.520621196026929617e+09 -1.631103076135398400e-02 1.652062046552593699e-02 4.144895839804860760e-01 0 0 0 1
1.520621196035262585e+09 -1.545278497941754425e-02 1.644350679240846880e-02 4.145465056173254226e-01 0 0 0 1
1.520621196043596268e+09 -1.475781779165918906e-02 1.605269865508751614e-02 4.148137127775508581e-01 0 0 0 1
1.520621196051929474e+09 -1.410048592350399144e-02 1.565176837379145258e-02 4.152315786224316518e-01 0 0 0 1
1.520621196060263634e+09 -1.349702644073996760e-02 1.491178235434054145e-02 4.158008080752779723e-01 0 0 0 1
1.520621196068596601e+09 -1.287032687441763690e-02 1.442660460885814011e-02 4.165505665185962325e-01 0 0 0 1
1.520621196076929569e+09 -1.231970561467249370e-02 1.397886869202968896e-02 4.174034403935384940e-01 0 0 0 1
1.520621196085263491e+09 -1.186050609159788882e-02 1.319373980357518850e-02 4.184211513230065016e-01 0 0 0 1
1.520621196093596458e+09 -1.118208478478793788e-02 1.252263439919132360e-02 4.195631251042641896e-01 0 0 0 1
1.520621196101929665e+09 -1.078425265817195555e-02 1.170330414814979569e-02 4.209153948308879123e-01 0 0 0 1
1.520621196110262632e+09 -1.040257935868105221e-02 1.101596351770106619e-02 4.223361071500939534e-01 0 0 0 1
1.520621196118596554e+09 -9.671314452119605942e-03 1.024130990789806628e-02 4.239753674247783710e-01 0 0 0 1
1.520621196126929522e+09 -9.347867780712226793e-03 9.237145874264163226e-03 4.257678620230944677e-01 0 0 0 1
1.520621196135263681e+09 -8.895719446566641153e-03 8.515998390104972948e-03 4.276835964718954664e-01 0 0 0 1
1.520621196143596411e+09 -8.346407535229583008e-03 7.512466763167413575e-03 4.297703705505162564e-01 0 0 0 1
1.520621196151929379e+09 -8.138969702109810633e-03 6.441317460009199358e-03 4.320491328903832695e-01 0 0 0 1
1.520621196160262585e+09 -7.863527697907157776e-03 5.515256853345751331e-03 4.341302001263387389e-01 0 0 0 1
1.520621196168596506e+09 -7.701179129084079200e-03 4.320520394862636948e-03 4.366199953725229399e-01 0 0 0 1
1.520621196176929712e+09 -7.379805805378780725e-03 3.308669376011708074e-03 4.391635542883969290e-01 0 0 0 1
1.520621196185263395e+09 -7.095014591610437904e-03 2.430643514641284142e-03 4.417120118015112062e-01 0 0 0 1
1.520621196193596601e+09 -7.005275872254412839e-03 1.239276694497526421e-03 4.444102574160568864e-01 0 0 0 1
1.520621196201929569e+09 -6.856676129629257765e-03 2.672587951104699044e-04 4.472095927162480500e-01 0 0 0 1
1.520621196210263491e+09 -6.754065837663913996e-03 -6.827947385216193155e-04 4.498844203367113881e-01 0 0 0 1
1.520621196218596458e+09 -6.864870471489370463e-03 -1.722390924244865396e-03 4.526918253155032268e-01 0 0 0 1
1.520621196226929426e+09 -6.692449817913503907e-03 -2.569870667785134621e-03 4.555593978445817704e-01 0 0 0 1
1.520621196235262632e+09 -6.541952262470007717e-03 -3.435880169315397303e-03 4.585866428008336104e-01 0 0 0 1
1.520621196243596315e+09 -6.339787345672975860e-03 -4.053925636931410281e-03 4.614985899993953034e-01 0 0 0 1
1.520621196251929522e+09 -6.409413601266844562e-03 -4.908046795019660458e-03 4.646837013151290385e-01 0 0 0 1
1.520621196260263443e+09 -6.535118092769298670e-03 -5.725643501405586200e-03 4.676086029249593157e-01 0 0 0 1
1.520621196268596649e+09 -6.344433730761711576e-03 -6.250654930742283177e-03 4.706814560590548702e-01 0 0 0 1
1.520621196276929617e+09 -6.584033535407596283e-03 -6.827127666694354780e-03 4.736940355628573851e-01 0 0 0 1
1.520621196285262346e+09 -6.666823152918499584e-03 -7.461099904782497738e-03 4.767996324008587639e-01 0 0 0 1
1.520621196293596506e+09 -6.698044123037649733e-03 -8.113746089759010793e-03 4.798310485663637159e-01 0 0 0 1
1.520621196301929474e+09 -6.569506604834296493e-03 -8.309335433410613980e-03 4.827129922236654824e-01 0 0 0 1
1.520621196310263395e+09 -6.640686707363285812e-03 -8.756924350487693687e-03 4.858025344205876284e-01 0 0 0 1
1.520621196318596363e+09 -6.647496006408404323e-03 -8.961207381430691399e-03 4.889227855724065375e-01 0 0 0 1
1.520621196326929569e+09 -6.792202006582426232e-03 -9.478383129447043309e-03 4.919386075388232360e-01 0 0 0 1
1.520621196335263491e+09 -6.829093510821726554e-03 -9.659007268883246233e-03 4.948892863215581528e-01 0 0 0 1
1.520621196343596458e+09 -7.196620819334198504e-03 -1.000496898258373957e-02 4.979029046584007023e-01 0 0 0 1
1.520621196351929426e+09 -7.315884615785139822e-03 -1.027506966365132612e-02 5.009209866328727667e-01 0 0 0 1
1.520621196360262394e+09 -7.416058208575937449e-03 -1.056750954934848608e-02 5.039425715129504102e-01 0 0 0 1
1.520621196368596554e+09 -7.537191271220822220e-03 -1.076448295728937854e-02 5.069682836359294953e-01 0 0 0 1
1.520621196376929522e+09 -7.467883866904834189e-03 -1.111895250901795418e-02 5.099578427727862184e-01 0 0 0 1
1.520621196385263443e+09 -7.618654952960157711e-03 -1.118480784706843423e-02 5.128743405942521871e-01 0 0 0 1
1.520621196393596411e+09 -7.732627387980250955e-03 -1.128250152991849831e-02 5.157403348196065718e-01 0 0 0 1
1.520621196401929617e+09 -7.840656594277017888e-03 -1.158217493966140488e-02 5.185678441050345366e-01 0 0 0 1
1.520621196410262585e+09 -8.046122474380135170e-03 -1.158188346440847116e-02 5.214328619570092194e-01 0 0 0 1
1.520621196418596506e+09 -8.204511314988227610e-03 -1.160487052291692134e-02 5.240963143097732146e-01 0 0 0 1
1.520621196426929474e+09 -8.267623866347162398e-03 -1.179616623992685298e-02 5.267655240670732208e-01 0 0 0 1
1.520621196435263634e+09 -8.541212217627491832e-03 -1.164433962307975801e-02 5.294318009134992842e-01 0 0 0 1
1.520621196443596363e+09 -8.565704539285734498e-03 -1.165693676794898881e-02 5.319164173490904535e-01 0 0 0 1
1.520621196451929331e+09 -9.027098523723020573e-03 -1.179435838875708686e-02 5.344814464235667639e-01 0 0 0 1
1.520621196460263491e+09 -8.813502429332209509e-03 -1.199186790180872819e-02 5.371068472166093954e-01 0 0 0 1
1.520621196468596458e+09 -9.238817152098954821e-03 -1.176296510802732342e-02 5.393348828130650752e-01 0 0 0 1
1.520621196476929665e+09 -9.682128608539564141e-03 -1.158018287160267334e-02 5.415186826790476804e-01 0 0 0 1
1.520621196485262394e+09 -9.850585511108234105e-03 -1.144654908684861194e-02 5.437558375470290528e-01 0 0 0 1
1.520621196493596554e+09 -1.004522505546778799e-02 -1.138009248612448232e-02 5.458857906500420576e-01 0 0 0 1
1.520621196501929522e+09 -1.055356717384070553e-02 -1.155176536978808066e-02 5.480410996734417228e-01 0 0 0 1
1.520621196510263443e+09 -1.061278931033954320e-02 -1.140613946392377009e-02 5.499315457336271251e-01 0 0 0 1
1.520621196518596411e+09 -1.078452412879804534e-02 -1.131536498851115624e-02 5.517221268305934068e-01 0 0 0 1
1.520621196526929617e+09 -1.100776271629028136e-02 -1.135754387926468656e-02 5.534834686535330395e-01 0 0 0 1
1.520621196535262585e+09 -1.118388277584164703e-02 -1.140685103065453010e-02 5.550291123216730682e-01 0 0 0 1
1.520621196543596268e+09 -1.131575065371920319e-02 -1.154365505989629614e-02 5.563840591941153768e-01 0 0 0 1
1.520621196551929474e+09 -1.169445100804183957e-02 -1.152872565924267789e-02 5.575297516929440533e-01 0 0 0 1
1.520621196560263634e+09 -1.192232102675211403e-02 -1.154177369821374199e-02 5.587921624051614966e-01 0 0 0 1
1.520621196568596601e+09 -1.214133381081589080e-02 -1.178640543706443999e-02 5.597752475977395559e-01 0 0 0 1
1.520621196576929569e+09 -1.192777201010875032e-02 -1.189381855416682399e-02 5.609167397606829031e-01 0 0 0 1
1.520621196585263491e+09 -1.218670778071939687e-02 -1.208115148799182581e-02 5.615474183612751968e-01 0 0 0 1
1.520621196593596458e+09 -1.269924745397821297e-02 -1.250748562942183284e-02 5.620610923677658022e-01 0 0 0 1
1.520621196601929665e+09 -1.292544531687739306e-02 -1.289971924296484662e-02 5.624617317225246715e-01 0 0 0 1
1.520621196610262632e+09 -1.311548088131564427e-02 -1.338606512558415673e-02 5.625882154710188932e-01 0 0 0 1
1.520621196618596554e+09 -1.319362513405930581e-02 -1.375125814844635475e-02 5.625794724181532036e-01 0 0 0 1
1.520621196626929522e+09 -1.357482928442255155e-02 -1.446200169495426291e-02 5.623952360990012167e-01 0 0 0 1
1.520621196635263681e+09 -1.378966132416931112e-02 -1.512520623936097763e-02 5.619924983907815808e-01 0 0 0 1
1.520621196643596411e+09 -1.412188294122651566e-02 -1.579603761220893521e-02 5.615364787469143693e-01 0 0 0 1
1.520621196651929379e+09 -1.436659632467429670e-02 -1.649574858327496063e-02 5.609328359295748800e-01 0 0 0 1
1.520621196660262585e+09 -1.471462686109403784e-02 -1.739335328662472424e-02 5.600101223793247929e-01 0 0 0 1
1.520621196668596506e+09 -1.482957663994710629e-02 -1.834145182190716206e-02 5.590468833174659924e-01 0 0 0 1
1.520621196676929712e+09 -1.503621269982868824e-02 -1.920745669324086524e-02 5.578610393522667188e-01 0 0 0 1
1.520621196685263395e+09 -1.543424087678946233e-02 -2.022252082378772631e-02 5.565629943600294283e-01 0 0 0 1
1.520621196693596601e+09 -1.557963648683530211e-02 -2.137843778123205141e-02 5.550570068525835232e-01 0 0 0 1
1.520621196701929569e+09 -1.587104442904163637e-02 -2.227750909755576991e-02 5.535192230470296071e-01 0 0 0 1
1.520621196710263491e+09 -1.610188183336275225e-02 -2.337473978118120854e-02 5.517743178220519962e-01 0 0 0 1
1.520621196718596458e+09 -1.650791484967517597e-02 -2.473544385567139070e-02 5.498619701261118209e-01 0 0 0 1
1.520621196726929426e+09 -1.663703319156151217e-02 -2.580304243346476234e-02 5.479665507346889175e-01 0 0 0 1
1.520621196735262632e+09 -1.671065804007604294e-02 -2.673415866146477970e-02 5.458599657071130373e-01 0 0 0 1
1.520621196743596315e+09 -1.696185577138759060e-02 -2.814973204369086712e-02 5.437053303487193734e-01 0 0 0 1
1.520621196751929522e+09 -1.684795152878648672e-02 -2.895149941218666534e-02 5.413823166414324373e-01 0 0 0 1
1.520621196760263443e+09 -1.719517154972305395e-02 -3.014929403508181949e-02 5.390462073764159534e-01 0 0 0 1
1.520621196768596649e+09 -1.738298911301572325e-02 -3.119975385972284521e-02 5.366155892242545633e-01 0 0 0 1
1.520621196776929617e+09 -1.754252346107931793e-02 -3.231728746459305857e-02 5.342796086386898402e-01 0 0 0 1
1.520621196785262346e+09 -1.776194772915634656e-02 -3.350224746905194895e-02 5.315679176311978171e-01 0 0 0 1
1.520621196793596506e+09 -1.756845220856978473e-02 -3.398282159788068579e-02 5.289170636092102029e-01 0 0 0 1
1.520621196801929474e+09 -1.767225312238751567e-02 -3.520435118593179258e-02 5.264438466011636120e-01 0 0 0 1
1.520621196810263395e+09 -1.781055725622920916e-02 -3.611706642873657724e-02 5.237241046496372565e-01 0 0 0 1
1.520621196818596363e+09 -1.782483547752661268e-02 -3.715075257029365474e-02 5.208192940648082025e-01 0 0 0 1
1.520621196826929569e+09 -1.781590596391630088e-02 -3.774455852363800545e-02 5.179722479174957428e-01 0 0 0 1
1.520621196835263491e+09 -1.768353051105003848e-02 -3.853136662916967214e-02 5.151279824223713444e-01 0 0 0 1
1.520621196843596458e+09 -1.766639702790112620e-02 -3.924172184190533041e-02 5.122067481087893004e-01 0 0 0 1
1.520621196851929426e+09 -1.756503742675763480e-02 -3.993808604807846940e-02 5.093941500924095145e-01 0 0 0 1
1.520621196860262394e+09 -1.744236706581858698e-02 -4.063907330347871216e-02 5.065831623081096247e-01 0 0 0 1
1.520621196868596554e+09 -1.736450462022970376e-02 -4.126430814016035509e-02 5.039031500747752634e-01 0 0 0 1
1.520621196876929522e+09 -1.718367483180877064e-02 -4.179847732684605077e-02 5.010233743093470693e-01 0 0 0 1
1.520621196885263443e+09 -1.711417869075876341e-02 -4.206751764554728101e-02 4.980591941689145319e-01 0 0 0 1
1.520621196893596411e+09 -1.677404195651727159e-02 -4.271086699030879341e-02 4.952202081144947421e-01 0 0 0 1
1.520621196901929617e+09 -1.657405494789959688e-02 -4.308792577132158907e-02 4.924040920173027303e-01 0 0 0 1
1.520621196910262585e+09 -1.630321564190845285e-02 -4.360051499474848491e-02 4.896553154256098050e-01 0 0 0 1
1.520621196918596506e+09 -1.574315829048134052e-02 -4.405123511006481252e-02 4.869764388408894806e-01 0 0 0 1
1.520621196926929474e+09 -1.546015599745209634e-02 -4.462514982192777868e-02 4.842972990741882811e-01 0 0 0 1
1.520621196935263634e+09 -1.482212628493390083e-02 -4.505888690676174146e-02 4.817045790430103391e-01 0 0 0 1
1.520621196943596363e+09 -1.471946106999860726e-02 -4.535787837772231601e-02 4.788851069806399074e-01 0 0 0 1
1.520621196951929331e+09 -1.414063209000354648e-02 -4.592864336214452781e-02 4.761611002357242217e-01 0 0 0 1
1.520621196960263491e+09 -1.368409175428741964e-02 -4.629682569133919401e-02 4.734614497669351607e-01 0 0 0 1
1.520621196968596458e+09 -1.316647185115504826e-02 -4.666946098151947275e-02 4.707290874971190586e-01 0 0 0 1
1.520621196976929665e+09 -1.268913267440430204e-02 -4.709638816265271366e-02 4.679703681877493970e-01 0 0 0 1
1.520621196985262394e+09 -1.203657412757119793e-02 -4.758429479530645878e-02 4.653199449724056969e-01 0 0 0 1
1.520621196993596554e+09 -1.171928014184608902e-02 -4.803285003266599684e-02 4.626357081295264795e-01 0 0 0 1
1.520621197001929522e+09 -1.098541430620192383e-02 -4.845864423364332207e-02 4.600889955465021774e-01 0 0 0 1
1.520621197010263443e+09 -1.027803889719536290e-02 -4.883219258028448362e-02 4.574152392661769984e-01 0 0 0 1
1.520621197018596411e+09 -9.439233599043084233e-03 -4.922605519368039584e-02 4.548994198610840645e-01 0 0 0 1
1.520621197026929617e+09 -8.539983861726663239e-03 -4.971901265136513537e-02 4.523095446303126987e-01 0 0 0 1
1.520621197035262585e+09 -7.836415136899532730e-03 -5.000607474967611044e-02 4.496681776591753277e-01 0 0 0 1
1.520621197043596268e+09 -7.047258001975309494e-03 -5.013249424185806102e-02 4.469837315529729960e-01 0 0 0 1
1.520621197051929474e+09 -5.838904294256319627e-03 -5.045654477962568940e-02 4.446816404594529093e-01 0 0 0 1
1.520621197060263634e+09 -5.083271125057298168e-03 -5.075169202179752315e-02 4.420745274283204296e-01 0 0 0 1
1.520621197068596601e+09 -4.053279568515033571e-03 -5.103110016619549771e-02 4.395124333143116679e-01 0 0 0 1
1.520621197076929569e+09 -2.952925986927923407e-03 -5.118876992053567054e-02 4.370836601572882785e-01 0 0 0 1
1.520621197085263491e+09 -1.775479723584161285e-03 -5.134378789751992134e-02 4.345459602239709618e-01 0 0 0 1
1.520621197093596458e+09 -7.014851990727044573e-04 -5.168246719235070064e-02 4.319848357683746531e-01 0 0 0 1
1.520621197101929665e+09 6.625561462766937915e-04 -5.173140702666556567e-02 4.295816518140294082e-01 0 0 0 1
1.520621197110262632e+09 1.845163987760134461e-03 -5.183286657781527307e-02 4.270994046111131759e-01 0 0 0 1
1.520621197118596554e+09 3.186560582200681502e-03 -5.197904238915485031e-02 4.246975700052617597e-01 0 0 0 1
1.520621197126929522e+09 4.687466452707567122e-03 -5.192659744488103968e-02 4.223698248202110150e-01 0 0 0 1
1.520621197135263681e+09 6.118066781647391039e-03 -5.214746147245608032e-02 4.201157557008279309e-01 0 0 0 1
1.520621197143596411e+09 7.611396106762757796e-03 -5.226986454501703072e-02 4.178947559428840552e-01 0 0 0 1
1.520621197151929379e+09 9.156034996159745365e-03 -5.236790587357509352e-02 4.157053552482807834e-01 0 0 0 1
1.520621197160262585e+09 1.075030150888345304e-02 -5.239810733342264992e-02 4.135255049809849481e-01 0 0 0 1
1.520621197168596506e+09 1.235039197821335977e-02 -5.242175384264091687e-02 4.114022243311181715e-01 0 0 0 1
1.520621197176929712e+09 1.419510224434578083e-02 -5.256843993132320758e-02 4.093591934865448145e-01 0 0 0 1
1.520621197185263395e+09 1.603635947835435616e-02 -5.244023300433353629e-02 4.073506369836288332e-01 0 0 0 1
1.520621197193596601e+09 1.776571523364456340e-02 -5.262403295189488350e-02 4.052312860228741709e-01 0 0 0 1
1.520621197201929569e+09 1.965629120936673857e-02 -5.263856193810900752e-02 4.031564500473499013e-01 0 0 0 1
1.520621197210263491e+09 2.189179329775681193e-02 -5.258873228066385241e-02 4.013004011931424753e-01 0 0 0 1
1.520621197218596458e+09 2.373374468123401471e-02 -5.278662991986138309e-02 3.993496065191644018e-01 0 0 0 1
1.520621197226929426e+09 2.586351734269964897e-02 -5.272097603504233287e-02 3.974689544294218724e-01 0 0 0 1
1.520621197235262632e+09 2.776426740925364012e-02 -5.267645534896081561e-02 3.956240231254379847e-01 0 0 0 1
1.520621197243596315e+09 3.008676092003759184e-02 -5.279015057499669705e-02 3.939026985699107808e-01 0 0 0 1
1.520621197251929522e+09 3.235625705142941566e-02 -5.286706207898483889e-02 3.921682464885822839e-01 0 0 0 1
1.520621197260263443e+09 3.471547116945050693e-02 -5.290352316218926987e-02 3.905087456466593832e-01 0 0 0 1
1.520621197268596649e+09 3.710843053747514553e-02 -5.290585994117136259e-02 3.890016446814543727e-01 0 0 0 1
1.520621197276929617e+09 3.943941668026507141e-02 -5.292371421910346818e-02 3.874633670452627410e-01 0 0 0 1
1.520621197285262346e+09 4.196370075189592708e-02 -5.296494761880710112e-02 3.860419343537997428e-01 0 0 0 1
1.520621197293596506e+09 4.477694531092135666e-02 -5.313424717621473281e-02 3.846375071176788563e-01 0 0 0 1
1.520621197301929474e+09 4.754667057837058675e-02 -5.314830304910267422e-02 3.833630990391494464e-01 0 0 0 1
1.520621197310263395e+09 5.010485204367465251e-02 -5.320967545906196694e-02 3.820806636726823413e-01 0 0 0 1
1.520621197318596363e+09 5.291955546801685450e-02 -5.344543132935752894e-02 3.809005953316055848e-01 0 0 0 1
1.520621197326929569e+09 5.569872558043731381e-02 -5.367767490312302936e-02 3.798503586048758152e-01 0 0 0 1
1.520621197335263491e+09 5.882103509878433556e-02 -5.409951369246324138e-02 3.788463656851013273e-01 0 0 0 1
1.520621197343596458e+09 6.160016704284554390e-02 -5.463841073572295315e-02 3.779700725082826285e-01 0 0 0 1
1.520621197351929426e+09 6.520494336822546533e-02 -5.448923374549830001e-02 3.772990842897032682e-01 0 0 0 1
1.520621197360262394e+09 6.842570495842725808e-02 -5.493444328913499319e-02 3.766516950610394598e-01 0 0 0 1
1.520621197368596554e+09 7.133685822376545360e-02 -5.580004248151160251e-02 3.761304514020735734e-01 0 0 0 1
1.520621197376929522e+09 7.486394658673956037e-02 -5.643374120871846866e-02 3.758385891952942259e-01 0 0 0 1
1.520621197385263443e+09 7.798449229199233557e-02 -5.698283850356922198e-02 3.755215316190072539e-01 0 0 0 1
1.520621197393596411e+09 8.186777492388863653e-02 -5.792667448092569948e-02 3.754733248777311072e-01 0 0 0 1
1.520621197401929617e+09 8.539524434935485964e-02 -5.893735947967171374e-02 3.754312781520887654e-01 0 0 0 1
1.520621197410262585e+09 8.869887645871277204e-02 -5.949576318707716638e-02 3.756130323992550313e-01 0 0 0 1
1.520621197418596506e+09 9.266764478369349245e-02 -6.057660908556106172e-02 3.758464862137658180e-01 0 0 0 1
1.520621197426929474e+09 9.654664125628531490e-02 -6.155304163153130226e-02 3.763449863629131364e-01 0 0 0 1
1.520621197435263634e+09 1.003685024956972871e-01 -6.261241102655357160e-02 3.768561173853393065e-01 0 0 0 1
1.520621197443596363e+09 1.038455572398294668e-01 -6.354478808561592196e-02 3.774918725171749756e-01 0 0 0 1
1.520621197451929331e+09 1.081873515696892829e-01 -6.484526339217921986e-02 3.782761293595171548e-01 0 0 0 1
1.520621197460263491e+09 1.120530950066552789e-01 -6.611218680509012291e-02 3.790646208479393486e-01 0 0 0 1
1.520621197468596458e+09 1.161262405481745530e-01 -6.726582153852966872e-02 3.800299551348438332e-01 0 0 0 1
1.520621197476929665e+09 1.203573907640158591e-01 -6.854139159916050605e-02 3.811898199498824358e-01 0 0 0 1
1.520621197485262394e+09 1.241712300480557474e-01 -6.958352445474236259e-02 3.823139619568378667e-01 0 0 0 1
1.520621197493596554e+09 1.286510499151283238e-01 -7.110369101636748734e-02 3.836257649736221076e-01 0 0 0 1
1.520621197501929522e+09 1.329963742813682348e-01 -7.236885693037853340e-02 3.850621527303259573e-01 0 0 0 1
1.520621197510263443e+09 1.370457744293943625e-01 -7.340315268087860279e-02 3.864645689062951028e-01 0 0 0 1
1.520621197518596411e+09 1.417118723849821738e-01 -7.483836244227382029e-02 3.882079512493064044e-01 0 0 0 1
1.520621197526929617e+09 1.457605805994215409e-01 -7.557358202302200123e-02 3.896853367414694347e-01 0 0 0 1
1.520621197535262585e+09 1.505959192158512483e-01 -7.723600141201547586e-02 3.916380752979036206e-01 0 0 0 1
1.520621197543596268e+09 1.548430334833905686e-01 -7.823174676898225766e-02 3.934797266734588739e-01 0 0 0 1
1.520621197551929474e+09 1.594648452441409514e-01 -7.963959128298248036e-02 3.953836754907382733e-01 0 0 0 1
1.520621197560263634e+09 1.637952860769530394e-01 -8.067379024465792803e-02 3.973927310408544855e-01 0 0 0 1
1.520621197568596601e+09 1.683881711819970040e-01 -8.177644750357870862e-02 3.995170103586596078e-01 0 0 0 1
1.520621197576929569e+09 1.730999650898707998e-01 -8.289988764447575598e-02 4.018499082049022952e-01 0 0 0 1
1.520621197585263491e+09 1.778255943698114905e-01 -8.391675724338576448e-02 4.039983268626525792e-01 0 0 0 1
1.520621197593596458e+09 1.822932933723293569e-01 -8.476723227102356262e-02 4.064282669588252794e-01 0 0 0 1
1.520621197601929665e+09 1.871729568363051932e-01 -8.632027145043208449e-02 4.089157750059670970e-01 0 0 0 1
1.520621197610262632e+09 1.918071415523990852e-01 -8.734233169748217840e-02 4.112911895746924618e-01 0 0 0 1
1.520621197618596554e+09 1.964195144101510415e-01 -8.823752607203827480e-02 4.138424397270983324e-01 0 0 0 1
1.520621197626929522e+09 2.010395119176048295e-01 -8.915955130502117854e-02 4.163377282830986736e-01 0 0 0 1
1.520621197635263681e+09 2.057535522451194865e-01 -9.010254868560818586e-02 4.188358077577962746e-01 0 0 0 1
1.520621197643596411e+09 2.105835800804596314e-01 -9.107307637797701361e-02 4.213930791039350865e-01 0 0 0 1
1.520621197651929379e+09 2.151802851594367683e-01 -9.184350705784316560e-02 4.239155731617032519e-01 0 0 0 1
1.520621197660262585e+09 2.199301161270000859e-01 -9.262646545880059978e-02 4.264565213379658548e-01 0 0 0 1
1.520621197668596506e+09 2.244285364155251816e-01 -9.322815110385496151e-02 4.288820196578588817e-01 0 0 0 1
1.520621197676929712e+09 2.291668266509753193e-01 -9.362027857422694499e-02 4.314063644203087744e-01 0 0 0 1
1.520621197685263395e+09 2.335646239340457564e-01 -9.428277290929332199e-02 4.339670381473279548e-01 0 0 0 1
1.520621197693596601e+09 2.381157967102457418e-01 -9.479108135161973259e-02 4.364895940994140133e-01 0 0 0 1
1.520621197701929569e+09 2.427936693212867647e-01 -9.545331371072540705e-02 4.390539032237201766e-01 0 0 0 1
1.520621197710263491e+09 2.478712579257189574e-01 -9.589877240435240591e-02 4.416222383258587847e-01 0 0 0 1
1.520621197718596458e+09 2.525026573182239664e-01 -9.622495153325594242e-02 4.439723696183783819e-01 0 0 0 1
1.520621197726929426e+09 2.567027318209004205e-01 -9.640655136154541172e-02 4.463125906074743021e-01 0 0 0 1
1.520621197735262632e+09 2.616289062333374549e-01 -9.694802105747835075e-02 4.488367246139397526e-01 0 0 0 1
1.520621197743596315e+09 2.658091048720664373e-01 -9.689412433663302515e-02 4.513778188947166203e-01 0 0 0 1
1.520621197751929522e+09 2.702519543836028326e-01 -9.712738790789376964e-02 4.537706145539448510e-01 0 0 0 1
1.520621197760263443e+09 2.744419757275566862e-01 -9.705967782174518277e-02 4.563025790044981100e-01 0 0 0 1
1.520621197768596649e+09 2.790278945473216865e-01 -9.723488685108627738e-02 4.587180925122178454e-01 0 0 0 1
1.520621197776929617e+09 2.831972215513461899e-01 -9.709322100108552789e-02 4.612823407076138693e-01 0 0 0 1
1.520621197785262346e+09 2.876250483255875512e-01 -9.713898165476153590e-02 4.635777052427372258e-01 0 0 0 1
1.520621197793596506e+09 2.918242189615477544e-01 -9.695720082792169681e-02 4.661414319898544711e-01 0 0 0 1
1.520621197801929474e+09 2.961645377789675626e-01 -9.695132159772990033e-02 4.684501247375281174e-01 0 0 0 1
1.520621197810263395e+09 3.004276053287640025e-01 -9.662972597751229298e-02 4.709099406683403544e-01 0 0 0 1
1.520621197818596363e+09 3.048452023750085615e-01 -9.644157858152946350e-02 4.733246857902939642e-01 0 0 0 1
1.520621197826929569e+09 3.090327070398204423e-01 -9.602556143074580941e-02 4.756634356049078693e-01 0 0 0 1
1.520621197835263491e+09 3.130657314849729644e-01 -9.581857283913330914e-02 4.780569509238947745e-01 0 0 0 1
1.520621197843596458e+09 3.170648578316304089e-01 -9.518036235200499906e-02 4.802451469015618368e-01 0 0 0 1
1.520621197851929426e+09 3.212590881610694060e-01 -9.503492594288398543e-02 4.824840847176619096e-01 0 0 0 1
1.520621197860262394e+09 3.252230852174120557e-01 -9.460194391336373965e-02 4.846216658053457138e-01 0 0 0 1
1.520621197868596554e+09 3.293507416503226315e-01 -9.404463725712330913e-02 4.866052388735291334e-01 0 0 0 1
1.520621197876929522e+09 3.338526655596240067e-01 -9.320697361987306806e-02 4.885174806727941021e-01 0 0 0 1
1.520621197885263443e+09 3.377170968012570551e-01 -9.279348531329389971e-02 4.901082429234262516e-01 0 0 0 1
1.520621197893596411e+09 3.416961754775507121e-01 -9.220496378256559655e-02 4.919726461787110594e-01 0 0 0 1
1.520621197901929617e+09 3.457943309126348952e-01 -9.191223355461797251e-02 4.935223155961039332e-01 0 0 0 1
1.520621197910262585e+09 3.497630963099744861e-01 -9.136202506855450878e-02 4.946673906692373723e-01 0 0 0 1
1.520621197918596506e+09 3.536034261535192513e-01 -9.086601388014936553e-02 4.958948343686786497e-01 0 0 0 1
1.520621197926929474e+09 3.575794918802719380e-01 -9.027459712203045328e-02 4.968795197450284196e-01 0 0 0 1
1.520621197935263634e+09 3.616963109826067946e-01 -9.004808106297368386e-02 4.979909279984700010e-01 0 0 0 1
1.520621197943596363e+09 3.654440682330594159e-01 -8.957869508316251839e-02 4.987066339759191891e-01 0 0 0 1
1.520621197951929331e+09 3.692024691281732274e-01 -8.925443382345221721e-02 4.991409038599474712e-01 0 0 0 1
1.520621197960263491e+09 3.732636091076575457e-01 -8.872081481879412479e-02 4.994195313561979876e-01 0 0 0 1
1.520621197968596458e+09 3.769462794216754675e-01 -8.830662535774702615e-02 4.996474106374051427e-01 0 0 0 1
1.520621197976929665e+09 3.806585091199385928e-01 -8.812797911275871421e-02 4.996716710061568367e-01 0 0 0 1
1.520621197985262394e+09 3.843516190139973920e-01 -8.781119499233602799e-02 4.995299863264144324e-01 0 0 0 1
1.520621197993596554e+09 3.880841066473261769e-01 -8.758200006384608827e-02 4.992843176641124092e-01 0 0 0 1
1.520621198001929522e+09 3.915753569608262374e-01 -8.734611399344216487e-02 4.988340007522653607e-01 0 0 0 1
1.520621198010263443e+09 3.953658394943186938e-01 -8.699653334318013798e-02 4.984081109336790938e-01 0 0 0 1
1.520621198018596411e+09 3.988550917025849296e-01 -8.663486312231272191e-02 4.975865665095353663e-01 0 0 0 1
1.520621198026929617e+09 4.022802847685100769e-01 -8.640095116283319499e-02 4.967137280345867989e-01 0 0 0 1
1.520621198035262585e+09 4.061104070109916586e-01 -8.621043193431732199e-02 4.960218028976772775e-01 0 0 0 1
1.520621198043596268e+09 4.091216721101932352e-01 -8.608676407229853833e-02 4.947138944992350851e-01 0 0 0 1
1.520621198051929474e+09 4.129254668536813666e-01 -8.586550245182389407e-02 4.936207028942107833e-01 0 0 0 1
1.520621198060263634e+09 4.161114270854532338e-01 -8.569686088597450180e-02 4.924312152616963090e-01 0 0 0 1
1.520621198068596601e+09 4.194193339534291187e-01 -8.555420261389412584e-02 4.906418338011262481e-01 0 0 0 1
1.520621198076929569e+09 4.225639018028848337e-01 -8.514388454501120584e-02 4.889397601088394385e-01 0 0 0 1
1.520621198085263491e+09 4.258013921230913157e-01 -8.501196408851330322e-02 4.872076841843611117e-01 0 0 0 1
1.520621198093596458e+09 4.291447279028555162e-01 -8.436476741295273474e-02 4.852661554890729256e-01 0 0 0 1
1.520621198101929665e+09 4.320521330621216460e-01 -8.392166561893943388e-02 4.831067745091039978e-01 0 0 0 1
1.520621198110262632e+09 4.347281741439154024e-01 -8.355874821378217465e-02 4.810782024642690224e-01 0 0 0 1
1.520621198118596554e+09 4.378722378625513612e-01 -8.330309954754966384e-02 4.788152869999222627e-01 0 0 0 1
1.520621198126929522e+09 4.408611460668991899e-01 -8.263063900244771443e-02 4.763870999109893756e-01 0 0 0 1
1.520621198135263681e+09 4.436802934806863830e-01 -8.225732091601600793e-02 4.737809712371288118e-01 0 0 0 1
1.520621198143596411e+09 4.464205818865065734e-01 -8.184948542126624371e-02 4.710858314861752216e-01 0 0 0 1
1.520621198151929379e+09 4.489306950778733096e-01 -8.110618093806187812e-02 4.682971494234779986e-01 0 0 0 1
1.520621198160262585e+09 4.516260562062482942e-01 -8.061911070483984698e-02 4.655814221742422543e-01 0 0 0 1
1.520621198168596506e+09 4.540121829496640560e-01 -7.999256617232164412e-02 4.626925550404115128e-01 0 0 0 1
1.520621198176929712e+09 4.566496917338004335e-01 -7.916613767485736197e-02 4.598828202756723993e-01 0 0 0 1
1.520621198185263395e+09 4.587705258427257071e-01 -7.842831987985476871e-02 4.567657920188190612e-01 0 0 0 1
1.520621198193596601e+09 4.610705402651591456e-01 -7.785598918205471897e-02 4.536442512602858468e-01 0 0 0 1
1.520621198201929569e+09 4.631990455337092749e-01 -7.677313414023745342e-02 4.503167209469101095e-01 0 0 0 1
1.520621198210263491e+09 4.653462671384775984e-01 -7.585462714872048817e-02 4.472159222243916599e-01 0 0 0 1
1.520621198218596458e+09 4.674802613700091980e-01 -7.490888462996247998e-02 4.439300383716813236e-01 0 0 0 1
1.520621198226929426e+09 4.695299351988339032e-01 -7.402767947234634160e-02 4.406939231877597951e-01 0 0 0 1
1.520621198235262632e+09 4.718497148302545074e-01 -7.299305811068590444e-02 4.375496604877429085e-01 0 0 0 1
1.520621198243596315e+09 4.733930731526193592e-01 -7.200991678792789674e-02 4.340741476495983964e-01 0 0 0 1
1.520621198251929522e+09 4.753604447093219276e-01 -7.109605422023412835e-02 4.308597440570376413e-01 0 0 0 1
1.520621198260263443e+09 4.770691082446131270e-01 -7.005864641241688062e-02 4.276051172714188109e-01 0 0 0 1
1.520621198268596649e+09 4.788176953150486970e-01 -6.890260576588447261e-02 4.244044277804006615e-01 0 0 0 1
1.520621198276929617e+09 4.804801246140291138e-01 -6.778066612702471350e-02 4.215201658932818951e-01 0 0 0 1
1.520621198285262346e+09 4.819515600382219267e-01 -6.676296342215948254e-02 4.181438978949798546e-01 0 0 0 1
1.520621198293596506e+09 4.833417204058039207e-01 -6.529101799065983869e-02 4.148240249223500431e-01 0 0 0 1
1.520621198301929474e+09 4.846561102645783325e-01 -6.429896713429239519e-02 4.117527363612998315e-01 0 0 0 1
1.520621198310263395e+09 4.859686055799171678e-01 -6.311064638414554118e-02 4.086670907179441592e-01 0 0 0 1
1.520621198318596363e+09 4.872638848167438752e-01 -6.177124160727676117e-02 4.056479740215686025e-01 0 0 0 1
1.520621198326929569e+09 4.886669031535113561e-01 -6.018764274011234594e-02 4.026386507827051098e-01 0 0 0 1
1.520621198335263491e+09 4.895087847217547417e-01 -5.857733623393746036e-02 3.996164356601712431e-01 0 0 0 1
1.520621198343596458e+09 4.908291158252974240e-01 -5.778631861253735735e-02 3.967962570548098089e-01 0 0 0 1
1.520621198351929426e+09 4.915883100331146505e-01 -5.596651763867088736e-02 3.939079930128099871e-01 0 0 0 1
1.520621198360262394e+09 4.925297213187814771e-01 -5.492975144720968483e-02 3.911013787625914340e-01 0 0 0 1
1.520621198368596554e+09 4.934176892673630688e-01 -5.331167139746162409e-02 3.883881129500095231e-01 0 0 0 1
1.520621198376929522e+09 4.944179524155591920e-01 -5.232207026166924013e-02 3.859241429440527504e-01 0 0 0 1
1.520621198385263443e+09 4.950685158973717748e-01 -5.108542767624058012e-02 3.834625558906403775e-01 0 0 0 1
1.520621198393596411e+09 4.954447841806816077e-01 -4.966464654969249271e-02 3.810750738621040412e-01 0 0 0 1
1.520621198401929617e+09 4.960132127973746474e-01 -4.844883457070781052e-02 3.787666865239252001e-01 0 0 0 1
1.520621198410262585e+09 4.965834109079061420e-01 -4.772670139534818112e-02 3.765449753275607048e-01 0 0 0 1
1.520621198418596506e+09 4.966802829666685515e-01 -4.606108939489128584e-02 3.742984102491435650e-01 0 0 0 1
1.520621198426929474e+09 4.974593573174633798e-01 -4.565342020921725474e-02 3.723480810699459909e-01 0 0 0 1
1.520621198435263634e+09 4.974911395792492863e-01 -4.413869056663710655e-02 3.702180566994826005e-01 0 0 0 1
1.520621198443596363e+09 4.981841865087195398e-01 -4.365709234849213249e-02 3.685581472379360068e-01 0 0 0 1
1.520621198451929331e+09 4.984377795389183241e-01 -4.274408904875726112e-02 3.667694386795128381e-01 0 0 0 1
1.520621198460263491e+09 4.986657445359623519e-01 -4.193325079849996584e-02 3.650575321166089626e-01 0 0 0 1
1.520621198468596458e+09 4.987707642386055573e-01 -4.117987005316003923e-02 3.634144908596323997e-01 0 0 0 1
1.520621198476929665e+09 4.987505052536631567e-01 -4.034728032101631001e-02 3.619884735086513761e-01 0 0 0 1
1.520621198485262394e+09 4.982872111983505103e-01 -3.923097910493755780e-02 3.604677535803137989e-01 0 0 0 1
1.520621198493596554e+09 4.984827783682620472e-01 -3.900600822196664819e-02 3.593527072447721959e-01 0 0 0 1
1.520621198501929522e+09 4.989247222049073560e-01 -3.895533432822773090e-02 3.581958202282649051e-01 0 0 0 1
1.520621198510263443e+09 4.982818041968652967e-01 -3.819434466163251773e-02 3.571027593961180191e-01 0 0 0 1
1.520621198518596411e+09 4.981606952823832701e-01 -3.792278923952674408e-02 3.561744969263440641e-01 0 0 0 1
1.520621198526929617e+09 4.978843786118897219e-01 -3.769200331121569381e-02 3.553016912804132232e-01 0 0 0 1
1.520621198535262585e+09 4.980927114142702505e-01 -3.793360201395845621e-02 3.547720136331387053e-01 0 0 0 1
1.520621198543596268e+09 4.976219175091743940e-01 -3.797210420161312161e-02 3.541014892407172709e-01 0 0 0 1
1.520621198551929474e+09 4.971202260234343084e-01 -3.787625355106760683e-02 3.537227752777345469e-01 0 0 0 1
1.520621198560263634e+09 4.967289123076427115e-01 -3.803408607351910220e-02 3.534127783515479404e-01 0 0 0 1
1.520621198568596601e+09 4.966721006205131461e-01 -3.846452059720351091e-02 3.533684592667969415e-01 0 0 0 1
1.520621198576929569e+09 4.961929477359120488e-01 -3.870797163808969987e-02 3.533899881565696344e-01 0 0 0 1
1.520621198585263491e+09 4.952581209058214418e-01 -3.882991925166745517e-02 3.534318088751398079e-01 0 0 0 1
1.520621198593596458e+09 4.945032672008399244e-01 -3.896683222765240373e-02 3.536408265105011051e-01 0 0 0 1
1.520621198601929665e+09 4.943126872212708633e-01 -4.013006672938645991e-02 3.540803122867299813e-01 0 0 0 1
1.520621198610262632e+09 4.937182264131334541e-01 -4.072242602464770656e-02 3.546499392602020517e-01 0 0 0 1
1.520621198618596554e+09 4.928804166231504080e-01 -4.129538910282037900e-02 3.553428588437232971e-01 0 0 0 1
1.520621198626929522e+09 4.919044456007082289e-01 -4.184204621375198219e-02 3.560527161600852697e-01 0 0 0 1
1.520621198635263681e+09 4.909822361199708274e-01 -4.240393974630263241e-02 3.568920854456900660e-01 0 0 0 1
1.520621198643596411e+09 4.893971693181069504e-01 -4.218942311488516062e-02 3.577890315614091765e-01 0 0 0 1
1.520621198651929379e+09 4.884645945244581178e-01 -4.303473125154033685e-02 3.588329068578108849e-01 0 0 0 1
1.520621198660262585e+09 4.876888468100404328e-01 -4.392148899782732929e-02 3.600032159000026155e-01 0 0 0 1
1.520621198668596506e+09 4.870002736817958811e-01 -4.523005908773869432e-02 3.614891118352230315e-01 0 0 0 1
1.520621198676929712e+09 4.858367334281062933e-01 -4.584458198813434748e-02 3.629639208803643324e-01 0 0 0 1
1.520621198685263395e+09 4.845454886968239006e-01 -4.619291470687625356e-02 3.643705904483180991e-01 0 0 0 1
1.520621198693596601e+09 4.828723274546967703e-01 -4.655446640653160273e-02 3.660978049643837107e-01 0 0 0 1
1.520621198701929569e+09 4.814706440115746888e-01 -4.718945311179867375e-02 3.678411884406005417e-01 0 0 0 1
1.520621198710263491e+09 4.804104349609988889e-01 -4.865392633030474201e-02 3.699526905708321323e-01 0 0 0 1
1.520621198718596458e+09 4.788224368465272551e-01 -4.890060424301234665e-02 3.719311485944545304e-01 0 0 0 1
1.520621198726929426e+09 4.769998124175373055e-01 -4.922776382612281676e-02 3.740964997889448806e-01 0 0 0 1
1.520621198735262632e+09 4.757106747346044884e-01 -5.019798059231073140e-02 3.764925322222176796e-01 0 0 0 1
1.520621198743596315e+09 4.739673831577132512e-01 -5.045637837263761138e-02 3.788587864247670023e-01 0 0 0 1
1.520621198751929522e+09 4.722499451298339812e-01 -5.143782412641073609e-02 3.813593375120343243e-01 0 0 0 1
1.520621198760263443e+09 4.706012486963316865e-01 -5.180504627476623103e-02 3.838675473953836459e-01 0 0 0 1
1.520621198768596649e+09 4.686672263628401947e-01 -5.237946822782524325e-02 3.866708389799780043e-01 0 0 0 1
1.520621198776929617e+09 4.668426915587786663e-01 -5.281068281579426316e-02 3.895761910811703643e-01 0 0 0 1
1.520621198785262346e+09 4.651205762847200331e-01 -5.304435961737463678e-02 3.926484193313535265e-01 0 0 0 1
1.520621198793596506e+09 4.628188129122614569e-01 -5.303939903512711052e-02 3.956491605376128984e-01 0 0 0 1
1.520621198801929474e+09 4.604535728983653042e-01 -5.317974942568381991e-02 3.985182988585131980e-01 0 0 0 1
1.520621198810263395e+09 4.584264936470542340e-01 -5.355825005841896580e-02 4.015319657796669883e-01 0 0 0 1
1.520621198818596363e+09 4.560967125839662240e-01 -5.364184194357235480e-02 4.046196993085340310e-01 0 0 0 1
1.520621198826929569e+09 4.533841314344235762e-01 -5.397047610261185291e-02 4.077203312859492002e-01 0 0 0 1
1.520621198835263491e+09 4.509165979151933401e-01 -5.378553967806432023e-02 4.106983768999810103e-01 0 0 0 1
1.520621198843596458e+09 4.484607526918685805e-01 -5.395398228167036514e-02 4.140656879872761653e-01 0 0 0 1
1.520621198851929426e+09 4.457425452568110069e-01 -5.359342163784686086e-02 4.173391288197199067e-01 0 0 0 1
1.520621198860262394e+09 4.428290715272570344e-01 -5.364386512785113137e-02 4.206673008889609822e-01 0 0 0 1
1.520621198868596554e+09 4.403351222454989777e-01 -5.342319773851877951e-02 4.240736890533873815e-01 0 0 0 1
1.520621198876929522e+09 4.372433788667525745e-01 -5.351847978705059905e-02 4.273955958747701622e-01 0 0 0 1
1.520621198885263443e+09 4.343660661760434527e-01 -5.341793984619647162e-02 4.307686844376654722e-01 0 0 0 1
1.520621198893596411e+09 4.311326242669291098e-01 -5.318535338690644210e-02 4.343837585456926664e-01 0 0 0 1
1.520621198901929617e+09 4.280695678913435387e-01 -5.285041060827799786e-02 4.377818042298124990e-01 0 0 0 1
1.520621198910262585e+09 4.248346027976107608e-01 -5.228486010252908489e-02 4.410816720667167790e-01 0 0 0 1
1.520621198918596506e+09 4.218850716340751816e-01 -5.188820080634326537e-02 4.445495951497435705e-01 0 0 0 1
1.520621198926929474e+09 4.182295152106190184e-01 -5.162998133593987848e-02 4.477778444040165784e-01 0 0 0 1
1.520621198935263634e+09 4.149091192264281469e-01 -5.088426483825625457e-02 4.513024748190481716e-01 0 0 0 1
1.520621198943596363e+09 4.112438978678075729e-01 -5.017160988515778630e-02 4.546020105640200537e-01 0 0 0 1
1.520621198951929331e+09 4.074941691021902734e-01 -4.955103383513870252e-02 4.578584975752122421e-01 0 0 0 1
1.520621198960263491e+09 4.037248699745036307e-01 -4.869193952812034265e-02 4.609316028750130023e-01 0 0 0 1
1.520621198968596458e+09 3.998088524714497050e-01 -4.815615209595824897e-02 4.642834950306431452e-01 0 0 0 1
1.520621198976929665e+09 3.960837706360395005e-01 -4.731208082009952243e-02 4.675278175632933131e-01 0 0 0 1
1.520621198985262394e+09 3.922327697235390431e-01 -4.640220400508865417e-02 4.706358012002564983e-01 0 0 0 1
1.520621198993596554e+09 3.881111943965012134e-01 -4.558163730145159409e-02 4.735431122983178032e-01 0 0 0 1
1.520621199001929522e+09 3.843342655549633058e-01 -4.447833316687876959e-02 4.765258629501152310e-01 0 0 0 1
1.520621199010263443e+09 3.802438765106836982e-01 -4.354272374264966938e-02 4.792975281194757908e-01 0 0 0 1
1.520621199018596411e+09 3.760457330529466402e-01 -4.212477871022801690e-02 4.818110160173714185e-01 0 0 0 1
1.520621199026929617e+09 3.716839845414939836e-01 -4.129761420210953382e-02 4.842907457954306327e-01 0 0 0 1
1.520621199035262585e+09 3.675546204848979537e-01 -4.002927105856957102e-02 4.866641487453604586e-01 0 0 0 1
1.520621199043596268e+09 3.630633374071842168e-01 -3.899483599182496096e-02 4.888876661706815785e-01 0 0 0 1
1.520621199051929474e+09 3.586039349000170740e-01 -3.786423654217263568e-02 4.908999038700940787e-01 0 0 0 1
1.520621199060263634e+09 3.541732152941537981e-01 -3.676869528727155778e-02 4.927639178657061692e-01 0 0 0 1
1.520621199068596601e+09 3.496826600834394005e-01 -3.561021020512189494e-02 4.944683415673989391e-01 0 0 0 1
1.520621199076929569e+09 3.450500179047992777e-01 -3.449266970871323057e-02 4.959351333298815945e-01 0 0 0 1
1.520621199085263491e+09 3.404859269481969042e-01 -3.348121513725721421e-02 4.973722577193395722e-01 0 0 0 1
1.520621199093596458e+09 3.356325236248909327e-01 -3.223902846054971238e-02 4.984890559540500199e-01 0 0 0 1
1.520621199101929665e+09 3.309577822409736081e-01 -3.122223189347406169e-02 4.994437569259255749e-01 0 0 0 1
1.520621199110262632e+09 3.262680271116701336e-01 -3.021379542877666857e-02 5.003647391971537406e-01 0 0 0 1
1.520621199118596554e+09 3.215434823898938310e-01 -2.941234853643781566e-02 5.011155351532563529e-01 0 0 0 1
1.520621199126929522e+09 3.166932934439017355e-01 -2.837126236419595937e-02 5.017491334495807198e-01 0 0 0 1
1.520621199135263681e+09 3.118897553150574709e-01 -2.746374800570527963e-02 5.021654406672841908e-01 0 0 0 1
1.520621199143596411e+09 3.069695775281934269e-01 -2.660781700421432916e-02 5.024792566308697861e-01 0 0 0 1
1.520621199151929379e+09 3.020727827977012225e-01 -2.557691411690965477e-02 5.025418672953450017e-01 0 0 0 1
1.520621199160262585e+09 2.969732449479858261e-01 -2.468301329251310072e-02 5.025793282435344622e-01 0 0 0 1
1.520621199168596506e+09 2.921383450267928117e-01 -2.370669315264761767e-02 5.024677264512584784e-01 0 0 0 1
1.520621199176929712e+09 2.871287915396751877e-01 -2.270443320435200363e-02 5.022256298620741966e-01 0 0 0 1
1.520621199185263395e+09 2.818236369877853420e-01 -2.202741120583906476e-02 5.018100962119136366e-01 0 0 0 1
1.520621199193596601e+09 2.767561823002212540e-01 -2.095364483226680452e-02 5.013908383857852424e-01 0 0 0 1
1.520621199201929569e+09 2.714911381409019775e-01 -2.006209938882441701e-02 5.006318759114325445e-01 0 0 0 1
1.520621199210263491e+09 2.661243800789709901e-01 -1.925592570041967377e-02 4.997672087965210341e-01 0 0 0 1
1.520621199218596458e+09 2.610377877298328819e-01 -1.798382659987607379e-02 4.989770198534861922e-01 0 0 0 1
1.520621199226929426e+09 2.557037773287873517e-01 -1.709708914669927360e-02 4.979262714587175953e-01 0 0 0 1
1.520621199235262632e+09 2.505203068952797096e-01 -1.592144970038777974e-02 4.967341280490962241e-01 0 0 0 1
1.520621199243596315e+09 2.450044706193491573e-01 -1.498730643508539018e-02 4.953899220652202562e-01 0 0 0 1
1.520621199251929522e+09 2.394755279497019496e-01 -1.399206130455832309e-02 4.939817416948411033e-01 0 0 0 1
1.520621199260263443e+09 2.338877737992475225e-01 -1.304668301925515639e-02 4.924642389830022893e-01 0 0 0 1
1.520621199268596649e+09 2.282308012113731799e-01 -1.215270040095017823e-02 4.908307217693066438e-01 0 0 0 1
1.520621199276929617e+09 2.226236455204586573e-01 -1.110951945170168820e-02 4.891262969709551101e-01 0 0 0 1
1.520621199285262346e+09 2.169648925397928974e-01 -1.002084383604118223e-02 4.874330840947884713e-01 0 0 0 1
1.520621199293596506e+09 2.114141752071864166e-01 -8.873205885322033026e-03 4.857256491219403838e-01 0 0 0 1
1.520621199301929474e+09 2.058616847144495443e-01 -7.886109388903550510e-03 4.838270500039429933e-01 0 0 0 1
1.520621199310263395e+09 2.000793801071987232e-01 -6.569426087428387184e-03 4.821199704312624235e-01 0 0 0 1
1.520621199318596363e+09 1.944321201806670230e-01 -5.089590286773137962e-03 4.797836018177195072e-01 0 0 0 1
1.520621199326929569e+09 1.886236732326193044e-01 -3.541672988727095905e-03 4.778027745816963989e-01 0 0 0 1
1.520621199335263491e+09 1.830793819852962745e-01 -2.138340762225521274e-03 4.757866174377076707e-01 0 0 0 1
1.520621199343596458e+09 1.771801000931847447e-01 -6.007277931585619513e-04 4.735885753503377149e-01 0 0 0 1
1.520621199351929426e+09 1.715341396319711720e-01 8.521697150477569593e-04 4.715394062962416921e-01 0 0 0 1
1.520621199360262394e+09 1.657089932702934254e-01 2.490536047328406610e-03 4.696356215306973780e-01 0 0 0 1
1.520621199368596554e+09 1.601282517153745921e-01 4.428032103261703156e-03 4.674141460573195683e-01 0 0 0 1
1.520621199376929522e+09 1.541204798891036010e-01 5.876875722839569605e-03 4.652554301162834527e-01 0 0 0 1
1.520621199385263443e+09 1.485258470857726554e-01 7.751909820995495082e-03 4.632463361498260213e-01 0 0 0 1
1.520621199393596411e+09 1.428116616653591908e-01 9.693733990496666841e-03 4.611268802372467945e-01 0 0 0 1
1.520621199401929617e+09 1.370783070831383954e-01 1.149597612335218066e-02 4.591543828440152186e-01 0 0 0 1
1.520621199410262585e+09 1.314629915291225526e-01 1.339634651300347645e-02 4.571500419655856184e-01 0 0 0 1
1.520621199418596506e+09 1.256386293307253377e-01 1.523721075205264341e-02 4.550236290925522287e-01 0 0 0 1
1.520621199426929474e+09 1.201009333887531616e-01 1.708168167515644598e-02 4.531123400385670408e-01 0 0 0 1
1.520621199435263634e+09 1.145909943571652434e-01 1.890741124845252141e-02 4.512832460985820582e-01 0 0 0 1
1.520621199443596363e+09 1.088878860601367737e-01 2.111667441156894753e-02 4.492765687274451469e-01 0 0 0 1
1.520621199451929331e+09 1.031854558481011264e-01 2.283179100956689300e-02 4.473194971997063174e-01 0 0 0 1
1.520621199460263491e+09 9.779738949972804907e-02 2.486343548485081545e-02 4.454125409518161494e-01 0 0 0 1
1.520621199468596458e+09 9.211075603857055150e-02 2.668995221647885163e-02 4.436296615329047288e-01 0 0 0 1
1.520621199476929665e+09 8.666405372844132593e-02 2.864127071152910986e-02 4.418973770564584846e-01 0 0 0 1
1.520621199485262394e+09 8.111528228636089022e-02 3.053835309817554133e-02 4.402021240889886222e-01 0 0 0 1
1.520621199493596554e+09 7.560913337547836566e-02 3.236995345148219183e-02 4.386144798864728411e-01 0 0 0 1
1.520621199501929522e+09 7.010726192561800296e-02 3.409526443223442893e-02 4.371186386756253928e-01 0 0 0 1
1.520621199510263443e+09 6.454221577593910464e-02 3.585956670430789917e-02 4.357517035196702970e-01 0 0 0 1
1.520621199518596411e+09 5.902821680091763223e-02 3.764136096901604667e-02 4.343489894794199113e-01 0 0 0 1
1.520621199526929617e+09 5.345133694728121387e-02 3.933896822652616088e-02 4.330755517182978132e-01 0 0 0 1
1.520621199535262585e+09 4.777155891636886142e-02 4.095738981187746486e-02 4.319880716136843546e-01 0 0 0 1
1.520621199543596268e+09 4.227920702003451492e-02 4.267406996091427374e-02 4.309007347190343395e-01 0 0 0 1
1.520621199551929474e+09 3.648285380487348295e-02 4.405891303424414041e-02 4.300499655159570889e-01 0 0 0 1
1.520621199560263634e+09 3.101664244814494875e-02 4.562139220850291998e-02 4.291265690971246549e-01 0 0 0 1
1.520621199568596601e+09 2.538668424646528532e-02 4.697228292863064869e-02 4.284898770847711535e-01 0 0 0 1
1.520621199576929569e+09 1.979345623196626658e-02 4.853546886438131480e-02 4.278603026244736096e-01 0 0 0 1
1.520621199585263491e+09 1.430551743231195383e-02 4.966690608023216491e-02 4.273953210164773697e-01 0 0 0 1
1.520621199593596458e+09 8.480869608078700495e-03 5.062767309299187612e-02 4.269853843297966023e-01 0 0 0 1
1.520621199601929665e+09 3.180231994095839010e-03 5.176296083586551244e-02 4.267776139486143538e-01 0 0 0 1
1.520621199610262632e+09 -2.512370245020711934e-03 5.246643967586306356e-02 4.266243761913441901e-01 0 0 0 1
1.520621199618596554e+09 -7.821589009973761719e-03 5.324701797680908566e-02 4.266982949687727622e-01 0 0 0 1
1.520621199626929522e+09 -1.336700057222495186e-02 5.371793191847729076e-02 4.266989843168915719e-01 0 0 0 1
1.520621199635263681e+09 -1.871806042679452498e-02 5.431905718563290186e-02 4.269130493615784783e-01 0 0 0 1
1.520621199643596411e+09 -2.455360083602864396e-02 5.462405109674350889e-02 4.272069819202368723e-01 0 0 0 1
1.520621199651929379e+09 -2.980813989590325175e-02 5.516808767904057831e-02 4.275648320525342605e-01 0 0 0 1
1.520621199660262585e+09 -3.540764748791230820e-02 5.549427607912194027e-02 4.278647052824517960e-01 0 0 0 1
1.520621199668596506e+09 -4.078543067841178260e-02 5.575615491569585469e-02 4.284247670194591961e-01 0 0 0 1
1.520621199676929712e+09 -4.618729832510204414e-02 5.603760837456162047e-02 4.290358491956769438e-01 0 0 0 1
1.520621199685263395e+09 -5.171627096160602566e-02 5.609420829341738024e-02 4.297542077018297046e-01 0 0 0 1
1.520621199693596601e+09 -5.674096995500099716e-02 5.631449266279686672e-02 4.304907372107982244e-01 0 0 0 1
1.520621199701929569e+09 -6.192964886076696152e-02 5.645131901279776265e-02 4.313858455175996198e-01 0 0 0 1
1.520621199710263491e+09 -6.693648908441024448e-02 5.646541414487593613e-02 4.323759458722475912e-01 0 0 0 1
1.520621199718596458e+09 -7.221523085116449137e-02 5.650929328852927203e-02 4.333225803674756182e-01 0 0 0 1
1.520621199726929426e+09 -7.710470958392506846e-02 5.688574344211438927e-02 4.344122423883634010e-01 0 0 0 1
1.520621199735262632e+09 -8.212423906386639993e-02 5.682073055855207944e-02 4.354752737123042117e-01 0 0 0 1
1.520621199743596315e+09 -8.703094240980679963e-02 5.710272562125273677e-02 4.366766828723425142e-01 0 0 0 1
1.520621199751929522e+09 -9.179353587168737061e-02 5.700355563765446831e-02 4.378974215519515489e-01 0 0 0 1
1.520621199760263443e+09 -9.667430351319333814e-02 5.729648414357990660e-02 4.391015557292796689e-01 0 0 0 1
1.520621199768596649e+09 -1.010132994736148704e-01 5.761185575360672217e-02 4.401749664034928511e-01 0 0 0 1
1.520621199776929617e+09 -1.055680676625412318e-01 5.771447174078503384e-02 4.414191542911845012e-01 0 0 0 1
1.520621199785262346e+09 -1.099831970625791411e-01 5.802828700303941378e-02 4.428294781394417345e-01 0 0 0 1
1.520621199793596506e+09 -1.142953718243912009e-01 5.812427800219022167e-02 4.440684061825883600e-01 0 0 0 1
1.520621199801929474e+09 -1.189006099040693654e-01 5.795343489514848123e-02 4.452478893296942797e-01 0 0 0 1
1.520621199810263395e+09 -1.232544771515380888e-01 5.839418562752263231e-02 4.465653228916821593e-01 0 0 0 1
1.520621199818596363e+09 -1.273040941018911409e-01 5.881814440328070326e-02 4.475490747864203644e-01 0 0 0 1
1.520621199826929569e+09 -1.314108266440607853e-01 5.901520012810157478e-02 4.488412914003439003e-01 0 0 0 1
1.520621199835263491e+09 -1.357930047427473030e-01 5.909338225668847588e-02 4.502567315284033977e-01 0 0 0 1
1.520621199843596458e+09 -1.397149158165146843e-01 5.932333687004687217e-02 4.514603111803123792e-01 0 0 0 1
1.520621199851929426e+09 -1.437183444569025692e-01 6.016888723112412407e-02 4.528746241836432151e-01 0 0 0 1
1.520621199860262394e+09 -1.474003440234056272e-01 6.022804565444273006e-02 4.540232017537695342e-01 0 0 0 1
1.520621199868596554e+09 -1.512434153560460737e-01 6.046025275986033343e-02 4.551816860874600135e-01 0 0 0 1
1.520621199876929522e+09 -1.547072055855507888e-01 6.087275812280346088e-02 4.562927024702676526e-01 0 0 0 1
1.520621199885263443e+09 -1.580303778406998982e-01 6.143715741407540509e-02 4.573988018158721136e-01 0 0 0 1
1.520621199893596411e+09 -1.614419726577129288e-01 6.218428241500895126e-02 4.584335194493645016e-01 0 0 0 1
1.520621199901929617e+09 -1.656581426538367152e-01 6.277972054077174402e-02 4.595441665625701333e-01 0 0 0 1
1.520621199910262585e+09 -1.689230746491911517e-01 6.278789926355299311e-02 4.606695215624529993e-01 0 0 0 1
1.520621199918596506e+09 -1.722358597166038785e-01 6.317764440358375477e-02 4.616671830382637065e-01 0 0 0 1
1.520621199926929474e+09 -1.747781194435097385e-01 6.389961084392870028e-02 4.624729408867200853e-01 0 0 0 1
1.520621199935263634e+09 -1.784483121349631496e-01 6.387016266180323143e-02 4.635208169468771899e-01 0 0 0 1
1.520621199943596363e+09 -1.814285454977371814e-01 6.436019074905885429e-02 4.642705492345957641e-01 0 0 0 1
1.520621199951929331e+09 -1.846389454379198103e-01 6.482590953269573575e-02 4.650912638527373577e-01 0 0 0 1
1.520621199960263491e+09 -1.876032045358912437e-01 6.538324457416855306e-02 4.657308491709413190e-01 0 0 0 1
1.520621199968596458e+09 -1.905453317553237880e-01 6.580250258804298813e-02 4.663600210612861563e-01 0 0 0 1
1.520621199976929665e+09 -1.933420318642177227e-01 6.611718741620165041e-02 4.669558798557771340e-01 0 0 0 1
1.520621199985262394e+09 -1.960240299111312701e-01 6.629875195076317951e-02 4.675236312968780172e-01 0 0 0 1
1.520621199993596554e+09 -1.987983423511972547e-01 6.680721564366087772e-02 4.679222969580900671e-01 0 0 0 1
1.520621200001929522e+09 -2.014725166973665993e-01 6.689752562362927257e-02 4.683350593490067659e-01 0 0 0 1
1.520621200010263443e+09 -2.041097188012477304e-01 6.716111991700357553e-02 4.686441640371239448e-01 0 0 0 1
1.520621200018596411e+09 -2.069162892614412330e-01 6.775353502531378247e-02 4.689204494042928939e-01 0 0 0 1
1.520621200026929617e+09 -2.092724276160661256e-01 6.778021818787349773e-02 4.690873444439518369e-01 0 0 0 1
1.520621200035262585e+09 -2.118361283547082752e-01 6.804549521988989547e-02 4.692174757524285589e-01 0 0 0 1
1.520621200043596268e+09 -2.140114485204034911e-01 6.832131107381678170e-02 4.690581463604053258e-01 0 0 0 1
1.520621200051929474e+09 -2.168776419655309429e-01 6.881329822277371111e-02 4.690193349140059365e-01 0 0 0 1
1.520621200060263634e+09 -2.194352246106075488e-01 6.877506823397694369e-02 4.690251565311118753e-01 0 0 0 1
1.520621200068596601e+09 -2.218606897530696620e-01 6.886770451506674107e-02 4.688344923360865391e-01 0 0 0 1
1.520621200076929569e+09 -2.243267871938133817e-01 6.889482398836210830e-02 4.685087805292391661e-01 0 0 0 1
1.520621200085263491e+09 -2.265955193392875100e-01 6.889102932958379721e-02 4.681033874499023195e-01 0 0 0 1
1.520621200093596458e+09 -2.289328410110298417e-01 6.894055554023292842e-02 4.676301229868540243e-01 0 0 0 1
1.520621200101929665e+09 -2.311757731973398955e-01 6.860952124374719574e-02 4.672279142863262624e-01 0 0 0 1
1.520621200110262632e+09 -2.337643124302981601e-01 6.862762187023219163e-02 4.666943753165393449e-01 0 0 0 1
1.520621200118596554e+09 -2.361243684219552774e-01 6.825620525877262867e-02 4.662768094978435585e-01 0 0 0 1
1.520621200126929522e+09 -2.384513602177532055e-01 6.762209795496509912e-02 4.657522073833111342e-01 0 0 0 1
1.520621200135263681e+09 -2.407147290803122452e-01 6.698992865342223713e-02 4.652641653320934712e-01 0 0 0 1
1.520621200143596411e+09 -2.429778354931733386e-01 6.623037883515259239e-02 4.646722146412494148e-01 0 0 0 1
1.520621200151929379e+09 -2.453083995026768827e-01 6.574806312130265784e-02 4.639115557256938693e-01 0 0 0 1
1.520621200160262585e+09 -2.475333439088160115e-01 6.471818750720581548e-02 4.633215597730382385e-01 0 0 0 1
1.520621200168596506e+09 -2.498063186394605673e-01 6.384576463491287157e-02 4.626304780519054916e-01 0 0 0 1
1.520621200176929712e+09 -2.518888071181217825e-01 6.260087275075665314e-02 4.619439219604253299e-01 0 0 0 1
1.520621200185263395e+09 -2.539747140316241381e-01 6.130717607177671447e-02 4.611625765792899401e-01 0 0 0 1
1.520621200193596601e+09 -2.561641776572992080e-01 6.022919935276782599e-02 4.604989253666889049e-01 0 0 0 1
1.520621200201929569e+09 -2.583197723415630032e-01 5.891606995330256336e-02 4.597034355576226083e-01 0 0 0 1
1.520621200210263491e+09 -2.602484782510966488e-01 5.732910436754579120e-02 4.589625078197396846e-01 0 0 0 1
1.520621200218596458e+09 -2.624168258165451295e-01 5.612420658211436653e-02 4.583010683657140483e-01 0 0 0 1
1.520621200226929426e+09 -2.644463370416918480e-01 5.458130109380898709e-02 4.576007423156622789e-01 0 0 0 1
1.520621200235262632e+09 -2.663178323353524446e-01 5.309851576474777790e-02 4.568178014050510161e-01 0 0 0 1
1.520621200243596315e+09 -2.685767280818667224e-01 5.196048990250878852e-02 4.562333154450053385e-01 0 0 0 1
1.520621200251929522e+09 -2.708609522403533365e-01 5.070573257065980055e-02 4.555590115933088047e-01 0 0 0 1
1.520621200260263443e+09 -2.729203145392812280e-01 4.906246159693039566e-02 4.549987241628814516e-01 0 0 0 1
1.520621200268596649e+09 -2.749577644739287230e-01 4.770953485177797937e-02 4.543472027757380349e-01 0 0 0 1
1.520621200276929617e+09 -2.768818019823161558e-01 4.626305435819488832e-02 4.537515296541247967e-01 0 0 0 1
1.520621200285262346e+09 -2.787025594909009474e-01 4.502967997214757379e-02 4.532425991165947021e-01 0 0 0 1
1.520621200293596506e+09 -2.806938039127656603e-01 4.334437893616183146e-02 4.527876319874015731e-01 0 0 0 1
1.520621200301929474e+09 -2.824840477337712263e-01 4.213767803523460476e-02 4.522916275687838272e-01 0 0 0 1
1.520621200310263395e+09 -2.844130961429647275e-01 4.089526272258403594e-02 4.519578028391058044e-01 0 0 0 1
1.520621200318596363e+09 -2.856257383468706612e-01 3.978114685116884708e-02 4.514310816452029584e-01 0 0 0 1
1.520621200326929569e+09 -2.870562709076379670e-01 3.822571429370069662e-02 4.512089141141539805e-01 0 0 0 1
1.520621200335263491e+09 -2.887173996624970984e-01 3.691198017468555470e-02 4.508627185676761240e-01 0 0 0 1
1.520621200343596458e+09 -2.907756548130576713e-01 3.565152525685655327e-02 4.506496995384277060e-01 0 0 0 1
1.520621200351929426e+09 -2.916238533397448318e-01 3.422743592953014780e-02 4.503497948325774214e-01 0 0 0 1
1.520621200360262394e+09 -2.933664406209642861e-01 3.302805914809570087e-02 4.502596743518096911e-01 0 0 0 1
1.520621200368596554e+09 -2.948494168293893658e-01 3.187174258007896555e-02 4.501683043176292198e-01 0 0 0 1
1.520621200376929522e+09 -2.959735500116394968e-01 3.066048838439272561e-02 4.500388345698644876e-01 0 0 0 1
1.520621200385263443e+09 -2.971379619205827272e-01 2.959522421053417673e-02 4.498128596357247044e-01 0 0 0 1
1.520621200393596411e+09 -2.985446181270065003e-01 2.868200803280118727e-02 4.496297584673520920e-01 0 0 0 1
1.520621200401929617e+09 -2.994900970284001263e-01 2.728158922558232558e-02 4.494563919168930166e-01 0 0 0 1
1.520621200410262585e+09 -3.006858800737011728e-01 2.612032358595095527e-02 4.493405327888504441e-01 0 0 0 1
1.520621200418596506e+09 -3.016205423497296811e-01 2.485042099455248010e-02 4.493574120835024388e-01 0 0 0 1
1.520621200426929474e+09 -3.026378448250974240e-01 2.374618635195546723e-02 4.493605007525618422e-01 0 0 0 1
1.520621200435263634e+09 -3.033295981292456478e-01 2.223755513559377839e-02 4.492607975605349413e-01 0 0 0 1
1.520621200443596363e+09 -3.042534142729722557e-01 2.094568193779644538e-02 4.491875179602942136e-01 0 0 0 1
1.520621200451929331e+09 -3.050356042293422276e-01 1.924348486026483673e-02 4.492232625347378772e-01 0 0 0 1
1.520621200460263491e+09 -3.059085821992770793e-01 1.831976287981074147e-02 4.491437222917540328e-01 0 0 0 1
1.520621200468596458e+09 -3.069862930418128522e-01 1.721613418604839296e-02 4.487956791141940460e-01 0 0 0 1
1.520621200476929665e+09 -3.076135015153574348e-01 1.609617307995303559e-02 4.488775290696302989e-01 0 0 0 1
1.520621200485262394e+09 -3.084288998190329312e-01 1.503762455823243194e-02 4.485923697084615025e-01 0 0 0 1
1.520621200493596554e+09 -3.092543397369206248e-01 1.388426211351778683e-02 4.483346427350174412e-01 0 0 0 1
1.520621200501929522e+09 -3.099316765569153365e-01 1.319256979447125389e-02 4.480665544485358254e-01 0 0 0 1
1.520621200510263443e+09 -3.108041126108198604e-01 1.263361336992430140e-02 4.475513788655178793e-01 0 0 0 1
1.520621200518596411e+09 -3.114498169160648811e-01 1.144712129466829431e-02 4.474913481563480566e-01 0 0 0 1
1.520621200526929617e+09 -3.121243249908325912e-01 1.090317412359009808e-02 4.470320963904459433e-01 0 0 0 1
1.520621200535262585e+09 -3.130693685015508709e-01 1.006359072397133847e-02 4.465841026067947084e-01 0 0 0 1
1.520621200543596268e+09 -3.138371914706423182e-01 9.526306190394184803e-03 4.459651078403699120e-01 0 0 0 1
1.520621200551929474e+09 -3.151314485028849921e-01 9.103558478610773719e-03 4.452945337302780526e-01 0 0 0 1
1.520621200560263634e+09 -3.162065630379090608e-01 8.250542487523881974e-03 4.446488829968449075e-01 0 0 0 1
1.520621200568596601e+09 -3.173287308629519909e-01 7.646238642214919778e-03 4.438812567698253719e-01 0 0 0 1
1.520621200576929569e+09 -3.184543736698174365e-01 7.092584236930377095e-03 4.430678976070057118e-01 0 0 0 1
1.520621200585263491e+09 -3.196141032008326111e-01 6.576075492353616880e-03 4.421539809130805576e-01 0 0 0 1
1.520621200593596458e+09 -3.208537262313186922e-01 5.666372755151916074e-03 4.412849518189898568e-01 0 0 0 1
1.520621200601929665e+09 -3.219877265823036794e-01 5.255662484269008061e-03 4.400979027237494901e-01 0 0 0 1
1.520621200610262632e+09 -3.231432198573233605e-01 4.556843636592700086e-03 4.391554339513581429e-01 0 0 0 1
1.520621200618596554e+09 -3.245403995353030036e-01 3.881509759783408064e-03 4.379782461931209792e-01 0 0 0 1
1.520621200626929522e+09 -3.260001345347949275e-01 3.119880668747243568e-03 4.368023872254522821e-01 0 0 0 1
1.520621200635263681e+09 -3.274538968450658727e-01 2.482251391211831582e-03 4.355089529885469712e-01 0 0 0 1
1.520621200643596411e+09 -3.288424772009109764e-01 1.151706098685423285e-03 4.344777042005747436e-01 0 0 0 1
1.520621200651929379e+09 -3.302128368546130011e-01 7.472724412413978001e-04 4.331246342989081288e-01 0 0 0 1
1.520621200660262585e+09 -3.319433532492176431e-01 1.698867545633087062e-04 4.316753208797070585e-01 0 0 0 1
1.520621200668596506e+09 -3.333807009708239510e-01 -6.053905612726229180e-04 4.303979565028588361e-01 0 0 0 1
1.520621200676929712e+09 -3.350319567580891666e-01 -1.218154618743971795e-03 4.288864261218900964e-01 0 0 0 1
1.520621200685263395e+09 -3.366828121621772696e-01 -1.904816005693144021e-03 4.274784502591228996e-01 0 0 0 1
1.520621200693596601e+09 -3.381866163691826799e-01 -2.410375624465888045e-03 4.261480352330602184e-01 0 0 0 1
1.520621200701929569e+09 -3.398786652407396192e-01 -3.139180867306468059e-03 4.245733837966230162e-01 0 0 0 1
1.520621200710263491e+09 -3.416200394005020624e-01 -3.671602386700500986e-03 4.230172509778209466e-01 0 0 0 1
1.520621200718596458e+09 -3.432224340403314811e-01 -4.281558151096542808e-03 4.215874406611321845e-01 0 0 0 1
1.520621200726929426e+09 -3.448504587216077999e-01 -4.852680595998193347e-03 4.199930015946633510e-01 0 0 0 1
1.520621200735262632e+09 -3.464423387738657656e-01 -5.300825845727441532e-03 4.184803376695902521e-01 0 0 0 1
1.520621200743596315e+09 -3.481278167751258867e-01 -5.748540999973572596e-03 4.168618623213726782e-01 0 0 0 1
1.520621200751929522e+09 -3.499115899836828802e-01 -6.214349618536507691e-03 4.151525212896625128e-01 0 0 0 1
1.520621200760263443e+09 -3.515970098565158186e-01 -6.509376796849264402e-03 4.136122923863148060e-01 0 0 0 1
1.520621200768596649e+09 -3.534504243309648519e-01 -6.843489939894475960e-03 4.118648365454182780e-01 0 0 0 1
1.520621200776929617e+09 -3.550080753281320001e-01 -7.240290328271115072e-03 4.102180988844337239e-01 0 0 0 1
1.520621200785262346e+09 -3.567391530727875848e-01 -7.549749140569828043e-03 4.084269382986753794e-01 0 0 0 1
1.520621200793596506e+09 -3.587039088970107037e-01 -7.775671180402787819e-03 4.067598772982179423e-01 0 0 0 1
1.520621200801929474e+09 -3.605420909235613758e-01 -8.248991655764537079e-03 4.050192521066424689e-01 0 0 0 1
1.520621200810263395e+09 -3.623389277800080355e-01 -8.601871739146282891e-03 4.031673171664444943e-01 0 0 0 1
1.520621200818596363e+09 -3.642747433015711689e-01 -8.889667309778470639e-03 4.012583743057380747e-01 0 0 0 1
1.520621200826929569e+09 -3.660110324068198140e-01 -9.243061572947519622e-03 3.994754930429713635e-01 0 0 0 1
1.520621200835263491e+09 -3.678316692938830013e-01 -9.536698224569928328e-03 3.977155088479495948e-01 0 0 0 1
1.520621200843596458e+09 -3.697639043820118987e-01 -9.826044251665000395e-03 3.958729196121304472e-01 0 0 0 1
1.520621200851929426e+09 -3.717786586673701987e-01 -1.007613875323698505e-02 3.939297023321668423e-01 0 0 0 1
1.520621200860262394e+09 -3.738622874130940188e-01 -1.030808946657968406e-02 3.918551753010746097e-01 0 0 0 1
1.520621200868596554e+09 -3.757462049702061657e-01 -1.054564900833254715e-02 3.900331568205623878e-01 0 0 0 1
1.520621200876929522e+09 -3.777624002241666279e-01 -1.085281415805383620e-02 3.879511166709206371e-01 0 0 0 1
1.520621200885263443e+09 -3.798025865987610383e-01 -1.118218893518685420e-02 3.859154498222587826e-01 0 0 0 1
1.520621200893596411e+09 -3.818743872944377893e-01 -1.165722843307870349e-02 3.840476226985880537e-01 0 0 0 1
1.520621200901929617e+09 -3.841473358048764775e-01 -1.188495261934985336e-02 3.819028620000333163e-01 0 0 0 1
1.520621200910262585e+09 -3.862336987529876309e-01 -1.210468797555686038e-02 3.798143321345495149e-01 0 0 0 1
1.520621200918596506e+09 -3.885441172499713991e-01 -1.241754853173626660e-02 3.777593367959788395e-01 0 0 0 1
1.520621200926929474e+09 -3.907524191386761991e-01 -1.277556071080399036e-02 3.758950991686429433e-01 0 0 0 1
1.520621200935263634e+09 -3.929568625448484065e-01 -1.313268565338365779e-02 3.737984262140636726e-01 0 0 0 1
1.520621200943596363e+09 -3.955923129438048136e-01 -1.365306063748439325e-02 3.717172649659961081e-01 0 0 0 1
1.520621200951929331e+09 -3.977382642939051305e-01 -1.357805827009805899e-02 3.695419899607264025e-01 0 0 0 1
1.520621200960263491e+09 -4.000578633175858601e-01 -1.358750750726789303e-02 3.675442049734263250e-01 0 0 0 1
1.520621200968596458e+09 -4.025394325838819731e-01 -1.373357794298024626e-02 3.652361968926707281e-01 0 0 0 1
1.520621200976929665e+09 -4.052333432708129513e-01 -1.400598447964174209e-02 3.631927616237247136e-01 0 0 0 1
1.520621200985262394e+09 -4.079324196817863402e-01 -1.394174422039984318e-02 3.608935871871570278e-01 0 0 0 1
1.520621200993596554e+09 -4.107828927877983372e-01 -1.404502558042930449e-02 3.583760963545161715e-01 0 0 0 1
1.520621201001929522e+09 -4.134974449714067246e-01 -1.390740867010287207e-02 3.560497317395991956e-01 0 0 0 1
1.520621201010263443e+09 -4.162948446265180014e-01 -1.384280220902189829e-02 3.534490723348158170e-01 0 0 0 1
1.520621201018596411e+09 -4.193522169941494848e-01 -1.377827111870710830e-02 3.509315770905026000e-01 0 0 0 1
1.520621201026929617e+09 -4.223117182948432635e-01 -1.364832578914054739e-02 3.480967670487082888e-01 0 0 0 1
1.520621201035262585e+09 -4.253977640359786760e-01 -1.342175141157719853e-02 3.454927638507101495e-01 0 0 0 1
1.520621201043596268e+09 -4.284048328161094155e-01 -1.331168414994177152e-02 3.427832503653209795e-01 0 0 0 1
1.520621201051929474e+09 -4.316293415575714332e-01 -1.314949765571271634e-02 3.399579617153982714e-01 0 0 0 1
1.520621201060263634e+09 -4.348776812637061839e-01 -1.287899643091594548e-02 3.370423281380432456e-01 0 0 0 1
1.520621201068596601e+09 -4.383200733695776785e-01 -1.258747631940304590e-02 3.341588092769276486e-01 0 0 0 1
1.520621201076929569e+09 -4.417478617323511436e-01 -1.246218146276656391e-02 3.311743532967490466e-01 0 0 0 1
1.520621201085263491e+09 -4.453340756718217053e-01 -1.230494585686636722e-02 3.281304305152739076e-01 0 0 0 1
1.520621201093596458e+09 -4.491196066308363877e-01 -1.221573409030340951e-02 3.249747927858397389e-01 0 0 0 1
1.520621201101929665e+09 -4.527399272448174861e-01 -1.181580447165553327e-02 3.217607311355619171e-01 0 0 0 1
1.520621201110262632e+09 -4.565226537359133308e-01 -1.159287178756507330e-02 3.184913501517621093e-01 0 0 0 1
1.520621201118596554e+09 -4.604593581559875415e-01 -1.163329312546546035e-02 3.152342976305926303e-01 0 0 0 1
1.520621201126929522e+09 -4.645513096308262480e-01 -1.133242721416027887e-02 3.117884756694042636e-01 0 0 0 1
1.520621201135263681e+09 -4.686523244527970311e-01 -1.101500114254228002e-02 3.084720234717790444e-01 0 0 0 1
1.520621201143596411e+09 -4.725550231675587631e-01 -1.110620993074507012e-02 3.051967254890741721e-01 0 0 0 1
1.520621201151929379e+09 -4.769001907658484973e-01 -1.082649257003265308e-02 3.016712871190629919e-01 0 0 0 1
1.520621201160262585e+09 -4.812555428656223322e-01 -1.075685249902058604e-02 2.981895914970469352e-01 0 0 0 1
1.520621201168596506e+09 -4.856170053199764247e-01 -1.044674296636927124e-02 2.947785668011257965e-01 0 0 0 1
1.520621201176929712e+09 -4.902568197992659971e-01 -1.023455388547378497e-02 2.911986479565054076e-01 0 0 0 1
1.520621201185263395e+09 -4.948956526304687520e-01 -1.019706732846759056e-02 2.877157956788494175e-01 0 0 0 1
1.520621201193596601e+09 -4.995025086157388050e-01 -1.001463661568280372e-02 2.842589134493580527e-01 0 0 0 1
1.520621201201929569e+09 -5.042490633707150671e-01 -9.802696819040890297e-03 2.807869245492771171e-01 0 0 0 1
1.520621201210263491e+09 -5.088912224408196350e-01 -9.736163360384075816e-03 2.774472217355461456e-01 0 0 0 1
1.520621201218596458e+09 -5.139324481038222148e-01 -9.603048749188158872e-03 2.739614003907540063e-01 0 0 0 1
1.520621201226929426e+09 -5.191911839848664112e-01 -9.398251083454156607e-03 2.703815972670386980e-01 0 0 0 1
1.520621201235262632e+09 -5.241991045503905378e-01 -9.509926942015800577e-03 2.670006171238836767e-01 0 0 0 1
1.520621201243596315e+09 -5.291524475514892689e-01 -9.293798817146980973e-03 2.637381824604760894e-01 0 0 0 1
1.520621201251929522e+09 -5.344792911587242790e-01 -9.222090954147277309e-03 2.603716350214038133e-01 0 0 0 1
1.520621201260263443e+09 -5.398817027399565038e-01 -9.164649169359551095e-03 2.572087139639782638e-01 0 0 0 1
1.520621201268596649e+09 -5.454113107779210434e-01 -9.063743383884492744e-03 2.539125290811661273e-01 0 0 0 1
1.520621201276929617e+09 -5.507574921042039939e-01 -9.116597296799811012e-03 2.508421938326388378e-01 0 0 0 1
1.520621201285262346e+09 -5.564033008406675807e-01 -9.177959001878233103e-03 2.477687267233785740e-01 0 0 0 1
1.520621201293596506e+09 -5.621078664936112190e-01 -9.111277647886772968e-03 2.447687607144442001e-01 0 0 0 1
1.520621201301929474e+09 -5.678923762356663518e-01 -9.034234385735251394e-03 2.418589377104802818e-01 0 0 0 1
1.520621201310263395e+09 -5.737828982521522292e-01 -9.255807717885589092e-03 2.389685651564537050e-01 0 0 0 1
1.520621201318596363e+09 -5.792426877001706220e-01 -9.241500007138414574e-03 2.360646881418080323e-01 0 0 0 1
1.520621201326929569e+09 -5.857531143567413778e-01 -9.657728054401681916e-03 2.333798339810091438e-01 0 0 0 1
1.520621201335263491e+09 -5.918135439374727635e-01 -9.896002756705435388e-03 2.307030380495185273e-01 0 0 0 1
1.520621201343596458e+09 -5.977683295576270428e-01 -1.042004625763481851e-02 2.280789302189980550e-01 0 0 0 1
1.520621201351929426e+09 -6.040429545014038837e-01 -1.035357857817653660e-02 2.251544028426348820e-01 0 0 0 1
1.520621201360262394e+09 -6.104128411018585609e-01 -1.100165283182918952e-02 2.226805358771055676e-01 0 0 0 1
1.520621201368596554e+09 -6.169111027158740157e-01 -1.139093668946244975e-02 2.200782300844768002e-01 0 0 0 1
1.520621201376929522e+09 -6.232093855834015539e-01 -1.159066547755827070e-02 2.173299061110134378e-01 0 0 0 1
1.520621201385263443e+09 -6.295380412975710716e-01 -1.230872569289076512e-02 2.149164993768386545e-01 0 0 0 1
1.520621201393596411e+09 -6.361105772901455291e-01 -1.273310504568581081e-02 2.124267521528659941e-01 0 0 0 1
1.520621201401929617e+09 -6.425660420569839770e-01 -1.350580148346647302e-02 2.099854485185532749e-01 0 0 0 1
1.520621201410262585e+09 -6.488666614460305571e-01 -1.406228590008307133e-02 2.075452813989167034e-01 0 0 0 1
1.520621201418596506e+09 -6.554946970514139437e-01 -1.484251268308456329e-02 2.052716873369477835e-01 0 0 0 1
1.520621201426929474e+09 -6.622722689277108499e-01 -1.521465606552352412e-02 2.028350517411272591e-01 0 0 0 1
1.520621201435263634e+09 -6.689341757561865220e-01 -1.576440323103101004e-02 2.005148634188647083e-01 0 0 0 1
1.520621201443596363e+09 -6.753971294353410260e-01 -1.662918794923939902e-02 1.983868619967366076e-01 0 0 0 1
1.520621201451929331e+09 -6.817984567460599887e-01 -1.722445733219246655e-02 1.961531497253787837e-01 0 0 0 1
1.520621201460263491e+09 -6.883342358210998713e-01 -1.769936053148113420e-02 1.940314647428011963e-01 0 0 0 1
1.520621201468596458e+09 -6.949082751263672142e-01 -1.846862516133240817e-02 1.920324611434376383e-01 0 0 0 1
1.520621201476929665e+09 -7.013869252215576555e-01 -1.907978115637898320e-02 1.899811679037086698e-01 0 0 0 1
1.520621201485262394e+09 -7.079793032637353711e-01 -1.962043746969599489e-02 1.880145724193609258e-01 0 0 0 1
1.520621201493596554e+09 -7.147023764353056530e-01 -2.035141972719733960e-02 1.861528182897862482e-01 0 0 0 1
1.520621201501929522e+09 -7.211244005091101972e-01 -2.096820466129356575e-02 1.843039449049990175e-01 0 0 0 1
1.520621201510263443e+09 -7.274593413566914357e-01 -2.179540242583188903e-02 1.826011334789323648e-01 0 0 0 1
1.520621201518596411e+09 -7.339230092616233492e-01 -2.222736453989604399e-02 1.808777541702519809e-01 0 0 0 1
1.520621201526929617e+09 -7.404683952746515807e-01 -2.285709087795306793e-02 1.791708333075106019e-01 0 0 0 1
1.520621201535262585e+09 -7.469125249264272348e-01 -2.356911533408989623e-02 1.774824738742124541e-01 0 0 0 1
1.520621201543596268e+09 -7.532775634468824588e-01 -2.435670534842027113e-02 1.758667937275191218e-01 0 0 0 1
1.520621201551929474e+09 -7.593577134577345067e-01 -2.495633998834578815e-02 1.742623782142374012e-01 0 0 0 1
1.520621201560263634e+09 -7.658696285539847715e-01 -2.601826997218936732e-02 1.730379611121937167e-01 0 0 0 1
1.520621201568596601e+09 -7.719949262160553660e-01 -2.647250948945800708e-02 1.715599879680311801e-01 0 0 0 1
1.520621201576929569e+09 -7.783480456958447036e-01 -2.758069522116213257e-02 1.705617268124433039e-01 0 0 0 1
1.520621201585263491e+09 -7.845745485733548463e-01 -2.844856509885540508e-02 1.693536063775300526e-01 0 0 0 1
1.520621201593596458e+09 -7.906979463474750336e-01 -2.924956661308653061e-02 1.682257334818568761e-01 0 0 0 1
1.520621201601929665e+09 -7.967839242419988421e-01 -3.013960571025264823e-02 1.671196512184240923e-01 0 0 0 1
1.520621201610262632e+09 -8.027694138873691099e-01 -3.085493265855709932e-02 1.659266714485756467e-01 0 0 0 1
1.520621201618596554e+09 -8.090141837146189729e-01 -3.197993841949708926e-02 1.649741355503446805e-01 0 0 0 1
1.520621201626929522e+09 -8.148210282400347726e-01 -3.284863783885116906e-02 1.638708131674042612e-01 0 0 0 1
1.520621201635263681e+09 -8.209820718216561675e-01 -3.381984531335724409e-02 1.629113256328778014e-01 0 0 0 1
1.520621201643596411e+09 -8.268503658997088390e-01 -3.491177769397402209e-02 1.618753288627259312e-01 0 0 0 1
1.520621201651929379e+09 -8.329067436681403258e-01 -3.590873428388052790e-02 1.607450382965034397e-01 0 0 0 1
1.520621201660262585e+09 -8.388174090879654266e-01 -3.710395385831377624e-02 1.598360575290815877e-01 0 0 0 1
1.520621201668596506e+09 -8.447635499362826650e-01 -3.843207051930974671e-02 1.588613462280055177e-01 0 0 0 1
1.520621201676929712e+09 -8.507964694060971000e-01 -3.961629803548294415e-02 1.577578061770590345e-01 0 0 0 1
1.520621201685263395e+09 -8.568509335576620645e-01 -4.114342258661018992e-02 1.569633366949509945e-01 0 0 0 1
1.520621201693596601e+09 -8.625736405116020133e-01 -4.250377563895080257e-02 1.559007114267283445e-01 0 0 0 1
1.520621201701929569e+09 -8.684915014539822398e-01 -4.383584122152461848e-02 1.548458333927464903e-01 0 0 0 1
1.520621201710263491e+09 -8.743973859232258006e-01 -4.518970111998099615e-02 1.538587061481928586e-01 0 0 0 1
1.520621201718596458e+09 -8.802469486119322006e-01 -4.666751303231764236e-02 1.528408450428151433e-01 0 0 0 1
1.520621201726929426e+09 -8.860840928539597261e-01 -4.817831070359901435e-02 1.518978274399898076e-01 0 0 0 1
1.520621201735262632e+09 -8.921560431019059934e-01 -4.978931869711489266e-02 1.509425309712069119e-01 0 0 0 1
1.520621201743596315e+09 -8.978909298445831855e-01 -5.114992534775353317e-02 1.496735604739631853e-01 0 0 0 1
1.520621201751929522e+09 -9.038938857034379826e-01 -5.277707655634256145e-02 1.487017667286614220e-01 0 0 0 1
1.520621201760263443e+09 -9.096115159765513214e-01 -5.421030657789260854e-02 1.476117041438234079e-01 0 0 0 1
1.520621201768596649e+09 -9.157628092434086930e-01 -5.591845340724466151e-02 1.464866080830045103e-01 0 0 0 1
1.520621201776929617e+09 -9.214153758056673471e-01 -5.805158014244571341e-02 1.452176235512667724e-01 0 0 0 1
1.520621201785262346e+09 -9.274981033780659301e-01 -5.935003790166037962e-02 1.439198497921210240e-01 0 0 0 1
1.520621201793596506e+09 -9.331207124665014119e-01 -6.099511937001833584e-02 1.425442344990106580e-01 0 0 0 1
1.520621201801929474e+09 -9.389009313120749711e-01 -6.256058351877302748e-02 1.412951399599564617e-01 0 0 0 1
1.520621201810263395e+09 -9.448989493608603851e-01 -6.416690420019832697e-02 1.398075918886556579e-01 0 0 0 1
1.520621201818596363e+09 -9.508576641752002345e-01 -6.597878696260295328e-02 1.382740555347912181e-01 0 0 0 1
1.520621201826929569e+09 -9.567913491863831998e-01 -6.776462722534748462e-02 1.367133569191740783e-01 0 0 0 1
1.520621201835263491e+09 -9.627301884455375935e-01 -6.942310380114524726e-02 1.349139514771937609e-01 0 0 0 1
1.520621201843596458e+09 -9.687453593309476307e-01 -7.123343007405769090e-02 1.331789725609049402e-01 0 0 0 1
1.520621201851929426e+09 -9.750316860971853794e-01 -7.295184046812763778e-02 1.314966630936935665e-01 0 0 0 1
1.520621201860262394e+09 -9.806567645574475467e-01 -7.449489528095576407e-02 1.293499453815536437e-01 0 0 0 1
1.520621201868596554e+09 -9.865737052497033366e-01 -7.612841170414264003e-02 1.274401923674373105e-01 0 0 0 1
1.520621201876929522e+09 -9.926628757839869310e-01 -7.806476921757554699e-02 1.255311403139927062e-01 0 0 0 1
1.520621201885263443e+09 -9.985497461734054170e-01 -7.990910501309589353e-02 1.230548560732775965e-01 0 0 0 1
1.520621201893596411e+09 -1.004767088526785201e+00 -8.197954251087047339e-02 1.209606653658084063e-01 0 0 0 1
1.520621201901929617e+09 -1.010860900789384065e+00 -8.377477067931005106e-02 1.186242196073870048e-01 0 0 0 1
1.520621201910262585e+09 -1.016884543576692002e+00 -8.541161020029020001e-02 1.159760264924782902e-01 0 0 0 1
1.520621201918596506e+09 -1.023083124812082634e+00 -8.751051624397088169e-02 1.132352460411889528e-01 0 0 0 1
1.520621201926929474e+09 -1.029633457077783643e+00 -8.961160356426556284e-02 1.106759395402032720e-01 0 0 0 1
1.520621201935263634e+09 -1.035879719416236577e+00 -9.172435350114405139e-02 1.077479966238923392e-01 0 0 0 1
1.520621201943596363e+09 -1.042008271918202222e+00 -9.330667218348320802e-02 1.044511735992783574e-01 0 0 0 1
1.520621201951929331e+09 -1.048352380665759309e+00 -9.533181076491736849e-02 1.012918620757325971e-01 0 0 0 1
1.520621201960263491e+09 -1.054755569066382126e+00 -9.744617131149024836e-02 9.812373048064970682e-02 0 0 0 1
1.520621201968596458e+09 -1.061249278217619718e+00 -9.977025668436390049e-02 9.488569237956201441e-02 0 0 0 1
1.520621201976929665e+09 -1.067778764173535677e+00 -1.019228498897943869e-01 9.139888364617654304e-02 0 0 0 1
1.520621201985262394e+09 -1.074228043913565411e+00 -1.043065538133091108e-01 8.799497983060677875e-02 0 0 0 1
1.520621201993596554e+09 -1.080838624121739588e+00 -1.066446470270178137e-01 8.459433344316047432e-02 0 0 0 1
1.520621202001929522e+09 -1.087511446511773894e+00 -1.091267018730133209e-01 8.115253847365555551e-02 0 0 0 1
1.520621202010263443e+09 -1.093893670406692387e+00 -1.116673601283012518e-01 7.771647828408645431e-02 0 0 0 1
1.520621202018596411e+09 -1.100599438665127439e+00 -1.142507109897195061e-01 7.424838397000255164e-02 0 0 0 1
1.520621202026929617e+09 -1.107055212459459703e+00 -1.167422371677321324e-01 7.077577608047302959e-02 0 0 0 1
1.520621202035262585e+09 -1.113867971474857388e+00 -1.194151175990885161e-01 6.743077624578286411e-02 0 0 0 1
1.520621202043596268e+09 -1.120236022345113547e+00 -1.220449054412537926e-01 6.396359557267539131e-02 0 0 0 1
1.520621202051929474e+09 -1.126968802098575750e+00 -1.246927977953132816e-01 6.051335654955902754e-02 0 0 0 1
1.520621202060263634e+09 -1.133410660620626453e+00 -1.273816818989628175e-01 5.710219928508908360e-02 0 0 0 1
1.520621202068596601e+09 -1.140010645192709671e+00 -1.300723517453323819e-01 5.384565226412951766e-02 0 0 0 1
1.520621202076929569e+09 -1.146708549753985951e+00 -1.329819152251481285e-01 5.058983651119985936e-02 0 0 0 1
1.520621202085263491e+09 -1.153447699820192129e+00 -1.357359327202327659e-01 4.729932485599075420e-02 0 0 0 1
1.520621202093596458e+09 -1.160131230371354683e+00 -1.387203656750798375e-01 4.409068541630989380e-02 0 0 0 1
1.520621202101929665e+09 -1.166943782383345507e+00 -1.418796562114010840e-01 4.101805329198882077e-02 0 0 0 1
1.520621202110262632e+09 -1.173821739123034114e+00 -1.446805684305315642e-01 3.805451315623153974e-02 0 0 0 1
1.520621202118596554e+09 -1.180818948358229203e+00 -1.476772382514381921e-01 3.507843328840631880e-02 0 0 0 1
1.520621202126929522e+09 -1.187783411028274561e+00 -1.508921004242695929e-01 3.217269612159889824e-02 0 0 0 1
1.520621202135263681e+09 -1.194703421254523779e+00 -1.540319452002799627e-01 2.941837834157801090e-02 0 0 0 1
1.520621202143596411e+09 -1.201524177692578021e+00 -1.573648703992296394e-01 2.674729110898177442e-02 0 0 0 1
1.520621202151929379e+09 -1.208462912012723045e+00 -1.604773865466598837e-01 2.423051290694866466e-02 0 0 0 1
1.520621202160262585e+09 -1.215285876650231245e+00 -1.639096742985733934e-01 2.177114404741553599e-02 0 0 0 1
1.520621202168596506e+09 -1.222124392607278676e+00 -1.673733658127010138e-01 1.952108347510916886e-02 0 0 0 1
1.520621202176929712e+09 -1.228991057257829755e+00 -1.705710802795044057e-01 1.731062029942598279e-02 0 0 0 1
1.520621202185263395e+09 -1.235899638750793894e+00 -1.739925713333954072e-01 1.522304026281284806e-02 0 0 0 1
1.520621202193596601e+09 -1.242839355880160923e+00 -1.773754636349883507e-01 1.321716791675209279e-02 0 0 0 1
1.520621202201929569e+09 -1.249705122801127777e+00 -1.811370565715648695e-01 1.147808115122650463e-02 0 0 0 1
1.520621202210263491e+09 -1.256717430226790722e+00 -1.846181345530406581e-01 9.790815967700594591e-03 0 0 0 1
1.520621202218596458e+09 -1.263627929356938129e+00 -1.882936411607831761e-01 8.316830783248074788e-03 0 0 0 1
1.520621202226929426e+09 -1.270606344602348781e+00 -1.919708782722563400e-01 6.945876638987824592e-03 0 0 0 1
1.520621202235262632e+09 -1.277647360227333273e+00 -1.956053334184280068e-01 5.714915354933403080e-03 0 0 0 1
1.520621202243596315e+09 -1.284454546179950807e+00 -1.995909356812031188e-01 4.690411935405203181e-03 0 0 0 1
1.520621202251929522e+09 -1.291372937389267950e+00 -2.032463280763163738e-01 3.732633733415924304e-03 0 0 0 1
1.520621202260263443e+09 -1.298263059738355540e+00 -2.071628495575240647e-01 2.951243606619247117e-03 0 0 0 1
1.520621202268596649e+09 -1.304967896090034385e+00 -2.110538871158565977e-01 2.408500615356690133e-03 0 0 0 1
1.520621202276929617e+09 -1.311735521464739040e+00 -2.149428403143457400e-01 1.863529560713894639e-03 0 0 0 1
1.520621202285262346e+09 -1.318522486471698008e+00 -2.188349527991451104e-01 1.379782186283540213e-03 0 0 0 1
1.520621202293596506e+09 -1.325264774469873785e+00 -2.229552107185984733e-01 1.180919696639470828e-03 0 0 0 1
1.520621202301929474e+09 -1.331899907368549574e+00 -2.268903339401058261e-01 8.506700185787474666e-04 0 0 0 1
1.520621202310263395e+09 -1.338572618209365572e+00 -2.307768469942826917e-01 6.837793131624358978e-04 0 0 0 1
1.520621202318596363e+09 -1.345165996712544665e+00 -2.347411938080206095e-01 6.363243215035119249e-04 0 0 0 1
1.520621202326929569e+09 -1.351806297081312724e+00 -2.388033387460547496e-01 5.626306415734694255e-04 0 0 0 1
1.520621202335263491e+09 -1.358428557410629400e+00 -2.428305693512819996e-01 5.315019388100195030e-04 0 0 0 1
1.520621202343596458e+09 -1.365052976237540738e+00 -2.468140385158807959e-01 4.046165002957735624e-04 0 0 0 1
1.520621202351929426e+09 -1.371654647340881716e+00 -2.508204909123469273e-01 2.973896915902107807e-04 0 0 0 1
1.520621202360262394e+09 -1.378330484362156438e+00 -2.549124351532386923e-01 3.517753327768602389e-04 0 0 0 1
1.520621202368596554e+09 -1.384917630333122762e+00 -2.588818852121664849e-01 9.353030258274497299e-05 0 0 0 1
1.520621202376929522e+09 -1.391419269410961057e+00 -2.628664947725164458e-01 -3.269801579242059830e-05 0 0 0 1
1.520621202385263443e+09 -1.397990995335131714e+00 -2.669304464601733873e-01 -2.951513406790340355e-04 0 0 0 1
1.520621202393596411e+09 -1.404484811267353361e+00 -2.708791694689266505e-01 -4.868635079270378085e-04 0 0 0 1
1.520621202401929617e+09 -1.410939007712760818e+00 -2.747874990407407347e-01 -8.425070721431726639e-04 0 0 0 1
1.520621202410262585e+09 -1.417405218082742335e+00 -2.785221133129670568e-01 -1.270086506281686844e-03 0 0 0 1
1.520621202418596506e+09 -1.423699814636818051e+00 -2.824392440805530979e-01 -1.658260530970401270e-03 0 0 0 1
1.520621202426929474e+09 -1.430112717637869846e+00 -2.864412248847889586e-01 -2.130061032646901609e-03 0 0 0 1
1.520621202435263634e+09 -1.436418523194507690e+00 -2.905895609304994798e-01 -2.611584920183096514e-03 0 0 0 1
1.520621202443596363e+09 -1.442718450033187327e+00 -2.944256371296276598e-01 -3.230625516732477109e-03 0 0 0 1
1.520621202451929331e+09 -1.448863545305084877e+00 -2.985033040309827967e-01 -3.899169870345109423e-03 0 0 0 1
1.520621202460263491e+09 -1.455176731753573982e+00 -3.024440379582021832e-01 -4.593214630625119810e-03 0 0 0 1
1.520621202468596458e+09 -1.461267160627807371e+00 -3.062483953350590982e-01 -5.496072757654624219e-03 0 0 0 1
1.520621202476929665e+09 -1.467397222511423349e+00 -3.104706764729937563e-01 -6.257347449673877904e-03 0 0 0 1
1.520621202485262394e+09 -1.473426225742827889e+00 -3.145140819017938627e-01 -7.297708270876612779e-03 0 0 0 1
1.520621202493596554e+09 -1.479522049527534744e+00 -3.186290600662595729e-01 -8.308527902708529034e-03 0 0 0 1
1.520621202501929522e+09 -1.485551575472481289e+00 -3.226646187063141324e-01 -9.581400718399746275e-03 0 0 0 1
1.520621202510263443e+09 -1.491693601861217466e+00 -3.267825326177143941e-01 -1.095651277249254374e-02 0 0 0 1
1.520621202518596411e+09 -1.497691141862686148e+00 -3.310974450240912192e-01 -1.240290661719001264e-02 0 0 0 1
1.520621202526929617e+09 -1.503718685554135792e+00 -3.353434124926967241e-01 -1.395606073661914692e-02 0 0 0 1
1.520621202535262585e+09 -1.509750340855623651e+00 -3.396066716228886007e-01 -1.574966733133353891e-02 0 0 0 1
1.520621202543596268e+09 -1.515696818893508713e+00 -3.437531047219201108e-01 -1.779652618905080974e-02 0 0 0 1
1.520621202551929474e+09 -1.521708990556858598e+00 -3.481381822319712382e-01 -1.979287138527274781e-02 0 0 0 1
1.520621202560263634e+09 -1.527763083282398515e+00 -3.525459204855155848e-01 -2.200614129970046573e-02 0 0 0 1
1.520621202568596601e+09 -1.533885618857922850e+00 -3.568158714919170693e-01 -2.437955889567133827e-02 0 0 0 1
1.520621202576929569e+09 -1.539912148768341371e+00 -3.612729210217627829e-01 -2.690900676776275535e-02 0 0 0 1
1.520621202585263491e+09 -1.545900912028090879e+00 -3.657003412135014786e-01 -2.946432630382489481e-02 0 0 0 1
1.520621202593596458e+09 -1.551880807339556689e+00 -3.702207170074430786e-01 -3.210037540285581859e-02 0 0 0 1
1.520621202601929665e+09 -1.557878624237278409e+00 -3.746486340260474224e-01 -3.488897127483392424e-02 0 0 0 1
1.520621202610262632e+09 -1.563901739083010334e+00 -3.791488048836156866e-01 -3.789977583257531091e-02 0 0 0 1
1.520621202618596554e+09 -1.569779202281566199e+00 -3.837571890520411477e-01 -4.073774100550542343e-02 0 0 0 1
1.520621202626929522e+09 -1.575686978902214541e+00 -3.883557994821223991e-01 -4.375718571416198355e-02 0 0 0 1
1.520621202635263681e+09 -1.581592512654883542e+00 -3.929213735038245003e-01 -4.684267156477162075e-02 0 0 0 1
1.520621202643596411e+09 -1.587506395038781104e+00 -3.975796833908306072e-01 -4.998269245255770876e-02 0 0 0 1
1.520621202651929379e+09 -1.593284908583998405e+00 -4.023959421693029670e-01 -5.316416464081585858e-02 0 0 0 1
1.520621202660262585e+09 -1.599144394986646400e+00 -4.070508844067567411e-01 -5.639262737408401449e-02 0 0 0 1
1.520621202668596506e+09 -1.604933409902487895e+00 -4.118387207680197504e-01 -5.971552242321909176e-02 0 0 0 1
1.520621202676929712e+09 -1.610773708876405585e+00 -4.166574573077642674e-01 -6.301164350602084241e-02 0 0 0 1
1.520621202685263395e+09 -1.616362155539921908e+00 -4.213762115216229676e-01 -6.646234057861755140e-02 0 0 0 1
1.520621202693596601e+09 -1.622063428851843181e+00 -4.263152109804128065e-01 -6.985901510603376163e-02 0 0 0 1
1.520621202701929569e+09 -1.627940897994845315e+00 -4.311292961035769755e-01 -7.315700493669297089e-02 0 0 0 1
1.520621202710263491e+09 -1.633730541730943564e+00 -4.362249188071777306e-01 -7.647822429098072305e-02 0 0 0 1
1.520621202718596458e+09 -1.639441805082609172e+00 -4.412560910565707095e-01 -7.971388137067059176e-02 0 0 0 1
1.520621202726929426e+09 -1.645037826533733760e+00 -4.464106292370605411e-01 -8.289085175442734155e-02 0 0 0 1
1.520621202735262632e+09 -1.650947132323364652e+00 -4.515730570812938049e-01 -8.600840156910127821e-02 0 0 0 1
1.520621202743596315e+09 -1.656687558968441998e+00 -4.568439544141792430e-01 -8.893679354654360214e-02 0 0 0 1
1.520621202751929522e+09 -1.662308602792240464e+00 -4.621163597137151191e-01 -9.193507141425594220e-02 0 0 0 1
1.520621202760263443e+09 -1.667922694632957281e+00 -4.673123903963493087e-01 -9.476028161512628500e-02 0 0 0 1
1.520621202768596649e+09 -1.673518347388914140e+00 -4.726512747562502392e-01 -9.729969588098452693e-02 0 0 0 1
1.520621202776929617e+09 -1.679157755896887760e+00 -4.781569350678319674e-01 -9.972180482320058825e-02 0 0 0 1
1.520621202785262346e+09 -1.684616249507706165e+00 -4.833609720302759483e-01 -1.022031400218976760e-01 0 0 0 1
1.520621202793596506e+09 -1.690180837872692354e+00 -4.889888382336412542e-01 -1.043911827127967928e-01 0 0 0 1
1.520621202801929474e+09 -1.695871089665873299e+00 -4.946313548796951176e-01 -1.064499471433816291e-01 0 0 0 1
1.520621202810263395e+09 -1.701393353163288324e+00 -5.002949958217589588e-01 -1.084252732041269818e-01 0 0 0 1
1.520621202818596363e+09 -1.706504040972397274e+00 -5.058737227337101183e-01 -1.104311172201435376e-01 0 0 0 1
1.520621202826929569e+09 -1.712272372833885559e+00 -5.120013357584004554e-01 -1.120410962938879207e-01 0 0 0 1
1.520621202835263491e+09 -1.717737470047421944e+00 -5.178820625683503431e-01 -1.138037979897293939e-01 0 0 0 1
1.520621202843596458e+09 -1.722993975392909327e+00 -5.239496400506516993e-01 -1.153174404253372032e-01 0 0 0 1
1.520621202851929426e+09 -1.728385554648821376e+00 -5.301316984695302326e-01 -1.167365291389400594e-01 0 0 0 1
1.520621202860262394e+09 -1.733963776990807393e+00 -5.363756636860234073e-01 -1.179598412063661561e-01 0 0 0 1
1.520621202868596554e+09 -1.739092505117046716e+00 -5.425554724305007293e-01 -1.193668494127807511e-01 0 0 0 1
1.520621202876929522e+09 -1.744492104078904759e+00 -5.488364899079000159e-01 -1.205292796518471210e-01 0 0 0 1
1.520621202885263443e+09 -1.749889031622801738e+00 -5.555623755887745263e-01 -1.212049591389532388e-01 0 0 0 1
1.520621202893596411e+09 -1.754741843428681669e+00 -5.616048419321871821e-01 -1.223578418742148344e-01 0 0 0 1
1.520621202901929617e+09 -1.759694370303426236e+00 -5.679803358284337689e-01 -1.233503349458593412e-01 0 0 0 1
1.520621202910262585e+09 -1.764664491881746677e+00 -5.743101761703847119e-01 -1.241689426555888653e-01 0 0 0 1
1.520621202918596506e+09 -1.769596299775487047e+00 -5.807117120714159197e-01 -1.248284572101628909e-01 0 0 0 1
1.520621202926929474e+09 -1.774299223410917836e+00 -5.871615331304119723e-01 -1.255886031324733310e-01 0 0 0 1
1.520621202935263634e+09 -1.779058517534561012e+00 -5.935950171178979717e-01 -1.262554255647780899e-01 0 0 0 1
1.520621202943596363e+09 -1.783694074685918896e+00 -6.000688247107418549e-01 -1.269931234921906071e-01 0 0 0 1
1.520621202951929331e+09 -1.788254223843527502e+00 -6.065949615404399031e-01 -1.277302497954421190e-01 0 0 0 1
1.520621202960263491e+09 -1.792659486468797692e+00 -6.131629327518376416e-01 -1.284452359281954559e-01 0 0 0 1
1.520621202968596458e+09 -1.797027531522176869e+00 -6.196845581369235800e-01 -1.293110489622947279e-01 0 0 0 1
1.520621202976929665e+09 -1.801374571073356190e+00 -6.263056039810582787e-01 -1.301049474096643843e-01 0 0 0 1
1.520621202985262394e+09 -1.805469131530250682e+00 -6.329076123261573317e-01 -1.310679280357621712e-01 0 0 0 1
1.520621202993596554e+09 -1.809681947748079001e+00 -6.397461045626059439e-01 -1.319179254665894252e-01 0 0 0 1
1.520621203001929522e+09 -1.813645313777366930e+00 -6.465262935802810196e-01 -1.329658563342513977e-01 0 0 0 1
1.520621203010263443e+09 -1.817681709009796087e+00 -6.532382625240996665e-01 -1.339969082971030900e-01 0 0 0 1
1.520621203018596411e+09 -1.821441211020842221e+00 -6.599617311343036752e-01 -1.351920372558297334e-01 0 0 0 1
1.520621203026929617e+09 -1.825484488270732619e+00 -6.668152358525142320e-01 -1.363570026069574892e-01 0 0 0 1
1.520621203035262585e+09 -1.829151896936966004e+00 -6.735916161081495490e-01 -1.376620519674102150e-01 0 0 0 1
1.520621203043596268e+09 -1.833089102651252134e+00 -6.803169416891486909e-01 -1.389165232449810494e-01 0 0 0 1
1.520621203051929474e+09 -1.836867698011066974e+00 -6.870755192570444647e-01 -1.404354912193787053e-01 0 0 0 1
1.520621203060263634e+09 -1.840623338078598348e+00 -6.938508542387401556e-01 -1.418181580075176251e-01 0 0 0 1
1.520621203068596601e+09 -1.844214682303593644e+00 -7.004939897672707305e-01 -1.434745801426832168e-01 0 0 0 1
1.520621203076929569e+09 -1.848076581989550160e+00 -7.071496093400161387e-01 -1.453412672177054610e-01 0 0 0 1
1.520621203085263491e+09 -1.851699249020008153e+00 -7.140357740912982587e-01 -1.469492921627648663e-01 0 0 0 1
1.520621203093596458e+09 -1.855433528894276485e+00 -7.207773380570144939e-01 -1.489632311644050189e-01 0 0 0 1
1.520621203101929665e+09 -1.859122046768583392e+00 -7.275109580889572714e-01 -1.511870171388619566e-01 0 0 0 1
1.520621203110262632e+09 -1.863071481070224689e+00 -7.345507714808751087e-01 -1.531280348929954238e-01 0 0 0 1
1.520621203118596554e+09 -1.866789011648030350e+00 -7.412045450284375780e-01 -1.555762322963605282e-01 0 0 0 1
1.520621203126929522e+09 -1.870395583474754986e+00 -7.479594862640980280e-01 -1.580383662684414769e-01 0 0 0 1
1.520621203135263681e+09 -1.874283221243774999e+00 -7.544374812183228807e-01 -1.605196856646829984e-01 0 0 0 1
1.520621203143596411e+09 -1.878219938875494766e+00 -7.611907565258316799e-01 -1.630880269805192739e-01 0 0 0 1
1.520621203151929379e+09 -1.881908189555475897e+00 -7.678838381615785691e-01 -1.658512245882873826e-01 0 0 0 1
1.520621203160262585e+09 -1.885787836942017126e+00 -7.745773187812919902e-01 -1.686875246855800148e-01 0 0 0 1
1.520621203168596506e+09 -1.889535191290548255e+00 -7.812951858898823376e-01 -1.715158358133170857e-01 0 0 0 1
1.520621203176929712e+09 -1.893463186129051401e+00 -7.881552644156842868e-01 -1.745675655933747183e-01 0 0 0 1
1.520621203185263395e+09 -1.897168245293844091e+00 -7.947366872834823459e-01 -1.777913909964526917e-01 0 0 0 1
1.520621203193596601e+09 -1.900959237329211238e+00 -8.014082145158477610e-01 -1.811867912743043707e-01 0 0 0 1
1.520621203201929569e+09 -1.904688867241123074e+00 -8.082509313313593902e-01 -1.844035327981692340e-01 0 0 0 1
1.520621203210263491e+09 -1.908264725345924173e+00 -8.150717149182790111e-01 -1.877701855719935420e-01 0 0 0 1
1.520621203218596458e+09 -1.911866483381653214e+00 -8.218571888513367396e-01 -1.912243692120570993e-01 0 0 0 1
1.520621203226929426e+09 -1.915850593603162455e+00 -8.285941984588637288e-01 -1.949332085984322172e-01 0 0 0 1
1.520621203235262632e+09 -1.919337941771413814e+00 -8.353526648431074397e-01 -1.985234635026094097e-01 0 0 0 1
1.520621203243596315e+09 -1.922910615455834193e+00 -8.421215744943925108e-01 -2.021006424386365685e-01 0 0 0 1
1.520621203251929522e+09 -1.926961769203854313e+00 -8.487336938428396982e-01 -2.058787128642697306e-01 0 0 0 1
1.520621203260263443e+09 -1.930672158740980304e+00 -8.556359840616237777e-01 -2.094983423832450509e-01 0 0 0 1
1.520621203268596649e+09 -1.934301563665505874e+00 -8.624814551785858763e-01 -2.131952540113032368e-01 0 0 0 1
1.520621203276929617e+09 -1.937823523200997045e+00 -8.692031045817286694e-01 -2.170204799119295203e-01 0 0 0 1
1.520621203285262346e+09 -1.941536423031493541e+00 -8.762117007522861600e-01 -2.205859842820365735e-01 0 0 0 1
1.520621203293596506e+09 -1.945618280167586533e+00 -8.831379365564685502e-01 -2.242465712544698953e-01 0 0 0 1
1.520621203301929474e+09 -1.949360581237643775e+00 -8.899032763577575667e-01 -2.281233407128435697e-01 0 0 0 1
1.520621203310263395e+09 -1.953049521945097844e+00 -8.968553262120367853e-01 -2.318071202783834606e-01 0 0 0 1
1.520621203318596363e+09 -1.956981951242214191e+00 -9.037444327611646733e-01 -2.356055828868043323e-01 0 0 0 1
1.520621203326929569e+09 -1.960954911966927838e+00 -9.107701865913714334e-01 -2.392922290199879232e-01 0 0 0 1
1.520621203335263491e+09 -1.965119216289005433e+00 -9.179591945712656242e-01 -2.427807706168886304e-01 0 0 0 1
1.520621203343596458e+09 -1.969193054782678587e+00 -9.250185962790068439e-01 -2.461959395445157961e-01 0 0 0 1
1.520621203351929426e+09 -1.972881041519511047e+00 -9.320350574307670888e-01 -2.496424983565522782e-01 0 0 0 1
1.520621203360262394e+09 -1.976674210667403120e+00 -9.391961729594159314e-01 -2.530702449796686793e-01 0 0 0 1
1.520621203368596554e+09 -1.980893263999108367e+00 -9.463768576356897944e-01 -2.562486312869752814e-01 0 0 0 1
1.520621203376929522e+09 -1.984638422678773217e+00 -9.537078140192160047e-01 -2.591907781286759693e-01 0 0 0 1
1.520621203385263443e+09 -1.988590589263607988e+00 -9.611014921997912408e-01 -2.623935463053336248e-01 0 0 0 1
1.520621203393596411e+09 -1.993279237601521814e+00 -9.680409142499176722e-01 -2.651234232365405896e-01 0 0 0 1
1.520621203401929617e+09 -1.996191925562933900e+00 -9.755461230428320585e-01 -2.682018468596778504e-01 0 0 0 1
1.520621203410262585e+09 -2.000172839391605617e+00 -9.830417002418000427e-01 -2.708335389120570813e-01 0 0 0 1
1.520621203418596506e+09 -2.003843313953061145e+00 -9.905444018012038443e-01 -2.735637304165353667e-01 0 0 0 1
1.520621203426929474e+09 -2.007871530327357323e+00 -9.982448596381506833e-01 -2.758300056793099309e-01 0 0 0 1
1.520621203435263634e+09 -2.011402236021089251e+00 -1.005932539670622017e+00 -2.782045759536991847e-01 0 0 0 1
1.520621203443596363e+09 -2.015822086451843465e+00 -1.013509115606784583e+00 -2.805279181838465918e-01 0 0 0 1
1.520621203451929331e+09 -2.019569968657177750e+00 -1.021312569318206798e+00 -2.828301634500247630e-01 0 0 0 1
1.520621203460263491e+09 -2.023108094925952116e+00 -1.029217567747123141e+00 -2.850244455020960466e-01 0 0 0 1
1.520621203468596458e+09 -2.028705680078791929e+00 -1.037224265964904912e+00 -2.862494352445044132e-01 0 0 0 1
1.520621203476929665e+09 -2.031130857893747255e+00 -1.045096131920077998e+00 -2.887506787772942118e-01 0 0 0 1
1.520621203485262394e+09 -2.035013474284117052e+00 -1.053035768808729511e+00 -2.903556832174912783e-01 0 0 0 1
1.520621203493596554e+09 -2.038877777373781619e+00 -1.060775881733018178e+00 -2.915340102605602501e-01 0 0 0 1
1.520621203501929522e+09 -2.043479804984194459e+00 -1.068982982696566442e+00 -2.925729914844209523e-01 0 0 0 1
1.520621203510263443e+09 -2.046902740954126276e+00 -1.076068197075194632e+00 -2.952869136637886749e-01 0 0 0 1
1.520621203518596411e+09 -2.051504304892802999e+00 -1.084399927943504149e+00 -2.966085882082255543e-01 0 0 0 1
1.520621203526929617e+09 -2.055515939828824301e+00 -1.091942756168444273e+00 -2.982522088538819283e-01 0 0 0 1
1.520621203535262585e+09 -2.060000831749329464e+00 -1.099685340196677963e+00 -2.995639916784461620e-01 0 0 0 1
1.520621203543596268e+09 -2.065684700889263592e+00 -1.107177661825454962e+00 -3.007641078673674029e-01 0 0 0 1
1.520621203551929474e+09 -2.068890643338503921e+00 -1.114492996514874878e+00 -3.017752973370894098e-01 0 0 0 1
1.520621203560263634e+09 -2.071932539005528540e+00 -1.122632400659889562e+00 -3.027465278573127083e-01 0 0 0 1
1.520621203568596601e+09 -2.076774371373435013e+00 -1.130371525347986683e+00 -3.045323734609620692e-01 0 0 0 1
1.520621203576929569e+09 -2.080415902252889193e+00 -1.137648550055719188e+00 -3.051644994439342007e-01 0 0 0 1
1.520621203585263491e+09 -2.083939661541744037e+00 -1.145623904555988393e+00 -3.060957347910016058e-01 0 0 0 1
1.520621203593596458e+09 -2.086460358574120821e+00 -1.153195727151029804e+00 -3.077790462230072244e-01 0 0 0 1
1.520621203601929665e+09 -2.090164436070953258e+00 -1.162530286328505191e+00 -3.064024864525279890e-01 0 0 0 1
1.520621203610262632e+09 -2.096682613021450425e+00 -1.167199829883702744e+00 -3.088000033282232160e-01 0 0 0 1
1.520621203618596554e+09 -2.098431361556874375e+00 -1.175338052098096941e+00 -3.109830652947911389e-01 0 0 0 1
1.520621203626929522e+09 -2.102788574167695490e+00 -1.182585066936820972e+00 -3.125737306169132923e-01 0 0 0 1
1.520621203635263681e+09 -2.106564073012573424e+00 -1.189931339333356597e+00 -3.144103693770028407e-01 0 0 0 1
1.520621203643596411e+09 -2.110243933848359177e+00 -1.197378291754892299e+00 -3.165028891466112881e-01 0 0 0 1
1.520621203651929379e+09 -2.113298655483677013e+00 -1.204533721331292107e+00 -3.177607298312085105e-01 0 0 0 1
1.520621203660262585e+09 -2.117032191340511904e+00 -1.211934408336943214e+00 -3.189379926232703832e-01 0 0 0 1
1.520621203668596506e+09 -2.120979789184767039e+00 -1.218598710592130541e+00 -3.194633316801065437e-01 0 0 0 1
1.520621203676929712e+09 -2.125004602453987257e+00 -1.225392179288574024e+00 -3.208946905920128101e-01 0 0 0 1
1.520621244626929522e+09 -2.187400019114765115e+00 -1.100639601388641253e+00 -2.850963917312184792e-01 0 0 0 1
1.520621244635263681e+09 -2.182931743682392955e+00 -1.092810209032522462e+00 -2.816516000974169653e-01 0 0 0 1
1.520621244643596411e+09 -2.178010426131763655e+00 -1.086612713226988269e+00 -2.810086753620298916e-01 0 0 0 1
1.520621244651929379e+09 -2.173255179335128684e+00 -1.079115140945713147e+00 -2.782318932551347546e-01 0 0 0 1
1.520621244660262585e+09 -2.168473103510027311e+00 -1.072366388034792895e+00 -2.759735394307248901e-01 0 0 0 1
1.520621244668596506e+09 -2.163710249550058862e+00 -1.065446026780882516e+00 -2.737443147807898658e-01 0 0 0 1
1.520621244676929712e+09 -2.158667027556849582e+00 -1.059007217190108374e+00 -2.732717332829223134e-01 0 0 0 1
1.520621244685263395e+09 -2.154211894281659934e+00 -1.051711148955614128e+00 -2.697195664339164800e-01 0 0 0 1
1.520621244693596601e+09 -2.149398018582769687e+00 -1.044500084232025117e+00 -2.679923227411376008e-01 0 0 0 1
1.520621244701929569e+09 -2.144562294180410777e+00 -1.037540375657009406e+00 -2.659747087191715043e-01 0 0 0 1
1.520621244710263491e+09 -2.139325182522632485e+00 -1.030540940935106953e+00 -2.647472428896558982e-01 0 0 0 1
1.520621244718596458e+09 -2.134755798153173068e+00 -1.023675894994675151e+00 -2.621804695398765039e-01 0 0 0 1
1.520621244726929426e+09 -2.132017334851949553e+00 -1.015791084704097180e+00 -2.580452578323356727e-01 0 0 0 1
1.520621244735262632e+09 -2.124932946052140004e+00 -1.008866454295197279e+00 -2.576405411389524058e-01 0 0 0 1
1.520621244743596315e+09 -2.120208742580198535e+00 -1.002961613667311180e+00 -2.580336203717723542e-01 0 0 0 1
1.520621244751929522e+09 -2.115290028823532786e+00 -9.958240865304249789e-01 -2.562585654576666760e-01 0 0 0 1
1.520621244760263443e+09 -2.109919176782927952e+00 -9.888226159781853264e-01 -2.542907693522697965e-01 0 0 0 1
1.520621244768596649e+09 -2.104169042371037079e+00 -9.806243112632396786e-01 -2.522422405871108664e-01 0 0 0 1
1.520621244776929617e+09 -2.099549933909008459e+00 -9.745247963783437717e-01 -2.504459262562959143e-01 0 0 0 1
1.520621244785262346e+09 -2.094144797472656361e+00 -9.676497468241956890e-01 -2.487046755932235120e-01 0 0 0 1
1.520621244793596506e+09 -2.088988347601979267e+00 -9.602125806088436244e-01 -2.471787624931507388e-01 0 0 0 1
1.520621244801929474e+09 -2.083725672986563193e+00 -9.532362183294077473e-01 -2.458813548616728406e-01 0 0 0 1
1.520621244810263395e+09 -2.077932613364606329e+00 -9.463805660306084944e-01 -2.447769545521863988e-01 0 0 0 1
1.520621244818596363e+09 -2.072738948568927597e+00 -9.394072179656002275e-01 -2.429534310417179599e-01 0 0 0 1
1.520621244826929569e+09 -2.067541460238149220e+00 -9.324033779932127119e-01 -2.408878872955985129e-01 0 0 0 1
1.520621244835263491e+09 -2.062065120830311127e+00 -9.250176376149771285e-01 -2.388959472322639277e-01 0 0 0 1
1.520621244843596458e+09 -2.056243799552527562e+00 -9.184705764267345751e-01 -2.375037252922027609e-01 0 0 0 1
1.520621244851929426e+09 -2.050545940090125807e+00 -9.121068450322779020e-01 -2.360814982457392075e-01 0 0 0 1
1.520621244860262394e+09 -2.045111535549500204e+00 -9.048116710365906590e-01 -2.331638223098374540e-01 0 0 0 1
1.520621244868596554e+09 -2.039266379137085750e+00 -8.981680175857346127e-01 -2.310598033520488981e-01 0 0 0 1
1.520621244876929522e+09 -2.033807641368943653e+00 -8.912839860121765101e-01 -2.295359561122098935e-01 0 0 0 1
1.520621244885263443e+09 -2.027588983338432183e+00 -8.842668989794387757e-01 -2.278293428073675519e-01 0 0 0 1
1.520621244893596411e+09 -2.021512629021180452e+00 -8.773591639654033658e-01 -2.253862313870180767e-01 0 0 0 1
1.520621244901929617e+09 -2.015490270131350403e+00 -8.708888257212000772e-01 -2.232969743197420476e-01 0 0 0 1
1.520621244910262585e+09 -2.009840559889929601e+00 -8.640194613600581386e-01 -2.207496726476823046e-01 0 0 0 1
1.520621244918596506e+09 -2.004498376403787141e+00 -8.572388080835199320e-01 -2.182116542931609171e-01 0 0 0 1
1.520621244926929474e+09 -1.998444770818310623e+00 -8.506230999216964905e-01 -2.160926395538023126e-01 0 0 0 1
1.520621244935263634e+09 -1.992187367108381402e+00 -8.442639331145204151e-01 -2.143538744991354550e-01 0 0 0 1
1.520621244943596363e+09 -1.986292558783235407e+00 -8.377635848126271378e-01 -2.117230875760081066e-01 0 0 0 1
1.520621244951929331e+09 -1.980775709937430129e+00 -8.316346739766723450e-01 -2.092441399434976645e-01 0 0 0 1
1.520621244960263491e+09 -1.974709108637371813e+00 -8.250212886462472417e-01 -2.061776136309236840e-01 0 0 0 1
1.520621244968596458e+09 -1.968083370633011420e+00 -8.190791827820861348e-01 -2.036785637942097882e-01 0 0 0 1
1.520621244976929665e+09 -1.962354446835577804e+00 -8.126216701138074816e-01 -2.007564888986863583e-01 0 0 0 1
1.520621244985262394e+09 -1.956513943761188479e+00 -8.063566144421724369e-01 -1.983636906484175233e-01 0 0 0 1
1.520621244993596554e+09 -1.950031163481946272e+00 -7.999435931971289326e-01 -1.953980623897261237e-01 0 0 0 1
1.520621245001929522e+09 -1.943855211852958842e+00 -7.937684714773703964e-01 -1.924293913401268208e-01 0 0 0 1
1.520621245010263443e+09 -1.937259734389565224e+00 -7.879469202673546890e-01 -1.893609304279549876e-01 0 0 0 1
1.520621245018596411e+09 -1.931524312950143152e+00 -7.818216046345537462e-01 -1.868895193156445700e-01 0 0 0 1
1.520621245026929617e+09 -1.925230056840237847e+00 -7.756187257700309923e-01 -1.834658127932216054e-01 0 0 0 1
1.520621245035262585e+09 -1.918706094414300622e+00 -7.697777411968494965e-01 -1.802972769529291863e-01 0 0 0 1
1.520621245043596268e+09 -1.912144607760832393e+00 -7.635752642685255109e-01 -1.771900611473051779e-01 0 0 0 1
1.520621245051929474e+09 -1.905949808725755368e+00 -7.574109579145703597e-01 -1.735550207192892991e-01 0 0 0 1
1.520621245060263634e+09 -1.897680422189329974e+00 -7.520171402747800604e-01 -1.709558092938536777e-01 0 0 0 1
1.520621245068596601e+09 -1.892794602264592729e+00 -7.457946530588169809e-01 -1.676906553171479963e-01 0 0 0 1
1.520621245076929569e+09 -1.886811736422995267e+00 -7.396900397985751718e-01 -1.648162332362905769e-01 0 0 0 1
1.520621245085263491e+09 -1.880565905247590930e+00 -7.339416157930273021e-01 -1.619720857719431084e-01 0 0 0 1
1.520621245093596458e+09 -1.874389792636013574e+00 -7.278276561307043258e-01 -1.586142063861324392e-01 0 0 0 1
1.520621245101929665e+09 -1.868133198410640627e+00 -7.224582246493437276e-01 -1.555859628161380126e-01 0 0 0 1
1.520621245110262632e+09 -1.861272901691620074e+00 -7.168199401868896592e-01 -1.528129680720591299e-01 0 0 0 1
1.520621245118596554e+09 -1.855122125855463100e+00 -7.111114579884264542e-01 -1.497892468633261753e-01 0 0 0 1
1.520621245126929522e+09 -1.849130974007329620e+00 -7.054364058315710784e-01 -1.466188887708272937e-01 0 0 0 1
1.520621245135263681e+09 -1.842484211141350858e+00 -6.997176092484386212e-01 -1.438982628315905732e-01 0 0 0 1
1.520621245143596411e+09 -1.835968593727578035e+00 -6.943383506953991757e-01 -1.410575793263849631e-01 0 0 0 1
1.520621245151929379e+09 -1.829838460894011032e+00 -6.884807655152299644e-01 -1.378918837165089561e-01 0 0 0 1
1.520621245160262585e+09 -1.824068823950812046e+00 -6.826180064355124033e-01 -1.352267730595477779e-01 0 0 0 1
1.520621245168596506e+09 -1.817296105739473422e+00 -6.773323046793536806e-01 -1.323749235579073646e-01 0 0 0 1
1.520621245176929712e+09 -1.810634367043135295e+00 -6.715738391886677539e-01 -1.292386340882537565e-01 0 0 0 1
1.520621245185263395e+09 -1.804248601021366305e+00 -6.660060226658647275e-01 -1.261691784229345137e-01 0 0 0 1
1.520621245193596601e+09 -1.797948576013523869e+00 -6.604301237581887696e-01 -1.238854959653679089e-01 0 0 0 1
1.520621245201929569e+09 -1.790842622750846935e+00 -6.550914831165063346e-01 -1.212569546873554227e-01 0 0 0 1
1.520621245210263491e+09 -1.784975726271326835e+00 -6.491417225812029512e-01 -1.189836303523954530e-01 0 0 0 1
1.520621245218596458e+09 -1.778550857381388628e+00 -6.437643435511729573e-01 -1.165024604682879383e-01 0 0 0 1
1.520621245226929426e+09 -1.771891963698601025e+00 -6.380135170331283634e-01 -1.141077164188488702e-01 0 0 0 1
1.520621245235262632e+09 -1.765414245014173655e+00 -6.322187923453453928e-01 -1.121132448434217777e-01 0 0 0 1
1.520621245243596315e+09 -1.758806718078863351e+00 -6.264068507382157813e-01 -1.095716401932280704e-01 0 0 0 1
1.520621245251929522e+09 -1.751905380154807457e+00 -6.207014741770168209e-01 -1.078707795221824917e-01 0 0 0 1
1.520621245260263443e+09 -1.745563738456730629e+00 -6.146143065138843786e-01 -1.054620527845879785e-01 0 0 0 1
1.520621245268596649e+09 -1.738791321078731578e+00 -6.088480649313458004e-01 -1.040972853644045459e-01 0 0 0 1
1.520621245276929617e+09 -1.732414185368963633e+00 -6.027423244693773663e-01 -1.020242451222488356e-01 0 0 0 1
1.520621245285262346e+09 -1.725802369939601011e+00 -5.966544629863225202e-01 -1.005228011617256278e-01 0 0 0 1
1.520621245293596506e+09 -1.719198096769491979e+00 -5.905301861290576104e-01 -9.926791566146342394e-02 0 0 0 1
1.520621245301929474e+09 -1.712604488863069374e+00 -5.844948314570520553e-01 -9.764352778299689728e-02 0 0 0 1
1.520621245310263395e+09 -1.706095122396076302e+00 -5.783317269422801887e-01 -9.615067255018350245e-02 0 0 0 1
1.520621245318596363e+09 -1.699372618671102231e+00 -5.720819020597976978e-01 -9.467574269608269866e-02 0 0 0 1
1.520621245326929569e+09 -1.692613739453630917e+00 -5.658808908847910990e-01 -9.377450426439160047e-02 0 0 0 1
1.520621245335263491e+09 -1.686014909606301515e+00 -5.596176527475930085e-01 -9.243608554477689143e-02 0 0 0 1
1.520621245343596458e+09 -1.679119469532489362e+00 -5.533061119565342301e-01 -9.090358529596420656e-02 0 0 0 1
1.520621245351929426e+09 -1.672813970325101707e+00 -5.473024820160484749e-01 -9.050589580101220388e-02 0 0 0 1
1.520621245360262394e+09 -1.666165980196865792e+00 -5.406372431546858648e-01 -8.903616469820962998e-02 0 0 0 1
1.520621245368596554e+09 -1.659625199747229551e+00 -5.340438318723602640e-01 -8.762409395992998284e-02 0 0 0 1
1.520621245376929522e+09 -1.652074988589120608e+00 -5.279984673760186320e-01 -8.699183957793021893e-02 0 0 0 1
1.520621245385263443e+09 -1.645068260421672868e+00 -5.213346169650697748e-01 -8.550013047034399349e-02 0 0 0 1
1.520621245393596411e+09 -1.638599964404956477e+00 -5.147255427679554574e-01 -8.460325811777158478e-02 0 0 0 1
1.520621245401929617e+09 -1.631541408970084372e+00 -5.081981532512861444e-01 -8.370366005253992991e-02 0 0 0 1
1.520621245410262585e+09 -1.624721253002010979e+00 -5.017078826438493566e-01 -8.264900070284031397e-02 0 0 0 1
1.520621245418596506e+09 -1.617729288959916634e+00 -4.951139051204372921e-01 -8.103868483986209625e-02 0 0 0 1
1.520621245426929474e+09 -1.610999649160115066e+00 -4.886860519758292609e-01 -8.016558764390280256e-02 0 0 0 1
1.520621245435263634e+09 -1.603511833248832286e+00 -4.824034723918574352e-01 -7.928548189250816947e-02 0 0 0 1
1.520621245443596363e+09 -1.596581118000618194e+00 -4.762107377110634809e-01 -7.830185959775803894e-02 0 0 0 1
1.520621245451929331e+09 -1.589461518138517437e+00 -4.693463793125319805e-01 -7.714646565073102202e-02 0 0 0 1
1.520621245460263491e+09 -1.582494054488755797e+00 -4.630391135497039512e-01 -7.579616514846421182e-02 0 0 0 1
1.520621245468596458e+09 -1.575263790576225453e+00 -4.565394970760087157e-01 -7.470912041459998321e-02 0 0 0 1
1.520621245476929665e+09 -1.568177971059133924e+00 -4.503340507132268522e-01 -7.351482809422960063e-02 0 0 0 1
1.520621245485262394e+09 -1.561307562290122686e+00 -4.441567949074419763e-01 -7.210769556331042551e-02 0 0 0 1
1.520621245493596554e+09 -1.554064019628789595e+00 -4.377402703642073734e-01 -7.095375548064630777e-02 0 0 0 1
1.520621245501929522e+09 -1.547044556020431560e+00 -4.314393504821448788e-01 -6.949453646258529904e-02 0 0 0 1
1.520621245510263443e+09 -1.539972512124115678e+00 -4.252155997307406343e-01 -6.816185514759776076e-02 0 0 0 1
1.520621245518596411e+09 -1.532634220721492913e+00 -4.193047984114236515e-01 -6.701344726414804054e-02 0 0 0 1
1.520621245526929617e+09 -1.525668273624289473e+00 -4.131424003330613770e-01 -6.531791048138402278e-02 0 0 0 1
1.520621245535262585e+09 -1.518591927756086424e+00 -4.071566647985288556e-01 -6.399642574904107484e-02 0 0 0 1
1.520621245543596268e+09 -1.511267413142264981e+00 -4.010211855651139023e-01 -6.207839799391423607e-02 0 0 0 1
1.520621245551929474e+09 -1.504078407952935681e+00 -3.950657490907544256e-01 -6.082606431469073094e-02 0 0 0 1
1.520621245560263634e+09 -1.496929534899082537e+00 -3.895977703249965396e-01 -5.944980795741583446e-02 0 0 0 1
1.520621245568596601e+09 -1.489400879371037600e+00 -3.832125979596142651e-01 -5.741237729838399861e-02 0 0 0 1
1.520621245576929569e+09 -1.482522868108704817e+00 -3.775330682474870025e-01 -5.583566141220464019e-02 0 0 0 1
1.520621245585263491e+09 -1.475104529927868668e+00 -3.718466939473464850e-01 -5.385650290824650632e-02 0 0 0 1
1.520621245593596458e+09 -1.467875526929668162e+00 -3.662793816653936441e-01 -5.202333566396577513e-02 0 0 0 1
1.520621245601929665e+09 -1.460403153872380511e+00 -3.607049460928796192e-01 -4.963751382257253209e-02 0 0 0 1
1.520621245610262632e+09 -1.453045753790782157e+00 -3.554323596155143372e-01 -4.755485454886654306e-02 0 0 0 1
1.520621245618596554e+09 -1.445692735865346190e+00 -3.506632643649275627e-01 -4.565793609606583203e-02 0 0 0 1
1.520621245626929522e+09 -1.438141690526162364e+00 -3.454557704018331732e-01 -4.363535599738288528e-02 0 0 0 1
1.520621245635263681e+09 -1.430666748579997538e+00 -3.405878779709509141e-01 -4.127468216366092513e-02 0 0 0 1
1.520621245643596411e+09 -1.423337730656207611e+00 -3.355503812391437135e-01 -3.896180970185469938e-02 0 0 0 1
1.520621245651929379e+09 -1.415751423089254279e+00 -3.307911296171063276e-01 -3.651662577505554452e-02 0 0 0 1
1.520621245660262585e+09 -1.408264074480485739e+00 -3.260906657531198460e-01 -3.418911959676484980e-02 0 0 0 1
1.520621245668596506e+09 -1.400872313209010622e+00 -3.212990376921399660e-01 -3.188716528403201522e-02 0 0 0 1
1.520621245676929712e+09 -1.393190650129004782e+00 -3.168947852957996192e-01 -2.946780295197959365e-02 0 0 0 1
1.520621245685263395e+09 -1.385703391617672864e+00 -3.122303566776445383e-01 -2.713954014312425222e-02 0 0 0 1
1.520621245693596601e+09 -1.378202249185092931e+00 -3.078836467181159664e-01 -2.476259567675354045e-02 0 0 0 1
1.520621245701929569e+09 -1.370275616262362828e+00 -3.037498057592108447e-01 -2.229891426151420220e-02 0 0 0 1
1.520621245710263491e+09 -1.362649893886566321e+00 -2.991092641355552750e-01 -1.994439745986320567e-02 0 0 0 1
1.520621245718596458e+09 -1.355137958321036118e+00 -2.948165085213539927e-01 -1.765841585089888977e-02 0 0 0 1
1.520621245726929426e+09 -1.347561306545147719e+00 -2.906084931129108151e-01 -1.535777987276076839e-02 0 0 0 1
1.520621245735262632e+09 -1.339818839759578495e+00 -2.864280033389207114e-01 -1.309517231724754982e-02 0 0 0 1
1.520621245743596315e+09 -1.332172012258666438e+00 -2.824417922403738013e-01 -1.078767584028272886e-02 0 0 0 1
1.520621245751929522e+09 -1.324468037116758534e+00 -2.786419311551936451e-01 -8.693007574854250130e-03 0 0 0 1
1.520621245760263443e+09 -1.316470394513673980e+00 -2.748159412233026622e-01 -6.523144466764163596e-03 0 0 0 1
1.520621245768596649e+09 -1.308844488059506261e+00 -2.706636055749649383e-01 -4.422673711612867820e-03 0 0 0 1
1.520621245776929617e+09 -1.301095494574497691e+00 -2.668008998646455021e-01 -2.304350479204964053e-03 0 0 0 1
1.520621245785262346e+09 -1.293212239566125188e+00 -2.629254147887603033e-01 -3.035241181673642430e-04 0 0 0 1
1.520621245793596506e+09 -1.285380658672020449e+00 -2.590392071297460408e-01 1.578530712443182438e-03 0 0 0 1
1.520621245801929474e+09 -1.277551061851737613e+00 -2.552052484109721409e-01 3.234933863912381469e-03 0 0 0 1
1.520621245810263395e+09 -1.269781609900628716e+00 -2.513663884408906535e-01 4.926125563693317666e-03 0 0 0 1
1.520621245818596363e+09 -1.262110038157887359e+00 -2.474668527244875404e-01 6.703184589595290177e-03 0 0 0 1
1.520621245826929569e+09 -1.254342750095057912e+00 -2.434812797706211729e-01 8.243960982383113922e-03 0 0 0 1
1.520621245835263491e+09 -1.246605582114635125e+00 -2.397022264807231462e-01 9.866213895326603200e-03 0 0 0 1
1.520621245843596458e+09 -1.238505121501478623e+00 -2.360075991796150019e-01 1.117758313088346167e-02 0 0 0 1
1.520621245851929426e+09 -1.230745047665685599e+00 -2.321473851707223091e-01 1.237746748776902272e-02 0 0 0 1
1.520621245860262394e+09 -1.223152186890787974e+00 -2.282224770775287404e-01 1.363423301419186551e-02 0 0 0 1
1.520621245868596554e+09 -1.215217428084430562e+00 -2.243681249047352333e-01 1.461241738314800198e-02 0 0 0 1
1.520621245876929522e+09 -1.207366372996719894e+00 -2.206796702988068626e-01 1.582739149995793237e-02 0 0 0 1
1.520621245885263443e+09 -1.199376656748559755e+00 -2.168470291559588814e-01 1.680847681232189306e-02 0 0 0 1
1.520621245893596411e+09 -1.191700863387890053e+00 -2.130679353097445494e-01 1.778166279371440339e-02 0 0 0 1
1.520621245901929617e+09 -1.183922994755135294e+00 -2.093375248149255130e-01 1.854718444830871782e-02 0 0 0 1
1.520621245910262585e+09 -1.176024158605148973e+00 -2.055880840602161141e-01 1.922554567118672786e-02 0 0 0 1
1.520621245918596506e+09 -1.168268622274946988e+00 -2.015856682851654424e-01 1.993063482858936641e-02 0 0 0 1
1.520621245926929474e+09 -1.160352243805510053e+00 -1.978506739934343672e-01 2.049137483587359920e-02 0 0 0 1
1.520621245935263634e+09 -1.152452049930064781e+00 -1.939542812609965639e-01 2.099935108640105241e-02 0 0 0 1
1.520621245943596363e+09 -1.144467566545497750e+00 -1.901119008326244142e-01 2.132263184145122281e-02 0 0 0 1
1.520621245951929331e+09 -1.136393314337840632e+00 -1.862071224925729851e-01 2.170971576411528936e-02 0 0 0 1
1.520621245960263491e+09 -1.128574840965409276e+00 -1.822771515732534153e-01 2.181553091250365561e-02 0 0 0 1
1.520621245968596458e+09 -1.120536735574984011e+00 -1.782170416385194800e-01 2.197432081211636579e-02 0 0 0 1
1.520621245976929665e+09 -1.112445079641495305e+00 -1.741795028739302476e-01 2.193338860386861988e-02 0 0 0 1
1.520621245985262394e+09 -1.104379477918592256e+00 -1.701720739953664907e-01 2.186821635829228061e-02 0 0 0 1
1.520621245993596554e+09 -1.096172574192518567e+00 -1.661405977111901633e-01 2.168538767345207230e-02 0 0 0 1
1.520621246001929522e+09 -1.087920941120264828e+00 -1.620192773691745414e-01 2.153128152332850487e-02 0 0 0 1
1.520621246010263443e+09 -1.079555668170841809e+00 -1.580611642571176922e-01 2.139846459584004990e-02 0 0 0 1
1.520621246018596411e+09 -1.071094692646881175e+00 -1.539911695756507326e-01 2.122725024080573952e-02 0 0 0 1
1.520621246026929617e+09 -1.062817591291216113e+00 -1.498974975698713630e-01 2.091334225225460752e-02 0 0 0 1
1.520621246035262585e+09 -1.054386642240157101e+00 -1.459924193393906666e-01 2.056722037638059053e-02 0 0 0 1
1.520621246043596268e+09 -1.046076099219340971e+00 -1.418845790119223071e-01 2.048732782647366690e-02 0 0 0 1
1.520621246051929474e+09 -1.037695846514108844e+00 -1.380578408241767141e-01 1.995004353463047941e-02 0 0 0 1
1.520621246060263634e+09 -1.029345967033477471e+00 -1.340822555680641903e-01 1.985228622611878713e-02 0 0 0 1
1.520621246068596601e+09 -1.020993197720095669e+00 -1.303452141739049885e-01 1.934651148843702373e-02 0 0 0 1
1.520621246076929569e+09 -1.012576618598787892e+00 -1.265380936403815992e-01 1.914578773791930644e-02 0 0 0 1
1.520621246085263491e+09 -1.004232875585894691e+00 -1.229373760190425324e-01 1.896647210040836029e-02 0 0 0 1
1.520621246093596458e+09 -9.959588984312891524e-01 -1.191818786001646036e-01 1.861816751113831714e-02 0 0 0 1
1.520621246101929665e+09 -9.873909757540816345e-01 -1.159855564833870423e-01 1.857611869020092676e-02 0 0 0 1
1.520621246110262632e+09 -9.790650762473523949e-01 -1.123695710500339784e-01 1.854715117251792833e-02 0 0 0 1
1.520621246118596554e+09 -9.706155966832632487e-01 -1.088162584743531669e-01 1.861155531485292336e-02 0 0 0 1
1.520621246126929522e+09 -9.621970497445779813e-01 -1.054768545774008581e-01 1.866860539710268885e-02 0 0 0 1
1.520621246135263681e+09 -9.537146522813118033e-01 -1.021747141172953954e-01 1.882225298266504421e-02 0 0 0 1
1.520621246143596411e+09 -9.451047068029303500e-01 -9.888060760821615336e-02 1.920295145649109081e-02 0 0 0 1
1.520621246151929379e+09 -9.365232327620818253e-01 -9.563228371886900447e-02 1.966497437665182257e-02 0 0 0 1
1.520621246160262585e+09 -9.278613481246975603e-01 -9.250002957204261911e-02 2.010114395597006887e-02 0 0 0 1
1.520621246168596506e+09 -9.193265931422406334e-01 -8.934660910041158921e-02 2.061938584147193776e-02 0 0 0 1
1.520621246176929712e+09 -9.105462610039264382e-01 -8.640505596501468766e-02 2.135446504744253904e-02 0 0 0 1
1.520621246185263395e+09 -9.019690783992513339e-01 -8.340916952940047313e-02 2.201201597301116752e-02 0 0 0 1
1.520621246193596601e+09 -8.934215383394861210e-01 -8.048828185085554754e-02 2.287986212160519894e-02 0 0 0 1
1.520621246201929569e+09 -8.848278545060850320e-01 -7.764961973711326237e-02 2.381158047616294127e-02 0 0 0 1
1.520621246210263491e+09 -8.762595685199452422e-01 -7.494600914594551355e-02 2.478976933641530156e-02 0 0 0 1
1.520621246218596458e+09 -8.677015085858755805e-01 -7.222412747576079095e-02 2.580565442190085879e-02 0 0 0 1
1.520621246226929426e+09 -8.592208819181816892e-01 -6.955382774948504210e-02 2.719814800339848126e-02 0 0 0 1
1.520621246235262632e+09 -8.504993320559515180e-01 -6.710303879324508447e-02 2.849919317494453708e-02 0 0 0 1
1.520621246243596315e+09 -8.422486571913927467e-01 -6.446310162052404369e-02 2.981613432614271808e-02 0 0 0 1
1.520621246251929522e+09 -8.336944294353680895e-01 -6.197693958329064667e-02 3.128700160481778791e-02 0 0 0 1
1.520621246260263443e+09 -8.254018741055910713e-01 -5.921530684691833635e-02 3.267128497319016223e-02 0 0 0 1
1.520621246268596649e+09 -8.168338524371271392e-01 -5.674552976486679778e-02 3.428255609780006541e-02 0 0 0 1
1.520621246276929617e+09 -8.085733838174673505e-01 -5.415130865715123143e-02 3.569202700573337328e-02 0 0 0 1
1.520621246285262346e+09 -8.001847165218037849e-01 -5.158002291063101818e-02 3.735972525254416254e-02 0 0 0 1
1.520621246293596506e+09 -7.919094237118264878e-01 -4.910908540003666722e-02 3.885453216511236540e-02 0 0 0 1
1.520621246301929474e+09 -7.837471522448422601e-01 -4.660399980505280926e-02 4.059717740391222129e-02 0 0 0 1
1.520621246310263395e+09 -7.756855772502723179e-01 -4.394945413531869960e-02 4.216943255709715288e-02 0 0 0 1
1.520621246318596363e+09 -7.676992333598230411e-01 -4.153610675339125535e-02 4.389642290018769266e-02 0 0 0 1
1.520621246326929569e+09 -7.598075810736272251e-01 -3.900882175242370575e-02 4.545241276866862634e-02 0 0 0 1
1.520621246335263491e+09 -7.519121614440424928e-01 -3.658104615999546727e-02 4.728254783161855990e-02 0 0 0 1
1.520621246343596458e+09 -7.441749615426340725e-01 -3.405650150938854814e-02 4.882002154054365661e-02 0 0 0 1
1.520621246351929426e+09 -7.363974730710329819e-01 -3.179872355317436838e-02 5.060756676450073321e-02 0 0 0 1
1.520621246360262394e+09 -7.288524758955733374e-01 -2.937426586083535796e-02 5.217804162206451934e-02 0 0 0 1
1.520621246368596554e+09 -7.213058352331889189e-01 -2.690850835061708857e-02 5.390386073930231170e-02 0 0 0 1
1.520621246376929522e+09 -7.139700659020005169e-01 -2.424105643563356782e-02 5.548481159602980384e-02 0 0 0 1
1.520621246385263443e+09 -7.064713869779579714e-01 -2.200486592410577646e-02 5.710370646251416993e-02 0 0 0 1
1.520621246393596411e+09 -6.992249167466307869e-01 -1.941820106485159236e-02 5.870804556490782922e-02 0 0 0 1
1.520621246401929617e+09 -6.917443530059530499e-01 -1.714402710567652921e-02 6.038737739330302112e-02 0 0 0 1
1.520621246410262585e+09 -6.844471098564534062e-01 -1.476521365304150901e-02 6.199627942437424544e-02 0 0 0 1
1.520621246418596506e+09 -6.770796538923044006e-01 -1.225585633981463030e-02 6.349859389807344101e-02 0 0 0 1
1.520621246426929474e+09 -6.700159941221208726e-01 -9.561380960199983292e-03 6.483175713819244734e-02 0 0 0 1
1.520621246435263634e+09 -6.627199484720582845e-01 -7.024880394711385811e-03 6.663448763062729263e-02 0 0 0 1
1.520621246443596363e+09 -6.555757476360712932e-01 -4.409620735840391603e-03 6.783788117374145443e-02 0 0 0 1
1.520621246451929331e+09 -6.483909343464826502e-01 -1.880806790132694140e-03 6.906857831658252955e-02 0 0 0 1
1.520621246460263491e+09 -6.411403207185694120e-01 5.656456005723731195e-04 7.051316981697475228e-02 0 0 0 1
1.520621246468596458e+09 -6.340684551537685287e-01 3.387128568886121904e-03 7.170393795310636698e-02 0 0 0 1
1.520621246476929665e+09 -6.268742159251937673e-01 5.961142120651241605e-03 7.275191980118500545e-02 0 0 0 1
1.520621246485262394e+09 -6.196838334921811464e-01 8.526349869257376923e-03 7.392369175563673345e-02 0 0 0 1
1.520621246493596554e+09 -6.126507478387910322e-01 1.097857785819000842e-02 7.510003189772773702e-02 0 0 0 1
1.520621246501929522e+09 -6.056905326914499010e-01 1.382610986176535661e-02 7.602073349072080433e-02 0 0 0 1
1.520621246510263443e+09 -5.987410505015902107e-01 1.647231730733544897e-02 7.696371793554579455e-02 0 0 0 1
1.520621246518596411e+09 -5.917196212914859199e-01 1.921112955823145452e-02 7.791241876882315509e-02 0 0 0 1
1.520621246526929617e+09 -5.850749465726537979e-01 2.211942074202832842e-02 7.851676844535782074e-02 0 0 0 1
1.520621246535262585e+09 -5.781450120718032437e-01 2.487120074843296447e-02 7.925876748137983263e-02 0 0 0 1
1.520621246543596268e+09 -5.712888585215907256e-01 2.779645340216241323e-02 8.018935291027484702e-02 0 0 0 1
1.520621246551929474e+09 -5.643264361032842569e-01 3.057278032338173190e-02 8.084656004003876184e-02 0 0 0 1
1.520621246560263634e+09 -5.574964445087782217e-01 3.343772088346419480e-02 8.147362799578017345e-02 0 0 0 1
1.520621246568596601e+09 -5.504946728130314382e-01 3.645112638500780378e-02 8.209293862190825131e-02 0 0 0 1
1.520621246576929569e+09 -5.434539058627938513e-01 3.943068333592913977e-02 8.265394917512947082e-02 0 0 0 1
1.520621246585263491e+09 -5.365447955467110841e-01 4.246566878301927250e-02 8.321647491120298668e-02 0 0 0 1
1.520621246593596458e+09 -5.296514455866874194e-01 4.565763689707269535e-02 8.365464992499571650e-02 0 0 0 1
1.520621246601929665e+09 -5.225758864920977409e-01 4.862926954844670746e-02 8.401732124047978090e-02 0 0 0 1
1.520621246610262632e+09 -5.156581148227575850e-01 5.185750949916811958e-02 8.432106659169469332e-02 0 0 0 1
1.520621246618596554e+09 -5.086571971110338541e-01 5.510159971847217175e-02 8.455752976705843693e-02 0 0 0 1
1.520621246626929522e+09 -5.016574741126671455e-01 5.839470056178985846e-02 8.483117350023694492e-02 0 0 0 1
1.520621246635263681e+09 -4.945393024439825869e-01 6.156531180216806565e-02 8.506209655379604051e-02 0 0 0 1
1.520621246643596411e+09 -4.876185699549048791e-01 6.494100650313194834e-02 8.525748933834909060e-02 0 0 0 1
1.520621246651929379e+09 -4.804825340718043569e-01 6.834714099940908394e-02 8.545498923675598490e-02 0 0 0 1
1.520621246660262585e+09 -4.734118225994233264e-01 7.167167765957394021e-02 8.564577925322280905e-02 0 0 0 1
1.520621246668596506e+09 -4.662507566743848142e-01 7.523936013999399375e-02 8.578928393816531717e-02 0 0 0 1
1.520621246676929712e+09 -4.591928291445834809e-01 7.870481037767340649e-02 8.585594505412474930e-02 0 0 0 1
1.520621246685263395e+09 -4.519653648161194304e-01 8.224967441774710952e-02 8.602098477794672959e-02 0 0 0 1
1.520621246693596601e+09 -4.448331134286125921e-01 8.582916335117096729e-02 8.604234521934173152e-02 0 0 0 1
1.520621246701929569e+09 -4.377206364046898335e-01 8.929675794729419191e-02 8.610010297538606139e-02 0 0 0 1
1.520621246710263491e+09 -4.304672405590350692e-01 9.289782936437418481e-02 8.631461354036584765e-02 0 0 0 1
1.520621246718596458e+09 -4.232590027478352890e-01 9.645473599403286968e-02 8.629130448363642181e-02 0 0 0 1
1.520621246726929426e+09 -4.161844306527240911e-01 9.985812225151335930e-02 8.633296921596844697e-02 0 0 0 1
1.520621246735262632e+09 -4.090201871202754913e-01 1.034547314077740587e-01 8.655736814624837017e-02 0 0 0 1
1.520621246743596315e+09 -4.019844403364639662e-01 1.071966218370886681e-01 8.663057439656784986e-02 0 0 0 1
1.520621246751929522e+09 -3.948305387921178244e-01 1.107309585379246952e-01 8.678053655590001192e-02 0 0 0 1
1.520621246760263443e+09 -3.877068210804949788e-01 1.142785755704308626e-01 8.699718031880476765e-02 0 0 0 1
1.520621246768596649e+09 -3.805330359605126334e-01 1.177449145803907138e-01 8.747207127852774100e-02 0 0 0 1
1.520621246776929617e+09 -3.735433189282234556e-01 1.216257041616569667e-01 8.788359805334833297e-02 0 0 0 1
1.520621246785262346e+09 -3.663032975287571213e-01 1.247726255598869960e-01 8.821630731268181869e-02 0 0 0 1
1.520621246793596506e+09 -3.593823837691506595e-01 1.282921084580209703e-01 8.857941379597833453e-02 0 0 0 1
1.520621246801929474e+09 -3.524451017615973791e-01 1.321274662096659780e-01 8.907546135053467928e-02 0 0 0 1
1.520621246810263395e+09 -3.451869568313076231e-01 1.352486505723207166e-01 8.989359622542392181e-02 0 0 0 1
1.520621246818596363e+09 -3.382487263025300561e-01 1.385599414926426132e-01 9.051357353589439825e-02 0 0 0 1
1.520621246826929569e+09 -3.313276037925168005e-01 1.420415061158628589e-01 9.117081512303015778e-02 0 0 0 1
1.520621246835263491e+09 -3.242817897192319943e-01 1.453411896645586676e-01 9.207811101751861571e-02 0 0 0 1
1.520621246843596458e+09 -3.173972630271454376e-01 1.486906073409290929e-01 9.282785539902138616e-02 0 0 0 1
1.520621246851929426e+09 -3.103878477909739475e-01 1.519025185727019833e-01 9.387898203538869168e-02 0 0 0 1
1.520621246860262394e+09 -3.033808447376075135e-01 1.550773995713847775e-01 9.505560819004044149e-02 0 0 0 1
1.520621246868596554e+09 -2.963651715561939071e-01 1.580578028826963299e-01 9.623711410146995604e-02 0 0 0 1
1.520621246876929522e+09 -2.892672429532155975e-01 1.609616814204876123e-01 9.768365194616235314e-02 0 0 0 1
1.520621246885263443e+09 -2.822403030735158858e-01 1.638355659836413514e-01 9.914938940562056935e-02 0 0 0 1
1.520621246893596411e+09 -2.753603700273625776e-01 1.668642764319696603e-01 1.006206462456977757e-01 0 0 0 1
1.520621246901929617e+09 -2.684142897581365261e-01 1.696023303668835469e-01 1.020881184117767848e-01 0 0 0 1
1.520621246910262585e+09 -2.614457615205376673e-01 1.721299132448678160e-01 1.037917992567785053e-01 0 0 0 1
1.520621246918596506e+09 -2.546293800562711152e-01 1.747772974981959271e-01 1.054606033605858251e-01 0 0 0 1
1.520621246926929474e+09 -2.480560842000286148e-01 1.776378425784101989e-01 1.070411011989469419e-01 0 0 0 1
1.520621246935263634e+09 -2.412322988441105986e-01 1.798801649273593095e-01 1.087167618500552990e-01 0 0 0 1
1.520621246943596363e+09 -2.346937921346028966e-01 1.826719584513520345e-01 1.104644348202108439e-01 0 0 0 1
1.520621246951929331e+09 -2.279065547429039440e-01 1.848920792248247014e-01 1.119679155962189920e-01 0 0 0 1
1.520621246960263491e+09 -2.212321778465654032e-01 1.872400236469749513e-01 1.136753325424173511e-01 0 0 0 1
1.520621246968596458e+09 -2.144629243904735416e-01 1.896211709977502213e-01 1.153028721312003846e-01 0 0 0 1
1.520621246976929665e+09 -2.078202032353252959e-01 1.921059399726892103e-01 1.169027024397095715e-01 0 0 0 1
1.520621246985262394e+09 -2.010431528427200631e-01 1.943867194568170698e-01 1.185548555151270111e-01 0 0 0 1
1.520621246993596554e+09 -1.943006389086370800e-01 1.965382315110433264e-01 1.202023068959139351e-01 0 0 0 1
1.520621247001929522e+09 -1.875776618033040966e-01 1.988583944106861456e-01 1.218933914676370023e-01 0 0 0 1
1.520621247010263443e+09 -1.810863008711207645e-01 2.013225920675040248e-01 1.234879628903249316e-01 0 0 0 1
1.520621247018596411e+09 -1.743029467238695895e-01 2.032207370274074498e-01 1.248096264113012221e-01 0 0 0 1
1.520621247026929617e+09 -1.678430369542712741e-01 2.053768395595405027e-01 1.264065295018459434e-01 0 0 0 1
1.520621247035262585e+09 -1.613971024246839137e-01 2.075445414757779439e-01 1.279300595853607447e-01 0 0 0 1
1.520621247043596268e+09 -1.551121682490165798e-01 2.098856950459447868e-01 1.294166379358747676e-01 0 0 0 1
1.520621247051929474e+09 -1.486477386115058752e-01 2.117047545882515536e-01 1.307086034348758918e-01 0 0 0 1
1.520621247060263634e+09 -1.426140326769621547e-01 2.141325260093500660e-01 1.321719021428662266e-01 0 0 0 1
1.520621247068596601e+09 -1.363748964985859180e-01 2.160860699151528341e-01 1.332961878034846226e-01 0 0 0 1
1.520621247076929569e+09 -1.300699718186033027e-01 2.178979659935066926e-01 1.346193591327240480e-01 0 0 0 1
1.520621247085263491e+09 -1.240145387721822146e-01 2.199967594092372414e-01 1.358549191702600467e-01 0 0 0 1
1.520621247093596458e+09 -1.182099597765163268e-01 2.224449817006990404e-01 1.371371265565768383e-01 0 0 0 1
1.520621247101929665e+09 -1.120750795313875670e-01 2.243627192359982092e-01 1.382348193338891473e-01 0 0 0 1
1.520621247110262632e+09 -1.061304743310248488e-01 2.264281604801735015e-01 1.391961016099643178e-01 0 0 0 1
1.520621247118596554e+09 -1.003634604608871217e-01 2.288254188267875855e-01 1.402936299109491802e-01 0 0 0 1
1.520621247126929522e+09 -9.439995558029273814e-02 2.309684234746742226e-01 1.411562796915644125e-01 0 0 0 1
1.520621247135263681e+09 -8.860859508431778719e-02 2.333618667470912511e-01 1.419618097374704124e-01 0 0 0 1
1.520621247143596411e+09 -8.257233914393152796e-02 2.353835066355162153e-01 1.426463580301886580e-01 0 0 0 1
1.520621247151929379e+09 -7.682952256595199092e-02 2.380105773170843597e-01 1.431781999318857412e-01 0 0 0 1
1.520621247160262585e+09 -7.100676972156499955e-02 2.404102736318584066e-01 1.440034836843073762e-01 0 0 0 1
1.520621247168596506e+09 -6.525833355001836589e-02 2.429668505663122313e-01 1.445461579490598947e-01 0 0 0 1
1.520621247176929712e+09 -5.945711703265810222e-02 2.454037378095711430e-01 1.450135030210866205e-01 0 0 0 1
1.520621247185263395e+09 -5.368261072523239363e-02 2.479520015524109278e-01 1.453140948571118862e-01 0 0 0 1
1.520621247193596601e+09 -4.797936335177976908e-02 2.506744186981369471e-01 1.459007822034172897e-01 0 0 0 1
1.520621247201929569e+09 -4.234422901045392651e-02 2.533734413693161103e-01 1.464166593554037110e-01 0 0 0 1
1.520621247210263491e+09 -3.675169059251376380e-02 2.561040072131017253e-01 1.465514411069239742e-01 0 0 0 1
1.520621247218596458e+09 -3.086311357782406395e-02 2.584831602972430531e-01 1.470079754958080187e-01 0 0 0 1
1.520621247226929426e+09 -2.525650870893725308e-02 2.613324937007903137e-01 1.473825729634670179e-01 0 0 0 1
1.520621247235262632e+09 -1.965433054359294607e-02 2.639106326319262119e-01 1.476898729759374973e-01 0 0 0 1
1.520621247243596315e+09 -1.431222289758421473e-02 2.669825161936423830e-01 1.481775399825702166e-01 0 0 0 1
1.520621247251929522e+09 -8.606691607570493563e-03 2.696928742769000853e-01 1.484862921932861290e-01 0 0 0 1
1.520621247260263443e+09 -2.969574308032019161e-03 2.724176583803890050e-01 1.487788358519848142e-01 0 0 0 1
1.520621247268596649e+09 2.663608400794048592e-03 2.751506215286808610e-01 1.492149775926081556e-01 0 0 0 1
1.520621247276929617e+09 8.195764361626112215e-03 2.780997772526013212e-01 1.493631724018404938e-01 0 0 0 1
1.520621247285262346e+09 1.356848495517132269e-02 2.811267448184520679e-01 1.497202607207701597e-01 0 0 0 1
1.520621247293596506e+09 1.924276280411696405e-02 2.840818216500597959e-01 1.500703258467848134e-01 0 0 0 1
1.520621247301929474e+09 2.481914666753926024e-02 2.870705569385167966e-01 1.504585111166312217e-01 0 0 0 1
1.520621247310263395e+09 3.035491350019969836e-02 2.900263453790861146e-01 1.507183034931889321e-01 0 0 0 1
1.520621247318596363e+09 3.592221686450824958e-02 2.930364992503711186e-01 1.510800215358891752e-01 0 0 0 1
1.520621247326929569e+09 4.123617942061241770e-02 2.962164127419822934e-01 1.513074426391789462e-01 0 0 0 1
1.520621247335263491e+09 4.673811186184095856e-02 2.994339651578555306e-01 1.517477878897630639e-01 0 0 0 1
1.520621247343596458e+09 5.224718890506629965e-02 3.024459147141083659e-01 1.519687958982578468e-01 0 0 0 1
1.520621247351929426e+09 5.771837670653257035e-02 3.056372001116592907e-01 1.523417961273911825e-01 0 0 0 1
1.520621247360262394e+09 6.326716431732559709e-02 3.087213828228433377e-01 1.527074864518136454e-01 0 0 0 1
1.520621247368596554e+09 6.854260841519665970e-02 3.121102656083831195e-01 1.532088679662018116e-01 0 0 0 1
1.520621247376929522e+09 7.399134761026204821e-02 3.152588078302994701e-01 1.536840507404815259e-01 0 0 0 1
1.520621247385263443e+09 7.925752455225265614e-02 3.186851789366291210e-01 1.542223812231036106e-01 0 0 0 1
1.520621247393596411e+09 8.463168930805786694e-02 3.219229443411745772e-01 1.547068563501916572e-01 0 0 0 1
1.520621247401929617e+09 8.992610521578903171e-02 3.252725096792192794e-01 1.553068946385034454e-01 0 0 0 1
1.520621247410262585e+09 9.515354474677795160e-02 3.285101043748400729e-01 1.559035828966339743e-01 0 0 0 1
1.520621247418596506e+09 1.002189501667017923e-01 3.320369152361448695e-01 1.565031396577452050e-01 0 0 0 1
1.520621247426929474e+09 1.054114329523569982e-01 3.353575941565907770e-01 1.571758468859087987e-01 0 0 0 1
1.520621247435263634e+09 1.104600893605690581e-01 3.386474209855895867e-01 1.578561798748034928e-01 0 0 0 1
1.520621247443596363e+09 1.155155722217041658e-01 3.422084880913726090e-01 1.587210869556137105e-01 0 0 0 1
1.520621247451929331e+09 1.206086471378359226e-01 3.454935354025970295e-01 1.596328027684925654e-01 0 0 0 1
1.520621247460263491e+09 1.255177481411471341e-01 3.490553657937889298e-01 1.605873010701224235e-01 0 0 0 1
1.520621247468596458e+09 1.303637193269430172e-01 3.524340378240027327e-01 1.614635537676987198e-01 0 0 0 1
1.520621247476929665e+09 1.353202338476089395e-01 3.560318117659375670e-01 1.627297935001434936e-01 0 0 0 1
1.520621247485262394e+09 1.402286923662086071e-01 3.594714266916699819e-01 1.638857974188476785e-01 0 0 0 1
1.520621247493596554e+09 1.451336459646876964e-01 3.629433740356446947e-01 1.651846103222596174e-01 0 0 0 1
1.520621247501929522e+09 1.498310016005235390e-01 3.665546511605651814e-01 1.663599944931051233e-01 0 0 0 1
1.520621247510263443e+09 1.545286443147469990e-01 3.699964404707023480e-01 1.676452036809779056e-01 0 0 0 1
1.520621247518596411e+09 1.592382255893468601e-01 3.736099275154924904e-01 1.690873379475086313e-01 0 0 0 1
1.520621247526929617e+09 1.638443287379957036e-01 3.772316728981829903e-01 1.705845777444248146e-01 0 0 0 1
1.520621247535262585e+09 1.684470708068995792e-01 3.808518934328135597e-01 1.721704499356977447e-01 0 0 0 1
1.520621247543596268e+09 1.729290014932661768e-01 3.845346571734241103e-01 1.738315203812390575e-01 0 0 0 1
1.520621247551929474e+09 1.774293405695105408e-01 3.882307554046903753e-01 1.755404638362443315e-01 0 0 0 1
1.520621247560263634e+09 1.818754860141978957e-01 3.918876903956155511e-01 1.773261703017883217e-01 0 0 0 1
1.520621247568596601e+09 1.862723026449146779e-01 3.956065042612579297e-01 1.791167244050093643e-01 0 0 0 1
1.520621247576929569e+09 1.905763118242539411e-01 3.993170932559620967e-01 1.810166885356510047e-01 0 0 0 1
1.520621247585263491e+09 1.947931133048245167e-01 4.030463598436176409e-01 1.830881518023084187e-01 0 0 0 1
1.520621247593596458e+09 1.989723374906922082e-01 4.067206926733478167e-01 1.850472191169652003e-01 0 0 0 1
1.520621247601929665e+09 2.030420154423725476e-01 4.103050031481110249e-01 1.870903929460974169e-01 0 0 0 1
1.520621247610262632e+09 2.071673015096725523e-01 4.139604739115302912e-01 1.890827403227088865e-01 0 0 0 1
1.520621247618596554e+09 2.109795033138702758e-01 4.175627335943685181e-01 1.913094004896671585e-01 0 0 0 1
1.520621247626929522e+09 2.148452647880545463e-01 4.212647545485649903e-01 1.934551233854031604e-01 0 0 0 1
1.520621247635263681e+09 2.186700165614987590e-01 4.248030897970295205e-01 1.956817850667742498e-01 0 0 0 1
1.520621247643596411e+09 2.222860131958737107e-01 4.283337853495503555e-01 1.980077087115179602e-01 0 0 0 1
1.520621247651929379e+09 2.259094509771847337e-01 4.317230193368586932e-01 2.003801960152311601e-01 0 0 0 1
1.520621247660262585e+09 2.294028526601434859e-01 4.351448248307253630e-01 2.027631649557870563e-01 0 0 0 1
1.520621247668596506e+09 2.326912009109010082e-01 4.386360641143018935e-01 2.052420353160557820e-01 0 0 0 1
1.520621247676929712e+09 2.359229612665242337e-01 4.418854923045682503e-01 2.077755449499900653e-01 0 0 0 1
1.520621247685263395e+09 2.389380270935292927e-01 4.453571395238662411e-01 2.103163523319091510e-01 0 0 0 1
1.520621247693596601e+09 2.418974690823716411e-01 4.482865020062694050e-01 2.128184107749753196e-01 0 0 0 1
1.520621247701929569e+09 2.447174786923549394e-01 4.515716845058964091e-01 2.156163224866352035e-01 0 0 0 1
1.520621247710263491e+09 2.473626035143722257e-01 4.543867429367993149e-01 2.180581713750591177e-01 0 0 0 1
1.520621247718596458e+09 2.500057633849741556e-01 4.575068029256338376e-01 2.208403814724886338e-01 0 0 0 1
1.520621247726929426e+09 2.524832939155486899e-01 4.606256216728042974e-01 2.237184406605390308e-01 0 0 0 1
1.520621247735262632e+09 2.548970530045261418e-01 4.636228025711565670e-01 2.265543019109126366e-01 0 0 0 1
1.520621247743596315e+09 2.571583552617729973e-01 4.665646383943357067e-01 2.294052283638383649e-01 0 0 0 1
1.520621247751929522e+09 2.594647486052905627e-01 4.693107912859142417e-01 2.324300479044478784e-01 0 0 0 1
1.520621247760263443e+09 2.614851989038560198e-01 4.721210519588744381e-01 2.354578276832568484e-01 0 0 0 1
1.520621247768596649e+09 2.633370437392525965e-01 4.749016728753523431e-01 2.384010862422734078e-01 0 0 0 1
1.520621247776929617e+09 2.654374512169737077e-01 4.775378313764939708e-01 2.415321590312591304e-01 0 0 0 1
1.520621247785262346e+09 2.669868400589602286e-01 4.801821708264768507e-01 2.444417458784251540e-01 0 0 0 1
1.520621247793596506e+09 2.687824329513192056e-01 4.828257698515394658e-01 2.475446910370879827e-01 0 0 0 1
1.520621247801929474e+09 2.704827215489765679e-01 4.852377344271524562e-01 2.506118968286388249e-01 0 0 0 1
1.520621247810263395e+09 2.718810810021201618e-01 4.878936406446874319e-01 2.536130328131247502e-01 0 0 0 1
1.520621247818596363e+09 2.735413933637761419e-01 4.899263639378641511e-01 2.565585078301662048e-01 0 0 0 1
1.520621247826929569e+09 2.748154811007742504e-01 4.923624250154495785e-01 2.595810941278331452e-01 0 0 0 1
1.520621247835263491e+09 2.761052604776926822e-01 4.947569010932443279e-01 2.626415902140113445e-01 0 0 0 1
1.520621247843596458e+09 2.773282518454430745e-01 4.972068326269879490e-01 2.659422307182868206e-01 0 0 0 1
1.520621247851929426e+09 2.784406727088517552e-01 4.993501670664441949e-01 2.688391237507230525e-01 0 0 0 1
1.520621247860262394e+09 2.795176808524695300e-01 5.016675257908090879e-01 2.720249779332724049e-01 0 0 0 1
1.520621247868596554e+09 2.804752728747668122e-01 5.038513305489978888e-01 2.751076885933767535e-01 0 0 0 1
1.520621247876929522e+09 2.813774798068636729e-01 5.060355767921485004e-01 2.781877030141779450e-01 0 0 0 1
1.520621247885263443e+09 2.822456878273365000e-01 5.080890368427557480e-01 2.814045700846012910e-01 0 0 0 1
1.520621247893596411e+09 2.829309710082182905e-01 5.102505634690716052e-01 2.843464490715037485e-01 0 0 0 1
1.520621247901929617e+09 2.835028391006660931e-01 5.122597076709533015e-01 2.876846768268224164e-01 0 0 0 1
1.520621247910262585e+09 2.839872887788575939e-01 5.143812246495959029e-01 2.908036903551010077e-01 0 0 0 1
1.520621247918596506e+09 2.845336653773045121e-01 5.161939543254041585e-01 2.941833028697440344e-01 0 0 0 1
1.520621247926929474e+09 2.848706337252843168e-01 5.182289578408151298e-01 2.973568351626798556e-01 0 0 0 1
1.520621247935263634e+09 2.852269018017810076e-01 5.200801897011019248e-01 3.006090535874299530e-01 0 0 0 1
1.520621247943596363e+09 2.855309554022661400e-01 5.218900603630621804e-01 3.039161949017983311e-01 0 0 0 1
1.520621247951929331e+09 2.857645322355081285e-01 5.236103861164979056e-01 3.071757776096852854e-01 0 0 0 1
1.520621247960263491e+09 2.859155843694320964e-01 5.252878506139545545e-01 3.107414597144355639e-01 0 0 0 1
1.520621247968596458e+09 2.859604716480782516e-01 5.269708701889758151e-01 3.142362926896573594e-01 0 0 0 1
1.520621247976929665e+09 2.858453407058469953e-01 5.286965595642527660e-01 3.179520212235831256e-01 0 0 0 1
1.520621247985262394e+09 2.856202099616017565e-01 5.302366875688191428e-01 3.216541421007850232e-01 0 0 0 1
1.520621247993596554e+09 2.853575696649749416e-01 5.316178785552819752e-01 3.254338277508350696e-01 0 0 0 1
1.520621248001929522e+09 2.849096286612673445e-01 5.329902730644918707e-01 3.293635203940963319e-01 0 0 0 1
1.520621248010263443e+09 2.843989054956662654e-01 5.342063679494917228e-01 3.333438245457644999e-01 0 0 0 1
1.520621248018596411e+09 2.838098599418316104e-01 5.353121596841998731e-01 3.374431298117259725e-01 0 0 0 1
1.520621248026929617e+09 2.831439256721953734e-01 5.363743137715948350e-01 3.416410701614140955e-01 0 0 0 1
1.520621248035262585e+09 2.823400616058329149e-01 5.373643613217561343e-01 3.458571822191507383e-01 0 0 0 1
1.520621248043596268e+09 2.815203759758200253e-01 5.383343851176400907e-01 3.502184020974452583e-01 0 0 0 1
1.520621248051929474e+09 2.804908131051413456e-01 5.389625471809722512e-01 3.546260859657190956e-01 0 0 0 1
1.520621248060263634e+09 2.795326714250260247e-01 5.397173331529294682e-01 3.590838173093797714e-01 0 0 0 1
1.520621248068596601e+09 2.782727270645987128e-01 5.404011183227637183e-01 3.636762649816851489e-01 0 0 0 1
1.520621248076929569e+09 2.771529173841126292e-01 5.408509727208226092e-01 3.682356692664918718e-01 0 0 0 1
1.520621248085263491e+09 2.759275054116503423e-01 5.411519762939143163e-01 3.728623951927538815e-01 0 0 0 1
1.520621248093596458e+09 2.745424200818689098e-01 5.415648219753763648e-01 3.777996840536237411e-01 0 0 0 1
1.520621248101929665e+09 2.730568720103281333e-01 5.417365276512452477e-01 3.823834292026346837e-01 0 0 0 1
1.520621248110262632e+09 2.715692645216030154e-01 5.419054490330688090e-01 3.872918201421728934e-01 0 0 0 1
1.520621248118596554e+09 2.700086555438283575e-01 5.418962570267414902e-01 3.921440783891942949e-01 0 0 0 1
1.520621248126929522e+09 2.682495738581968103e-01 5.419134414785138354e-01 3.970090348021881876e-01 0 0 0 1
1.520621248135263681e+09 2.663719866458894581e-01 5.418080182357123409e-01 4.020168392799388091e-01 0 0 0 1
1.520621248143596411e+09 2.644460730107367485e-01 5.416010539424693793e-01 4.069187278090689031e-01 0 0 0 1
1.520621248151929379e+09 2.624233673807169209e-01 5.412441053759488030e-01 4.120328442820666570e-01 0 0 0 1
1.520621248160262585e+09 2.602781118730786991e-01 5.408846348729136055e-01 4.171223904454706144e-01 0 0 0 1
1.520621248168596506e+09 2.580596664909814431e-01 5.403339715827286671e-01 4.221622235469069118e-01 0 0 0 1
1.520621248176929712e+09 2.557008067230754911e-01 5.397333355587948800e-01 4.272506937448814490e-01 0 0 0 1
1.520621248185263395e+09 2.532734671624374823e-01 5.390409664740791751e-01 4.323254261488154171e-01 0 0 0 1
1.520621248193596601e+09 2.508060941363389196e-01 5.381788343472001523e-01 4.373973886924151788e-01 0 0 0 1
1.520621248201929569e+09 2.482072687604343075e-01 5.373857565424934313e-01 4.424739396853161200e-01 0 0 0 1
1.520621248210263491e+09 2.455638529867073538e-01 5.364504665489042701e-01 4.475774407303165781e-01 0 0 0 1
1.520621248218596458e+09 2.429248057947430706e-01 5.355003407467877619e-01 4.526016069301892486e-01 0 0 0 1
1.520621248226929426e+09 2.401242973280705018e-01 5.344573495031933463e-01 4.576092290456548195e-01 0 0 0 1
1.520621248235262632e+09 2.373558995283108208e-01 5.333677613057414835e-01 4.626116465304614955e-01 0 0 0 1
1.520621248243596315e+09 2.344951833188423373e-01 5.321687507778243287e-01 4.675138394805007369e-01 0 0 0 1
1.520621248251929522e+09 2.316151317571277790e-01 5.310186994094426849e-01 4.723601827857015767e-01 0 0 0 1
1.520621248260263443e+09 2.287396253585938233e-01 5.298453303106193113e-01 4.770823661773280211e-01 0 0 0 1
1.520621248268596649e+09 2.257070456198833064e-01 5.286333399541466305e-01 4.817599993344103826e-01 0 0 0 1
1.520621248276929617e+09 2.226696705463442338e-01 5.273028241558460616e-01 4.863196913070158001e-01 0 0 0 1
1.520621248285262346e+09 2.195877312912192236e-01 5.260156682712300302e-01 4.906585422743070524e-01 0 0 0 1
1.520621248293596506e+09 2.164392443176776926e-01 5.246617763728025352e-01 4.950382572940352777e-01 0 0 0 1
1.520621248301929474e+09 2.132064361020066245e-01 5.232604760362054019e-01 4.993656517857489874e-01 0 0 0 1
1.520621248310263395e+09 2.098227611400299564e-01 5.218587536638179536e-01 5.036324518822430374e-01 0 0 0 1
1.520621248318596363e+09 2.065010370268094420e-01 5.204484910145619203e-01 5.077285948213565714e-01 0 0 0 1
1.520621248326929569e+09 2.031892866833273636e-01 5.190958498651392361e-01 5.119773877717050947e-01 0 0 0 1
1.520621248335263491e+09 1.997200447097344789e-01 5.176150698023563868e-01 5.158282796979218876e-01 0 0 0 1
1.520621248343596458e+09 1.964005573598907040e-01 5.161836801676280562e-01 5.196968487701576489e-01 0 0 0 1
1.520621248351929426e+09 1.929087223538195062e-01 5.148151359755834822e-01 5.233692853485016894e-01 0 0 0 1
1.520621248360262394e+09 1.894955420255312051e-01 5.135355778395626070e-01 5.270882372345084832e-01 0 0 0 1
1.520621248368596554e+09 1.858772785038903530e-01 5.120748069088547627e-01 5.304627740279572734e-01 0 0 0 1
1.520621248376929522e+09 1.824314522673579075e-01 5.106676187260328348e-01 5.339045137512916650e-01 0 0 0 1
1.520621248385263443e+09 1.788908516049416697e-01 5.094821865248815307e-01 5.372626684152022047e-01 0 0 0 1
1.520621248393596411e+09 1.752751044876930120e-01 5.078404509388922961e-01 5.401941784176349515e-01 0 0 0 1
1.520621248401929617e+09 1.717999545110280302e-01 5.066567924047380433e-01 5.435066575061353600e-01 0 0 0 1
1.520621248410262585e+09 1.681914376999863459e-01 5.051873560364067428e-01 5.464084178512571555e-01 0 0 0 1
1.520621248418596506e+09 1.646320034565046386e-01 5.036699236997733697e-01 5.492284603821613320e-01 0 0 0 1
1.520621248426929474e+09 1.609993353616833156e-01 5.020773223290988518e-01 5.519152930130586387e-01 0 0 0 1
1.520621248435263634e+09 1.574216156875426487e-01 5.006393015868464413e-01 5.545167621282034442e-01 0 0 0 1
1.520621248443596363e+09 1.538021320913779411e-01 4.991685994118217340e-01 5.572218873839014375e-01 0 0 0 1
1.520621248451929331e+09 1.501626019667940959e-01 4.976156635875870760e-01 5.597638917186045227e-01 0 0 0 1
1.520621248460263491e+09 1.463861492496847383e-01 4.960743094044623991e-01 5.620414973460854391e-01 0 0 0 1
1.520621248468596458e+09 1.428019306262240384e-01 4.945339096443424620e-01 5.643168863906862232e-01 0 0 0 1
1.520621248476929665e+09 1.392798716929237735e-01 4.927906750988209628e-01 5.664898537565785652e-01 0 0 0 1
1.520621248485262394e+09 1.355865516036497409e-01 4.910909281074580801e-01 5.683914082033452164e-01 0 0 0 1
1.520621248493596554e+09 1.320752259543546137e-01 4.893417946558871190e-01 5.703353873508436589e-01 0 0 0 1
1.520621248501929522e+09 1.285071248850235826e-01 4.878050443270375292e-01 5.722761486065062186e-01 0 0 0 1
1.520621248510263443e+09 1.250985063262179953e-01 4.860560144414997619e-01 5.740054601951467550e-01 0 0 0 1
1.520621248518596411e+09 1.213718214191238376e-01 4.844147928869926290e-01 5.755892986488371221e-01 0 0 0 1
1.520621248526929617e+09 1.178828128509582518e-01 4.825309972924985980e-01 5.769719222014804139e-01 0 0 0 1
1.520621248535262585e+09 1.145409608480010277e-01 4.808287098970259743e-01 5.784889579136858195e-01 0 0 0 1
1.520621248543596268e+09 1.107677961488611196e-01 4.793106507377298819e-01 5.798798287340687363e-01 0 0 0 1
1.520621248551929474e+09 1.073535509076160022e-01 4.775088511033906413e-01 5.809920472980250050e-01 0 0 0 1
1.520621248560263634e+09 1.041588901010949142e-01 4.756390875682483532e-01 5.821452215194526936e-01 0 0 0 1
1.520621248568596601e+09 1.006164950957679771e-01 4.739755742610931577e-01 5.832569881917188948e-01 0 0 0 1
1.520621248576929569e+09 9.731980149669039459e-02 4.719821456650605263e-01 5.840183621737971009e-01 0 0 0 1
1.520621248585263491e+09 9.389358180893681016e-02 4.702813073728065452e-01 5.848703051193258062e-01 0 0 0 1
1.520621248593596458e+09 9.074071737640010404e-02 4.682284344239424634e-01 5.857475235953237824e-01 0 0 0 1
1.520621248601929665e+09 8.741369224303530139e-02 4.662742250289195756e-01 5.864790826748071950e-01 0 0 0 1
1.520621248610262632e+09 8.424086857784462978e-02 4.642709207059685372e-01 5.870088975725626934e-01 0 0 0 1
1.520621248618596554e+09 8.094923530046482796e-02 4.622993868114080307e-01 5.875434085219852776e-01 0 0 0 1
1.520621248626929522e+09 7.741596849161613836e-02 4.602538495353278858e-01 5.880089642430057495e-01 0 0 0 1
1.520621248635263681e+09 7.430721152827357567e-02 4.582426874198936573e-01 5.881827644347630279e-01 0 0 0 1
1.520621248643596411e+09 7.096180451607114748e-02 4.562363793298654935e-01 5.884919415734957138e-01 0 0 0 1
1.520621248651929379e+09 6.752926141278270400e-02 4.540250143765304780e-01 5.888657399905348200e-01 0 0 0 1
1.520621248660262585e+09 6.390398912441908053e-02 4.518081753222243924e-01 5.888113768466607389e-01 0 0 0 1
1.520621248668596506e+09 6.058431319505352963e-02 4.497625983786507353e-01 5.891423251478999923e-01 0 0 0 1
1.520621248676929712e+09 5.702228343717397063e-02 4.477521375275456128e-01 5.892206096820025163e-01 0 0 0 1
1.520621248685263395e+09 5.360099882757241030e-02 4.455884351934695786e-01 5.892672309462865243e-01 0 0 0 1
1.520621248693596601e+09 5.022848170412175239e-02 4.433409401467459654e-01 5.891146339241546404e-01 0 0 0 1
1.520621248701929569e+09 4.684006703617182854e-02 4.408647839990267325e-01 5.887407225817640199e-01 0 0 0 1
1.520621248710263491e+09 4.332669662799348842e-02 4.388039282609959013e-01 5.887596954164315832e-01 0 0 0 1
1.520621248718596458e+09 4.003520501773161211e-02 4.364468452413429178e-01 5.884082094540379337e-01 0 0 0 1
1.520621248726929426e+09 3.674793371274742704e-02 4.340356231525785979e-01 5.880314991761035337e-01 0 0 0 1
1.520621248735262632e+09 3.341861826447634076e-02 4.317602463576137861e-01 5.874712198253539963e-01 0 0 0 1
1.520621248743596315e+09 3.015576320325241699e-02 4.290795908903591305e-01 5.865301626840087046e-01 0 0 0 1
1.520621248751929522e+09 2.701983989306466771e-02 4.269470312763994913e-01 5.859680937247317978e-01 0 0 0 1
1.520621248760263443e+09 2.404404199564624811e-02 4.245530043762016370e-01 5.854791801816581209e-01 0 0 0 1
1.520621248768596649e+09 2.093732567817940815e-02 4.220701330183708744e-01 5.846485204036862005e-01 0 0 0 1
1.520621248776929617e+09 1.782115106235926394e-02 4.197081955666623898e-01 5.840252167559627505e-01 0 0 0 1
1.520621248785262346e+09 1.489581776196602370e-02 4.172342545987087203e-01 5.832695624725441341e-01 0 0 0 1
1.520621248793596506e+09 1.176398038879433727e-02 4.147567640445160020e-01 5.823642238635902135e-01 0 0 0 1
1.520621248801929474e+09 9.020093002949258754e-03 4.120903672582866273e-01 5.815326365863617841e-01 0 0 0 1
1.520621248810263395e+09 6.132935458104449289e-03 4.095162116602240054e-01 5.805484734104264799e-01 0 0 0 1
1.520621248818596363e+09 3.370305386651395452e-03 4.070526256688574152e-01 5.795790053502385408e-01 0 0 0 1
1.520621248826929569e+09 4.918140094551382013e-04 4.045512449205991290e-01 5.784730129260193809e-01 0 0 0 1
1.520621248835263491e+09 -2.297865818872757426e-03 4.017564624312686128e-01 5.772580858969413864e-01 0 0 0 1
1.520621248843596458e+09 -4.876027088517032038e-03 3.994267483515744344e-01 5.765857921450574519e-01 0 0 0 1
1.520621248851929426e+09 -7.408930994587892283e-03 3.970023238584339254e-01 5.757329641715729363e-01 0 0 0 1
1.520621248860262394e+09 -1.001785863693543943e-02 3.943135636634185204e-01 5.746019805890969501e-01 0 0 0 1
1.520621248868596554e+09 -1.242509549729198248e-02 3.918761269797689240e-01 5.737033615284692356e-01 0 0 0 1
1.520621248876929522e+09 -1.480501405204842635e-02 3.893963165719483421e-01 5.726464499824845955e-01 0 0 0 1
1.520621248885263443e+09 -1.710193170991419764e-02 3.868066542508757921e-01 5.717490367606736790e-01 0 0 0 1
1.520621248893596411e+09 -1.938820769976384861e-02 3.845643577525632018e-01 5.708801016394093875e-01 0 0 0 1
1.520621248901929617e+09 -2.147444229045419872e-02 3.821248242371432235e-01 5.701843940491007068e-01 0 0 0 1
1.520621248910262585e+09 -2.378751911263293772e-02 3.799753571276348607e-01 5.695238384385905572e-01 0 0 0 1
1.520621248918596506e+09 -2.566267844877773152e-02 3.774065925268744737e-01 5.686929980905921500e-01 0 0 0 1
1.520621248926929474e+09 -2.761147213350673146e-02 3.751694746961712346e-01 5.679636178236830979e-01 0 0 0 1
1.520621248935263634e+09 -2.953614440579455103e-02 3.727601541909897898e-01 5.672149335433280815e-01 0 0 0 1
1.520621248943596363e+09 -3.144846991775096523e-02 3.703439930604794372e-01 5.664504820833646814e-01 0 0 0 1
1.520621248951929331e+09 -3.333784184152988050e-02 3.680860191149785132e-01 5.657333414626317669e-01 0 0 0 1
1.520621248960263491e+09 -3.502561482589122699e-02 3.654853055255086747e-01 5.649951101437287182e-01 0 0 0 1
1.520621248968596458e+09 -3.677187964282946364e-02 3.628950851161032998e-01 5.641508034878635058e-01 0 0 0 1
1.520621248976929665e+09 -3.837784050196074714e-02 3.604640928417863766e-01 5.633753027898902310e-01 0 0 0 1
1.520621248985262394e+09 -4.008172244948104979e-02 3.582199150084464101e-01 5.628429151634968264e-01 0 0 0 1
1.520621248993596554e+09 -4.144707333129743487e-02 3.556053632239976059e-01 5.619065376392842204e-01 0 0 0 1
1.520621249001929522e+09 -4.289900461765838724e-02 3.528583493777008862e-01 5.610570203159881419e-01 0 0 0 1
1.520621249010263443e+09 -4.415007919243529866e-02 3.503255344705815677e-01 5.602239510897306651e-01 0 0 0 1
1.520621249018596411e+09 -4.562167155135959939e-02 3.480328524928187339e-01 5.595340697455619683e-01 0 0 0 1
1.520621249026929617e+09 -4.666073719219865357e-02 3.454260281905414121e-01 5.588316494865444017e-01 0 0 0 1
1.520621249035262585e+09 -4.764347275909136536e-02 3.431194351539362808e-01 5.580654131613327351e-01 0 0 0 1
1.520621249043596268e+09 -4.846949933080285655e-02 3.406610149380148722e-01 5.572953700219844819e-01 0 0 0 1
1.520621249051929474e+09 -4.928161610611164756e-02 3.384216559587447382e-01 5.564324177303627827e-01 0 0 0 1
1.520621249060263634e+09 -4.989277552380699809e-02 3.361379260721916173e-01 5.558422380884755487e-01 0 0 0 1
1.520621249068596601e+09 -5.061467572085154298e-02 3.339108908613739879e-01 5.548015190070472169e-01 0 0 0 1
1.520621249076929569e+09 -5.111474487091632879e-02 3.317334367855797606e-01 5.540946538848026126e-01 0 0 0 1
1.520621249085263491e+09 -5.167513691506508966e-02 3.298425724718750951e-01 5.534580246740350429e-01 0 0 0 1
1.520621249093596458e+09 -5.189808255906280809e-02 3.280037486066454400e-01 5.530506340288152689e-01 0 0 0 1
1.520621249101929665e+09 -5.210383339551222237e-02 3.259287391974735049e-01 5.522135363753981618e-01 0 0 0 1
1.520621249110262632e+09 -5.228188734609651167e-02 3.240907852396803790e-01 5.514586416236639810e-01 0 0 0 1
1.520621249118596554e+09 -5.223138434055329959e-02 3.224062507329596983e-01 5.508061526594665303e-01 0 0 0 1
1.520621249126929522e+09 -5.216440073814526679e-02 3.207854056474859217e-01 5.501967902139635047e-01 0 0 0 1
1.520621249135263681e+09 -5.220262938054803792e-02 3.192477471441387826e-01 5.497135202588459002e-01 0 0 0 1
1.520621249143596411e+09 -5.183959348904071396e-02 3.178978173817412767e-01 5.490872259459691485e-01 0 0 0 1
1.520621249151929379e+09 -5.149419014887507418e-02 3.166932031705342321e-01 5.486117935495695708e-01 0 0 0 1
1.520621249160262585e+09 -5.120548446329131753e-02 3.154277743259947808e-01 5.478238370142918257e-01 0 0 0 1
1.520621249168596506e+09 -5.060763422431413527e-02 3.143535420018321869e-01 5.474337389068504311e-01 0 0 0 1
1.520621249176929712e+09 -5.014728463468759445e-02 3.133471564450536206e-01 5.470252483675457356e-01 0 0 0 1
1.520621249185263395e+09 -4.915315208515352863e-02 3.125170618733640326e-01 5.465086087181600938e-01 0 0 0 1
1.520621249193596601e+09 -4.824907331630673424e-02 3.117994072338845513e-01 5.460995359311295871e-01 0 0 0 1
1.520621249201929569e+09 -4.702837904222828547e-02 3.111919129283376995e-01 5.458030258913744159e-01 0 0 0 1
1.520621249210263491e+09 -4.604186033181245641e-02 3.105053522107292241e-01 5.455486779522242813e-01 0 0 0 1
1.520621249218596458e+09 -4.476792380967598017e-02 3.098460279871520506e-01 5.451496619631743812e-01 0 0 0 1
1.520621249226929426e+09 -4.333930487192533265e-02 3.093474520135814365e-01 5.447875571840485875e-01 0 0 0 1
1.520621249235262632e+09 -4.184465924679625637e-02 3.089390762442160154e-01 5.446696209376262754e-01 0 0 0 1
1.520621249243596315e+09 -4.014212012362672333e-02 3.085968301206715170e-01 5.444813087511968241e-01 0 0 0 1
1.520621249251929522e+09 -3.838344617652417190e-02 3.084063375931817008e-01 5.440370915607171121e-01 0 0 0 1
1.520621249260263443e+09 -3.637741237376934667e-02 3.083347197719592536e-01 5.440685415802306579e-01 0 0 0 1
1.520621249268596649e+09 -3.454044615472035007e-02 3.083792998292728127e-01 5.439211714335114856e-01 0 0 0 1
1.520621249276929617e+09 -3.233963587627847192e-02 3.082391560364470262e-01 5.437748985755812559e-01 0 0 0 1
1.520621249285262346e+09 -3.031305352409313647e-02 3.081935797400383592e-01 5.436455481566366821e-01 0 0 0 1
1.520621249293596506e+09 -2.775971318777686880e-02 3.083308991963796819e-01 5.436762150847960218e-01 0 0 0 1
1.520621249301929474e+09 -2.547499263579111606e-02 3.083647919096597079e-01 5.435738001715271217e-01 0 0 0 1
1.520621249310263395e+09 -2.289294835764715819e-02 3.085115039346092991e-01 5.434853518404205719e-01 0 0 0 1
1.520621249318596363e+09 -2.020912710832750703e-02 3.085780953125522585e-01 5.435175565926746444e-01 0 0 0 1
1.520621249326929569e+09 -1.735699459620981822e-02 3.086962897032836661e-01 5.435104552360259245e-01 0 0 0 1
1.520621249335263491e+09 -1.432080442313904411e-02 3.088588010350213353e-01 5.434312129967266980e-01 0 0 0 1
1.520621249343596458e+09 -1.121019103940451567e-02 3.091751444993702802e-01 5.434500209214532251e-01 0 0 0 1
1.520621249351929426e+09 -8.154903663875723296e-03 3.094164002592482143e-01 5.435642724759175426e-01 0 0 0 1
1.520621249360262394e+09 -4.677487274200253786e-03 3.095076188455018196e-01 5.434127504970887035e-01 0 0 0 1
1.520621249368596554e+09 -1.288690545379334029e-03 3.095399694130924195e-01 5.432849414848810454e-01 0 0 0 1
1.520621249376929522e+09 2.222861945626208868e-03 3.097127025544123002e-01 5.432839075132824824e-01 0 0 0 1
1.520621249385263443e+09 5.678018877034562983e-03 3.099436769111368339e-01 5.430665593662105106e-01 0 0 0 1
1.520621249393596411e+09 9.444755313089692184e-03 3.099406307761495283e-01 5.428952401770956726e-01 0 0 0 1
1.520621249401929617e+09 1.299673338434820247e-02 3.099714108034510307e-01 5.426080534263306721e-01 0 0 0 1
1.520621249410262585e+09 1.707413169463045666e-02 3.100302152765979646e-01 5.425813327589792401e-01 0 0 0 1
1.520621249418596506e+09 2.062195749040363069e-02 3.097777138624090432e-01 5.422600131764689912e-01 0 0 0 1
1.520621249426929474e+09 2.484129195739670504e-02 3.097760428835089064e-01 5.424830167801182323e-01 0 0 0 1
1.520621249435263634e+09 2.865235156827361518e-02 3.096693013588591725e-01 5.421861935675629240e-01 0 0 0 1
1.520621249443596363e+09 3.256127787300933107e-02 3.091173793003197390e-01 5.413723781494721443e-01 0 0 0 1
1.520621249451929331e+09 3.654584408186745126e-02 3.092330083588651912e-01 5.414381718269274391e-01 0 0 0 1
1.520621249460263491e+09 4.063060432553589063e-02 3.087789401985967519e-01 5.410303087905834474e-01 0 0 0 1
1.520621249468596458e+09 4.480979538656104655e-02 3.084266255828017611e-01 5.407338709683147115e-01 0 0 0 1
1.520621249476929665e+09 4.921770100404021520e-02 3.078253475227092917e-01 5.403352687751115102e-01 0 0 0 1
1.520621249485262394e+09 5.336326866900520383e-02 3.072697450968596145e-01 5.395633846895238062e-01 0 0 0 1
1.520621249493596554e+09 5.772720232019701303e-02 3.065345511866725547e-01 5.390495764109735077e-01 0 0 0 1
1.520621249501929522e+09 6.180241836446376258e-02 3.055567004578777501e-01 5.383133279962630802e-01 0 0 0 1
1.520621249510263443e+09 6.593258712029170798e-02 3.046175447930127289e-01 5.373992635339011059e-01 0 0 0 1
1.520621249518596411e+09 7.038929706745222781e-02 3.037847970251649765e-01 5.372154233182555583e-01 0 0 0 1
1.520621249526929617e+09 7.463075247620587493e-02 3.027257535317492421e-01 5.366592937271710273e-01 0 0 0 1
1.520621249535262585e+09 7.902584135045986891e-02 3.015458304346807505e-01 5.361681113119733944e-01 0 0 0 1
1.520621249543596268e+09 8.341369045338431487e-02 3.004001724999061373e-01 5.355349778609881373e-01 0 0 0 1
1.520621249551929474e+09 8.774691686681912461e-02 2.991731096450578331e-01 5.350051698770836861e-01 0 0 0 1
1.520621249560263634e+09 9.212604760747311605e-02 2.978441069752293946e-01 5.344099053928466070e-01 0 0 0 1
1.520621249568596601e+09 9.654458835045398590e-02 2.962252733209777555e-01 5.334436322819438026e-01 0 0 0 1
1.520621249576929569e+09 1.008801672019354889e-01 2.951362135750864035e-01 5.331752150182131889e-01 0 0 0 1
1.520621249585263491e+09 1.055290915026556586e-01 2.936369062711363109e-01 5.327131802790545656e-01 0 0 0 1
1.520621249593596458e+09 1.100190401891943948e-01 2.921887735941496866e-01 5.320623968139850390e-01 0 0 0 1
1.520621249601929665e+09 1.146144037960079576e-01 2.905249460268310435e-01 5.313168454238732519e-01 0 0 0 1
1.520621249610262632e+09 1.193533193856303187e-01 2.891196224763984413e-01 5.308087627665252217e-01 0 0 0 1
1.520621249618596554e+09 1.239837191767509950e-01 2.874404740152267657e-01 5.300967779920771061e-01 0 0 0 1
1.520621249626929522e+09 1.285195901297236931e-01 2.858510444592322619e-01 5.294416707385842802e-01 0 0 0 1
1.520621249635263681e+09 1.329693901237022358e-01 2.842590022283917883e-01 5.285790284034899145e-01 0 0 0 1
1.520621249643596411e+09 1.374946218558862343e-01 2.825562909358511066e-01 5.278184866964636957e-01 0 0 0 1
1.520621249651929379e+09 1.422620776055598668e-01 2.809138832975555111e-01 5.273107376834225146e-01 0 0 0 1
1.520621249660262585e+09 1.471659776699133504e-01 2.790178652544516580e-01 5.264876742495414597e-01 0 0 0 1
1.520621249668596506e+09 1.517191829080479781e-01 2.771759975324566416e-01 5.255707918968135495e-01 0 0 0 1
1.520621249676929712e+09 1.563895585793372289e-01 2.754426682509836799e-01 5.250210000673547484e-01 0 0 0 1
1.520621249685263395e+09 1.609710665636171489e-01 2.736094159771652046e-01 5.242071135354544609e-01 0 0 0 1
1.520621249693596601e+09 1.657588443399065081e-01 2.716310851921326930e-01 5.234347006777066991e-01 0 0 0 1
1.520621249701929569e+09 1.702514406319767248e-01 2.697393335057391428e-01 5.227558961402150040e-01 0 0 0 1
1.520621249710263491e+09 1.749141154755394778e-01 2.676834169353791704e-01 5.219805487963549151e-01 0 0 0 1
1.520621249718596458e+09 1.794586002914306810e-01 2.658540518670433617e-01 5.212637678013904985e-01 0 0 0 1
1.520621249726929426e+09 1.839407955158369745e-01 2.637921660064144747e-01 5.203731318546196416e-01 0 0 0 1
1.520621249735262632e+09 1.884705964988631077e-01 2.618186675794977880e-01 5.195487251773904802e-01 0 0 0 1
1.520621249743596315e+09 1.929587090848443598e-01 2.597781293268055514e-01 5.187041529316092081e-01 0 0 0 1
1.520621249751929522e+09 1.974139016307685512e-01 2.578533522021556612e-01 5.178391912981423761e-01 0 0 0 1
1.520621249760263443e+09 2.019291783576170340e-01 2.557397552903113436e-01 5.169602916567577200e-01 0 0 0 1
1.520621249768596649e+09 2.064261077974502978e-01 2.536628624282256661e-01 5.161852324762890021e-01 0 0 0 1
1.520621249776929617e+09 2.108434761992523665e-01 2.515558311899860899e-01 5.151984958312514351e-01 0 0 0 1
1.520621249785262346e+09 2.152759251816251940e-01 2.494420689732949614e-01 5.143342527129610708e-01 0 0 0 1
1.520621249793596506e+09 2.196573727335302539e-01 2.472043058720405084e-01 5.135326481409361321e-01 0 0 0 1
1.520621249801929474e+09 2.239416579486455117e-01 2.450262206460420700e-01 5.126151583371927334e-01 0 0 0 1
1.520621249810263395e+09 2.282752347174183960e-01 2.426683351964470381e-01 5.117574684426815512e-01 0 0 0 1
1.520621249818596363e+09 2.326496109589613059e-01 2.404942704100571649e-01 5.109307376027358849e-01 0 0 0 1
1.520621249826929569e+09 2.367107758653729244e-01 2.381232658909850919e-01 5.097438829182707742e-01 0 0 0 1
1.520621249835263491e+09 2.409060933194197007e-01 2.360025857426509832e-01 5.088311076570641855e-01 0 0 0 1
1.520621249843596458e+09 2.449466873645816944e-01 2.337381907178843754e-01 5.076665411111316306e-01 0 0 0 1
1.520621249851929426e+09 2.490238134459252795e-01 2.315600412632693450e-01 5.065330040696434111e-01 0 0 0 1
1.520621249860262394e+09 2.530503746543721899e-01 2.293054319140942487e-01 5.054149003556729358e-01 0 0 0 1
1.520621249868596554e+09 2.570423770716765421e-01 2.272664698111868109e-01 5.041562008620237290e-01 0 0 0 1
1.520621249876929522e+09 2.609922967781280745e-01 2.250928113810635178e-01 5.030733265302294033e-01 0 0 0 1
1.520621249885263443e+09 2.650082956758501584e-01 2.231009838293397385e-01 5.018769271855587633e-01 0 0 0 1
1.520621249893596411e+09 2.689923150292000686e-01 2.210283069973038583e-01 5.006834689084032064e-01 0 0 0 1
1.520621249901929617e+09 2.729172340601420110e-01 2.191536903716924667e-01 4.993611562154154360e-01 0 0 0 1
1.520621249910262585e+09 2.764978319691336894e-01 2.173320666024552428e-01 4.981921045642514478e-01 0 0 0 1
1.520621249918596506e+09 2.803626113018595767e-01 2.156338536859948585e-01 4.968622523329118135e-01 0 0 0 1
1.520621249926929474e+09 2.840835334807545465e-01 2.138295463798862150e-01 4.955694912242263328e-01 0 0 0 1
1.520621249935263634e+09 2.878103427631648614e-01 2.122078406849370324e-01 4.941882771376302497e-01 0 0 0 1
1.520621249943596363e+09 2.915565544602405357e-01 2.106334491816613252e-01 4.928385626700741984e-01 0 0 0 1
1.520621249951929331e+09 2.950637217486640207e-01 2.092164430760234395e-01 4.916343429137939314e-01 0 0 0 1
1.520621249960263491e+09 2.985647412322436356e-01 2.077739455353934117e-01 4.904213011406279854e-01 0 0 0 1
1.520621249968596458e+09 3.020297927312237674e-01 2.066248411953429120e-01 4.890896430007434237e-01 0 0 0 1
1.520621249976929665e+09 3.055175610866398550e-01 2.052877602649007538e-01 4.879813048814667376e-01 0 0 0 1
1.520621249985262394e+09 3.088745391175459210e-01 2.042384442540814415e-01 4.868071638403286272e-01 0 0 0 1
1.520621249993596554e+09 3.122309320192271365e-01 2.031230452888010407e-01 4.856645297065387279e-01 0 0 0 1
1.520621250001929522e+09 3.154643682349314027e-01 2.022304514160148670e-01 4.846497966259530887e-01 0 0 0 1
1.520621250010263443e+09 3.186229668345295085e-01 2.012977911721458013e-01 4.837948989769738084e-01 0 0 0 1
1.520621250018596411e+09 3.217164643600322060e-01 2.006236470488886314e-01 4.827287651132170510e-01 0 0 0 1
1.520621250026929617e+09 3.246860387612180432e-01 1.999228190207006373e-01 4.818521761759799737e-01 0 0 0 1
1.520621250035262585e+09 3.275983646324218679e-01 1.992476624717255396e-01 4.810843724209168393e-01 0 0 0 1
1.520621250043596268e+09 3.306239535703633381e-01 1.986445760978410302e-01 4.802176762121570519e-01 0 0 0 1
1.520621250051929474e+09 3.332357170875539509e-01 1.982429654158688326e-01 4.794839706549491876e-01 0 0 0 1
1.520621250060263634e+09 3.359900549739227582e-01 1.976465571088955597e-01 4.790003320842428636e-01 0 0 0 1
1.520621250068596601e+09 3.384124994337747161e-01 1.973759199829098754e-01 4.782967044646320165e-01 0 0 0 1
1.520621250076929569e+09 3.408248942426643779e-01 1.968754640787225840e-01 4.779467477221390759e-01 0 0 0 1
1.520621250085263491e+09 3.433722156780831813e-01 1.965273327821036586e-01 4.775855246415219302e-01 0 0 0 1
1.520621250093596458e+09 3.457575741552332271e-01 1.962365545155134172e-01 4.771789947743922955e-01 0 0 0 1
1.520621250101929665e+09 3.478446937248631521e-01 1.962046203431997982e-01 4.768562607966508882e-01 0 0 0 1
1.520621250110262632e+09 3.499675281305949515e-01 1.960656604500337630e-01 4.765261085047807210e-01 0 0 0 1
1.520621250118596554e+09 3.522181095109159221e-01 1.958633013248064492e-01 4.762143476429483435e-01 0 0 0 1
1.520621250126929522e+09 3.541256101082496111e-01 1.958574013003243075e-01 4.759778221987605029e-01 0 0 0 1
1.520621250135263681e+09 3.563341259344177114e-01 1.956388506128410865e-01 4.758303569576438630e-01 0 0 0 1
1.520621250143596411e+09 3.582046936272554882e-01 1.957579996382053933e-01 4.757086125249310182e-01 0 0 0 1
1.520621250151929379e+09 3.601742038713623417e-01 1.956886325717364650e-01 4.756853866956880506e-01 0 0 0 1
1.520621250160262585e+09 3.620443098735821597e-01 1.956637674617880962e-01 4.757969276701079497e-01 0 0 0 1
1.520621250168596506e+09 3.638440117799939255e-01 1.957605120206042937e-01 4.757147381250690366e-01 0 0 0 1
1.520621250176929712e+09 3.654996818545902526e-01 1.959299827117241266e-01 4.757195922174917158e-01 0 0 0 1
1.520621250185263395e+09 3.671420974976238316e-01 1.960159430423022986e-01 4.757169788916384423e-01 0 0 0 1
1.520621250193596601e+09 3.686725305407883013e-01 1.961898248017674984e-01 4.756755457663233155e-01 0 0 0 1
1.520621250201929569e+09 3.702009266080363847e-01 1.962353049565571106e-01 4.755382102476541917e-01 0 0 0 1
1.520621250210263491e+09 3.717339668103477601e-01 1.963561708839410280e-01 4.755896305333973118e-01 0 0 0 1
1.520621250218596458e+09 3.730815900483052117e-01 1.965968846450188434e-01 4.757640531765494618e-01 0 0 0 1
1.520621250226929426e+09 3.745433435713801940e-01 1.966436922136444165e-01 4.757703228332643697e-01 0 0 0 1
1.520621250235262632e+09 3.758588073159252474e-01 1.968267523344068293e-01 4.758150447226230373e-01 0 0 0 1
1.520621250243596315e+09 3.771313117556870376e-01 1.970314436783575096e-01 4.758078629133699611e-01 0 0 0 1
1.520621250251929522e+09 3.784286541175575502e-01 1.972421148804960889e-01 4.756861419386535506e-01 0 0 0 1
1.520621250260263443e+09 3.796005663016253084e-01 1.975474832777165957e-01 4.757425806230655141e-01 0 0 0 1
1.520621250268596649e+09 3.806467878687097572e-01 1.977485836571238886e-01 4.757496278231068132e-01 0 0 0 1
1.520621250276929617e+09 3.817668457567783280e-01 1.980119611381386258e-01 4.754918730373653979e-01 0 0 0 1
1.520621250285262346e+09 3.828551732967593324e-01 1.983475001132559701e-01 4.753662927556445705e-01 0 0 0 1
1.520621250293596506e+09 3.836968633153650110e-01 1.988211054545767076e-01 4.753116769048173484e-01 0 0 0 1
1.520621250301929474e+09 3.847148856255336868e-01 1.990719101503196642e-01 4.752109588072856994e-01 0 0 0 1
1.520621250310263395e+09 3.852520107172915376e-01 1.995731261220733965e-01 4.753285030731968508e-01 0 0 0 1
1.520621250318596363e+09 3.862969787866972204e-01 1.995689806507197073e-01 4.748774161678523953e-01 0 0 0 1
1.520621250326929569e+09 3.870120474493009555e-01 1.997388040841744372e-01 4.746858067465600239e-01 0 0 0 1
1.520621250335263491e+09 3.877254015837841017e-01 2.001284696502255711e-01 4.745730537752828049e-01 0 0 0 1
1.520621250343596458e+09 3.883435819433724845e-01 2.004575010405617586e-01 4.744097022925146678e-01 0 0 0 1
1.520621250351929426e+09 3.890790051866618304e-01 2.006644991372493747e-01 4.744846997043234982e-01 0 0 0 1
1.520621250360262394e+09 3.894898361587444402e-01 2.010458479987752289e-01 4.741996475076437623e-01 0 0 0 1
1.520621250368596554e+09 3.901488603961907886e-01 2.011599688609129188e-01 4.739056107557271247e-01 0 0 0 1
1.520621250376929522e+09 3.904992763844575832e-01 2.011842235914652055e-01 4.734360930740935114e-01 0 0 0 1
1.520621250385263443e+09 3.909213477508126644e-01 2.016266003158285747e-01 4.733211498293816710e-01 0 0 0 1
1.520621250393596411e+09 3.913205438295246363e-01 2.018316757734097688e-01 4.729369437144639310e-01 0 0 0 1
1.520621250401929617e+09 3.913844050848661604e-01 2.020502572269267660e-01 4.725262253896580500e-01 0 0 0 1
1.520621250410262585e+09 3.916701704790186422e-01 2.023091284829678371e-01 4.720973964199504103e-01 0 0 0 1
1.520621250418596506e+09 3.918804880681902025e-01 2.024446457487993345e-01 4.718449074114603459e-01 0 0 0 1
1.520621250426929474e+09 3.920563319087422283e-01 2.026743279124029185e-01 4.712635845218720032e-01 0 0 0 1
1.520621250435263634e+09 3.923272658106147226e-01 2.026646934517336018e-01 4.706680623817438569e-01 0 0 0 1
1.520621250443596363e+09 3.923883890117384476e-01 2.029604711178499832e-01 4.701790805051375699e-01 0 0 0 1
1.520621250451929331e+09 3.924550951492749018e-01 2.032694154086558957e-01 4.697966307078325077e-01 0 0 0 1
1.520621250460263491e+09 3.925227836850795349e-01 2.034507479221910886e-01 4.691034891614642710e-01 0 0 0 1
1.520621250468596458e+09 3.925750555574815115e-01 2.035816679515892735e-01 4.685206069499967541e-01 0 0 0 1
1.520621250476929665e+09 3.925925349232688433e-01 2.037327423027269213e-01 4.679808647800769439e-01 0 0 0 1
1.520621250485262394e+09 3.924131953258560568e-01 2.034354809220600968e-01 4.672188949650273315e-01 0 0 0 1
1.520621250493596554e+09 3.922810569104252520e-01 2.035590919942588117e-01 4.666604439239112612e-01 0 0 0 1
1.520621250501929522e+09 3.920037939602518673e-01 2.035539830447238852e-01 4.660979255134671817e-01 0 0 0 1
1.520621250510263443e+09 3.916555439181937937e-01 2.037808027875569472e-01 4.652078417662288690e-01 0 0 0 1
1.520621250518596411e+09 3.911695526983705040e-01 2.036855234466991016e-01 4.645346187398837756e-01 0 0 0 1
1.520621250526929617e+09 3.908127219291755994e-01 2.036242814078667585e-01 4.637676549910931811e-01 0 0 0 1
1.520621250535262585e+09 3.904987632273331233e-01 2.035824487327816956e-01 4.630482532943096530e-01 0 0 0 1
1.520621250543596268e+09 3.900941536186892655e-01 2.032794021018737851e-01 4.623172973436298072e-01 0 0 0 1
1.520621250551929474e+09 3.897343070711518642e-01 2.032490988562249412e-01 4.618000110557523019e-01 0 0 0 1
1.520621250560263634e+09 3.893374680806515054e-01 2.030197753057253474e-01 4.608856975247912491e-01 0 0 0 1
1.520621250568596601e+09 3.884632002258721073e-01 2.031714899303918020e-01 4.600103193753000141e-01 0 0 0 1
1.520621250576929569e+09 3.880376438177459697e-01 2.028741027600462488e-01 4.592385977256792096e-01 0 0 0 1
1.520621250585263491e+09 3.874433641400454320e-01 2.033005759033367776e-01 4.585726315646738716e-01 0 0 0 1
1.520621250593596458e+09 3.869221899479946547e-01 2.032999976925017882e-01 4.578014919087201040e-01 0 0 0 1
1.520621250601929665e+09 3.865862477064769820e-01 2.026510143438833844e-01 4.572544575278527645e-01 0 0 0 1
1.520621250610262632e+09 3.860616388920661279e-01 2.030851318692319940e-01 4.563214769607544241e-01 0 0 0 1
1.520621250618596554e+09 3.854627187946734201e-01 2.028272546679559807e-01 4.554665378910187634e-01 0 0 0 1
1.520621250626929522e+09 3.845144820503424432e-01 2.028898595826911788e-01 4.547252132214054665e-01 0 0 0 1
1.520621250635263681e+09 3.840759798918634838e-01 2.029553993770003562e-01 4.539028043202326668e-01 0 0 0 1
1.520621250643596411e+09 3.833111269536276788e-01 2.027831837234842505e-01 4.529937312602456689e-01 0 0 0 1
1.520621250651929379e+09 3.826479287632720272e-01 2.027729777849552883e-01 4.525782607674093683e-01 0 0 0 1
1.520621250660262585e+09 3.820535373412391467e-01 2.028749533530047056e-01 4.517461406545373315e-01 0 0 0 1
1.520621250668596506e+09 3.811527502218938768e-01 2.029188764002618495e-01 4.507916793689183965e-01 0 0 0 1
1.520621250676929712e+09 3.805574879261393040e-01 2.028584665915839635e-01 4.499896063945951763e-01 0 0 0 1
1.520621250685263395e+09 3.796033433915197985e-01 2.027262453200318060e-01 4.493735486208210173e-01 0 0 0 1
1.520621250693596601e+09 3.789963084535542537e-01 2.030924132884991407e-01 4.484429277249839529e-01 0 0 0 1
1.520621250701929569e+09 3.781278108587817766e-01 2.031865941344654924e-01 4.476196051344230042e-01 0 0 0 1
1.520621250710263491e+09 3.773674734595681146e-01 2.033057963947386693e-01 4.470565998637781036e-01 0 0 0 1
1.520621250718596458e+09 3.764687008484293163e-01 2.034202795530204999e-01 4.464535940615717013e-01 0 0 0 1
1.520621250726929426e+09 3.755674754081553823e-01 2.036582843444044166e-01 4.458960711487407469e-01 0 0 0 1
1.520621250735262632e+09 3.746415303199375213e-01 2.040174567628543767e-01 4.453151092031959468e-01 0 0 0 1
1.520621250743596315e+09 3.734636868832087453e-01 2.042733300245746508e-01 4.448707453185891669e-01 0 0 0 1
1.520621250751929522e+09 3.725243447739098324e-01 2.051049641602371021e-01 4.442434122017517861e-01 0 0 0 1
1.520621250760263443e+09 3.716011109310605187e-01 2.054212195356374115e-01 4.437375472955149558e-01 0 0 0 1
1.520621250768596649e+09 3.705848216423484054e-01 2.058493659362297112e-01 4.434902623950092160e-01 0 0 0 1
1.520621250776929617e+09 3.696157120016901887e-01 2.064602109727703971e-01 4.431264189790879993e-01 0 0 0 1
1.520621250785262346e+09 3.685949978526907866e-01 2.068679454570450105e-01 4.428450200643396784e-01 0 0 0 1
1.520621250793596506e+09 3.675906293763330224e-01 2.074408787662889164e-01 4.426434865684159004e-01 0 0 0 1
1.520621250801929474e+09 3.665297068458586160e-01 2.076626390899861119e-01 4.425860640364720489e-01 0 0 0 1
1.520621250810263395e+09 3.655729840490068439e-01 2.087575612811820580e-01 4.423601871716071887e-01 0 0 0 1
1.520621250818596363e+09 3.644641061499592771e-01 2.091128373851309230e-01 4.423838243811666349e-01 0 0 0 1
1.520621250826929569e+09 3.635753724479895421e-01 2.100654946486731900e-01 4.422414048901528449e-01 0 0 0 1
1.520621250835263491e+09 3.625794234332665456e-01 2.104887912393237359e-01 4.422789993373947848e-01 0 0 0 1
1.520621250843596458e+09 3.616320890812908528e-01 2.114303909792404901e-01 4.423503882113495322e-01 0 0 0 1
1.520621250851929426e+09 3.604953395311647490e-01 2.121218657648988315e-01 4.426251439809585353e-01 0 0 0 1
1.520621250860262394e+09 3.595366085121688426e-01 2.129209746231906508e-01 4.427132962050117637e-01 0 0 0 1
1.520621250868596554e+09 3.585470341100038816e-01 2.138694549554484015e-01 4.430783892999456963e-01 0 0 0 1
1.520621250876929522e+09 3.574555200178989312e-01 2.146788338973717458e-01 4.430172872378861371e-01 0 0 0 1
1.520621250885263443e+09 3.564871115692492820e-01 2.162745605014640415e-01 4.432580392617491150e-01 0 0 0 1
1.520621250893596411e+09 3.558026108823908462e-01 2.168178255402042898e-01 4.440168184510762117e-01 0 0 0 1
1.520621250901929617e+09 3.549148687907831556e-01 2.177063631499416840e-01 4.442527438251770988e-01 0 0 0 1
1.520621250910262585e+09 3.539831589666699863e-01 2.192587942654969368e-01 4.453553493786286399e-01 0 0 0 1
1.520621250918596506e+09 3.529217696822484207e-01 2.202126424704364260e-01 4.457112654522328299e-01 0 0 0 1
1.520621250926929474e+09 3.521409693947871178e-01 2.215890872188284177e-01 4.456076497432621686e-01 0 0 0 1
1.520621250935263634e+09 3.511345031810664263e-01 2.225028302930139312e-01 4.460430847749408123e-01 0 0 0 1
1.520621250943596363e+09 3.500370400963692674e-01 2.234590543237122695e-01 4.469985040168837909e-01 0 0 0 1
1.520621250951929331e+09 3.490274218599443978e-01 2.244465195694475557e-01 4.475486435280973119e-01 0 0 0 1
1.520621250960263491e+09 3.481343295118115577e-01 2.252935184942017055e-01 4.482467263088953935e-01 0 0 0 1
1.520621250968596458e+09 3.472517445843852357e-01 2.260527800327557513e-01 4.485289911018002229e-01 0 0 0 1
1.520621250976929665e+09 3.461476830042825581e-01 2.270721443124277816e-01 4.494156162243712060e-01 0 0 0 1
1.520621250985262394e+09 3.451234720021119085e-01 2.280596566420555193e-01 4.500871856758423828e-01 0 0 0 1
1.520621250993596554e+09 3.441983507052438496e-01 2.289915770321678812e-01 4.505951455239527448e-01 0 0 0 1
1.520621251001929522e+09 3.430970464861070601e-01 2.295698703278200581e-01 4.513479859700249008e-01 0 0 0 1
1.520621251010263443e+09 3.422748019567724009e-01 2.304618641724744399e-01 4.517967077088231864e-01 0 0 0 1
1.520621251018596411e+09 3.415917581497452948e-01 2.311904023326561974e-01 4.521085682547698603e-01 0 0 0 1
1.520621251026929617e+09 3.406340121084550088e-01 2.322350715068105531e-01 4.530328366913447535e-01 0 0 0 1
1.520621251035262585e+09 3.397334929006897708e-01 2.330464418253664904e-01 4.533297019848971932e-01 0 0 0 1
1.520621251043596268e+09 3.390054929622138280e-01 2.338672395247168301e-01 4.538266482993962292e-01 0 0 0 1
1.520621251051929474e+09 3.379646864810480489e-01 2.345613149143766507e-01 4.543298028947733158e-01 0 0 0 1
1.520621251060263634e+09 3.369620226525156248e-01 2.352028442731610158e-01 4.546712727124726516e-01 0 0 0 1
1.520621251068596601e+09 3.360186993256653043e-01 2.358177532538963672e-01 4.550328462414008346e-01 0 0 0 1
1.520621251076929569e+09 3.351806295170729477e-01 2.365335770195544085e-01 4.555384025100441825e-01 0 0 0 1
1.520621251085263491e+09 3.342234875563512286e-01 2.370739046079438639e-01 4.559103695877508855e-01 0 0 0 1
1.520621251093596458e+09 3.332645604194259814e-01 2.376163595535975559e-01 4.560143748795812968e-01 0 0 0 1
1.520621251101929665e+09 3.323474446058696241e-01 2.380609134835328655e-01 4.562142529909758437e-01 0 0 0 1
1.520621251110262632e+09 3.311719512759233597e-01 2.384158311951410369e-01 4.564779272998613635e-01 0 0 0 1
1.520621251118596554e+09 3.300196763589338111e-01 2.389267977026378054e-01 4.566144156969058621e-01 0 0 0 1
1.520621251126929522e+09 3.288677493760039372e-01 2.392553561632553838e-01 4.567545590597532623e-01 0 0 0 1
1.520621251135263681e+09 3.277387510952110006e-01 2.394985118245998579e-01 4.568858470047816311e-01 0 0 0 1
1.520621251143596411e+09 3.264280776492169966e-01 2.397812410533574634e-01 4.569895833377333183e-01 0 0 0 1
1.520621251151929379e+09 3.252091633531482007e-01 2.401550797263075632e-01 4.573309861949197419e-01 0 0 0 1
1.520621251160262585e+09 3.239623954806526429e-01 2.402175551296504286e-01 4.573671075565748367e-01 0 0 0 1
1.520621251168596506e+09 3.225791093725107750e-01 2.403295748403349030e-01 4.574948479175064975e-01 0 0 0 1
1.520621251176929712e+09 3.213954827454167384e-01 2.405414487214855845e-01 4.578431447940467525e-01 0 0 0 1
1.520621251185263395e+09 3.197797755126735586e-01 2.404617520692370891e-01 4.576513092175673592e-01 0 0 0 1
1.520621251193596601e+09 3.183088588754812154e-01 2.405096795386011954e-01 4.577176103675864027e-01 0 0 0 1
1.520621251201929569e+09 3.168129709760990620e-01 2.406341847371420428e-01 4.578300133306374420e-01 0 0 0 1
1.520621251210263491e+09 3.153325469638268430e-01 2.407959530968196149e-01 4.580569696591985096e-01 0 0 0 1
1.520621251218596458e+09 3.139012145021164990e-01 2.407813661030891450e-01 4.581085771355741798e-01 0 0 0 1
1.520621251226929426e+09 3.124204896194607839e-01 2.408224109170127303e-01 4.581687292048937099e-01 0 0 0 1
1.520621251235262632e+09 3.109531127792710681e-01 2.407819676289454924e-01 4.582139856689548818e-01 0 0 0 1
1.520621251243596315e+09 3.097589659657608019e-01 2.409754361872539219e-01 4.584934904604127670e-01 0 0 0 1
1.520621251251929522e+09 3.079955821757015544e-01 2.407739908202688461e-01 4.582739690243522457e-01 0 0 0 1
1.520621251260263443e+09 3.065082828792881076e-01 2.409022708070033270e-01 4.585197041188755485e-01 0 0 0 1
1.520621251268596649e+09 3.051426146105477022e-01 2.410054260320120267e-01 4.589233145572071404e-01 0 0 0 1
1.520621251276929617e+09 3.033783124486296723e-01 2.410560192445690419e-01 4.589618507828963079e-01 0 0 0 1
1.520621251285262346e+09 3.018703793889423448e-01 2.411251926421431047e-01 4.592480283721320777e-01 0 0 0 1
1.520621251293596506e+09 3.000891599811629229e-01 2.412760004121774493e-01 4.593740663895165000e-01 0 0 0 1
1.520621251301929474e+09 2.983220237724694135e-01 2.414233689650540082e-01 4.595431158728637833e-01 0 0 0 1
1.520621251310263395e+09 2.964846960638566342e-01 2.415714922242344076e-01 4.597480684073407264e-01 0 0 0 1
1.520621251318596363e+09 2.945471718668803973e-01 2.417553941429363973e-01 4.598628430883904272e-01 0 0 0 1
1.520621251326929569e+09 2.925594479376997237e-01 2.421687027204377229e-01 4.603968173153014654e-01 0 0 0 1
1.520621251335263491e+09 2.905461479812345704e-01 2.424586246304388792e-01 4.606216432082577139e-01 0 0 0 1
1.520621251343596458e+09 2.887130969434358319e-01 2.427510855288354530e-01 4.608207770813239623e-01 0 0 0 1
1.520621251351929426e+09 2.867291562069091970e-01 2.429599120940196810e-01 4.611594561465937048e-01 0 0 0 1
1.520621251360262394e+09 2.844485315102417422e-01 2.431347571451010769e-01 4.612464521720458510e-01 0 0 0 1
1.520621251368596554e+09 2.823876033669149299e-01 2.434637878434361413e-01 4.616303641267036628e-01 0 0 0 1
1.520621251376929522e+09 2.801330281857934423e-01 2.435875050822675636e-01 4.618112445260247334e-01 0 0 0 1
1.520621251385263443e+09 2.779125524380320345e-01 2.439404163846770057e-01 4.620364246253252372e-01 0 0 0 1
1.520621251393596411e+09 2.756696374370430913e-01 2.444349231137360468e-01 4.624354719652881140e-01 0 0 0 1
1.520621251401929617e+09 2.732737129625482098e-01 2.448735118806414368e-01 4.626342324630670078e-01 0 0 0 1
1.520621251410262585e+09 2.709833618236237029e-01 2.452216033962394404e-01 4.628115570516750932e-01 0 0 0 1
1.520621251418596506e+09 2.686720006078792133e-01 2.457941318129824859e-01 4.631444455566702256e-01 0 0 0 1
1.520621251426929474e+09 2.661746877530243305e-01 2.462222179968873159e-01 4.632731023406366777e-01 0 0 0 1
1.520621251435263634e+09 2.638187749249389924e-01 2.466378685198299392e-01 4.634510517798469120e-01 0 0 0 1
1.520621251443596363e+09 2.612878013922118603e-01 2.471721775684134204e-01 4.636667975159936006e-01 0 0 0 1
1.520621251451929331e+09 2.588388688641797275e-01 2.477778386869068372e-01 4.641102667015797323e-01 0 0 0 1
1.520621251460263491e+09 2.563025399742998589e-01 2.482377434355137469e-01 4.641421261236586826e-01 0 0 0 1
1.520621251468596458e+09 2.537330349169983901e-01 2.488934760215976705e-01 4.643968237860311987e-01 0 0 0 1
1.520621251476929665e+09 2.512630665475918956e-01 2.495562047498122715e-01 4.649345390971333369e-01 0 0 0 1
1.520621251485262394e+09 2.485639905470663491e-01 2.500521229615276786e-01 4.649931554074238083e-01 0 0 0 1
1.520621251493596554e+09 2.459557823385006836e-01 2.505982457831370525e-01 4.653487871121506636e-01 0 0 0 1
1.520621251501929522e+09 2.434517129362807619e-01 2.512538076278301169e-01 4.657645014752171964e-01 0 0 0 1
1.520621251510263443e+09 2.405875398453666270e-01 2.519479066319849081e-01 4.661522233592101383e-01 0 0 0 1
1.520621251518596411e+09 2.380380033650661975e-01 2.526264497663958108e-01 4.666286676540882805e-01 0 0 0 1
1.520621251526929617e+09 2.352748701452631597e-01 2.533483644001182089e-01 4.670869592188020558e-01 0 0 0 1
1.520621251535262585e+09 2.324600916504536707e-01 2.541215009112489098e-01 4.676167285959023090e-01 0 0 0 1
1.520621251543596268e+09 2.297778899291044175e-01 2.547241328486017364e-01 4.682503660927708200e-01 0 0 0 1
1.520621251551929474e+09 2.270901366867602578e-01 2.554404377774425194e-01 4.688632909330125997e-01 0 0 0 1
1.520621251560263634e+09 2.242918522890052779e-01 2.563412406499985252e-01 4.696022700787307880e-01 0 0 0 1
1.520621251568596601e+09 2.215603676415910384e-01 2.569548243831054068e-01 4.704706447849618112e-01 0 0 0 1
1.520621251576929569e+09 2.188959871968320092e-01 2.576226973476978821e-01 4.711245643363064506e-01 0 0 0 1
1.520621251585263491e+09 2.161121554441060022e-01 2.582890059284322914e-01 4.719866972462951615e-01 0 0 0 1
1.520621251593596458e+09 2.134772028853636483e-01 2.589048577250295247e-01 4.727267535524330988e-01 0 0 0 1
1.520621251601929665e+09 2.106272918884535272e-01 2.596637859248031588e-01 4.736345552529264147e-01 0 0 0 1
1.520621251610262632e+09 2.080991875864336427e-01 2.602241862600495059e-01 4.746017548580074852e-01 0 0 0 1
1.520621251618596554e+09 2.053549021176463985e-01 2.609519376658332446e-01 4.756587664839120322e-01 0 0 0 1
1.520621251626929522e+09 2.026781592767491480e-01 2.613908598183999343e-01 4.763462623653615946e-01 0 0 0 1
1.520621251635263681e+09 1.999943448869990759e-01 2.619136307458758695e-01 4.772690007343554086e-01 0 0 0 1
1.520621251643596411e+09 1.973372220675960742e-01 2.624670212560537008e-01 4.781562166166613004e-01 0 0 0 1
1.520621251651929379e+09 1.946320893078385961e-01 2.629216665279607845e-01 4.789982341362832852e-01 0 0 0 1
1.520621251660262585e+09 1.919774285388751167e-01 2.634240606423516873e-01 4.797165288979630127e-01 0 0 0 1
1.520621251668596506e+09 1.894217133835673916e-01 2.641118790218746071e-01 4.808821038437500750e-01 0 0 0 1
1.520621251676929712e+09 1.867671763094114201e-01 2.647246126055514681e-01 4.818971508573943741e-01 0 0 0 1
1.520621251685263395e+09 1.841643933606923467e-01 2.650167762641509328e-01 4.825889920494919050e-01 0 0 0 1
1.520621251693596601e+09 1.813820438705036064e-01 2.652806916136161708e-01 4.831218512625337080e-01 0 0 0 1
1.520621251701929569e+09 1.789745623743751457e-01 2.657315417112042777e-01 4.843045838866193442e-01 0 0 0 1
1.520621251710263491e+09 1.760347704467223329e-01 2.660324080372953870e-01 4.848925331267892602e-01 0 0 0 1
1.520621251718596458e+09 1.737647946440341595e-01 2.666476764708676783e-01 4.862665722130330437e-01 0 0 0 1
1.520621251726929426e+09 1.710493732255954358e-01 2.666874397666312291e-01 4.870717363525367549e-01 0 0 0 1
1.520621251735262632e+09 1.682590900117183486e-01 2.668846152152481443e-01 4.875716240255070222e-01 0 0 0 1
1.520621251743596315e+09 1.658795693222672174e-01 2.671249875702524923e-01 4.885090258372497551e-01 0 0 0 1
1.520621251751929522e+09 1.632706420074057085e-01 2.678887102900036621e-01 4.896020007875656610e-01 0 0 0 1
1.520621251760263443e+09 1.609866722641674075e-01 2.678238949891219023e-01 4.903992972754567248e-01 0 0 0 1
1.520621251768596649e+09 1.582962149210055403e-01 2.682066619922052197e-01 4.911304443430541955e-01 0 0 0 1
1.520621251776929617e+09 1.557815486044744624e-01 2.684494671281440481e-01 4.919501537156225623e-01 0 0 0 1
1.520621251785262346e+09 1.532503263820019779e-01 2.687117260837383337e-01 4.926592467613735149e-01 0 0 0 1
1.520621251793596506e+09 1.508438829441330897e-01 2.689676775636417605e-01 4.933665909307587416e-01 0 0 0 1
1.520621251801929474e+09 1.482870272481140450e-01 2.691768978289723058e-01 4.939684241709667578e-01 0 0 0 1
1.520621251810263395e+09 1.458154942082041661e-01 2.694007066178884524e-01 4.944747270343456957e-01 0 0 0 1
1.520621251818596363e+09 1.435115662072593556e-01 2.696166600541629044e-01 4.951431242807460276e-01 0 0 0 1
1.520621251826929569e+09 1.411655681554676578e-01 2.697389330131841345e-01 4.955532410028080648e-01 0 0 0 1
1.520621251835263491e+09 1.387175863635733419e-01 2.699417580320252474e-01 4.961192892078043482e-01 0 0 0 1
1.520621251843596458e+09 1.365782352106384989e-01 2.699627487127615466e-01 4.966057556249798832e-01 0 0 0 1
1.520621251851929426e+09 1.343865840976703474e-01 2.702787578719780259e-01 4.970413820004833116e-01 0 0 0 1
1.520621251860262394e+09 1.322895162745808539e-01 2.701106725300738698e-01 4.972862683672056860e-01 0 0 0 1
1.520621251868596554e+09 1.302006914317431763e-01 2.702644967369158824e-01 4.974997312751228140e-01 0 0 0 1
1.520621251876929522e+09 1.281517591517442600e-01 2.706060289112233730e-01 4.978886995278271055e-01 0 0 0 1
1.520621251885263443e+09 1.260452135841323429e-01 2.703727181936611546e-01 4.980820786147985846e-01 0 0 0 1
1.520621251893596411e+09 1.241625427925697744e-01 2.705798373246404709e-01 4.982929221442657930e-01 0 0 0 1
1.520621251901929617e+09 1.224192692374901359e-01 2.704142585946592292e-01 4.982362158649578099e-01 0 0 0 1
1.520621251910262585e+09 1.203882801472169195e-01 2.702961171427201714e-01 4.983498931645993224e-01 0 0 0 1
1.520621251918596506e+09 1.187055311534979118e-01 2.704714599199395941e-01 4.983873113998762427e-01 0 0 0 1
1.520621251926929474e+09 1.170936855437306745e-01 2.702008607950979191e-01 4.984936137313005222e-01 0 0 0 1
1.520621251935263634e+09 1.155492181649540040e-01 2.704843629260978433e-01 4.984246662353746249e-01 0 0 0 1
1.520621251943596363e+09 1.137611669953902949e-01 2.700810705469064432e-01 4.982568846850454758e-01 0 0 0 1
1.520621251951929331e+09 1.121408095421594364e-01 2.698370241455477769e-01 4.980724956441602291e-01 0 0 0 1
1.520621251960263491e+09 1.107262535202152565e-01 2.697559679250471354e-01 4.978920371778954301e-01 0 0 0 1
1.520621251968596458e+09 1.092734502472253455e-01 2.699078286659462589e-01 4.978739453309897200e-01 0 0 0 1
1.520621251976929665e+09 1.080039253405771227e-01 2.695461647097828761e-01 4.974624915168499584e-01 0 0 0 1
1.520621251985262394e+09 1.066171827995132659e-01 2.695781013020654426e-01 4.973460520724519718e-01 0 0 0 1
1.520621251993596554e+09 1.053896967188248102e-01 2.691193045542741302e-01 4.968518756235242861e-01 0 0 0 1
1.520621252001929522e+09 1.041376945705337898e-01 2.690389816801276313e-01 4.966402114164043535e-01 0 0 0 1
1.520621252010263443e+09 1.031229756992442237e-01 2.686484912292541605e-01 4.961546825362550539e-01 0 0 0 1
1.520621252018596411e+09 1.021809204360697443e-01 2.685648338191314322e-01 4.958270643549549384e-01 0 0 0 1
1.520621252026929617e+09 1.011328155793101979e-01 2.682301165364573969e-01 4.954295747206569622e-01 0 0 0 1
1.520621252035262585e+09 1.001961452421706866e-01 2.680354421897863104e-01 4.951787404697700623e-01 0 0 0 1
1.520621252043596268e+09 9.946308762412969795e-02 2.676724454269086562e-01 4.946096114789193532e-01 0 0 0 1
1.520621252051929474e+09 9.865914672272235730e-02 2.676531998776196519e-01 4.943735130541675460e-01 0 0 0 1
1.520621252060263634e+09 9.791712336301838793e-02 2.671024042511366825e-01 4.938903767663724853e-01 0 0 0 1
1.520621252068596601e+09 9.720839753840337938e-02 2.666765850640544500e-01 4.934384807066303225e-01 0 0 0 1
1.520621252076929569e+09 9.654440285032150904e-02 2.662369488336585044e-01 4.928965314541458032e-01 0 0 0 1
1.520621252085263491e+09 9.599531983884923569e-02 2.659541977192331208e-01 4.925369207929903848e-01 0 0 0 1
1.520621252093596458e+09 9.535812632913553966e-02 2.654457547101408688e-01 4.920643549528667116e-01 0 0 0 1
1.520621252101929665e+09 9.484432386255348124e-02 2.650159487858417262e-01 4.916582769887145599e-01 0 0 0 1
1.520621252110262632e+09 9.435870463724893575e-02 2.645919707461323322e-01 4.912303398591000292e-01 0 0 0 1
1.520621252118596554e+09 9.386675049719628294e-02 2.641443478095846231e-01 4.906774831180600316e-01 0 0 0 1
1.520621252126929522e+09 9.360939656567623945e-02 2.635596340953090255e-01 4.901883963842703640e-01 0 0 0 1
1.520621252135263681e+09 9.320921722737929294e-02 2.630356394151380783e-01 4.896804576043225499e-01 0 0 0 1
1.520621252143596411e+09 9.291089764912896509e-02 2.626210764448422830e-01 4.892873229261460732e-01 0 0 0 1
1.520621252151929379e+09 9.259670097134464761e-02 2.621461877304940291e-01 4.888115771674319543e-01 0 0 0 1
1.520621252160262585e+09 9.232184356057837604e-02 2.616410716260160196e-01 4.884092628884639797e-01 0 0 0 1
1.520621252168596506e+09 9.204364221135064028e-02 2.612159205227763126e-01 4.881461213742670502e-01 0 0 0 1
1.520621252176929712e+09 9.189658856167914891e-02 2.607940952122816403e-01 4.877639309038015458e-01 0 0 0 1
1.520621252185263395e+09 9.162927926355091124e-02 2.604053668948456690e-01 4.874323235383470898e-01 0 0 0 1
1.520621252193596601e+09 9.146319736585317717e-02 2.599809909187106860e-01 4.870311495972377003e-01 0 0 0 1
1.520621252201929569e+09 9.130766168353632306e-02 2.597252027085937276e-01 4.867690217316846812e-01 0 0 0 1
1.520621252210263491e+09 9.109586162159477585e-02 2.593368023163591940e-01 4.865014708122310516e-01 0 0 0 1
1.520621252218596458e+09 9.092221280239554115e-02 2.591320529245316195e-01 4.863341791089743626e-01 0 0 0 1
1.520621252226929426e+09 9.064498236720908153e-02 2.586866623031442991e-01 4.860949627941213436e-01 0 0 0 1
1.520621252235262632e+09 9.045143794908427903e-02 2.584189637825340391e-01 4.859888423793343737e-01 0 0 0 1
1.520621252243596315e+09 9.029287326168522476e-02 2.582342695102449737e-01 4.858964089627120231e-01 0 0 0 1
1.520621252251929522e+09 9.002975562550941113e-02 2.578111155995252979e-01 4.856496953883393530e-01 0 0 0 1
1.520621252260263443e+09 8.984988466351895298e-02 2.577171855627332087e-01 4.856697707711212786e-01 0 0 0 1
1.520621252268596649e+09 8.965626869981935254e-02 2.574820964693179115e-01 4.856176187761436225e-01 0 0 0 1
1.520621252276929617e+09 8.925888934619230497e-02 2.573266384024524012e-01 4.855993884640412706e-01 0 0 0 1
1.520621252285262346e+09 8.930426487524756318e-02 2.572438041713331347e-01 4.856126094925901082e-01 0 0 0 1
1.520621252293596506e+09 8.934266395209344847e-02 2.572058284339010514e-01 4.856723109517382397e-01 0 0 0 1
1.520621252301929474e+09 8.923696742166997709e-02 2.570203930055522945e-01 4.854958614701720965e-01 0 0 0 1
1.520621252310263395e+09 8.923024457280759325e-02 2.569532268514426732e-01 4.855191832622380854e-01 0 0 0 1
1.520621252318596363e+09 8.909341561917494268e-02 2.569485022335635249e-01 4.856226515783179654e-01 0 0 0 1
1.520621252326929569e+09 8.926286404533245733e-02 2.569259477626158472e-01 4.857063905130347692e-01 0 0 0 1
1.520621252335263491e+09 8.947612765356072195e-02 2.570843065031850894e-01 4.857611738651348432e-01 0 0 0 1
1.520621252343596458e+09 8.962411543903814337e-02 2.572566922230009601e-01 4.856899905270535278e-01 0 0 0 1
1.520621252351929426e+09 8.965325711945448806e-02 2.570416434556843099e-01 4.854333808198572076e-01 0 0 0 1
1.520621252360262394e+09 9.004367041204364153e-02 2.573917452559573715e-01 4.854151068399676916e-01 0 0 0 1
1.520621252368596554e+09 9.023565708821890130e-02 2.574953630922032777e-01 4.852476710659900938e-01 0 0 0 1
1.520621252376929522e+09 9.058290311990802035e-02 2.576028227701615547e-01 4.851251996985888049e-01 0 0 0 1
1.520621252385263443e+09 9.077598622141846985e-02 2.577571451477178033e-01 4.849624352158903307e-01 0 0 0 1
1.520621252393596411e+09 9.104698204351746593e-02 2.578666662784365182e-01 4.847222165446687381e-01 0 0 0 1
1.520621252401929617e+09 9.131066491918204964e-02 2.580139514919320143e-01 4.844233337280405838e-01 0 0 0 1
1.520621252410262585e+09 9.160120011348127367e-02 2.582392004557689802e-01 4.840917145751426620e-01 0 0 0 1
1.520621252418596506e+09 9.186545827187109214e-02 2.583596893822996399e-01 4.838480283351154210e-01 0 0 0 1
1.520621252426929474e+09 9.221434876958467530e-02 2.585298525785656998e-01 4.834794925989633896e-01 0 0 0 1
1.520621252435263634e+09 9.257585328725759233e-02 2.589107664379550200e-01 4.833439327827526721e-01 0 0 0 1
1.520621252443596363e+09 9.296822018371708740e-02 2.591611002355762028e-01 4.828178348619600602e-01 0 0 0 1
1.520621252451929331e+09 9.332224987524273541e-02 2.595094683115232725e-01 4.822898891712079639e-01 0 0 0 1
1.520621252460263491e+09 9.379680251680622138e-02 2.598110186869483362e-01 4.817548355764875723e-01 0 0 0 1
1.520621252468596458e+09 9.430442396953886419e-02 2.601905421983427558e-01 4.812308326139598247e-01 0 0 0 1
1.520621252476929665e+09 9.480058471645957940e-02 2.606551292702252720e-01 4.807403964450709388e-01 0 0 0 1
1.520621252485262394e+09 9.524453883705885637e-02 2.608857291379217958e-01 4.799904671229524578e-01 0 0 0 1
1.520621252493596554e+09 9.551917505142581977e-02 2.614073117041809113e-01 4.792916098737936004e-01 0 0 0 1
1.520621252501929522e+09 9.595440415500700038e-02 2.617491628210716903e-01 4.786348576903896035e-01 0 0 0 1
1.520621252510263443e+09 9.647196808484781450e-02 2.618824726854771523e-01 4.777943242508213562e-01 0 0 0 1
1.520621252518596411e+09 9.681487583001868735e-02 2.623712456914222280e-01 4.772530902094493932e-01 0 0 0 1
1.520621252526929617e+09 9.729014369311139721e-02 2.626287327427881402e-01 4.765488564153599338e-01 0 0 0 1
1.520621252535262585e+09 9.776189633329146478e-02 2.629647740786996701e-01 4.758083484710287081e-01 0 0 0 1
1.520621252543596268e+09 9.843500587630449328e-02 2.635129077525211194e-01 4.753421078845290193e-01 0 0 0 1
1.520621252551929474e+09 9.892046406633603350e-02 2.638124104427000405e-01 4.746690472071006806e-01 0 0 0 1
1.520621252560263634e+09 9.938677065196888094e-02 2.641954292394984583e-01 4.738397427538192375e-01 0 0 0 1
1.520621252568596601e+09 9.990347779455555077e-02 2.645232479218992960e-01 4.731150466359790308e-01 0 0 0 1
1.520621252576929569e+09 1.004405145133767663e-01 2.649142534100601409e-01 4.724081280661449611e-01 0 0 0 1
1.520621252585263491e+09 1.009976634583087396e-01 2.652540748001226967e-01 4.717590782979237396e-01 0 0 0 1
1.520621252593596458e+09 1.015127878451155263e-01 2.657185896157501781e-01 4.709696558193507965e-01 0 0 0 1
1.520621252601929665e+09 1.022149869376606235e-01 2.660311228320957899e-01 4.703753542362025808e-01 0 0 0 1
1.520621252610262632e+09 1.025905824843545977e-01 2.665185394132625896e-01 4.696327589458799689e-01 0 0 0 1
1.520621252618596554e+09 1.030482099123721795e-01 2.667901369940385847e-01 4.689847014903141265e-01 0 0 0 1
1.520621252626929522e+09 1.036596444520367921e-01 2.670563184339201923e-01 4.682813796548692675e-01 0 0 0 1
1.520621252635263681e+09 1.038687434023851663e-01 2.674524428489314931e-01 4.675931729952806926e-01 0 0 0 1
1.520621252643596411e+09 1.043657829590520780e-01 2.675862094315011319e-01 4.669497823015442695e-01 0 0 0 1
1.520621252651929379e+09 1.049698462104264873e-01 2.677194262190828455e-01 4.663448395427012283e-01 0 0 0 1
1.520621252660262585e+09 1.054061364727245653e-01 2.680684044682672407e-01 4.657741398509736008e-01 0 0 0 1
1.520621252668596506e+09 1.059918201491201195e-01 2.683487167018540620e-01 4.652368982519619056e-01 0 0 0 1
1.520621252676929712e+09 1.067548721260853650e-01 2.685763433631330743e-01 4.647200681432528402e-01 0 0 0 1
1.520621252685263395e+09 1.068326129342003217e-01 2.687051610459701978e-01 4.637751035630255370e-01 0 0 0 1
1.520621252693596601e+09 1.074357767044145096e-01 2.690668685669372895e-01 4.633169228283089414e-01 0 0 0 1
1.520621252701929569e+09 1.081433893495002962e-01 2.693164957247221047e-01 4.630159396661948090e-01 0 0 0 1
1.520621252710263491e+09 1.087529714689757787e-01 2.695442971275238131e-01 4.626423139322828337e-01 0 0 0 1
1.520621252718596458e+09 1.092750908740006688e-01 2.698388371042898526e-01 4.622364415841975216e-01 0 0 0 1
1.520621252726929426e+09 1.100426379732943882e-01 2.699158718134086477e-01 4.618952979965509353e-01 0 0 0 1
1.520621252735262632e+09 1.106427752650698260e-01 2.701292295669613375e-01 4.615257972608477477e-01 0 0 0 1
1.520621252743596315e+09 1.112251870865659242e-01 2.702111871211695382e-01 4.613148635172084067e-01 0 0 0 1
1.520621252751929522e+09 1.120320988341216850e-01 2.702865187618064824e-01 4.611204817179828108e-01 0 0 0 1
1.520621252760263443e+09 1.126416942047443470e-01 2.703973821243970677e-01 4.609155363491959090e-01 0 0 0 1
1.520621252768596649e+09 1.132247838139591734e-01 2.705207184684709221e-01 4.607390149598926676e-01 0 0 0 1
1.520621252776929617e+09 1.139253864463048993e-01 2.705529114651906708e-01 4.604877115123733322e-01 0 0 0 1
1.520621252785262346e+09 1.145997087905090694e-01 2.705300316151294515e-01 4.604347053077044727e-01 0 0 0 1
1.520621252793596506e+09 1.152205926108030853e-01 2.705805541056933161e-01 4.602715622183295441e-01 0 0 0 1
1.520621252801929474e+09 1.158408624084122929e-01 2.705101210535000855e-01 4.601544473534049384e-01 0 0 0 1
1.520621252810263395e+09 1.163685852562804657e-01 2.704313460920769185e-01 4.603182707164445997e-01 0 0 0 1
1.520621252818596363e+09 1.171184827414387675e-01 2.703165775909994739e-01 4.602598565858100343e-01 0 0 0 1
1.520621252826929569e+09 1.177237476585938358e-01 2.701500874247021455e-01 4.604399147492599376e-01 0 0 0 1
1.520621252835263491e+09 1.183486006810325897e-01 2.699396076648912790e-01 4.603559531358205614e-01 0 0 0 1
1.520621252843596458e+09 1.189165951962484202e-01 2.699114157387051960e-01 4.605205014787105977e-01 0 0 0 1
1.520621252851929426e+09 1.196447874665520494e-01 2.697442897037344856e-01 4.606779879610019002e-01 0 0 0 1
1.520621252860262394e+09 1.204337440738387777e-01 2.694977481846059231e-01 4.606528513915575385e-01 0 0 0 1
1.520621252868596554e+09 1.210352425226770556e-01 2.691958801636358811e-01 4.609893611418602877e-01 0 0 0 1
1.520621252876929522e+09 1.217164561896239006e-01 2.689554019484309832e-01 4.608997250352200314e-01 0 0 0 1
1.520621252885263443e+09 1.223317835237450746e-01 2.688457376810716726e-01 4.610497505461061962e-01 0 0 0 1
1.520621252893596411e+09 1.229892462371862116e-01 2.686086132519194258e-01 4.610138537235346501e-01 0 0 0 1
1.520621252901929617e+09 1.235768057046845447e-01 2.683760916900339022e-01 4.612433170561458518e-01 0 0 0 1
1.520621252910262585e+09 1.242006034819725935e-01 2.680845804005173583e-01 4.611724645795953759e-01 0 0 0 1
1.520621252918596506e+09 1.247342024658698589e-01 2.679050792966865546e-01 4.613270297447396029e-01 0 0 0 1
1.520621252926929474e+09 1.255368882833373112e-01 2.677624107131117426e-01 4.616705525715396607e-01 0 0 0 1
1.520621252935263634e+09 1.261660466527455560e-01 2.675675356343636402e-01 4.616105205853930915e-01 0 0 0 1
1.520621252943596363e+09 1.266528487459578356e-01 2.673658651418532317e-01 4.618234186972269839e-01 0 0 0 1
1.520621252951929331e+09 1.272396125820529633e-01 2.672141929882959621e-01 4.618042541322491257e-01 0 0 0 1
1.520621252960263491e+09 1.275623143990730624e-01 2.670145205075133976e-01 4.617396627310772494e-01 0 0 0 1
1.520621252968596458e+09 1.281152466068334883e-01 2.669862004249606291e-01 4.617388231050132408e-01 0 0 0 1
1.520621252976929665e+09 1.285844988760307395e-01 2.669512786500932711e-01 4.616924705736111800e-01 0 0 0 1
1.520621252985262394e+09 1.290420328852048826e-01 2.669211879696978262e-01 4.617081774593856380e-01 0 0 0 1
1.520621252993596554e+09 1.295017517806751339e-01 2.669461882928841900e-01 4.617008152096997442e-01 0 0 0 1
1.520621253001929522e+09 1.298968004210341309e-01 2.669096284668492358e-01 4.616613169968801778e-01 0 0 0 1
1.520621253010263443e+09 1.303462675413448180e-01 2.669370918121935499e-01 4.618224152383083592e-01 0 0 0 1
1.520621253018596411e+09 1.308290867869309482e-01 2.670868565731568389e-01 4.620634718312877087e-01 0 0 0 1
1.520621253026929617e+09 1.313016257347433546e-01 2.671448121177075197e-01 4.619864472667731814e-01 0 0 0 1
1.520621253035262585e+09 1.316907069473041147e-01 2.674317330546159277e-01 4.620459016208384728e-01 0 0 0 1
1.520621253043596268e+09 1.318722685173954190e-01 2.675926487721030922e-01 4.621456284488625332e-01 0 0 0 1
1.520621253051929474e+09 1.323356993327922115e-01 2.678442076777036718e-01 4.622471963418532948e-01 0 0 0 1
1.520621253060263634e+09 1.326585971225644478e-01 2.681106999263193069e-01 4.625578806416232869e-01 0 0 0 1
1.520621253068596601e+09 1.329609175107130392e-01 2.685512497448779290e-01 4.625437694637000163e-01 0 0 0 1
1.520621253076929569e+09 1.331538260803238893e-01 2.688788246187953090e-01 4.628763964183790769e-01 0 0 0 1
1.520621253085263491e+09 1.335507679778557000e-01 2.692501594324927527e-01 4.629688008594992077e-01 0 0 0 1
1.520621253093596458e+09 1.338539827832190277e-01 2.696975343015495241e-01 4.634720809680288323e-01 0 0 0 1
1.520621253101929665e+09 1.341572167497036006e-01 2.701252939023200961e-01 4.637169447004152456e-01 0 0 0 1
1.520621253110262632e+09 1.342865841681755157e-01 2.705828334159430804e-01 4.638248910095892352e-01 0 0 0 1
1.520621253118596554e+09 1.345478669401773963e-01 2.710391226625313288e-01 4.641683063998083281e-01 0 0 0 1
1.520621253126929522e+09 1.349510289193149859e-01 2.716264467928637405e-01 4.645034007701047685e-01 0 0 0 1
1.520621253135263681e+09 1.349093256623179471e-01 2.721543384266221777e-01 4.647411360445479200e-01 0 0 0 1
1.520621253143596411e+09 1.350772851578364575e-01 2.727161409518432111e-01 4.650538849938554709e-01 0 0 0 1
1.520621253151929379e+09 1.352844319080553914e-01 2.732641563190784662e-01 4.653957287379919538e-01 0 0 0 1
1.520621253160262585e+09 1.354940090283107690e-01 2.736997637290670138e-01 4.657152652520317737e-01 0 0 0 1
1.520621253168596506e+09 1.356298800646964509e-01 2.742787075381689643e-01 4.662050329908080659e-01 0 0 0 1
1.520621253176929712e+09 1.358759365940253039e-01 2.747042100511303819e-01 4.664984258357960378e-01 0 0 0 1
1.520621253185263395e+09 1.359668521126649043e-01 2.753128003875192631e-01 4.667930110045532821e-01 0 0 0 1
1.520621253193596601e+09 1.361531578265910980e-01 2.758777263214162723e-01 4.674048391654657131e-01 0 0 0 1
1.520621253201929569e+09 1.362755825066522819e-01 2.763915510417729871e-01 4.678039478240014759e-01 0 0 0 1
1.520621253210263491e+09 1.361530172622872348e-01 2.768984535020895810e-01 4.680826285302570611e-01 0 0 0 1
1.520621253218596458e+09 1.363171235508983115e-01 2.774165580362001338e-01 4.682624102383563525e-01 0 0 0 1
1.520621253226929426e+09 1.363411954197155662e-01 2.780398574738198736e-01 4.687034229729833967e-01 0 0 0 1
1.520621253235262632e+09 1.364025850954934116e-01 2.786746949150125663e-01 4.689696279005741708e-01 0 0 0 1
1.520621253243596315e+09 1.365073325852236286e-01 2.792477827247440980e-01 4.693807752176109016e-01 0 0 0 1
1.520621253251929522e+09 1.365784275851795737e-01 2.798216080208097423e-01 4.693668028146023019e-01 0 0 0 1
1.520621253260263443e+09 1.364122586817552163e-01 2.806876976678636115e-01 4.698011689626571119e-01 0 0 0 1
1.520621253268596649e+09 1.365845594492427484e-01 2.811541565767046169e-01 4.700336345088844681e-01 0 0 0 1
1.520621253276929617e+09 1.364006365514947028e-01 2.818677352411991244e-01 4.701079237326339921e-01 0 0 0 1
1.520621253285262346e+09 1.363921922962038069e-01 2.824222079898721649e-01 4.702872257062582495e-01 0 0 0 1
1.520621253293596506e+09 1.360747706059902695e-01 2.831578067867489557e-01 4.705178420454017019e-01 0 0 0 1
1.520621253301929474e+09 1.359809772753240997e-01 2.837238018136525319e-01 4.708126676937873789e-01 0 0 0 1
1.520621253310263395e+09 1.358616115710078454e-01 2.842901027052774365e-01 4.708568485330772990e-01 0 0 0 1
1.520621253318596363e+09 1.355492697844783434e-01 2.848963687823007351e-01 4.710811714442237896e-01 0 0 0 1
1.520621253326929569e+09 1.354100446757811049e-01 2.854213911079730992e-01 4.711873098457479703e-01 0 0 0 1
1.520621253335263491e+09 1.350897453148810490e-01 2.862050072550643698e-01 4.714689677811834123e-01 0 0 0 1
1.520621253343596458e+09 1.347972914364786723e-01 2.868449907460878245e-01 4.715592745317114254e-01 0 0 0 1
1.520621253351929426e+09 1.346828866042680817e-01 2.874161884234829323e-01 4.717183391661059488e-01 0 0 0 1
1.520621253360262394e+09 1.343365537398742982e-01 2.881673430845478889e-01 4.718476240998803473e-01 0 0 0 1
1.520621253368596554e+09 1.339938484594674906e-01 2.889786706122466353e-01 4.719519220028161044e-01 0 0 0 1
1.520621253376929522e+09 1.340635504947859102e-01 2.894211232184522031e-01 4.720632884887296932e-01 0 0 0 1
1.520621253385263443e+09 1.338640230214172000e-01 2.901549198779582728e-01 4.721076668507739882e-01 0 0 0 1
1.520621253393596411e+09 1.336645526478157375e-01 2.907334045879819140e-01 4.719517810391633539e-01 0 0 0 1
1.520621253401929617e+09 1.336540065259372856e-01 2.915044916861001534e-01 4.722554042795705787e-01 0 0 0 1
1.520621253410262585e+09 1.335975126945159186e-01 2.920655240794733376e-01 4.721546070346660517e-01 0 0 0 1
1.520621253418596506e+09 1.333324244927209801e-01 2.928547469928353686e-01 4.722928540603401615e-01 0 0 0 1
1.520621253426929474e+09 1.331668876499740861e-01 2.934718953863799662e-01 4.722765795009113976e-01 0 0 0 1
1.520621253435263634e+09 1.329726304669683890e-01 2.940644588477721588e-01 4.722876428750064637e-01 0 0 0 1
1.520621253443596363e+09 1.329691955676391979e-01 2.945476857341845500e-01 4.722760900538982565e-01 0 0 0 1
1.520621253451929331e+09 1.328387020602943558e-01 2.950583362013447508e-01 4.722813530681853056e-01 0 0 0 1
1.520621253460263491e+09 1.328194881220011725e-01 2.955039701462824908e-01 4.723420998241554258e-01 0 0 0 1
1.520621253468596458e+09 1.328196380318038550e-01 2.959004837574587543e-01 4.724354938699368844e-01 0 0 0 1
1.520621253476929665e+09 1.329217961119366631e-01 2.964171037069779358e-01 4.726132004370471318e-01 0 0 0 1
1.520621253485262394e+09 1.325320428946861195e-01 2.968975976851050413e-01 4.727377273435926508e-01 0 0 0 1
1.520621253493596554e+09 1.323504041557731492e-01 2.973308718646573978e-01 4.728148046004558847e-01 0 0 0 1
1.520621253501929522e+09 1.321984487579246359e-01 2.975359635106415990e-01 4.726312524184124175e-01 0 0 0 1
1.520621253510263443e+09 1.320433335721173940e-01 2.980290197475224390e-01 4.728407165502983567e-01 0 0 0 1
1.520621253518596411e+09 1.321108568584962173e-01 2.985410658378545024e-01 4.732022421041404137e-01 0 0 0 1
1.520621253526929617e+09 1.320887627651828877e-01 2.989024482367513280e-01 4.735351587662643968e-01 0 0 0 1
1.520621253535262585e+09 1.321848908301992420e-01 2.992573744849676975e-01 4.737970668118536288e-01 0 0 0 1
1.520621253543596268e+09 1.323009271216276650e-01 2.996333523481320982e-01 4.742184769862398674e-01 0 0 0 1
1.520621253551929474e+09 1.323084084118932857e-01 2.999729198729426116e-01 4.746281432368377740e-01 0 0 0 1
1.520621253560263634e+09 1.322046221236984342e-01 3.001841558847491154e-01 4.748969869710444325e-01 0 0 0 1
1.520621253568596601e+09 1.320825576062077955e-01 3.004502966629817307e-01 4.753883265269027714e-01 0 0 0 1
1.520621253576929569e+09 1.319941634033316991e-01 3.006993293893479025e-01 4.758325307280590888e-01 0 0 0 1
1.520621253585263491e+09 1.319229242818176218e-01 3.009665165211005688e-01 4.763035849361614282e-01 0 0 0 1
1.520621253593596458e+09 1.317898518704988531e-01 3.013432940743920319e-01 4.768883086663766591e-01 0 0 0 1
1.520621253601929665e+09 1.317050429754038632e-01 3.017277871734452277e-01 4.775889387711644840e-01 0 0 0 1
1.520621253610262632e+09 1.316353789687879638e-01 3.017944133294510056e-01 4.781520107524972474e-01 0 0 0 1
1.520621253618596554e+09 1.315194164064351634e-01 3.020687333818566911e-01 4.789087741417392685e-01 0 0 0 1
1.520621253626929522e+09 1.314797212282768912e-01 3.025022543913054029e-01 4.797349501751970724e-01 0 0 0 1
1.520621253635263681e+09 1.313501154607873422e-01 3.026893271338226832e-01 4.804051585566448956e-01 0 0 0 1
1.520621253643596411e+09 1.312625149506583266e-01 3.030308190238418242e-01 4.813278043214803681e-01 0 0 0 1
1.520621253651929379e+09 1.310935224668523524e-01 3.031485980147778370e-01 4.819027612244826120e-01 0 0 0 1
1.520621253660262585e+09 1.311502445636243408e-01 3.035921313457281556e-01 4.828004624097255171e-01 0 0 0 1
1.520621253668596506e+09 1.308103349564079254e-01 3.034971281330227644e-01 4.835318896574951619e-01 0 0 0 1
1.520621253676929712e+09 1.306866063282950963e-01 3.037930225018620756e-01 4.843267864359972474e-01 0 0 0 1
1.520621253685263395e+09 1.307885509922095402e-01 3.040728226369572851e-01 4.851467178346546838e-01 0 0 0 1
1.520621253693596601e+09 1.303025588761126397e-01 3.039579119364194115e-01 4.857501764101235242e-01 0 0 0 1
1.520621253701929569e+09 1.301973925875119509e-01 3.041601869523291590e-01 4.863605320517774278e-01 0 0 0 1
1.520621253710263491e+09 1.300127030416015073e-01 3.045167232044526662e-01 4.870901322363097030e-01 0 0 0 1
1.520621253718596458e+09 1.296585401448423491e-01 3.045005923026929406e-01 4.875867803969748948e-01 0 0 0 1
1.520621253726929426e+09 1.294910587508564248e-01 3.046676745962001998e-01 4.881218508871814077e-01 0 0 0 1
1.520621253735262632e+09 1.291776777680906374e-01 3.046143059634272565e-01 4.885669910221754897e-01 0 0 0 1
1.520621253743596315e+09 1.289107954685553281e-01 3.045888510477335331e-01 4.890964833045157167e-01 0 0 0 1
1.520621253751929522e+09 1.285625974291538798e-01 3.047579767393193140e-01 4.896273290001011969e-01 0 0 0 1
1.520621253760263443e+09 1.282114931981001016e-01 3.048092347784027711e-01 4.900869754778760523e-01 0 0 0 1
1.520621253768596649e+09 1.277502335009810253e-01 3.045586318550455029e-01 4.903102795771809852e-01 0 0 0 1
1.520621253776929617e+09 1.273349823753020527e-01 3.046004513143926173e-01 4.906464608300009633e-01 0 0 0 1
1.520621253785262346e+09 1.269722656912825043e-01 3.046445925617219941e-01 4.910352274700215958e-01 0 0 0 1
1.520621253793596506e+09 1.265561370530255969e-01 3.045365050123627348e-01 4.913070503183447624e-01 0 0 0 1
1.520621253801929474e+09 1.259218042580523278e-01 3.042739051678406415e-01 4.912532500577875272e-01 0 0 0 1
1.520621253810263395e+09 1.254365208651115893e-01 3.041648576603607768e-01 4.914020566523551459e-01 0 0 0 1
1.520621253818596363e+09 1.249629092580001322e-01 3.041667134984280541e-01 4.916027533873792432e-01 0 0 0 1
1.520621253826929569e+09 1.244765748113865200e-01 3.039648223447597442e-01 4.916523722051338030e-01 0 0 0 1
1.520621253835263491e+09 1.240732715905313865e-01 3.037574065092236708e-01 4.917582908385411677e-01 0 0 0 1
1.520621253843596458e+09 1.236030192901557134e-01 3.035465646166983222e-01 4.917240187499662962e-01 0 0 0 1
1.520621253851929426e+09 1.230547997217006362e-01 3.035309797398232923e-01 4.917542086144623958e-01 0 0 0 1
1.520621253860262394e+09 1.223823332643283468e-01 3.033048913002244773e-01 4.915980831876709534e-01 0 0 0 1
1.520621253868596554e+09 1.217797706400279845e-01 3.031233808610405700e-01 4.915388526138466663e-01 0 0 0 1
1.520621253876929522e+09 1.212196901370369284e-01 3.029620209164282651e-01 4.914779405710727467e-01 0 0 0 1
1.520621253885263443e+09 1.205542473847911467e-01 3.027763556117135102e-01 4.912701692044618706e-01 0 0 0 1
1.520621253893596411e+09 1.196855834094290305e-01 3.024725070513394343e-01 4.911390445100751734e-01 0 0 0 1
1.520621253901929617e+09 1.190214146903426640e-01 3.023205094021085282e-01 4.909262475080831134e-01 0 0 0 1
1.520621253910262585e+09 1.184016725085704769e-01 3.024237906427797440e-01 4.909305502315863823e-01 0 0 0 1
1.520621253918596506e+09 1.176581814783693725e-01 3.021374377775950526e-01 4.906830708190372814e-01 0 0 0 1
1.520621253926929474e+09 1.171300853763957983e-01 3.022351781955074368e-01 4.906726664493830103e-01 0 0 0 1
1.520621253935263634e+09 1.165444227083749507e-01 3.022006656502808086e-01 4.904949911607541235e-01 0 0 0 1
1.520621253943596363e+09 1.158183204030315272e-01 3.021416834017799369e-01 4.903423510240492167e-01 0 0 0 1
1.520621253951929331e+09 1.152945466238667338e-01 3.023044699187710793e-01 4.902472232652985706e-01 0 0 0 1
1.520621253960263491e+09 1.148300444257303043e-01 3.022776066492025016e-01 4.899063267267111943e-01 0 0 0 1
1.520621253968596458e+09 1.142634705934814088e-01 3.025200816053028041e-01 4.898545567451373373e-01 0 0 0 1
1.520621253976929665e+09 1.137221490984677841e-01 3.026163792370797911e-01 4.895504399107206694e-01 0 0 0 1
1.520621253985262394e+09 1.131346478098094188e-01 3.028687095084418579e-01 4.894119938002454706e-01 0 0 0 1
1.520621253993596554e+09 1.125243539108308211e-01 3.029266382332568841e-01 4.890757591792449510e-01 0 0 0 1
1.520621254001929522e+09 1.119009643350238337e-01 3.032284977794642011e-01 4.889406443917971856e-01 0 0 0 1
1.520621254010263443e+09 1.114046628298370756e-01 3.036159536346121901e-01 4.885430149926797139e-01 0 0 0 1
1.520621254018596411e+09 1.109097946875480245e-01 3.037920568140852207e-01 4.882209017162515430e-01 0 0 0 1
1.520621254026929617e+09 1.103280709065148635e-01 3.040845646278105829e-01 4.878236110867499864e-01 0 0 0 1
1.520621254035262585e+09 1.098121790582763380e-01 3.041799745405125988e-01 4.873984675672646816e-01 0 0 0 1
1.520621254043596268e+09 1.092894630888513463e-01 3.043286552293590908e-01 4.868522676896995804e-01 0 0 0 1
1.520621254051929474e+09 1.086410553519666644e-01 3.046100947042150175e-01 4.865224360716566832e-01 0 0 0 1
1.520621254060263634e+09 1.080262293216557312e-01 3.048309322109293840e-01 4.861085008400951590e-01 0 0 0 1
1.520621254068596601e+09 1.071925482717247524e-01 3.050727136257476158e-01 4.855545291122096430e-01 0 0 0 1
1.520621254076929569e+09 1.066042634895657537e-01 3.052402134583543925e-01 4.851368244253706496e-01 0 0 0 1
1.520621254085263491e+09 1.059973456573669592e-01 3.054250210771357610e-01 4.846730269850338946e-01 0 0 0 1
1.520621254093596458e+09 1.054542323228750966e-01 3.056532507398993515e-01 4.843660896404140548e-01 0 0 0 1
1.520621254101929665e+09 1.050758880822434405e-01 3.057058227827477159e-01 4.839618382759958148e-01 0 0 0 1
1.520621254110262632e+09 1.045213290997316635e-01 3.056240764473947547e-01 4.830421185987319177e-01 0 0 0 1
1.520621254118596554e+09 1.040692544180022994e-01 3.057590663784414686e-01 4.826168137278650239e-01 0 0 0 1
1.520621254126929522e+09 1.036665524223593371e-01 3.058465410502640425e-01 4.820775051886734275e-01 0 0 0 1
1.520621254135263681e+09 1.031237668325210022e-01 3.061619419893381044e-01 4.820221720969213308e-01 0 0 0 1
1.520621254143596411e+09 1.026532472287580156e-01 3.061699454545608878e-01 4.814524464428198147e-01 0 0 0 1
1.520621254151929379e+09 1.023020449850030600e-01 3.060302755517175788e-01 4.807844593526089394e-01 0 0 0 1
1.520621254160262585e+09 1.017864446093672548e-01 3.062735045585498472e-01 4.805978949947076195e-01 0 0 0 1
1.520621254168596506e+09 1.013829690293418517e-01 3.062930830611459432e-01 4.802229692563142471e-01 0 0 0 1
1.520621254176929712e+09 1.011950838084169080e-01 3.062089526563744335e-01 4.799449713559811315e-01 0 0 0 1
1.520621254185263395e+09 1.007412585014419992e-01 3.062533942434488843e-01 4.795970275397309912e-01 0 0 0 1
1.520621254193596601e+09 1.006213143906319329e-01 3.061284670822291276e-01 4.793701350530221728e-01 0 0 0 1
1.520621254201929569e+09 1.003074357503728198e-01 3.060422366775085723e-01 4.790642156302284960e-01 0 0 0 1
1.520621254210263491e+09 1.002352870939779983e-01 3.060185912907802397e-01 4.790012533396641459e-01 0 0 0 1
1.520621254218596458e+09 1.001342510256129081e-01 3.057470907555775996e-01 4.785920099405585049e-01 0 0 0 1
1.520621254226929426e+09 9.992452676658891697e-02 3.056141240863136099e-01 4.783504119661505793e-01 0 0 0 1
1.520621254235262632e+09 1.000642220995058285e-01 3.052921073086112269e-01 4.780414718391094997e-01 0 0 0 1
1.520621254243596315e+09 1.000058871453262110e-01 3.050133032819036805e-01 4.777187937679470142e-01 0 0 0 1
1.520621254251929522e+09 9.995250400237143396e-02 3.046838054874957402e-01 4.774520983264305407e-01 0 0 0 1
1.520621254260263443e+09 1.000150479574665185e-01 3.043247451830868866e-01 4.772251231782989045e-01 0 0 0 1
1.520621254268596649e+09 1.000252188292759525e-01 3.038703518427344763e-01 4.769201499020034873e-01 0 0 0 1
1.520621254276929617e+09 1.003802965154498850e-01 3.032769447491828196e-01 4.767745162920788982e-01 0 0 0 1
1.520621254285262346e+09 1.004237453775259636e-01 3.027996174883455516e-01 4.764531500889803706e-01 0 0 0 1
1.520621254293596506e+09 1.005241245302006536e-01 3.022996689517086777e-01 4.763034461793895780e-01 0 0 0 1
1.520621254301929474e+09 1.007388879681985205e-01 3.016367842491418094e-01 4.762357616842243235e-01 0 0 0 1
1.520621254310263395e+09 1.010974520709627678e-01 3.009876672677018195e-01 4.762025659696054181e-01 0 0 0 1
1.520621254318596363e+09 1.012847060313655234e-01 3.004166497312050210e-01 4.761348062026355965e-01 0 0 0 1
1.520621254326929569e+09 1.015496528431852896e-01 2.996432037737389864e-01 4.760006923583588456e-01 0 0 0 1
1.520621254335263491e+09 1.016066236085638730e-01 2.989533261880504833e-01 4.759634146572067070e-01 0 0 0 1
1.520621254343596458e+09 1.018439750464488203e-01 2.980830180729713841e-01 4.758332791825499175e-01 0 0 0 1
1.520621254351929426e+09 1.019138165959435627e-01 2.974510034593650376e-01 4.758406551963314524e-01 0 0 0 1
1.520621254360262394e+09 1.019358895097985940e-01 2.965035713920571303e-01 4.756124694219725502e-01 0 0 0 1
1.520621254368596554e+09 1.021823458017836472e-01 2.956312935136416464e-01 4.756204380104156471e-01 0 0 0 1
1.520621254376929522e+09 1.019498946275320117e-01 2.947997044112281029e-01 4.755199811699342138e-01 0 0 0 1
1.520621254385263443e+09 1.018827384761874510e-01 2.939492413313208874e-01 4.754472576330039946e-01 0 0 0 1
1.520621254393596411e+09 1.019131542899726073e-01 2.929369521560797884e-01 4.755458930253071426e-01 0 0 0 1
1.520621254401929617e+09 1.016965118123313028e-01 2.920714083540146278e-01 4.755919464499362981e-01 0 0 0 1
1.520621254410262585e+09 1.015487484722850109e-01 2.910791207529166424e-01 4.757126705865337701e-01 0 0 0 1
1.520621254418596506e+09 1.012954674522562604e-01 2.901165439616916752e-01 4.759293876233450238e-01 0 0 0 1
1.520621254426929474e+09 1.011674815617514822e-01 2.890019455344579047e-01 4.762213490576787667e-01 0 0 0 1
1.520621254435263634e+09 1.007418216269307942e-01 2.880887656845009803e-01 4.765911203404447072e-01 0 0 0 1
1.520621254443596363e+09 1.005018490269450337e-01 2.870689165955302991e-01 4.769393476783536645e-01 0 0 0 1
1.520621254451929331e+09 1.001190545273674681e-01 2.860340672826722774e-01 4.774361849041115491e-01 0 0 0 1
1.520621254460263491e+09 9.970953782983060787e-02 2.848189259926374728e-01 4.782044749641256587e-01 0 0 0 1
1.520621254468596458e+09 9.918640981947868251e-02 2.838108500376859689e-01 4.788923057376666126e-01 0 0 0 1
1.520621254476929665e+09 9.866694025814470859e-02 2.828437376651388169e-01 4.794400115872539114e-01 0 0 0 1
1.520621254485262394e+09 9.818837126968527063e-02 2.818543722336611101e-01 4.803950188048304870e-01 0 0 0 1
1.520621254493596554e+09 9.778791584856061370e-02 2.806378133384847540e-01 4.810355788914293385e-01 0 0 0 1
1.520621254501929522e+09 9.716800378877521460e-02 2.796002553252616152e-01 4.819034249186648911e-01 0 0 0 1
1.520621254510263443e+09 9.666723132298637999e-02 2.787241955487509970e-01 4.830627120205943648e-01 0 0 0 1
1.520621254518596411e+09 9.610487901900277574e-02 2.777770824356531887e-01 4.842201860840189553e-01 0 0 0 1
1.520621254526929617e+09 9.551355586324772329e-02 2.768806336067870522e-01 4.856094393651113617e-01 0 0 0 1
1.520621254535262585e+09 9.517096842855210515e-02 2.761950605952231963e-01 4.869599629297567400e-01 0 0 0 1
1.520621254543596268e+09 9.414416712508666407e-02 2.753110386727597447e-01 4.882797345937290867e-01 0 0 0 1
1.520621254551929474e+09 9.348306117478488719e-02 2.746031583881808902e-01 4.897746543489374105e-01 0 0 0 1
1.520621254560263634e+09 9.322427791351950432e-02 2.739361599843090356e-01 4.914863571100511752e-01 0 0 0 1
1.520621254568596601e+09 9.243157192600126582e-02 2.732159527457456716e-01 4.930170693544817517e-01 0 0 0 1
1.520621254576929569e+09 9.167225576852633395e-02 2.725439057071648574e-01 4.946061035026878550e-01 0 0 0 1
1.520621254585263491e+09 9.085489517189204722e-02 2.719645418495254541e-01 4.962726854031469514e-01 0 0 0 1
1.520621254593596458e+09 8.971026421412220397e-02 2.715995837032381677e-01 4.980844453687061080e-01 0 0 0 1
1.520621254601929665e+09 8.864674217500334574e-02 2.709274033519512015e-01 4.996100861152927841e-01 0 0 0 1
1.520621254610262632e+09 8.780997690015091006e-02 2.704659952108561249e-01 5.015641908425227946e-01 0 0 0 1
1.520621254618596554e+09 8.670502028999937938e-02 2.700255085924151421e-01 5.032534938954547066e-01 0 0 0 1
1.520621254626929522e+09 8.560488089600126749e-02 2.694939625977569864e-01 5.049133344017937564e-01 0 0 0 1
1.520621254635263681e+09 8.442455305624951833e-02 2.690871196233482476e-01 5.067096664086832014e-01 0 0 0 1
1.520621254643596411e+09 8.327474158779146762e-02 2.685895269620303671e-01 5.084613641438036069e-01 0 0 0 1
1.520621254651929379e+09 8.190297403042468005e-02 2.681846873365101303e-01 5.101896622481014720e-01 0 0 0 1
1.520621254660262585e+09 8.044087277370914890e-02 2.677659571324334520e-01 5.118257538240893467e-01 0 0 0 1
1.520621254668596506e+09 7.895384225491786090e-02 2.673420182323618111e-01 5.135498892690002481e-01 0 0 0 1
1.520621254676929712e+09 7.732097204445287364e-02 2.669047540182613587e-01 5.152687613789208587e-01 0 0 0 1
1.520621254685263395e+09 7.570675296742634952e-02 2.663253676001068881e-01 5.168328822609338236e-01 0 0 0 1
1.520621254693596601e+09 7.371527071856498470e-02 2.659366797182088349e-01 5.185164450045243179e-01 0 0 0 1
1.520621254701929569e+09 7.183891676038556273e-02 2.653677167852308005e-01 5.199793237501884047e-01 0 0 0 1
1.520621254710263491e+09 6.976272953536588606e-02 2.648091674368943660e-01 5.213993507860070764e-01 0 0 0 1
1.520621254718596458e+09 6.773169431817493980e-02 2.643296309705627234e-01 5.228452194228996319e-01 0 0 0 1
1.520621254726929426e+09 6.555843087020118976e-02 2.638866127287262664e-01 5.241033294325485592e-01 0 0 0 1
1.520621254735262632e+09 6.324747435424260544e-02 2.634232074437010129e-01 5.252861148545988623e-01 0 0 0 1
1.520621254743596315e+09 6.101841488926329493e-02 2.629752849575020535e-01 5.264329003289585085e-01 0 0 0 1
1.520621254751929522e+09 5.865888060061630327e-02 2.625400199726120598e-01 5.274153425638608006e-01 0 0 0 1
1.520621254760263443e+09 5.623630313827654437e-02 2.622401703950925089e-01 5.285369853022463538e-01 0 0 0 1
1.520621254768596649e+09 5.372938465868293267e-02 2.619944228310933099e-01 5.290356722629656616e-01 0 0 0 1
1.520621254776929617e+09 5.105696869278020245e-02 2.613707494355846928e-01 5.297766636192844381e-01 0 0 0 1
1.520621254785262346e+09 4.855482154854384724e-02 2.611011028445410775e-01 5.303710168629705013e-01 0 0 0 1
1.520621254793596506e+09 4.587664466464591584e-02 2.605396241137564184e-01 5.309226127439043985e-01 0 0 0 1
1.520621254801929474e+09 4.319451765046689040e-02 2.600507751812654034e-01 5.314799933269678256e-01 0 0 0 1
1.520621254810263395e+09 4.043479123384774443e-02 2.596163920975407269e-01 5.319087797209938184e-01 0 0 0 1
1.520621254818596363e+09 3.753300717210361626e-02 2.590766039793477304e-01 5.319708505592319892e-01 0 0 0 1
1.520621254826929569e+09 3.467868746019009407e-02 2.588793307147203016e-01 5.324166290882494934e-01 0 0 0 1
1.520621254835263491e+09 3.150182466577589047e-02 2.583755665422002856e-01 5.323896252278037533e-01 0 0 0 1
1.520621254843596458e+09 2.856609115439379121e-02 2.577654443039714138e-01 5.322022288127115086e-01 0 0 0 1
1.520621254851929426e+09 2.549337652119865183e-02 2.572796657542029686e-01 5.321014404934969466e-01 0 0 0 1
1.520621254860262394e+09 2.245801056327267897e-02 2.569305244053790571e-01 5.320613545214463169e-01 0 0 0 1
1.520621254868596554e+09 1.928046824653528724e-02 2.565994769539288733e-01 5.320591977299888864e-01 0 0 0 1
1.520621254876929522e+09 1.617675382575134435e-02 2.560271496893352094e-01 5.317757630218473697e-01 0 0 0 1
1.520621254885263443e+09 1.292660126997813297e-02 2.558073478711898607e-01 5.316931980827126480e-01 0 0 0 1
1.520621254893596411e+09 9.677450114805696835e-03 2.553179949771896551e-01 5.311907020032160531e-01 0 0 0 1
1.520621254901929617e+09 6.490301394734887541e-03 2.548828511183547918e-01 5.308475000227386165e-01 0 0 0 1
1.520621254910262585e+09 3.261422338791841735e-03 2.545751772009510749e-01 5.303105730912771598e-01 0 0 0 1
1.520621254918596506e+09 -2.509654086274570872e-05 2.542093445131405338e-01 5.296190797346975732e-01 0 0 0 1
1.520621254926929474e+09 -3.511629805412030958e-03 2.537948008219941265e-01 5.289044614183211479e-01 0 0 0 1
1.520621254935263634e+09 -6.765736179171477627e-03 2.535649611746013665e-01 5.281452299578126564e-01 0 0 0 1
1.520621254943596363e+09 -1.026663162710073074e-02 2.532574630698277707e-01 5.273117048402642393e-01 0 0 0 1
1.520621254951929331e+09 -1.357456959165470600e-02 2.528564700411475297e-01 5.263078582616447232e-01 0 0 0 1
1.520621254960263491e+09 -1.695305137387392858e-02 2.527026483050900385e-01 5.253219973324410041e-01 0 0 0 1
1.520621254968596458e+09 -2.033902207845117438e-02 2.524746488535146161e-01 5.241772945474503231e-01 0 0 0 1
1.520621254976929665e+09 -2.365688384215164364e-02 2.524092379749151016e-01 5.230891469036031971e-01 0 0 0 1
1.520621254985262394e+09 -2.692154483206649074e-02 2.521657681684826291e-01 5.217924743753972194e-01 0 0 0 1
1.520621254993596554e+09 -3.011446129772615832e-02 2.522251742979425559e-01 5.206050540692261919e-01 0 0 0 1
1.520621255001929522e+09 -3.341999675816931248e-02 2.521238696506640786e-01 5.193079256377450825e-01 0 0 0 1
1.520621255010263443e+09 -3.668830528556982218e-02 2.520977002246813092e-01 5.179223905044580967e-01 0 0 0 1
1.520621255018596411e+09 -3.980426423075655862e-02 2.522389283381076819e-01 5.165041584005480857e-01 0 0 0 1
1.520621255026929617e+09 -4.310289476537743081e-02 2.523960338621120680e-01 5.154154666153696329e-01 0 0 0 1
1.520621255035262585e+09 -4.620304827855403751e-02 2.527058182247153284e-01 5.140874174956948650e-01 0 0 0 1
1.520621255043596268e+09 -4.964673616724712968e-02 2.529808769466270757e-01 5.128101923723558109e-01 0 0 0 1
1.520621255051929474e+09 -5.285285402551953560e-02 2.532975500657542733e-01 5.113491079516092608e-01 0 0 0 1
1.520621255060263634e+09 -5.562126117552657067e-02 2.536140679417604460e-01 5.096614032045143627e-01 0 0 0 1
1.520621255068596601e+09 -5.893318202030611852e-02 2.541039855343837917e-01 5.083132465139754697e-01 0 0 0 1
1.520621255076929569e+09 -6.194907201501531624e-02 2.544829306146467740e-01 5.070076273625376828e-01 0 0 0 1
1.520621255085263491e+09 -6.547617249121651106e-02 2.550044390360359237e-01 5.055149062256882875e-01 0 0 0 1
1.520621255093596458e+09 -6.844842630705971764e-02 2.558500517219110537e-01 5.039624975866161538e-01 0 0 0 1
1.520621255101929665e+09 -7.148840046984106245e-02 2.564269900437106120e-01 5.024691584434124447e-01 0 0 0 1
1.520621255110262632e+09 -7.472622316719118585e-02 2.571975370457681431e-01 5.010564123762062394e-01 0 0 0 1
1.520621255118596554e+09 -7.776719365003453843e-02 2.577850740669994645e-01 4.996490891933047518e-01 0 0 0 1
1.520621255126929522e+09 -8.068517981265893591e-02 2.585953957959484240e-01 4.985407338032676883e-01 0 0 0 1
1.520621255135263681e+09 -8.359708570214113843e-02 2.595691036532670193e-01 4.971558748597724176e-01 0 0 0 1
1.520621255143596411e+09 -8.665142704244532812e-02 2.603732715700282085e-01 4.960494291172472536e-01 0 0 0 1
1.520621255151929379e+09 -8.943009428077913769e-02 2.614502920327447799e-01 4.948508770405759538e-01 0 0 0 1
1.520621255160262585e+09 -9.230023056061414932e-02 2.625119217402517857e-01 4.937692626003677976e-01 0 0 0 1
1.520621255168596506e+09 -9.509701223368538514e-02 2.635924294838390969e-01 4.926214592607565113e-01 0 0 0 1
1.520621255176929712e+09 -9.774323475097679292e-02 2.648507208100836507e-01 4.915438332734090032e-01 0 0 0 1
1.520621255185263395e+09 -1.004403078688062556e-01 2.660079314897150216e-01 4.905215239645372982e-01 0 0 0 1
1.520621255193596601e+09 -1.030136737764862920e-01 2.674087758370782275e-01 4.896134038828607871e-01 0 0 0 1
1.520621255201929569e+09 -1.053609247602277366e-01 2.688504793020075057e-01 4.887423783240594233e-01 0 0 0 1
1.520621255210263491e+09 -1.078319205524408964e-01 2.702102932242715361e-01 4.879967710476604825e-01 0 0 0 1
1.520621255218596458e+09 -1.099123779685080016e-01 2.719355087917607050e-01 4.873261358355613915e-01 0 0 0 1
1.520621255226929426e+09 -1.120997189726837817e-01 2.735632568036284185e-01 4.866539102843105979e-01 0 0 0 1
1.520621255235262632e+09 -1.140792434994326587e-01 2.751622380945976665e-01 4.859512073992766634e-01 0 0 0 1
1.520621255243596315e+09 -1.160699318693670379e-01 2.767867708983230424e-01 4.854127966187609111e-01 0 0 0 1
1.520621255251929522e+09 -1.177844007898619649e-01 2.784757664188116655e-01 4.848899601785590097e-01 0 0 0 1
1.520621255260263443e+09 -1.195029805141441526e-01 2.801698686025119733e-01 4.841859619971076167e-01 0 0 0 1
1.520621255268596649e+09 -1.211232108218570636e-01 2.820842371495776435e-01 4.838474839052910870e-01 0 0 0 1
1.520621255276929617e+09 -1.223961051292539182e-01 2.838722699945206429e-01 4.832007608489121697e-01 0 0 0 1
1.520621255285262346e+09 -1.238101088316790888e-01 2.857513210719340724e-01 4.827507279452258881e-01 0 0 0 1
1.520621255293596506e+09 -1.251385980520428598e-01 2.874208680243031111e-01 4.822376823829441772e-01 0 0 0 1
1.520621255301929474e+09 -1.262271835911958906e-01 2.893174258474639493e-01 4.817042182712933940e-01 0 0 0 1
1.520621255310263395e+09 -1.272756265127048536e-01 2.912627965239370509e-01 4.812640718703147247e-01 0 0 0 1
1.520621255318596363e+09 -1.281153447595391737e-01 2.932099714850475158e-01 4.808869839864609030e-01 0 0 0 1
1.520621255326929569e+09 -1.289182549729755989e-01 2.952393052803440332e-01 4.802469227917680605e-01 0 0 0 1
1.520621255335263491e+09 -1.295013272435139307e-01 2.974550943386955471e-01 4.796104766646938078e-01 0 0 0 1
1.520621255343596458e+09 -1.300610540786430458e-01 2.991440466074544724e-01 4.793926800137382482e-01 0 0 0 1
1.520621255351929426e+09 -1.304198358001479874e-01 3.010300104066689908e-01 4.785742159314332334e-01 0 0 0 1
1.520621255360262394e+09 -1.309979322497851206e-01 3.033449604066548733e-01 4.781994634490900342e-01 0 0 0 1
1.520621255368596554e+09 -1.309707265674104892e-01 3.053611838879681795e-01 4.774411991961671209e-01 0 0 0 1
1.520621255376929522e+09 -1.310364066925207016e-01 3.075712660691686806e-01 4.770037642703994774e-01 0 0 0 1
1.520621255385263443e+09 -1.307818923484991847e-01 3.097034406124364869e-01 4.763823731678458184e-01 0 0 0 1
1.520621255393596411e+09 -1.308369925623640295e-01 3.117846337484166952e-01 4.756816413351117045e-01 0 0 0 1
1.520621255401929617e+09 -1.303153909442663627e-01 3.141459655966993836e-01 4.750437208832181124e-01 0 0 0 1
1.520621255410262585e+09 -1.299434485034717257e-01 3.162141882215331323e-01 4.744073638440784446e-01 0 0 0 1
1.520621255418596506e+09 -1.293873893639531647e-01 3.185970603029312231e-01 4.736899276668011805e-01 0 0 0 1
1.520621255426929474e+09 -1.288419463027550838e-01 3.208891827366784910e-01 4.729978556496350350e-01 0 0 0 1
1.520621255435263634e+09 -1.279801181640579100e-01 3.231640825856318400e-01 4.722008701371545047e-01 0 0 0 1
1.520621255443596363e+09 -1.271434093636694684e-01 3.255496384466281534e-01 4.713996385410985646e-01 0 0 0 1
1.520621255451929331e+09 -1.262827370851344333e-01 3.278796309667862396e-01 4.707467649518966013e-01 0 0 0 1
1.520621255460263491e+09 -1.250551915005495562e-01 3.302613481930375405e-01 4.699154442683244337e-01 0 0 0 1
1.520621255468596458e+09 -1.240327028397449904e-01 3.325048294636743784e-01 4.692476079415994761e-01 0 0 0 1
1.520621255476929665e+09 -1.225795257298326613e-01 3.347689835509727319e-01 4.685767129476230419e-01 0 0 0 1
1.520621255485262394e+09 -1.212809343493165826e-01 3.370535099895933806e-01 4.680513193474196143e-01 0 0 0 1
1.520621255493596554e+09 -1.198016672596655119e-01 3.391282020020331411e-01 4.672233657268065610e-01 0 0 0 1
1.520621255501929522e+09 -1.181582572805450204e-01 3.413736131200398316e-01 4.666070980429757320e-01 0 0 0 1
1.520621255510263443e+09 -1.164677794774736097e-01 3.436437969529453351e-01 4.661150929501245432e-01 0 0 0 1
1.520621255518596411e+09 -1.146735262828785795e-01 3.458214673479377832e-01 4.657767767925702351e-01 0 0 0 1
1.520621255526929617e+09 -1.126042223632235384e-01 3.479990540598125737e-01 4.653284081709452291e-01 0 0 0 1
1.520621255535262585e+09 -1.104171720502477583e-01 3.505951191022147473e-01 4.654693120605231105e-01 0 0 0 1
1.520621255543596268e+09 -1.083194344425147393e-01 3.525010161560668265e-01 4.652015659279624682e-01 0 0 0 1
1.520621255551929474e+09 -1.060553407994091479e-01 3.548011012300796296e-01 4.648665220768832818e-01 0 0 0 1
1.520621255560263634e+09 -1.036982648444497168e-01 3.569501260553897271e-01 4.647372037009336321e-01 0 0 0 1
1.520621255568596601e+09 -1.011658105899064242e-01 3.589924137769679446e-01 4.645144313754607790e-01 0 0 0 1
1.520621255576929569e+09 -9.886122575129485668e-02 3.609479413934576497e-01 4.643749155129850426e-01 0 0 0 1
1.520621255585263491e+09 -9.618430822940748914e-02 3.629254526482271759e-01 4.645285034295771887e-01 0 0 0 1
1.520621255593596458e+09 -9.333092173866003316e-02 3.651486447897395737e-01 4.647881738376782312e-01 0 0 0 1
1.520621255601929665e+09 -9.058133493449643803e-02 3.671158619196769335e-01 4.649516614503943490e-01 0 0 0 1
1.520621255610262632e+09 -8.764199163614966315e-02 3.692440321607139975e-01 4.653766606264571060e-01 0 0 0 1
1.520621255618596554e+09 -8.482427476943521505e-02 3.711125633721519823e-01 4.656775249538227524e-01 0 0 0 1
1.520621255626929522e+09 -8.183163518606079156e-02 3.731101249641713968e-01 4.662399355074262619e-01 0 0 0 1
1.520621255635263681e+09 -7.880296438367712097e-02 3.749162616304493323e-01 4.669673929152391434e-01 0 0 0 1
1.520621255643596411e+09 -7.592629353599422704e-02 3.767013069539322800e-01 4.675711888552314122e-01 0 0 0 1
1.520621255651929379e+09 -7.299583220951871843e-02 3.784789628180079690e-01 4.683343099742782734e-01 0 0 0 1
1.520621255660262585e+09 -7.007705792322505012e-02 3.802196691600243650e-01 4.690210559341363439e-01 0 0 0 1
1.520621255668596506e+09 -6.710064822590317002e-02 3.819639022665090589e-01 4.698648047463249711e-01 0 0 0 1
1.520621255676929712e+09 -6.400253587558679680e-02 3.835716758566959927e-01 4.707107653204471998e-01 0 0 0 1
1.520621255685263395e+09 -6.106985683877763638e-02 3.851658913130895923e-01 4.716236684220833641e-01 0 0 0 1
1.520621255693596601e+09 -5.815898798036950312e-02 3.867199145025217444e-01 4.726206762615756674e-01 0 0 0 1
1.520621255701929569e+09 -5.544538470601584335e-02 3.881996514758587757e-01 4.736984806322881436e-01 0 0 0 1
1.520621255710263491e+09 -5.239401418127226373e-02 3.896543710408648664e-01 4.749525780276004916e-01 0 0 0 1
1.520621255718596458e+09 -4.960509924526973480e-02 3.911414530054170280e-01 4.761775967670089926e-01 0 0 0 1
1.520621255726929426e+09 -4.685143803871810730e-02 3.927416516645215738e-01 4.773993161236247396e-01 0 0 0 1
1.520621255735262632e+09 -4.425609865652863073e-02 3.940609442747297075e-01 4.788071151712400830e-01 0 0 0 1
1.520621255743596315e+09 -4.169015160952632693e-02 3.954182691162667629e-01 4.802940650478559892e-01 0 0 0 1
1.520621255751929522e+09 -3.883914782653452580e-02 3.968468749320277489e-01 4.817948610619555705e-01 0 0 0 1
1.520621255760263443e+09 -3.624298480267107436e-02 3.983281722720709017e-01 4.833244422919775740e-01 0 0 0 1
1.520621255768596649e+09 -3.377380760230985768e-02 3.996628579555528415e-01 4.850856229572717560e-01 0 0 0 1
1.520621255776929617e+09 -3.132364201828857775e-02 4.010133863556907263e-01 4.869766459528517277e-01 0 0 0 1
1.520621255785262346e+09 -2.893842190847684126e-02 4.022995049730748174e-01 4.886851606692852457e-01 0 0 0 1
1.520621255793596506e+09 -2.649919901343572581e-02 4.034987643334604912e-01 4.906580128683615261e-01 0 0 0 1
1.520621255801929474e+09 -2.433403340453904606e-02 4.047705502669424193e-01 4.925797422027626826e-01 0 0 0 1
1.520621255810263395e+09 -2.232311539404452372e-02 4.060966249582835808e-01 4.946852638125394108e-01 0 0 0 1
1.520621255818596363e+09 -2.031944960198228678e-02 4.073527158951520954e-01 4.967457948105427068e-01 0 0 0 1
1.520621255826929569e+09 -1.818255413239511231e-02 4.083910572601126554e-01 4.987323786218940125e-01 0 0 0 1
1.520621255835263491e+09 -1.628697910380955127e-02 4.098041050293028675e-01 5.011337791931516072e-01 0 0 0 1
1.520621255843596458e+09 -1.457528440978173023e-02 4.110671976402555661e-01 5.033512668457087447e-01 0 0 0 1
1.520621255851929426e+09 -1.288056745261101366e-02 4.122265997464257259e-01 5.056949472919980426e-01 0 0 0 1
1.520621255860262394e+09 -1.127205732965441687e-02 4.136580805075013578e-01 5.082903586175555599e-01 0 0 0 1
1.520621255868596554e+09 -9.782208501532996259e-03 4.150155842941881668e-01 5.106653052025749151e-01 0 0 0 1
1.520621255876929522e+09 -8.336496885191724271e-03 4.162289173100620632e-01 5.131958780163878853e-01 0 0 0 1
1.520621255885263443e+09 -6.775952082658354136e-03 4.174016539533261794e-01 5.155180871266069609e-01 0 0 0 1
1.520621255893596411e+09 -5.619695993922479982e-03 4.188804262220748309e-01 5.183353359361750901e-01 0 0 0 1
1.520621255901929617e+09 -4.451153865192736259e-03 4.202246608699826136e-01 5.209115398932115948e-01 0 0 0 1
1.520621255910262585e+09 -3.491228584755534659e-03 4.218458901957395923e-01 5.235900242206108501e-01 0 0 0 1
1.520621255918596506e+09 -2.547005634632892868e-03 4.232869701552671726e-01 5.261723682205343700e-01 0 0 0 1
1.520621255926929474e+09 -1.798224246719881680e-03 4.248326200839843136e-01 5.288459221301700097e-01 0 0 0 1
1.520621255935263634e+09 -1.113553052611959693e-03 4.263118021449813222e-01 5.314416852307977113e-01 0 0 0 1
1.520621255943596363e+09 -8.393402424485274516e-04 4.281245799535501328e-01 5.342352267745755778e-01 0 0 0 1
1.520621255951929331e+09 -3.889798991960069507e-04 4.297117291870881650e-01 5.369494668532559523e-01 0 0 0 1
1.520621255960263491e+09 -8.092746869026168355e-06 4.310995963108779083e-01 5.396438189501553406e-01 0 0 0 1
1.520621255968596458e+09 2.134977108360081033e-04 4.326840420203152959e-01 5.421885684208689327e-01 0 0 0 1
1.520621255976929665e+09 2.334840827478701364e-04 4.342231594039202003e-01 5.448884533830520294e-01 0 0 0 1
1.520621255985262394e+09 2.397654902113188768e-04 4.357460259755067122e-01 5.474230711024150597e-01 0 0 0 1
1.520621255993596554e+09 4.366313227421869669e-05 4.372792435310083325e-01 5.500715770093391743e-01 0 0 0 1
1.520621256001929522e+09 -4.544669074764695615e-04 4.389020292672757284e-01 5.526996985463821233e-01 0 0 0 1
1.520621256010263443e+09 -9.256672329126525156e-04 4.403251459041930271e-01 5.552110446316882442e-01 0 0 0 1
1.520621256018596411e+09 -1.542958622850199024e-03 4.417480295203897178e-01 5.577099812586683303e-01 0 0 0 1
1.520621256026929617e+09 -2.494684537165670069e-03 4.432896830681798406e-01 5.600251588705029704e-01 0 0 0 1
1.520621256035262585e+09 -3.154825130639082875e-03 4.447906553013207254e-01 5.626041488340249863e-01 0 0 0 1
1.520621256043596268e+09 -4.066210827475769118e-03 4.463283542409676175e-01 5.650090299319794340e-01 0 0 0 1
1.520621256051929474e+09 -5.115388463483250270e-03 4.480168647458265818e-01 5.674687650597902699e-01 0 0 0 1
1.520621256060263634e+09 -6.216653320611553735e-03 4.495670153922513013e-01 5.697390444316237090e-01 0 0 0 1
1.520621256068596601e+09 -7.475527669849990620e-03 4.512594354878715075e-01 5.719177810570093001e-01 0 0 0 1
1.520621256076929569e+09 -8.702096404290204923e-03 4.527698533741937315e-01 5.739676071557076042e-01 0 0 0 1
1.520621256085263491e+09 -1.000067206745003379e-02 4.543676078211725256e-01 5.760341959557291336e-01 0 0 0 1
1.520621256093596458e+09 -1.161394531957665732e-02 4.555989794268307524e-01 5.781201629993657498e-01 0 0 0 1
1.520621256101929665e+09 -1.313603329911661177e-02 4.570003591115656127e-01 5.800452740543979857e-01 0 0 0 1
1.520621256110262632e+09 -1.472418823875565330e-02 4.586397476642384285e-01 5.819263376740515525e-01 0 0 0 1
1.520621256118596554e+09 -1.644187879204445091e-02 4.600795398081931609e-01 5.838062297481407814e-01 0 0 0 1
1.520621256126929522e+09 -1.820875510128855401e-02 4.613151658554562884e-01 5.854496042084926799e-01 0 0 0 1
1.520621256135263681e+09 -2.015692351361902945e-02 4.628579633437002183e-01 5.871363901995221291e-01 0 0 0 1
1.520621256143596411e+09 -2.219521494429310682e-02 4.644290796480037287e-01 5.887689833157583319e-01 0 0 0 1
1.520621256151929379e+09 -2.435100750555890814e-02 4.659236005523327284e-01 5.902224723782580895e-01 0 0 0 1
1.520621256160262585e+09 -2.642093667504596954e-02 4.673823181431880913e-01 5.916975018854222501e-01 0 0 0 1
1.520621256168596506e+09 -2.865518427491242637e-02 4.689840868968489507e-01 5.930529857676452021e-01 0 0 0 1
1.520621256176929712e+09 -3.098298077476413503e-02 4.701745322034607266e-01 5.943357871770558187e-01 0 0 0 1
1.520621256185263395e+09 -3.339105738959874392e-02 4.717194126001252874e-01 5.957890901501492475e-01 0 0 0 1
1.520621256193596601e+09 -3.571121118766246161e-02 4.728854363348247158e-01 5.967881223337550001e-01 0 0 0 1
1.520621256201929569e+09 -3.809866691758867496e-02 4.742918937165845339e-01 5.981123759152733310e-01 0 0 0 1
1.520621256210263491e+09 -4.068971141409977177e-02 4.756608340283152714e-01 5.992257677772232505e-01 0 0 0 1
1.520621256218596458e+09 -4.333594891306929986e-02 4.768527371106600077e-01 6.001847168153404688e-01 0 0 0 1
1.520621256226929426e+09 -4.615901047893899989e-02 4.778789136885417399e-01 6.010322984601546015e-01 0 0 0 1
1.520621256235262632e+09 -4.887038960222811479e-02 4.790839220132056542e-01 6.020952235426171306e-01 0 0 0 1
1.520621256243596315e+09 -5.157947540987029011e-02 4.803228024033001642e-01 6.030530075778364196e-01 0 0 0 1
1.520621256251929522e+09 -5.445573143361620572e-02 4.814592615813704235e-01 6.039561960581973921e-01 0 0 0 1
1.520621256260263443e+09 -5.734627101942346705e-02 4.829455530912307726e-01 6.051162608534481624e-01 0 0 0 1
1.520621256268596649e+09 -6.028363136279651924e-02 4.838556010184039136e-01 6.058775275641063995e-01 0 0 0 1
1.520621256276929617e+09 -6.352202899976411299e-02 4.850387430595891614e-01 6.067447617790926451e-01 0 0 0 1
1.520621256285262346e+09 -6.630463844166462062e-02 4.862708689104683346e-01 6.074367992639224667e-01 0 0 0 1
1.520621256293596506e+09 -6.952297342685070936e-02 4.873057031614604906e-01 6.083193530311716835e-01 0 0 0 1
1.520621256301929474e+09 -7.283152029439260433e-02 4.885550172142534286e-01 6.091193294645143030e-01 0 0 0 1
1.520621256310263395e+09 -7.601627048791398389e-02 4.898588444507078199e-01 6.101727208746485775e-01 0 0 0 1
1.520621256318596363e+09 -7.931267052012885843e-02 4.909443341529224902e-01 6.109108605969413297e-01 0 0 0 1
1.520621256326929569e+09 -8.308808654787797066e-02 4.917161955098859893e-01 6.113522392397157112e-01 0 0 0 1
1.520621256335263491e+09 -8.648829257750684230e-02 4.929784575423031834e-01 6.120957379995675129e-01 0 0 0 1
1.520621256343596458e+09 -8.990152468100115479e-02 4.941289737869045684e-01 6.128752346401029616e-01 0 0 0 1
1.520621256351929426e+09 -9.354465829925967535e-02 4.954346486364739066e-01 6.136178389322122229e-01 0 0 0 1
1.520621256360262394e+09 -9.690709625415033779e-02 4.965999302255609260e-01 6.144742421465594351e-01 0 0 0 1
1.520621256368596554e+09 -1.003142194332571902e-01 4.978389132056559863e-01 6.153526114538045988e-01 0 0 0 1
1.520621256376929522e+09 -1.039309136148380275e-01 4.989693921996000148e-01 6.159133120266193639e-01 0 0 0 1
1.520621256385263443e+09 -1.073975903669686649e-01 4.997844056760453180e-01 6.162974605032256470e-01 0 0 0 1
1.520621256393596411e+09 -1.108815988101300443e-01 5.008799214956126677e-01 6.169446348410603242e-01 0 0 0 1
1.520621256401929617e+09 -1.143548498779565215e-01 5.018823193215657952e-01 6.174500471290111925e-01 0 0 0 1
1.520621256410262585e+09 -1.179419014881604166e-01 5.029789421120456350e-01 6.180833375906928939e-01 0 0 0 1
1.520621256418596506e+09 -1.215046370093462169e-01 5.038688823579090537e-01 6.184099096954989161e-01 0 0 0 1
1.520621256426929474e+09 -1.253260331540050343e-01 5.048591222150606850e-01 6.188954903647425621e-01 0 0 0 1
1.520621256435263634e+09 -1.288994771568162112e-01 5.058697004219598892e-01 6.192635627015909972e-01 0 0 0 1
1.520621256443596363e+09 -1.324002728987742628e-01 5.070123290561957541e-01 6.197893671048384512e-01 0 0 0 1
1.520621256451929331e+09 -1.359924399323737543e-01 5.081265724629724367e-01 6.201993613817256001e-01 0 0 0 1
1.520621256460263491e+09 -1.394916835359965579e-01 5.090511318408496022e-01 6.205329700399360160e-01 0 0 0 1
1.520621256468596458e+09 -1.430961241130730421e-01 5.101281113683935331e-01 6.208014200853428921e-01 0 0 0 1
1.520621256476929665e+09 -1.465180777158633929e-01 5.112060518526798658e-01 6.211984503555945114e-01 0 0 0 1
1.520621256485262394e+09 -1.504773785639546557e-01 5.123113801432528369e-01 6.215730335978157939e-01 0 0 0 1
1.520621256493596554e+09 -1.538894096101525166e-01 5.131508298118228062e-01 6.218204128409354770e-01 0 0 0 1
1.520621256501929522e+09 -1.576708699574370653e-01 5.143459026573176107e-01 6.218532236860110363e-01 0 0 0 1
1.520621256510263443e+09 -1.612491011525910012e-01 5.156512895174858446e-01 6.221620177262425777e-01 0 0 0 1
1.520621256518596411e+09 -1.648992770153906995e-01 5.167212734875681335e-01 6.222439116573912354e-01 0 0 0 1
1.520621256526929617e+09 -1.684667936051604253e-01 5.178761068081646490e-01 6.222123557063097277e-01 0 0 0 1
1.520621256535262585e+09 -1.721150188646735635e-01 5.191355878661715328e-01 6.222185557217181362e-01 0 0 0 1
1.520621256543596268e+09 -1.758426991056268318e-01 5.202427374845226549e-01 6.221214070319540657e-01 0 0 0 1
1.520621256551929474e+09 -1.794819755449056364e-01 5.215326764001502191e-01 6.221160983478410955e-01 0 0 0 1
1.520621256560263634e+09 -1.832614741075906384e-01 5.230244877328736886e-01 6.221063257617795994e-01 0 0 0 1
1.520621256568596601e+09 -1.867590434905476160e-01 5.240590812880727700e-01 6.217499057518962591e-01 0 0 0 1
1.520621256576929569e+09 -1.903442227628566741e-01 5.254093064694773663e-01 6.214809001928092158e-01 0 0 0 1
1.520621256585263491e+09 -1.939394873862452795e-01 5.267694300160158383e-01 6.210981059080145084e-01 0 0 0 1
1.520621256593596458e+09 -1.977366341247685511e-01 5.281371525215091678e-01 6.206927787255327456e-01 0 0 0 1
1.520621256601929665e+09 -2.012561355737550461e-01 5.295249860243218532e-01 6.202024772681553610e-01 0 0 0 1
1.520621256610262632e+09 -2.048752980401420953e-01 5.310234595771006205e-01 6.197308751945427296e-01 0 0 0 1
1.520621256618596554e+09 -2.084153442152955615e-01 5.324382305015473715e-01 6.192784635107178026e-01 0 0 0 1
1.520621256626929522e+09 -2.118445349192941696e-01 5.339791980782545577e-01 6.184908439058820484e-01 0 0 0 1
1.520621256635263681e+09 -2.153873566553644592e-01 5.356296646691639518e-01 6.181325295575881285e-01 0 0 0 1
1.520621256643596411e+09 -2.191153245324968801e-01 5.374058084514000688e-01 6.176279162567153147e-01 0 0 0 1
1.520621256651929379e+09 -2.224299093804822380e-01 5.388741495373285950e-01 6.166945554387042172e-01 0 0 0 1
1.520621256660262585e+09 -2.255844606701770116e-01 5.404475883598380825e-01 6.160251572647132967e-01 0 0 0 1
1.520621256668596506e+09 -2.288656424965726521e-01 5.421683126632758087e-01 6.151127746817706132e-01 0 0 0 1
1.520621256676929712e+09 -2.325241636744408424e-01 5.442137043464142510e-01 6.145903620447485949e-01 0 0 0 1
1.520621256685263395e+09 -2.352524521157526582e-01 5.460441622303812137e-01 6.138360532226887489e-01 0 0 0 1
1.520621256693596601e+09 -2.385672682197337580e-01 5.479858356956766041e-01 6.129088449077901846e-01 0 0 0 1
1.520621256701929569e+09 -2.417847456400198103e-01 5.497273788055737631e-01 6.119719281602429284e-01 0 0 0 1
1.520621256710263491e+09 -2.445630811543610672e-01 5.517123487499351331e-01 6.112063671148997290e-01 0 0 0 1
1.520621256718596458e+09 -2.473545038583360722e-01 5.534568367201678774e-01 6.102571080779455315e-01 0 0 0 1
1.520621256726929426e+09 -2.505067207589375400e-01 5.550697573318346123e-01 6.088346505883124316e-01 0 0 0 1
1.520621256735262632e+09 -2.531494449414206094e-01 5.569970713579909249e-01 6.078506699515331402e-01 0 0 0 1
1.520621256743596315e+09 -2.560574786764030497e-01 5.586142696674938346e-01 6.066425113584767992e-01 0 0 0 1
1.520621256751929522e+09 -2.587075127168939059e-01 5.603788132217430995e-01 6.052876399685747089e-01 0 0 0 1
1.520621256760263443e+09 -2.613908129668098268e-01 5.621048609600062251e-01 6.039895492740328109e-01 0 0 0 1
1.520621256768596649e+09 -2.639722208510775214e-01 5.637758433542661152e-01 6.026678418152640049e-01 0 0 0 1
1.520621256776929617e+09 -2.664173399941764941e-01 5.655726171258045332e-01 6.012773591285256458e-01 0 0 0 1
1.520621256785262346e+09 -2.689098856339339760e-01 5.674026025476583968e-01 5.999788052811010353e-01 0 0 0 1
1.520621256793596506e+09 -2.713464382382932971e-01 5.691520774591853904e-01 5.984519309386830965e-01 0 0 0 1
1.520621256801929474e+09 -2.735951382903168971e-01 5.707523695375522621e-01 5.968405330495605288e-01 0 0 0 1
1.520621256810263395e+09 -2.757370862047523463e-01 5.725161266116965963e-01 5.953409756836673949e-01 0 0 0 1
1.520621256818596363e+09 -2.778985987468959307e-01 5.740600879811706969e-01 5.937994365570085087e-01 0 0 0 1
1.520621256826929569e+09 -2.797212195221195907e-01 5.760590513860013306e-01 5.924135501775544821e-01 0 0 0 1
1.520621256835263491e+09 -2.817416016067701978e-01 5.777290648378909932e-01 5.909195770895396826e-01 0 0 0 1
1.520621256843596458e+09 -2.835877457619612185e-01 5.793255901129342744e-01 5.894117572716757181e-01 0 0 0 1
1.520621256851929426e+09 -2.854504816376313148e-01 5.811440862549885900e-01 5.880029442219520952e-01 0 0 0 1
1.520621256860262394e+09 -2.871202293125467153e-01 5.825879750695387438e-01 5.863671604673323934e-01 0 0 0 1
1.520621256868596554e+09 -2.887444969034992925e-01 5.842038713240838010e-01 5.849004844948610948e-01 0 0 0 1
1.520621256876929522e+09 -2.903098395228055351e-01 5.857741041112333180e-01 5.835742878983927184e-01 0 0 0 1
1.520621256885263443e+09 -2.916415861066333215e-01 5.871266205056751009e-01 5.819553831745132300e-01 0 0 0 1
1.520621256893596411e+09 -2.930086431967904304e-01 5.884655637707202347e-01 5.806253088311232879e-01 0 0 0 1
1.520621256901929617e+09 -2.942660439599645295e-01 5.898116662432368873e-01 5.792659118232930116e-01 0 0 0 1
1.520621256910262585e+09 -2.952942466006873712e-01 5.909545176348111051e-01 5.778159922936636494e-01 0 0 0 1
1.520621256918596506e+09 -2.963985266832342425e-01 5.922129938493325696e-01 5.765545028121348281e-01 0 0 0 1
1.520621256926929474e+09 -2.972069663789027039e-01 5.933591342740603958e-01 5.753003158542442375e-01 0 0 0 1
1.520621256935263634e+09 -2.983452325452062293e-01 5.941230754347464060e-01 5.738056321696298756e-01 0 0 0 1
1.520621256943596363e+09 -2.988910235535458537e-01 5.951271330728373776e-01 5.729068124583711619e-01 0 0 0 1
1.520621256951929331e+09 -2.997996104214034618e-01 5.958756593320465589e-01 5.716618637579038431e-01 0 0 0 1
1.520621256960263491e+09 -3.004927330414547959e-01 5.965107112621867991e-01 5.705171186311892573e-01 0 0 0 1
1.520621256968596458e+09 -3.012904895113821535e-01 5.970187417756555037e-01 5.693139554110995260e-01 0 0 0 1
1.520621256976929665e+09 -3.018939564031856704e-01 5.974614363954277030e-01 5.679555080272329359e-01 0 0 0 1
1.520621256985262394e+09 -3.024972085727803406e-01 5.981018173232179880e-01 5.670248186836639448e-01 0 0 0 1
1.520621256993596554e+09 -3.030171844101593459e-01 5.983937475615339618e-01 5.658452703845682219e-01 0 0 0 1
1.520621257001929522e+09 -3.031149862906252768e-01 5.991232114892960370e-01 5.653008118827274053e-01 0 0 0 1
1.520621257010263443e+09 -3.033069733846485705e-01 5.992936527752670273e-01 5.644507995343575057e-01 0 0 0 1
1.520621257018596411e+09 -3.037368652378382716e-01 5.995213005956664398e-01 5.635994522446183819e-01 0 0 0 1
1.520621257026929617e+09 -3.039560208727256629e-01 5.996201896303889889e-01 5.625896016694174051e-01 0 0 0 1
1.520621257035262585e+09 -3.043485476149191404e-01 5.994786665969646933e-01 5.616992863106866629e-01 0 0 0 1
1.520621257043596268e+09 -3.046348385430261985e-01 5.995154058913777506e-01 5.609461757993323694e-01 0 0 0 1
1.520621257051929474e+09 -3.050416206392684293e-01 5.992823601857421023e-01 5.602044551432816544e-01 0 0 0 1
1.520621257060263634e+09 -3.052281262967053155e-01 5.989787374767157058e-01 5.596104520322939813e-01 0 0 0 1
1.520621257068596601e+09 -3.055100957671559314e-01 5.986255411429415307e-01 5.589497796573204003e-01 0 0 0 1
1.520621257076929569e+09 -3.054139232909627300e-01 5.983597672386238298e-01 5.586121499227116871e-01 0 0 0 1
1.520621257085263491e+09 -3.060841255327191313e-01 5.978230638320884971e-01 5.575942029358869068e-01 0 0 0 1
1.520621257093596458e+09 -3.062570155145943329e-01 5.972602822548667145e-01 5.570456682765354550e-01 0 0 0 1
1.520621257101929665e+09 -3.063461520327934728e-01 5.966211495531652531e-01 5.565560939545233232e-01 0 0 0 1
1.520621257110262632e+09 -3.063709809907324000e-01 5.960453368996764256e-01 5.561416050195984173e-01 0 0 0 1
1.520621257118596554e+09 -3.067879316077653518e-01 5.952492332464565106e-01 5.553594881018275586e-01 0 0 0 1
1.520621257126929522e+09 -3.067315681910913749e-01 5.946875723616968923e-01 5.552351072763848094e-01 0 0 0 1
1.520621257135263681e+09 -3.069527095699497443e-01 5.938763677505691785e-01 5.546755146992889962e-01 0 0 0 1
1.520621257143596411e+09 -3.071522056442004267e-01 5.930826782718325862e-01 5.544283578165669635e-01 0 0 0 1
1.520621257151929379e+09 -3.074920191718707452e-01 5.923528169959757506e-01 5.541088373474309936e-01 0 0 0 1
1.520621257160262585e+09 -3.075796771084972625e-01 5.914127489777969426e-01 5.538839715401464581e-01 0 0 0 1
1.520621257168596506e+09 -3.078031551665471044e-01 5.905539585184452767e-01 5.536320856077574515e-01 0 0 0 1
1.520621257176929712e+09 -3.081259042940671655e-01 5.894876788256011579e-01 5.534545014638156957e-01 0 0 0 1
1.520621257185263395e+09 -3.083335912216912389e-01 5.885562671918532773e-01 5.533324907073551291e-01 0 0 0 1
1.520621257193596601e+09 -3.085317836297274408e-01 5.874775555040039343e-01 5.531538913211990760e-01 0 0 0 1
1.520621257201929569e+09 -3.087432838787299016e-01 5.864592418050603717e-01 5.532134322566126805e-01 0 0 0 1
1.520621257210263491e+09 -3.088395916484544257e-01 5.852956818709809106e-01 5.532451925889609878e-01 0 0 0 1
1.520621257218596458e+09 -3.091334940803556197e-01 5.840655972205277546e-01 5.532116200441785647e-01 0 0 0 1
1.520621257226929426e+09 -3.094966847488970219e-01 5.828738085643696554e-01 5.531891604069663071e-01 0 0 0 1
1.520621257235262632e+09 -3.096065906501842546e-01 5.814488880228509959e-01 5.533806048656721988e-01 0 0 0 1
1.520621257243596315e+09 -3.098814500408189065e-01 5.800904230911659853e-01 5.535254669965614660e-01 0 0 0 1
1.520621257251929522e+09 -3.103700066126842128e-01 5.787021859896710474e-01 5.536015823994089313e-01 0 0 0 1
1.520621257260263443e+09 -3.106356237937157871e-01 5.772255691070617978e-01 5.538246234019077452e-01 0 0 0 1
1.520621257268596649e+09 -3.107801905035252887e-01 5.757226693210698576e-01 5.540438513972354428e-01 0 0 0 1
1.520621257276929617e+09 -3.112351890886945194e-01 5.742704436854294547e-01 5.543828151325882470e-01 0 0 0 1
1.520621257285262346e+09 -3.114520061629449943e-01 5.727764791201066519e-01 5.547104829165128148e-01 0 0 0 1
1.520621257293596506e+09 -3.118097733302395147e-01 5.713382259984634004e-01 5.551060937160383624e-01 0 0 0 1
1.520621257301929474e+09 -3.123761329329747261e-01 5.698845899519060509e-01 5.555959631777567242e-01 0 0 0 1
1.520621257310263395e+09 -3.125263397497513029e-01 5.684637512134972370e-01 5.564687472662539491e-01 0 0 0 1
1.520621257318596363e+09 -3.131746003713895554e-01 5.669851138094929022e-01 5.566671006371917141e-01 0 0 0 1
1.520621257326929569e+09 -3.136042362230889169e-01 5.653806215295331672e-01 5.571777442676906222e-01 0 0 0 1
1.520621257335263491e+09 -3.139883346275434972e-01 5.638169946157448598e-01 5.575824179238180189e-01 0 0 0 1
1.520621257343596458e+09 -3.146212916690988015e-01 5.622743786249870812e-01 5.581386085644779449e-01 0 0 0 1
1.520621257351929426e+09 -3.150057987930655612e-01 5.607078430349532461e-01 5.586582914735434002e-01 0 0 0 1
1.520621257360262394e+09 -3.155213607152074773e-01 5.592222425983010003e-01 5.592960453362922912e-01 0 0 0 1
1.520621257368596554e+09 -3.162090195899962541e-01 5.579620962368723180e-01 5.600807812978658706e-01 0 0 0 1
1.520621257376929522e+09 -3.166139661957603213e-01 5.564027794303153529e-01 5.605783463465214833e-01 0 0 0 1
1.520621257385263443e+09 -3.171698355515131240e-01 5.549651353276546795e-01 5.611593227377940085e-01 0 0 0 1
1.520621257393596411e+09 -3.183449749417329722e-01 5.536595804984996150e-01 5.618888327929734139e-01 0 0 0 1
1.520621257401929617e+09 -3.189479663551250122e-01 5.525056351227003448e-01 5.624869150106808213e-01 0 0 0 1
1.520621257410262585e+09 -3.198050792468815073e-01 5.513561275578315879e-01 5.630988003192423097e-01 0 0 0 1
1.520621257418596506e+09 -3.205930854221464843e-01 5.500674466925341566e-01 5.635721496617993598e-01 0 0 0 1
1.520621257426929474e+09 -3.213684699409001810e-01 5.489324377366009422e-01 5.642200982800580356e-01 0 0 0 1
1.520621257435263634e+09 -3.225628948416937591e-01 5.477474737416566652e-01 5.647500167240628866e-01 0 0 0 1
1.520621257443596363e+09 -3.232537336497481317e-01 5.463367963877550082e-01 5.653196351206171144e-01 0 0 0 1
1.520621257451929331e+09 -3.244877758896814735e-01 5.452982414487319573e-01 5.659051557231977725e-01 0 0 0 1
1.520621257460263491e+09 -3.256563784931124639e-01 5.439818975063231976e-01 5.664326950052982479e-01 0 0 0 1
1.520621257468596458e+09 -3.268468085084326180e-01 5.430100964325381696e-01 5.670873530107001237e-01 0 0 0 1
1.520621257476929665e+09 -3.280400838761952098e-01 5.417197590423871167e-01 5.676630075595536784e-01 0 0 0 1
1.520621257485262394e+09 -3.291865215678505541e-01 5.404416537342677795e-01 5.679013394640135548e-01 0 0 0 1
1.520621257493596554e+09 -3.304481678307903403e-01 5.392487239875513039e-01 5.684479285489336675e-01 0 0 0 1
1.520621257501929522e+09 -3.322137540690006108e-01 5.386183554158572306e-01 5.691744750136626951e-01 0 0 0 1
1.520621257510263443e+09 -3.337384793709868847e-01 5.376500825285041030e-01 5.697072828892257856e-01 0 0 0 1
1.520621257518596411e+09 -3.352987414036546765e-01 5.366484982947108406e-01 5.702027416974877472e-01 0 0 0 1
1.520621257526929617e+09 -3.369348416670348012e-01 5.357429290548225698e-01 5.706208102565060170e-01 0 0 0 1
1.520621257535262585e+09 -3.385157116572330427e-01 5.346391280346280972e-01 5.707832513114390327e-01 0 0 0 1
1.520621257543596268e+09 -3.404888302850539450e-01 5.339023325986927970e-01 5.713116827602786607e-01 0 0 0 1
1.520621257551929474e+09 -3.423680728363790449e-01 5.329182269216964363e-01 5.715172748691879079e-01 0 0 0 1
1.520621257560263634e+09 -3.442880541396543537e-01 5.319211570151443080e-01 5.716112956026244696e-01 0 0 0 1
1.520621257568596601e+09 -3.461995075754739082e-01 5.311811356096987069e-01 5.719805227990797380e-01 0 0 0 1
1.520621257576929569e+09 -3.480981150763926557e-01 5.303417525862712534e-01 5.721321246385822068e-01 0 0 0 1
1.520621257585263491e+09 -3.501054352154405747e-01 5.293343377095556246e-01 5.721854254313938348e-01 0 0 0 1
1.520621257593596458e+09 -3.519891435583812900e-01 5.284793030776835376e-01 5.722897953786176828e-01 0 0 0 1
1.520621257601929665e+09 -3.536409112812471944e-01 5.274235976532893888e-01 5.723386103963050697e-01 0 0 0 1
1.520621257610262632e+09 -3.555478748541379685e-01 5.265535049195216866e-01 5.724369436603296002e-01 0 0 0 1
1.520621257618596554e+09 -3.574002836893744317e-01 5.255912637506982010e-01 5.722827573972886217e-01 0 0 0 1
1.520621257626929522e+09 -3.593683008173691462e-01 5.248119245303051184e-01 5.723829284891588376e-01 0 0 0 1
1.520621257635263681e+09 -3.614035457544117480e-01 5.239721862817470210e-01 5.722735398728118206e-01 0 0 0 1
1.520621257643596411e+09 -3.636545333411219660e-01 5.232990197029560031e-01 5.722673825146975535e-01 0 0 0 1
1.520621257651929379e+09 -3.659894156962193446e-01 5.227920271635888572e-01 5.723299904829437512e-01 0 0 0 1
1.520621257660262585e+09 -3.683139978200510312e-01 5.219765047222816312e-01 5.721487485937464257e-01 0 0 0 1
1.520621257668596506e+09 -3.708524375464514744e-01 5.214776712120100521e-01 5.720796943666428547e-01 0 0 0 1
1.520621257676929712e+09 -3.733379753696929315e-01 5.209405944830918234e-01 5.720411957538651393e-01 0 0 0 1
1.520621257685263395e+09 -3.760386279194032344e-01 5.207665634269054156e-01 5.721956477861420698e-01 0 0 0 1
1.520621257693596601e+09 -3.784979812466653937e-01 5.204274572850379199e-01 5.723331232326764884e-01 0 0 0 1
1.520621257701929569e+09 -3.811224912643905172e-01 5.200619220737170423e-01 5.724080336363228660e-01 0 0 0 1
1.520621257710263491e+09 -3.836233516282107070e-01 5.194372398511420963e-01 5.723699976591696270e-01 0 0 0 1
1.520621257718596458e+09 -3.861255616422492043e-01 5.194022627542949078e-01 5.724482466802152114e-01 0 0 0 1
1.520621257726929426e+09 -3.886278789654301624e-01 5.190163268287406595e-01 5.725745638849297769e-01 0 0 0 1
1.520621257735262632e+09 -3.914190085163648525e-01 5.186719095344564101e-01 5.724089809434540488e-01 0 0 0 1
1.520621257743596315e+09 -3.943434366520227607e-01 5.186668269549419286e-01 5.726421482520658301e-01 0 0 0 1
1.520621257751929522e+09 -3.970944402101700965e-01 5.182636586446127680e-01 5.726274086328273505e-01 0 0 0 1
1.520621257760263443e+09 -4.001600965438840696e-01 5.183910118205977691e-01 5.728896217791676904e-01 0 0 0 1
1.520621257768596649e+09 -4.033632044909358783e-01 5.182388264044450743e-01 5.730655825395993830e-01 0 0 0 1
1.520621257776929617e+09 -4.066654040315191843e-01 5.183535506222087808e-01 5.733967817467480188e-01 0 0 0 1
1.520621257785262346e+09 -4.096917206571650261e-01 5.182190971336233520e-01 5.733918245390725588e-01 0 0 0 1
1.520621257793596506e+09 -4.130920457908122678e-01 5.184474926347885093e-01 5.736095472877911217e-01 0 0 0 1
1.520621257801929474e+09 -4.163542070396256678e-01 5.183787865537279327e-01 5.734950891762748970e-01 0 0 0 1
1.520621257810263395e+09 -4.195261239348573312e-01 5.183169055680056925e-01 5.735406830491338592e-01 0 0 0 1
1.520621257818596363e+09 -4.226984200739638542e-01 5.184603085171173298e-01 5.736894971599915127e-01 0 0 0 1
1.520621257826929569e+09 -4.258032442128693029e-01 5.186170983871078999e-01 5.738195231281291164e-01 0 0 0 1
1.520621257835263491e+09 -4.292127275305033796e-01 5.184739270272187284e-01 5.738006073764077009e-01 0 0 0 1
1.520621257843596458e+09 -4.322114243929109367e-01 5.184968352236889455e-01 5.738884721747756767e-01 0 0 0 1
1.520621257851929426e+09 -4.353230138234068236e-01 5.185072042934841807e-01 5.740503295364576264e-01 0 0 0 1
1.520621257860262394e+09 -4.388520752022986859e-01 5.185425001575411086e-01 5.741390095649854253e-01 0 0 0 1
1.520621257868596554e+09 -4.419854589228865427e-01 5.185025468246841074e-01 5.740940558968044005e-01 0 0 0 1
1.520621257876929522e+09 -4.449935094547625702e-01 5.184478063989927943e-01 5.740665205577482055e-01 0 0 0 1
1.520621257885263443e+09 -4.480985687824537989e-01 5.185922505848156172e-01 5.740133573626460262e-01 0 0 0 1
1.520621257893596411e+09 -4.512784230365510796e-01 5.188171029966837100e-01 5.742160168638548168e-01 0 0 0 1
1.520621257901929617e+09 -4.545377333173599710e-01 5.188681918851215658e-01 5.740559868764378848e-01 0 0 0 1
1.520621257910262585e+09 -4.574378136941044115e-01 5.190629141095091104e-01 5.740230368441485709e-01 0 0 0 1
1.520621257918596506e+09 -4.606381437704399340e-01 5.193655031096362507e-01 5.739818070292617147e-01 0 0 0 1
1.520621257926929474e+09 -4.633708042663262638e-01 5.195187967037157017e-01 5.740915616875736927e-01 0 0 0 1
1.520621257935263634e+09 -4.663805136139069218e-01 5.196730423592662573e-01 5.739990612506045142e-01 0 0 0 1
1.520621257943596363e+09 -4.693267378316509086e-01 5.199045208839013776e-01 5.738969913211704466e-01 0 0 0 1
1.520621257951929331e+09 -4.719065623920952190e-01 5.201322206183547348e-01 5.737300607368187588e-01 0 0 0 1
1.520621257960263491e+09 -4.745041190417310650e-01 5.203208807526029656e-01 5.735626582098205528e-01 0 0 0 1
1.520621257968596458e+09 -4.770548641762363262e-01 5.205598661111077163e-01 5.733897629058777312e-01 0 0 0 1
1.520621257976929665e+09 -4.795609976355836856e-01 5.207245701445368802e-01 5.731596596886181505e-01 0 0 0 1
1.520621257985262394e+09 -4.819472417266095210e-01 5.209341989563711639e-01 5.728969254255840138e-01 0 0 0 1
1.520621257993596554e+09 -4.843918264652359307e-01 5.212417567396399054e-01 5.726481921080606163e-01 0 0 0 1
1.520621258001929522e+09 -4.866581031925982237e-01 5.217376386849529313e-01 5.723643702808980382e-01 0 0 0 1
1.520621258010263443e+09 -4.889286229763586955e-01 5.219279055713463844e-01 5.717523544905347421e-01 0 0 0 1
1.520621258018596411e+09 -4.913050527387434196e-01 5.221985503083739211e-01 5.713469299108500099e-01 0 0 0 1
1.520621258026929617e+09 -4.935458360194968086e-01 5.227104226873878767e-01 5.708348688571807106e-01 0 0 0 1
1.520621258035262585e+09 -4.955536894731607522e-01 5.232777433750371854e-01 5.703924379645113341e-01 0 0 0 1
1.520621258043596268e+09 -4.975299133132695673e-01 5.238360834172435254e-01 5.698233359785345176e-01 0 0 0 1
1.520621258051929474e+09 -4.995372038971226947e-01 5.245052961043437101e-01 5.688880060845340481e-01 0 0 0 1
1.520621258060263634e+09 -5.014977914799151337e-01 5.254025644988340460e-01 5.682676377819519953e-01 0 0 0 1
1.520621258068596601e+09 -5.032226254699191381e-01 5.261692646752937907e-01 5.673807029573325611e-01 0 0 0 1
1.520621258076929569e+09 -5.050483779589072242e-01 5.271500653185841045e-01 5.666268064192347964e-01 0 0 0 1
1.520621258085263491e+09 -5.068716310515568590e-01 5.282117782860240585e-01 5.658903829189856349e-01 0 0 0 1
1.520621258093596458e+09 -5.085607268899692279e-01 5.293771812017046274e-01 5.651659067281837867e-01 0 0 0 1
1.520621258101929665e+09 -5.099476121953736563e-01 5.302395670956652207e-01 5.642932858992864009e-01 0 0 0 1
1.520621258110262632e+09 -5.115328335616929900e-01 5.311692492932474918e-01 5.633146065722254292e-01 0 0 0 1
1.520621258118596554e+09 -5.129143182438602455e-01 5.322257255104316798e-01 5.622907648006525427e-01 0 0 0 1
1.520621258126929522e+09 -5.141668728939969846e-01 5.333208941996141483e-01 5.613751690770258929e-01 0 0 0 1
1.520621258135263681e+09 -5.154183914060943561e-01 5.344869719343527947e-01 5.604748528601410928e-01 0 0 0 1
1.520621258143596411e+09 -5.166196788924313221e-01 5.356072299111460655e-01 5.595296325053533693e-01 0 0 0 1
1.520621258151929379e+09 -5.178187264864820838e-01 5.367242594331421701e-01 5.587280158863334734e-01 0 0 0 1
1.520621258160262585e+09 -5.188656977977771367e-01 5.379407180337839600e-01 5.577335812240429291e-01 0 0 0 1
1.520621258168596506e+09 -5.199040381482884499e-01 5.392055844742023041e-01 5.568903496891750571e-01 0 0 0 1
1.520621258176929712e+09 -5.208171313171988670e-01 5.403050511144247281e-01 5.560352488398718762e-01 0 0 0 1
1.520621258185263395e+09 -5.217852728514236205e-01 5.414024519176834360e-01 5.550773309901941843e-01 0 0 0 1
1.520621258193596601e+09 -5.225862335954662985e-01 5.426019279790816885e-01 5.541918330711870233e-01 0 0 0 1
1.520621258201929569e+09 -5.232010879532751346e-01 5.438063194441828951e-01 5.534206156455800940e-01 0 0 0 1
1.520621258210263491e+09 -5.238242604546281544e-01 5.450893419581349653e-01 5.526530869573180738e-01 0 0 0 1
1.520621258218596458e+09 -5.242061850983028570e-01 5.456328282353508641e-01 5.516194968669005938e-01 0 0 0 1
1.520621258226929426e+09 -5.246282924200873499e-01 5.468467309788719311e-01 5.507304451187542416e-01 0 0 0 1
1.520621258235262632e+09 -5.247960705613350374e-01 5.478964231078372604e-01 5.498601204837152423e-01 0 0 0 1
1.520621258243596315e+09 -5.249615198851363962e-01 5.486997755952280897e-01 5.489277452845950922e-01 0 0 0 1
1.520621258251929522e+09 -5.251129132521281662e-01 5.499504208294678786e-01 5.479642508783679755e-01 0 0 0 1
1.520621258260263443e+09 -5.250731017656600219e-01 5.508413066676014491e-01 5.470173741629269504e-01 0 0 0 1
1.520621258268596649e+09 -5.249697309776927279e-01 5.516826001651015110e-01 5.461009325854320196e-01 0 0 0 1
1.520621258276929617e+09 -5.248841160687670593e-01 5.523826659291407593e-01 5.453488840386815362e-01 0 0 0 1
1.520621258285262346e+09 -5.248918003698710422e-01 5.531615597243821902e-01 5.444424336049200619e-01 0 0 0 1
1.520621258293596506e+09 -5.247760166230646117e-01 5.539676202873783373e-01 5.436183517098476248e-01 0 0 0 1
1.520621258301929474e+09 -5.247227681066826133e-01 5.546971867143284385e-01 5.425970686505494633e-01 0 0 0 1
1.520621258310263395e+09 -5.245051176968079654e-01 5.553930902178187967e-01 5.416793942995947742e-01 0 0 0 1
1.520621258318596363e+09 -5.242879334797149182e-01 5.560782628158497110e-01 5.409100568124167729e-01 0 0 0 1
1.520621258326929569e+09 -5.238982326554640911e-01 5.566130537045108628e-01 5.400020268579772686e-01 0 0 0 1
1.520621258335263491e+09 -5.233875516864455735e-01 5.572668132146099129e-01 5.391300583180917982e-01 0 0 0 1
1.520621258343596458e+09 -5.228343576604170817e-01 5.577554390647105897e-01 5.382827680796864467e-01 0 0 0 1
1.520621258351929426e+09 -5.220264648896308923e-01 5.580233852856739674e-01 5.374957523590881969e-01 0 0 0 1
1.520621258360262394e+09 -5.211806146921443839e-01 5.586848101338712791e-01 5.369483116455402438e-01 0 0 0 1
1.520621258368596554e+09 -5.203956254634181100e-01 5.590673819618665608e-01 5.363137659207217744e-01 0 0 0 1
1.520621258376929522e+09 -5.196857303096087399e-01 5.594649516205432160e-01 5.355552830035708034e-01 0 0 0 1
1.520621258385263443e+09 -5.189222608460368757e-01 5.597338444092982979e-01 5.349195872876626456e-01 0 0 0 1
1.520621258393596411e+09 -5.181552365438517604e-01 5.599279828920697977e-01 5.341878988144188600e-01 0 0 0 1
1.520621258401929617e+09 -5.174098970595762959e-01 5.602252259663685896e-01 5.333851071786364084e-01 0 0 0 1
1.520621258410262585e+09 -5.166098381536401440e-01 5.606048441912339086e-01 5.326664846952193777e-01 0 0 0 1
1.520621258418596506e+09 -5.156265818888641217e-01 5.608608361701490352e-01 5.320198695969677871e-01 0 0 0 1
1.520621258426929474e+09 -5.147296832719028270e-01 5.610151020041755920e-01 5.313209873609467948e-01 0 0 0 1
1.520621258435263634e+09 -5.138015216002348451e-01 5.613260898740615179e-01 5.306487589872417310e-01 0 0 0 1
1.520621258443596363e+09 -5.126114600211630901e-01 5.615128607249119108e-01 5.300516794167355883e-01 0 0 0 1
1.520621258451929331e+09 -5.117437440863316089e-01 5.616286281353957133e-01 5.292995311116133195e-01 0 0 0 1
1.520621258460263491e+09 -5.106783487269160871e-01 5.618366936862527750e-01 5.289493329333465610e-01 0 0 0 1
1.520621258468596458e+09 -5.096984718302757233e-01 5.618776848170715654e-01 5.283188322406924264e-01 0 0 0 1
1.520621258476929665e+09 -5.089349240086386006e-01 5.618305767509330639e-01 5.274320227063149513e-01 0 0 0 1
1.520621258485262394e+09 -5.075806228706853940e-01 5.617407132518054125e-01 5.269568126614150305e-01 0 0 0 1
1.520621258493596554e+09 -5.065765808922859659e-01 5.615002732516198858e-01 5.262538840318711220e-01 0 0 0 1
1.520621258501929522e+09 -5.053542895203236851e-01 5.615008876775854363e-01 5.258369537945231098e-01 0 0 0 1
1.520621258510263443e+09 -5.042997170794970563e-01 5.611719381266223605e-01 5.253855305983730073e-01 0 0 0 1
1.520621258518596411e+09 -5.028452018245891386e-01 5.610127526779322693e-01 5.250701234618397883e-01 0 0 0 1
1.520621258526929617e+09 -5.013811618104646595e-01 5.605373071132254692e-01 5.247844198469293620e-01 0 0 0 1
1.520621258535262585e+09 -5.002402543187822737e-01 5.602254386930766161e-01 5.243974654417240533e-01 0 0 0 1
1.520621258543596268e+09 -4.988044753466319148e-01 5.596630262736324024e-01 5.240702825002947485e-01 0 0 0 1
1.520621258551929474e+09 -4.973017475296103718e-01 5.591442335398000285e-01 5.239564811096968366e-01 0 0 0 1
1.520621258560263634e+09 -4.959879607350105024e-01 5.585032704246405411e-01 5.238755766695564198e-01 0 0 0 1
1.520621258568596601e+09 -4.947285361308505491e-01 5.578488721294424524e-01 5.237785845858695666e-01 0 0 0 1
1.520621258576929569e+09 -4.931231642465440657e-01 5.571390405596465811e-01 5.238755927135274604e-01 0 0 0 1
1.520621258585263491e+09 -4.917590366384719247e-01 5.562636776841665132e-01 5.240204687499212532e-01 0 0 0 1
1.520621258593596458e+09 -4.902379969358033884e-01 5.554488360091538457e-01 5.242168723616325021e-01 0 0 0 1
1.520621258601929665e+09 -4.887871807384442380e-01 5.543524449535739418e-01 5.244967658464803062e-01 0 0 0 1
1.520621258610262632e+09 -4.873230323767009375e-01 5.533536586510321431e-01 5.249415333314548793e-01 0 0 0 1
1.520621258618596554e+09 -4.859034853930915276e-01 5.522102614157825551e-01 5.253493362079091344e-01 0 0 0 1
1.520621258626929522e+09 -4.845163960722738694e-01 5.510718190914927206e-01 5.258216204388415083e-01 0 0 0 1
1.520621258635263681e+09 -4.831773013692804430e-01 5.497996975591740165e-01 5.263693254951489209e-01 0 0 0 1
1.520621258643596411e+09 -4.817871773794732415e-01 5.486171205642939031e-01 5.269709423356554456e-01 0 0 0 1
1.520621258651929379e+09 -4.804539187727449034e-01 5.473473432982394193e-01 5.277225489203454245e-01 0 0 0 1
1.520621258660262585e+09 -4.792165649722489595e-01 5.460654813358409854e-01 5.283555438778009261e-01 0 0 0 1
1.520621258668596506e+09 -4.778410946595285647e-01 5.449041132481117211e-01 5.293394155476787155e-01 0 0 0 1
1.520621258676929712e+09 -4.766970250926454433e-01 5.436557970709343657e-01 5.301584086263864126e-01 0 0 0 1
1.520621258685263395e+09 -4.756110575774912252e-01 5.423893620151338801e-01 5.309492649579579115e-01 0 0 0 1
1.520621258693596601e+09 -4.744024805361088948e-01 5.411851392769815305e-01 5.321238174655713582e-01 0 0 0 1
1.520621258701929569e+09 -4.735577057429042891e-01 5.399033419798320299e-01 5.329062245100462114e-01 0 0 0 1
1.520621258710263491e+09 -4.725998639252779188e-01 5.385093170736253709e-01 5.336829618216742954e-01 0 0 0 1
1.520621258718596458e+09 -4.719066099007347415e-01 5.374912415212179662e-01 5.347907089995360685e-01 0 0 0 1
1.520621258726929426e+09 -4.708748883873667412e-01 5.361121399478119276e-01 5.356218191123069960e-01 0 0 0 1
1.520621258735262632e+09 -4.700737431785135811e-01 5.348609586365232760e-01 5.366536979224687531e-01 0 0 0 1
1.520621258743596315e+09 -4.694285094443080286e-01 5.336700738156194834e-01 5.375890637491396173e-01 0 0 0 1
1.520621258751929522e+09 -4.687316753548447790e-01 5.325436875627218569e-01 5.386143159465317520e-01 0 0 0 1
1.520621258760263443e+09 -4.680744193246104690e-01 5.314150103779509138e-01 5.397085825018146377e-01 0 0 0 1
1.520621258768596649e+09 -4.676834918671292640e-01 5.304879535297096771e-01 5.407578329935176509e-01 0 0 0 1
1.520621258776929617e+09 -4.669583573868389403e-01 5.292277088344217173e-01 5.418197262918260648e-01 0 0 0 1
1.520621258785262346e+09 -4.665206525720593245e-01 5.281847461690000189e-01 5.428171121268374755e-01 0 0 0 1
1.520621258793596506e+09 -4.661863041275751129e-01 5.273439698111775931e-01 5.438587958803142719e-01 0 0 0 1
1.520621258801929474e+09 -4.660722884929588417e-01 5.265280160677660026e-01 5.449404825654571294e-01 0 0 0 1
1.520621258810263395e+09 -4.659366815875549683e-01 5.257218566747041688e-01 5.460055731590212069e-01 0 0 0 1
1.520621258818596363e+09 -4.655931850338867473e-01 5.248494931705962596e-01 5.469532120633806560e-01 0 0 0 1
1.520621258826929569e+09 -4.656230251137635778e-01 5.241258835489809309e-01 5.480376850081258855e-01 0 0 0 1
1.520621258835263491e+09 -4.655421314035094738e-01 5.231431476839061290e-01 5.490668927667636812e-01 0 0 0 1
1.520621258843596458e+09 -4.653514164062720893e-01 5.227615970609222895e-01 5.500073398025682181e-01 0 0 0 1
1.520621258851929426e+09 -4.658002826603157565e-01 5.219324920149892577e-01 5.509371188632656846e-01 0 0 0 1
1.520621258860262394e+09 -4.658699187351072468e-01 5.213185745020318951e-01 5.520814965618257020e-01 0 0 0 1
1.520621258868596554e+09 -4.661617339890448131e-01 5.207188420743377177e-01 5.531204937733169569e-01 0 0 0 1
1.520621258876929522e+09 -4.666780967415529169e-01 5.204502439784342016e-01 5.542184018907170273e-01 0 0 0 1
1.520621258885263443e+09 -4.672245591609706095e-01 5.198188064099467098e-01 5.552202753139887648e-01 0 0 0 1
1.520621258893596411e+09 -4.680591586543942362e-01 5.193984183302906565e-01 5.561809628093834501e-01 0 0 0 1
1.520621258901929617e+09 -4.685738559436944950e-01 5.190001299883386654e-01 5.571369948148652274e-01 0 0 0 1
1.520621258910262585e+09 -4.698058584706396035e-01 5.185933924395442762e-01 5.580789112727160273e-01 0 0 0 1
1.520621258918596506e+09 -4.708873681111436782e-01 5.182570293910726544e-01 5.590334097551228343e-01 0 0 0 1
1.520621258926929474e+09 -4.719474631340877524e-01 5.178826698108702775e-01 5.600114172809653734e-01 0 0 0 1
1.520621258935263634e+09 -4.733774360789455016e-01 5.175876463950360717e-01 5.609821471609079957e-01 0 0 0 1
1.520621258943596363e+09 -4.749007667074455208e-01 5.175327136028781139e-01 5.619873844470979485e-01 0 0 0 1
1.520621258951929331e+09 -4.765630749349367146e-01 5.173060232755353205e-01 5.626514108729856467e-01 0 0 0 1
1.520621258960263491e+09 -4.782795099943873418e-01 5.171749078923925103e-01 5.636012561429424306e-01 0 0 0 1
1.520621258968596458e+09 -4.801559579061563388e-01 5.171261641823606814e-01 5.643707614842126130e-01 0 0 0 1
1.520621258976929665e+09 -4.822114005559794969e-01 5.172931853377212841e-01 5.653802988659362150e-01 0 0 0 1
1.520621258985262394e+09 -4.842483260793054023e-01 5.172148492658532604e-01 5.662498691802215767e-01 0 0 0 1
1.520621258993596554e+09 -4.864418150569719823e-01 5.171211124309836871e-01 5.671353948226343089e-01 0 0 0 1
1.520621259001929522e+09 -4.886232714039113190e-01 5.173984830701031656e-01 5.680347107036849419e-01 0 0 0 1
1.520621259010263443e+09 -4.910914932088751295e-01 5.172100263190942959e-01 5.688305843160559316e-01 0 0 0 1
1.520621259018596411e+09 -4.932546597553069123e-01 5.170444804037219733e-01 5.695272212559610026e-01 0 0 0 1
1.520621259026929617e+09 -4.959012505370335999e-01 5.167167395402690877e-01 5.703724423465863502e-01 0 0 0 1
1.520621259035262585e+09 -4.985319975915710744e-01 5.166799031592741454e-01 5.712176421587942254e-01 0 0 0 1
1.520621259043596268e+09 -5.014102342167655602e-01 5.165539350519734452e-01 5.720435895855793262e-01 0 0 0 1
1.520621259051929474e+09 -5.039743895488130176e-01 5.162660930279590055e-01 5.727960785448267256e-01 0 0 0 1
1.520621259060263634e+09 -5.073259724068244214e-01 5.158216397490604788e-01 5.733493226572081713e-01 0 0 0 1
1.520621259068596601e+09 -5.102338513769910655e-01 5.156094104968880210e-01 5.740689728952024229e-01 0 0 0 1
1.520621259076929569e+09 -5.132578997172644319e-01 5.153491081801035989e-01 5.749246880765863654e-01 0 0 0 1
1.520621259085263491e+09 -5.164001179843995537e-01 5.149554868012722331e-01 5.756860385217164033e-01 0 0 0 1
1.520621259093596458e+09 -5.195571590083515323e-01 5.144998944948104835e-01 5.761865078112906602e-01 0 0 0 1
1.520621259101929665e+09 -5.228132140632559821e-01 5.142531079981904618e-01 5.766614426851053299e-01 0 0 0 1
1.520621259110262632e+09 -5.258867443327250868e-01 5.140703727797161227e-01 5.774316234077139232e-01 0 0 0 1
1.520621259118596554e+09 -5.292225898540844353e-01 5.138393142600997665e-01 5.780770816209968022e-01 0 0 0 1
1.520621259126929522e+09 -5.322272815686578395e-01 5.134575491124344637e-01 5.788784271757208000e-01 0 0 0 1
1.520621259135263681e+09 -5.353891434605768662e-01 5.133315231520163557e-01 5.793706751518583609e-01 0 0 0 1
1.520621259143596411e+09 -5.385079578482909746e-01 5.134047862458441802e-01 5.801951410815160415e-01 0 0 0 1
1.520621259151929379e+09 -5.423009095237628641e-01 5.132232108473683274e-01 5.809973780917352393e-01 0 0 0 1
1.520621259160262585e+09 -5.454285846669384430e-01 5.130089668947891424e-01 5.817525128795590916e-01 0 0 0 1
1.520621259168596506e+09 -5.487052103236065292e-01 5.127761317066996671e-01 5.824088680552172992e-01 0 0 0 1
1.520621259176929712e+09 -5.518963066547317720e-01 5.125293309968199651e-01 5.829731776185729242e-01 0 0 0 1
1.520621259185263395e+09 -5.554363469341472292e-01 5.127674711837787447e-01 5.838316332538666664e-01 0 0 0 1
1.520621259193596601e+09 -5.586389086377021584e-01 5.123959374584435844e-01 5.841228905002322502e-01 0 0 0 1
1.520621259201929569e+09 -5.617403927671065222e-01 5.123903153607094474e-01 5.848127468102493065e-01 0 0 0 1
1.520621259210263491e+09 -5.650629286826370778e-01 5.124357041818670133e-01 5.855430892580328894e-01 0 0 0 1
1.520621259218596458e+09 -5.679857598382334061e-01 5.123161926456867299e-01 5.861204687403924751e-01 0 0 0 1
1.520621259226929426e+09 -5.711433270449105537e-01 5.124263447386653292e-01 5.866432534807988208e-01 0 0 0 1
1.520621259235262632e+09 -5.741944786698596204e-01 5.123872838771319493e-01 5.873136419783213658e-01 0 0 0 1
1.520621259243596315e+09 -5.774021607653120336e-01 5.124654784983869726e-01 5.877452383189019081e-01 0 0 0 1
1.520621259251929522e+09 -5.803918447232788713e-01 5.124634055268797450e-01 5.882786642796713483e-01 0 0 0 1
1.520621259260263443e+09 -5.832601964763638458e-01 5.127214561361546075e-01 5.890798448482683636e-01 0 0 0 1
1.520621259268596649e+09 -5.861333684794459709e-01 5.128082338157563536e-01 5.895804538606228551e-01 0 0 0 1
1.520621259276929617e+09 -5.889391150540078668e-01 5.129261162578847566e-01 5.902591746087582081e-01 0 0 0 1
1.520621259285262346e+09 -5.915862701361950249e-01 5.131793208648309790e-01 5.907252595744592050e-01 0 0 0 1
1.520621259293596506e+09 -5.942048335665559566e-01 5.134720179501234272e-01 5.912645665740663414e-01 0 0 0 1
1.520621259301929474e+09 -5.969491021722285184e-01 5.135167469277499563e-01 5.917611843497230240e-01 0 0 0 1
1.520621259310263395e+09 -5.994867984809729711e-01 5.135578700225540416e-01 5.922975878547838136e-01 0 0 0 1
1.520621259318596363e+09 -6.021537373008374328e-01 5.139266967870699254e-01 5.928375300822872340e-01 0 0 0 1
1.520621259326929569e+09 -6.046660739566886988e-01 5.139875939723205223e-01 5.933539751319594213e-01 0 0 0 1
1.520621259335263491e+09 -6.070770039369727256e-01 5.142503126276822822e-01 5.937518269635821966e-01 0 0 0 1
1.520621259343596458e+09 -6.093645009690389358e-01 5.143184725462798257e-01 5.940719408077310693e-01 0 0 0 1
1.520621259351929426e+09 -6.116947355501465289e-01 5.146459518372238362e-01 5.945829808303739750e-01 0 0 0 1
1.520621259360262394e+09 -6.139745899674262652e-01 5.148874057739887267e-01 5.947980036504341150e-01 0 0 0 1
1.520621259368596554e+09 -6.160992698519287547e-01 5.150620182738534503e-01 5.949801773498444302e-01 0 0 0 1
1.520621259376929522e+09 -6.181125321289697716e-01 5.152061146537411096e-01 5.952102762383415513e-01 0 0 0 1
1.520621259385263443e+09 -6.199998237506672005e-01 5.156460795449766543e-01 5.954891383716087727e-01 0 0 0 1
1.520621259393596411e+09 -6.217657252907158316e-01 5.161825110218349888e-01 5.957630059857457194e-01 0 0 0 1
1.520621259401929617e+09 -6.235755060626952950e-01 5.164202012805393371e-01 5.958472695775238748e-01 0 0 0 1
1.520621259410262585e+09 -6.250122887772535663e-01 5.167573024237127610e-01 5.957956284870464803e-01 0 0 0 1
1.520621259418596506e+09 -6.266085713261779766e-01 5.170404167741327051e-01 5.957876556629468912e-01 0 0 0 1
1.520621259426929474e+09 -6.278847708158213914e-01 5.176822848927600251e-01 5.959446279470754781e-01 0 0 0 1
1.520621259435263634e+09 -6.291574123294295662e-01 5.180711369553850920e-01 5.958070045223926581e-01 0 0 0 1
1.520621259443596363e+09 -6.300778011006666901e-01 5.187745183891859790e-01 5.959549340893057767e-01 0 0 0 1
1.520621259451929331e+09 -6.310422563421743680e-01 5.195341505728260367e-01 5.957913338575455686e-01 0 0 0 1
1.520621259460263491e+09 -6.318153141529034844e-01 5.200544670524905877e-01 5.955563965773618129e-01 0 0 0 1
1.520621259468596458e+09 -6.324152646711042047e-01 5.209003448804295777e-01 5.951763378959753492e-01 0 0 0 1
1.520621259476929665e+09 -6.331017505076531604e-01 5.215914189950839885e-01 5.948951405448690277e-01 0 0 0 1
1.520621259485262394e+09 -6.334586655653686726e-01 5.226137247856349477e-01 5.945338288690897866e-01 0 0 0 1
1.520621259493596554e+09 -6.336614201071564256e-01 5.235252631723346095e-01 5.941455231674201976e-01 0 0 0 1
1.520621259501929522e+09 -6.337061505582048948e-01 5.247048959676370306e-01 5.938366254563172131e-01 0 0 0 1
1.520621259510263443e+09 -6.337557608079364968e-01 5.256672790158334330e-01 5.932794559301113324e-01 0 0 0 1
1.520621259518596411e+09 -6.335996519849800279e-01 5.266323436412345682e-01 5.927276672018690906e-01 0 0 0 1
1.520621259526929617e+09 -6.332757826745633034e-01 5.277439265268759616e-01 5.921608763111219087e-01 0 0 0 1
1.520621259535262585e+09 -6.328064357236401483e-01 5.287816203728457065e-01 5.915478780463572228e-01 0 0 0 1
1.520621259543596268e+09 -6.322701736244867865e-01 5.299090603687365286e-01 5.908148926591640926e-01 0 0 0 1
1.520621259551929474e+09 -6.314762073861136527e-01 5.309825129733959370e-01 5.900517022167361958e-01 0 0 0 1
1.520621259560263634e+09 -6.308655706826838960e-01 5.321622176811903193e-01 5.890985575431195720e-01 0 0 0 1
1.520621259568596601e+09 -6.298573837063532466e-01 5.335653296387325994e-01 5.881260245633994632e-01 0 0 0 1
1.520621259576929569e+09 -6.286864398148169775e-01 5.347530180236859110e-01 5.870442769621768697e-01 0 0 0 1
1.520621259585263491e+09 -6.272244934260708948e-01 5.360795256274452081e-01 5.859408730733581816e-01 0 0 0 1
1.520621259593596458e+09 -6.257156259708072099e-01 5.375078251065852353e-01 5.846618734888966440e-01 0 0 0 1
1.520621259601929665e+09 -6.241196190933401278e-01 5.389245056103546538e-01 5.834799779035548806e-01 0 0 0 1
1.520621259610262632e+09 -6.222639743900563181e-01 5.404027728674459796e-01 5.820527710327358939e-01 0 0 0 1
1.520621259618596554e+09 -6.203290655975056689e-01 5.420226129851837271e-01 5.807624849208909978e-01 0 0 0 1
1.520621259626929522e+09 -6.181817472752560993e-01 5.434045026251325128e-01 5.793120950610601838e-01 0 0 0 1
1.520621259635263681e+09 -6.159674858003829634e-01 5.450590226263630766e-01 5.776869034233362843e-01 0 0 0 1
1.520621259643596411e+09 -6.133456413374005489e-01 5.469352775698509417e-01 5.761247109441438585e-01 0 0 0 1
1.520621259651929379e+09 -6.108391195361226877e-01 5.485402867790867276e-01 5.743378491396351482e-01 0 0 0 1
1.520621259660262585e+09 -6.080522925748362839e-01 5.501565822332653566e-01 5.724692079164996894e-01 0 0 0 1
1.520621259668596506e+09 -6.052042305349230045e-01 5.518821622500492685e-01 5.705852801984143685e-01 0 0 0 1
1.520621259676929712e+09 -6.022865933737675537e-01 5.535586486849788379e-01 5.684141286632784507e-01 0 0 0 1
1.520621259685263395e+09 -5.992294782784103324e-01 5.553457587878585233e-01 5.663019508260187518e-01 0 0 0 1
1.520621259693596601e+09 -5.960286961898521030e-01 5.570200605588303544e-01 5.640410569296117060e-01 0 0 0 1
1.520621259701929569e+09 -5.925656941229013874e-01 5.588730967616032386e-01 5.618347161608452378e-01 0 0 0 1
1.520621259710263491e+09 -5.890363952964385863e-01 5.608388898812985968e-01 5.594769782516539891e-01 0 0 0 1
1.520621259718596458e+09 -5.854692105145753445e-01 5.626729229436148172e-01 5.570726498649685166e-01 0 0 0 1
1.520621259726929426e+09 -5.816755490285765440e-01 5.643791225475418560e-01 5.547368116547732875e-01 0 0 0 1
1.520621259735262632e+09 -5.778805127533257480e-01 5.662367517510829007e-01 5.523294748019131895e-01 0 0 0 1
1.520621259743596315e+09 -5.739625201878589822e-01 5.680058011451403210e-01 5.498575278999524585e-01 0 0 0 1
1.520621259751929522e+09 -5.698584080984332445e-01 5.698590147510285142e-01 5.474295608607864239e-01 0 0 0 1
1.520621259760263443e+09 -5.656309868811267849e-01 5.714176552718194246e-01 5.448538269517004817e-01 0 0 0 1
1.520621259768596649e+09 -5.613577036085150018e-01 5.729620695514706652e-01 5.421567191692726606e-01 0 0 0 1
1.520621259776929617e+09 -5.569082672854798188e-01 5.746688088285620832e-01 5.396914423969387808e-01 0 0 0 1
1.520621259785262346e+09 -5.524164713493397993e-01 5.760674339388829335e-01 5.370588901423529737e-01 0 0 0 1
1.520621259793596506e+09 -5.476733059075543641e-01 5.775082557346891132e-01 5.344216972766016038e-01 0 0 0 1
1.520621259801929474e+09 -5.429029329019130490e-01 5.788806748404059510e-01 5.317229893720685219e-01 0 0 0 1
1.520621259810263395e+09 -5.379577299292337411e-01 5.803909479574733687e-01 5.290929481971868853e-01 0 0 0 1
1.520621259818596363e+09 -5.329364677479915269e-01 5.817008280444661006e-01 5.265291643535849886e-01 0 0 0 1
1.520621259826929569e+09 -5.278287571546550483e-01 5.830159701451349541e-01 5.238408925552295869e-01 0 0 0 1
1.520621259835263491e+09 -5.227149574394656106e-01 5.840836625314578257e-01 5.209537569828948111e-01 0 0 0 1
1.520621259843596458e+09 -5.171840849441708965e-01 5.852177619262382002e-01 5.181432455830230488e-01 0 0 0 1
1.520621259851929426e+09 -5.115901104895770324e-01 5.863986918275165827e-01 5.158324366228239644e-01 0 0 0 1
1.520621259860262394e+09 -5.061779887406361311e-01 5.873132313030970941e-01 5.129894942545409897e-01 0 0 0 1
1.520621259868596554e+09 -5.006016974096221261e-01 5.880862506870259132e-01 5.102841513786204874e-01 0 0 0 1
1.520621259876929522e+09 -4.947801048871609542e-01 5.888937302212425839e-01 5.074863015489192719e-01 0 0 0 1
1.520621259885263443e+09 -4.889033793324643051e-01 5.894721349204176120e-01 5.047683316992090941e-01 0 0 0 1
1.520621259893596411e+09 -4.827989140567892079e-01 5.903724071397659090e-01 5.023857690742665749e-01 0 0 0 1
1.520621259901929617e+09 -4.768209548573125178e-01 5.907683650871214942e-01 4.995732301765853922e-01 0 0 0 1
1.520621259910262585e+09 -4.703775838411746180e-01 5.914591450260530126e-01 4.970044394622739059e-01 0 0 0 1
1.520621259918596506e+09 -4.642237880836408426e-01 5.917307406154447280e-01 4.943438393652432872e-01 0 0 0 1
1.520621259926929474e+09 -4.574144579265706501e-01 5.922500634064580272e-01 4.920766072977564853e-01 0 0 0 1
1.520621259935263634e+09 -4.511494753771950750e-01 5.924458601773638922e-01 4.890765195998429959e-01 0 0 0 1
1.520621259943596363e+09 -4.443995531727790160e-01 5.927139991982326439e-01 4.863972067579587222e-01 0 0 0 1
1.520621259951929331e+09 -4.376511700525607118e-01 5.928903175464083075e-01 4.838038983364776335e-01 0 0 0 1
1.520621259960263491e+09 -4.307998607135625768e-01 5.931567841238040151e-01 4.811092865737605084e-01 0 0 0 1
1.520621259968596458e+09 -4.234888762261200257e-01 5.935718685098210212e-01 4.787197295292158206e-01 0 0 0 1
1.520621259976929665e+09 -4.165061411399907376e-01 5.934365196206674575e-01 4.760823009407617601e-01 0 0 0 1
1.520621259985262394e+09 -4.093170293372150326e-01 5.936006548704263475e-01 4.733255178626953885e-01 0 0 0 1
1.520621259993596554e+09 -4.021205852296743100e-01 5.936222931257734148e-01 4.705449151246621220e-01 0 0 0 1
1.520621260001929522e+09 -3.947797937588010120e-01 5.936253767653543179e-01 4.677259471733850038e-01 0 0 0 1
1.520621260010263443e+09 -3.873368161728544257e-01 5.934597869140117998e-01 4.648895329821096656e-01 0 0 0 1
1.520621260018596411e+09 -3.798080613084392487e-01 5.934065526638179211e-01 4.620407004258348937e-01 0 0 0 1
1.520621260026929617e+09 -3.722046793402021825e-01 5.932163655458900786e-01 4.591118395327449253e-01 0 0 0 1
1.520621260035262585e+09 -3.645211889273132777e-01 5.930334383815526467e-01 4.560705617521190192e-01 0 0 0 1
1.520621260043596268e+09 -3.567184799050541200e-01 5.929260026219698165e-01 4.529717610830998886e-01 0 0 0 1
1.520621260051929474e+09 -3.487798373858624901e-01 5.928777364952713125e-01 4.499375738545088321e-01 0 0 0 1
1.520621260060263634e+09 -3.408667810907773932e-01 5.926656042654838696e-01 4.467772326769918756e-01 0 0 0 1
1.520621260068596601e+09 -3.328333153437758596e-01 5.924081591224992227e-01 4.435517479861088574e-01 0 0 0 1
1.520621260076929569e+09 -3.247177658172906156e-01 5.922410292619298966e-01 4.403047342997978841e-01 0 0 0 1
1.520621260085263491e+09 -3.165422824183323769e-01 5.919459358299099527e-01 4.370503716951330553e-01 0 0 0 1
1.520621260093596458e+09 -3.081408507885539105e-01 5.916589073688014455e-01 4.335470594524080123e-01 0 0 0 1
1.520621260101929665e+09 -2.998260173975282883e-01 5.915153138732132110e-01 4.301933787742491244e-01 0 0 0 1
1.520621260110262632e+09 -2.914451366232719276e-01 5.911599065241194273e-01 4.267706732079543652e-01 0 0 0 1
1.520621260118596554e+09 -2.827377697860881112e-01 5.909981288974329727e-01 4.232151154909573609e-01 0 0 0 1
1.520621260126929522e+09 -2.741821863408477888e-01 5.906717227540726478e-01 4.193260921938408714e-01 0 0 0 1
1.520621260135263681e+09 -2.652640587721227794e-01 5.905888743060689894e-01 4.160345727823828721e-01 0 0 0 1
1.520621260143596411e+09 -2.565403154650290896e-01 5.904269275875486667e-01 4.124287763616527602e-01 0 0 0 1
1.520621260151929379e+09 -2.474963850768681639e-01 5.903123575400774925e-01 4.088280074729959690e-01 0 0 0 1
1.520621260160262585e+09 -2.385848306753043380e-01 5.900527359915652692e-01 4.052334355351832063e-01 0 0 0 1
1.520621260168596506e+09 -2.295248903299084153e-01 5.898606719771097850e-01 4.016215564757477097e-01 0 0 0 1
1.520621260176929712e+09 -2.204022885836964263e-01 5.897273216978683452e-01 3.979922062004070948e-01 0 0 0 1
1.520621260185263395e+09 -2.112228718775665537e-01 5.894904355718005862e-01 3.943321185824264496e-01 0 0 0 1
1.520621260193596601e+09 -2.018342769589771546e-01 5.892221738736176384e-01 3.907026384855645240e-01 0 0 0 1
1.520621260201929569e+09 -1.925014273979906987e-01 5.889060499463276699e-01 3.871544594532274619e-01 0 0 0 1
1.520621260210263491e+09 -1.830649678978018557e-01 5.887386110444352560e-01 3.835872795669172941e-01 0 0 0 1
1.520621260218596458e+09 -1.734855701918449067e-01 5.884221257737963784e-01 3.800940271576027651e-01 0 0 0 1
1.520621260226929426e+09 -1.639347007921371224e-01 5.880838012915160506e-01 3.765939967810465472e-01 0 0 0 1
1.520621260235262632e+09 -1.541857510831597389e-01 5.878218749051034031e-01 3.733072457488395557e-01 0 0 0 1
1.520621260243596315e+09 -1.444272789886841823e-01 5.874704227388960476e-01 3.698391009319610401e-01 0 0 0 1
1.520621260251929522e+09 -1.346211569993090440e-01 5.871267184753261592e-01 3.665779814415144333e-01 0 0 0 1
1.520621260260263443e+09 -1.248746786593828983e-01 5.865743200835872306e-01 3.631299088312733847e-01 0 0 0 1
1.520621260268596649e+09 -1.149495030092758663e-01 5.861650233706090507e-01 3.598443997636986413e-01 0 0 0 1
1.520621260276929617e+09 -1.049921301789680794e-01 5.857064109216028047e-01 3.566330289245538410e-01 0 0 0 1
1.520621260285262346e+09 -9.497558041884213154e-02 5.852096911738691176e-01 3.535166976142674056e-01 0 0 0 1
1.520621260293596506e+09 -8.494867107719533683e-02 5.846842916834230630e-01 3.504437631300856282e-01 0 0 0 1
1.520621260301929474e+09 -7.489362753311101795e-02 5.841590463223057528e-01 3.473480410757654457e-01 0 0 0 1
1.520621260310263395e+09 -6.468470357194661124e-02 5.834444192035452836e-01 3.443622828865491314e-01 0 0 0 1
1.520621260318596363e+09 -5.449410375258439965e-02 5.827621557715474410e-01 3.412930048958309204e-01 0 0 0 1
1.520621260326929569e+09 -4.426185843386598595e-02 5.820294183376824027e-01 3.384979250608037837e-01 0 0 0 1
1.520621260335263491e+09 -3.403892478246928199e-02 5.815224217999982459e-01 3.358164293372252196e-01 0 0 0 1
1.520621260343596458e+09 -2.374126248343139123e-02 5.805923387709699401e-01 3.328603421412283936e-01 0 0 0 1
1.520621260351929426e+09 -1.347487937760538657e-02 5.800923970163279764e-01 3.302910185204173121e-01 0 0 0 1
1.520621260360262394e+09 -3.168808875513073886e-03 5.793271974305794769e-01 3.275732737567205177e-01 0 0 0 1
1.520621260368596554e+09 7.224604405667134355e-03 5.784032538546759472e-01 3.248168091074146169e-01 0 0 0 1
1.520621260376929522e+09 1.760342357790800616e-02 5.773516178655534459e-01 3.220275985044929179e-01 0 0 0 1
1.520621260385263443e+09 2.794638530532345122e-02 5.766999741618104025e-01 3.196990303286317836e-01 0 0 0 1
1.520621260393596411e+09 3.821612758333592375e-02 5.754188569598314151e-01 3.164936855732083387e-01 0 0 0 1
1.520621260401929617e+09 4.875904495542227046e-02 5.745248619516194477e-01 3.141406192118316731e-01 0 0 0 1
1.520621260410262585e+09 5.915265226571797541e-02 5.734802929470906863e-01 3.116767492687952945e-01 0 0 0 1
1.520621260418596506e+09 6.956472419867310020e-02 5.723819243247241229e-01 3.093032381735654202e-01 0 0 0 1
1.520621260426929474e+09 7.991981685543392278e-02 5.712193169554479200e-01 3.067710045466442992e-01 0 0 0 1
1.520621260435263634e+09 9.034599948710153594e-02 5.702153025111721396e-01 3.045415780584785903e-01 0 0 0 1
1.520621260443596363e+09 1.007454434474056582e-01 5.690492876040057491e-01 3.021316459718517144e-01 0 0 0 1
1.520621260451929331e+09 1.111992891195328070e-01 5.677765259179611279e-01 2.997348088886364614e-01 0 0 0 1
1.520621260460263491e+09 1.216012997267350570e-01 5.666885729887155554e-01 2.973195381348929800e-01 0 0 0 1
1.520621260468596458e+09 1.320296003708022470e-01 5.654307724729324969e-01 2.949811950930734117e-01 0 0 0 1
1.520621260476929665e+09 1.424212857885613914e-01 5.644019507075658248e-01 2.930026256337894264e-01 0 0 0 1
1.520621260485262394e+09 1.529302970763030123e-01 5.629470316140097186e-01 2.904744087617734394e-01 0 0 0 1
1.520621260493596554e+09 1.637082267661459367e-01 5.617068293117877253e-01 2.884610399951201831e-01 0 0 0 1
1.520621260501929522e+09 1.738691764618965907e-01 5.604088220829261946e-01 2.859692518530732031e-01 0 0 0 1
1.520621260510263443e+09 1.845531997305641658e-01 5.591996806846353252e-01 2.839843460127406960e-01 0 0 0 1
1.520621260518596411e+09 1.946900362506326365e-01 5.576466116103239168e-01 2.813130873606737303e-01 0 0 0 1
1.520621260526929617e+09 2.051880680170723448e-01 5.569503740608212627e-01 2.796347468426669813e-01 0 0 0 1
1.520621260535262585e+09 2.157960518702827235e-01 5.554175199427962006e-01 2.772407778511032372e-01 0 0 0 1
1.520621260543596268e+09 2.262911883381756306e-01 5.542831506949987830e-01 2.752415800147378633e-01 0 0 0 1
1.520621260551929474e+09 2.369761846593539945e-01 5.529936915720042867e-01 2.730133928409415045e-01 0 0 0 1
1.520621260560263634e+09 2.474852666527217471e-01 5.520568596194370681e-01 2.712161558631529523e-01 0 0 0 1
1.520621260568596601e+09 2.581439309275103122e-01 5.508411420133210168e-01 2.689389190655853135e-01 0 0 0 1
1.520621260576929569e+09 2.685570196809974330e-01 5.498951328636633162e-01 2.671239725770757634e-01 0 0 0 1
1.520621260585263491e+09 2.792602905828327486e-01 5.483922892363037871e-01 2.650250882899531923e-01 0 0 0 1
1.520621260593596458e+09 2.898718019135291257e-01 5.473841948670941093e-01 2.630764185726424120e-01 0 0 0 1
1.520621260601929665e+09 3.006022276820431438e-01 5.463234880309484343e-01 2.614468004763217390e-01 0 0 0 1
1.520621260610262632e+09 3.111456365514663203e-01 5.452790008084134055e-01 2.596209971620055956e-01 0 0 0 1
1.520621260618596554e+09 3.217608689073669925e-01 5.440367952038990262e-01 2.578519204582716551e-01 0 0 0 1
1.520621260626929522e+09 3.323185405098372236e-01 5.428591099742975379e-01 2.561516693594090288e-01 0 0 0 1
1.520621260635263681e+09 3.428495665388553437e-01 5.418163116627110476e-01 2.544825173558065146e-01 0 0 0 1
1.520621260643596411e+09 3.534139922721815097e-01 5.406792567868321520e-01 2.529197791166526432e-01 0 0 0 1
1.520621260651929379e+09 3.639878292661007375e-01 5.394495843540145774e-01 2.515248259883930970e-01 0 0 0 1
1.520621260660262585e+09 3.744649071373247207e-01 5.383213571195220037e-01 2.501026014253244778e-01 0 0 0 1
1.520621260668596506e+09 3.848851165137231467e-01 5.372087864303820570e-01 2.488189591435541193e-01 0 0 0 1
1.520621260676929712e+09 3.954557406134932007e-01 5.359891329286197159e-01 2.475146460714010566e-01 0 0 0 1
1.520621260685263395e+09 4.059680980151705310e-01 5.346981332315490221e-01 2.464862059086001533e-01 0 0 0 1
1.520621260693596601e+09 4.164108874947887173e-01 5.334872945576699665e-01 2.455741969464384500e-01 0 0 0 1
1.520621260701929569e+09 4.268467333526364538e-01 5.320214985827889098e-01 2.444069606515477666e-01 0 0 0 1
1.520621260710263491e+09 4.373064846400974703e-01 5.306990406891896050e-01 2.437312064800758460e-01 0 0 0 1
1.520621260718596458e+09 4.477721367321064738e-01 5.292213292299332572e-01 2.430342439840973423e-01 0 0 0 1
1.520621260726929426e+09 4.581040204787959480e-01 5.277002903169887293e-01 2.423981713424196993e-01 0 0 0 1
1.520621260735262632e+09 4.685146522183757378e-01 5.261119508239557874e-01 2.418772647023899047e-01 0 0 0 1
1.520621260743596315e+09 4.789393969994483191e-01 5.245871546298075394e-01 2.417398977196374421e-01 0 0 0 1
1.520621260751929522e+09 4.891013558001806594e-01 5.230485533102042783e-01 2.413352819678806771e-01 0 0 0 1
1.520621260760263443e+09 4.994636560893866983e-01 5.213433825983726511e-01 2.413361283909909449e-01 0 0 0 1
1.520621260768596649e+09 5.096083350660599587e-01 5.195296194821201752e-01 2.412134418250237999e-01 0 0 0 1
1.520621260776929617e+09 5.199649105791054327e-01 5.176763310553642583e-01 2.415330530254411467e-01 0 0 0 1
1.520621260785262346e+09 5.300990756746400967e-01 5.157994131758616430e-01 2.414723221499417427e-01 0 0 0 1
1.520621260793596506e+09 5.402740167942498006e-01 5.138190781887727043e-01 2.418436902565661573e-01 0 0 0 1
1.520621260801929474e+09 5.503242019853539224e-01 5.118465066901392024e-01 2.421256655113841472e-01 0 0 0 1
1.520621260810263395e+09 5.603600985395805756e-01 5.096997230549075164e-01 2.426013233777628564e-01 0 0 0 1
1.520621260818596363e+09 5.703465064820926189e-01 5.076620037455267243e-01 2.431287714752858875e-01 0 0 0 1
1.520621260826929569e+09 5.802200970627345855e-01 5.053170058710941825e-01 2.436563333814871779e-01 0 0 0 1
1.520621260835263491e+09 5.904408958520500628e-01 5.031625963717173411e-01 2.446915245224348112e-01 0 0 0 1
1.520621260843596458e+09 6.002744071303988127e-01 5.007151436983768855e-01 2.454334148240100433e-01 0 0 0 1
1.520621260851929426e+09 6.102055895181727196e-01 4.982093264598396187e-01 2.465019573870639302e-01 0 0 0 1
1.520621260860262394e+09 6.199463261311802809e-01 4.957124740272939034e-01 2.474463601314773609e-01 0 0 0 1
1.520621260868596554e+09 6.295334406271936301e-01 4.930847950229662047e-01 2.485277059954784651e-01 0 0 0 1
1.520621260876929522e+09 6.393123129063428278e-01 4.903567933963028924e-01 2.497245574511206545e-01 0 0 0 1
1.520621260885263443e+09 6.488133972283792739e-01 4.875928065266243450e-01 2.510218623065931798e-01 0 0 0 1
1.520621260893596411e+09 6.583152969190609882e-01 4.847776473501406169e-01 2.522638721028622744e-01 0 0 0 1
1.520621260901929617e+09 6.678766441019207134e-01 4.816580658210769528e-01 2.537082014455298573e-01 0 0 0 1
1.520621260910262585e+09 6.772456059540440387e-01 4.787622063760519908e-01 2.550657198612473753e-01 0 0 0 1
1.520621260918596506e+09 6.865831812226147468e-01 4.755949281345248636e-01 2.565431948872300971e-01 0 0 0 1
1.520621260926929474e+09 6.958082538246158633e-01 4.723635986558418765e-01 2.580241547913564304e-01 0 0 0 1
1.520621260935263634e+09 7.049875279547063167e-01 4.691135214051643798e-01 2.597763662143046659e-01 0 0 0 1
1.520621260943596363e+09 7.139645587948867389e-01 4.659803275269446265e-01 2.613376685465751414e-01 0 0 0 1
1.520621260951929331e+09 7.230230959796303258e-01 4.626445411511536099e-01 2.632157192982784721e-01 0 0 0 1
1.520621260960263491e+09 7.318812760128304840e-01 4.593083288575610101e-01 2.650752499249315886e-01 0 0 0 1
1.520621260968596458e+09 7.406066072658267219e-01 4.560480262447358379e-01 2.669700007921882445e-01 0 0 0 1
1.520621260976929665e+09 7.493593872452229965e-01 4.526292009524860993e-01 2.690756459551806312e-01 0 0 0 1
1.520621260985262394e+09 7.580647862288442118e-01 4.492082536476467713e-01 2.711788217541415413e-01 0 0 0 1
1.520621260993596554e+09 7.666280538592918914e-01 4.458777973446045317e-01 2.733353925141641660e-01 0 0 0 1
1.520621261001929522e+09 7.749511402959005091e-01 4.425452752042962068e-01 2.753737652597141317e-01 0 0 0 1
1.520621261010263443e+09 7.834465087552885398e-01 4.392417863864160887e-01 2.776964763558658067e-01 0 0 0 1
1.520621261018596411e+09 7.919240171673426198e-01 4.357996149396857755e-01 2.799402745385426439e-01 0 0 0 1
1.520621261026929617e+09 8.001961790943014075e-01 4.325513791457209489e-01 2.822228662394596910e-01 0 0 0 1
1.520621261035262585e+09 8.087332902056286743e-01 4.291858753746539690e-01 2.847261954439663789e-01 0 0 0 1
1.520621261043596268e+09 8.168262936264173435e-01 4.259171123302655237e-01 2.868779933786813618e-01 0 0 0 1
1.520621261051929474e+09 8.251449620997545198e-01 4.226809182253914443e-01 2.893064515033714201e-01 0 0 0 1
1.520621261060263634e+09 8.334884990461038923e-01 4.193569322013268597e-01 2.918226837113713223e-01 0 0 0 1
1.520621261068596601e+09 8.417831399408272075e-01 4.161660620418499157e-01 2.943668710502433949e-01 0 0 0 1
1.520621261076929569e+09 8.498474490078028465e-01 4.129863688702398172e-01 2.967596096952462847e-01 0 0 0 1
1.520621261085263491e+09 8.579862149408777894e-01 4.098710176073752098e-01 2.992988142982004884e-01 0 0 0 1
1.520621261093596458e+09 8.660950740636311762e-01 4.067528750905076151e-01 3.018397978777187518e-01 0 0 0 1
1.520621261101929665e+09 8.744944841146661263e-01 4.037226560528622277e-01 3.049045133391925511e-01 0 0 0 1
1.520621261110262632e+09 8.822099171018397135e-01 4.004848785321154514e-01 3.069725733854957728e-01 0 0 0 1
1.520621261118596554e+09 8.900981708913279222e-01 3.974411691792837931e-01 3.094457455706394189e-01 0 0 0 1
1.520621261126929522e+09 8.980493518743278836e-01 3.943854015223688947e-01 3.121090367364689477e-01 0 0 0 1
1.520621261135263681e+09 9.058484523295443624e-01 3.913780698012800374e-01 3.146451464047557156e-01 0 0 0 1
1.520621261143596411e+09 9.135855795374415722e-01 3.884595069955717461e-01 3.172549254934098339e-01 0 0 0 1
1.520621261151929379e+09 9.211669498379145837e-01 3.855609568850429381e-01 3.197724120989176022e-01 0 0 0 1
1.520621261160262585e+09 9.286894802907416091e-01 3.827896423980007845e-01 3.223414546892875432e-01 0 0 0 1
1.520621261168596506e+09 9.361416531821721287e-01 3.800098012057099850e-01 3.249884985092781342e-01 0 0 0 1
1.520621261176929712e+09 9.434154400942206253e-01 3.773958278701948776e-01 3.277568258141729807e-01 0 0 0 1
1.520621261185263395e+09 9.508407379149640404e-01 3.747676353444823194e-01 3.305075546731535141e-01 0 0 0 1
1.520621261193596601e+09 9.578674210508427711e-01 3.722264669353844702e-01 3.332908006252539579e-01 0 0 0 1
1.520621261201929569e+09 9.645715811929019834e-01 3.697708130562210593e-01 3.361159136238169864e-01 0 0 0 1
1.520621261210263491e+09 9.715740298078335835e-01 3.673055581252849811e-01 3.389231429749484104e-01 0 0 0 1
1.520621261218596458e+09 9.781114244652823198e-01 3.648800224819853666e-01 3.417026467441879323e-01 0 0 0 1
1.520621261226929426e+09 9.851012513976210583e-01 3.626112138372815097e-01 3.450411068048069296e-01 0 0 0 1
1.520621261235262632e+09 9.910762015336117559e-01 3.602872921633117342e-01 3.474171493112769848e-01 0 0 0 1
1.520621261243596315e+09 9.976629320900954889e-01 3.580051791774809811e-01 3.503055619941735088e-01 0 0 0 1
1.520621261251929522e+09 1.003599315012770443e+00 3.558708381849518543e-01 3.532933565809626142e-01 0 0 0 1
1.520621261260263443e+09 1.009859096714829096e+00 3.537273551816231265e-01 3.562451521522254083e-01 0 0 0 1
1.520621261268596649e+09 1.015767288053956108e+00 3.516180257377204410e-01 3.592925221861238416e-01 0 0 0 1
1.520621261276929617e+09 1.021435041117042974e+00 3.496212584088893016e-01 3.624849887852807928e-01 0 0 0 1
1.520621261285262346e+09 1.027173309408043078e+00 3.475527668501941503e-01 3.656602143722218479e-01 0 0 0 1
1.520621261293596506e+09 1.032467815282557488e+00 3.455536196164815110e-01 3.689593333753420357e-01 0 0 0 1
1.520621261301929474e+09 1.037906903684310933e+00 3.436371467357222653e-01 3.728655626352619379e-01 0 0 0 1
1.520621261310263395e+09 1.042676894877119675e+00 3.415545460770923469e-01 3.757052271536607257e-01 0 0 0 1
1.520621261318596363e+09 1.047115426689892992e+00 3.395936730734340214e-01 3.792808585119136211e-01 0 0 0 1
1.520621261326929569e+09 1.052062100225469976e+00 3.376489739533289347e-01 3.827693509071481426e-01 0 0 0 1
1.520621261335263491e+09 1.056755381981806075e+00 3.358339914151570738e-01 3.869358461100307345e-01 0 0 0 1
1.520621261343596458e+09 1.060457708633140594e+00 3.337452657450103999e-01 3.901273538119427453e-01 0 0 0 1
1.520621261351929426e+09 1.064425792471661580e+00 3.320086455020684335e-01 3.940216905245186307e-01 0 0 0 1
1.520621261360262394e+09 1.067727358574738883e+00 3.302069630615578344e-01 3.980287925485130884e-01 0 0 0 1
1.520621261368596554e+09 1.071463664223996304e+00 3.285004292220820576e-01 4.024743152141476710e-01 0 0 0 1
1.520621261376929522e+09 1.074750190869421473e+00 3.268286605860471483e-01 4.068219330828863889e-01 0 0 0 1
1.520621261385263443e+09 1.077436222899589513e+00 3.248318885133469891e-01 4.101929788117735232e-01 0 0 0 1
1.520621261393596411e+09 1.080498595525043015e+00 3.231648641958698165e-01 4.143208859643641162e-01 0 0 0 1
1.520621261401929617e+09 1.083280417269891771e+00 3.216283671733824456e-01 4.192062531336937514e-01 0 0 0 1
1.520621261410262585e+09 1.085832245596963563e+00 3.200364678606511526e-01 4.232825629224066244e-01 0 0 0 1
1.520621261418596506e+09 1.087882737942502676e+00 3.183025798347909330e-01 4.267110244933711716e-01 0 0 0 1
1.520621261426929474e+09 1.089997899087699729e+00 3.167307643066858414e-01 4.311049584168220594e-01 0 0 0 1
1.520621261435263634e+09 1.092468448979031947e+00 3.153568472513835763e-01 4.357319905479000166e-01 0 0 0 1
1.520621261443596363e+09 1.094597903340075007e+00 3.138599527903887521e-01 4.401868588958646189e-01 0 0 0 1
1.520621261451929331e+09 1.095516662173594558e+00 3.123368894253207850e-01 4.438627442674223378e-01 0 0 0 1
1.520621261460263491e+09 1.097325463507055954e+00 3.105349130989132345e-01 4.476170520002293873e-01 0 0 0 1
1.520621261468596458e+09 1.098620237366125796e+00 3.090983529323367840e-01 4.515847780934192368e-01 0 0 0 1
1.520621261476929665e+09 1.100089717526528066e+00 3.074793321496224197e-01 4.560059646077108120e-01 0 0 0 1
1.520621261485262394e+09 1.100828744149495275e+00 3.061479577283886533e-01 4.604206637476739861e-01 0 0 0 1
1.520621261493596554e+09 1.102025123773678672e+00 3.047363899736496018e-01 4.644898893195488210e-01 0 0 0 1
1.520621261501929522e+09 1.102309835914145442e+00 3.033282649672533471e-01 4.687554362337105207e-01 0 0 0 1
1.520621261510263443e+09 1.102686276758319650e+00 3.018450165151861930e-01 4.726353175029918141e-01 0 0 0 1
1.520621261518596411e+09 1.103221093312446666e+00 3.003538703045563474e-01 4.766743493330298787e-01 0 0 0 1
1.520621261526929617e+09 1.102942765150406235e+00 2.990167605604593937e-01 4.812974270196317406e-01 0 0 0 1
1.520621261535262585e+09 1.102758066752962396e+00 2.975588234280852062e-01 4.852237170205333516e-01 0 0 0 1
1.520621261543596268e+09 1.102544798193179520e+00 2.959924863605799539e-01 4.891366012867086610e-01 0 0 0 1
1.520621261551929474e+09 1.101925120889702292e+00 2.945444530190196586e-01 4.931226163353048531e-01 0 0 0 1
1.520621261560263634e+09 1.101196752705924542e+00 2.930182772169825922e-01 4.972960022051233775e-01 0 0 0 1
1.520621261568596601e+09 1.100175437246375676e+00 2.916786544030223749e-01 5.019792664784619163e-01 0 0 0 1
1.520621261576929569e+09 1.099103903828896556e+00 2.902788555048572694e-01 5.064846331921633027e-01 0 0 0 1
1.520621261585263491e+09 1.097669650799440344e+00 2.888564111564701498e-01 5.104385136968858649e-01 0 0 0 1
1.520621261593596458e+09 1.096427511371224739e+00 2.874475459272596289e-01 5.148322964456799600e-01 0 0 0 1
1.520621261601929665e+09 1.094872092462615409e+00 2.861556797795721252e-01 5.187385005801377069e-01 0 0 0 1
1.520621261610262632e+09 1.092776488023988080e+00 2.847111094930617203e-01 5.231822920431556945e-01 0 0 0 1
1.520621261618596554e+09 1.090884044375565853e+00 2.833435306003383447e-01 5.273762788509048782e-01 0 0 0 1
1.520621261626929522e+09 1.088661940707637221e+00 2.819512770541602320e-01 5.312836489984580357e-01 0 0 0 1
1.520621261635263681e+09 1.086357813580451914e+00 2.805545201404578415e-01 5.355761253312867343e-01 0 0 0 1
1.520621261643596411e+09 1.083647239746290403e+00 2.790934786037932991e-01 5.398052155119337225e-01 0 0 0 1
1.520621261651929379e+09 1.081099651196426592e+00 2.777184104302908296e-01 5.436628030396750688e-01 0 0 0 1
1.520621261660262585e+09 1.077940633339281806e+00 2.762796496188165141e-01 5.475942548260996912e-01 0 0 0 1
1.520621261668596506e+09 1.074802725345457066e+00 2.748031421360723758e-01 5.515009773135177706e-01 0 0 0 1
1.520621261676929712e+09 1.071925801913244936e+00 2.733180170606964166e-01 5.557217363786952635e-01 0 0 0 1
1.520621261685263395e+09 1.067832838481444391e+00 2.719648038934376344e-01 5.594140986231963542e-01 0 0 0 1
1.520621261693596601e+09 1.064945402549942077e+00 2.702424325455162202e-01 5.632060770553044549e-01 0 0 0 1
1.520621261701929569e+09 1.060479547975607062e+00 2.690252236646387130e-01 5.666057812763263257e-01 0 0 0 1
1.520621261710263491e+09 1.056727828518672307e+00 2.675921299328394842e-01 5.701638470349006393e-01 0 0 0 1
1.520621261718596458e+09 1.052979820242217368e+00 2.660926769635325595e-01 5.740409931900385399e-01 0 0 0 1
1.520621261726929426e+09 1.048491858974234248e+00 2.647177693730250470e-01 5.774298843295808670e-01 0 0 0 1
1.520621261735262632e+09 1.044583810408167945e+00 2.631846330946888135e-01 5.810618651430030646e-01 0 0 0 1
1.520621261743596315e+09 1.039625038608867236e+00 2.618003700870202288e-01 5.840524048822424152e-01 0 0 0 1
1.520621261751929522e+09 1.035359309979228204e+00 2.603032721835381036e-01 5.875236036954709640e-01 0 0 0 1
1.520621261760263443e+09 1.030384219219628861e+00 2.586138739068065129e-01 5.903978548841009033e-01 0 0 0 1
1.520621261768596649e+09 1.025002449555056039e+00 2.573455472933165455e-01 5.931754540769753614e-01 0 0 0 1
1.520621261776929617e+09 1.020053801065376131e+00 2.557299718481625406e-01 5.960428671043378479e-01 0 0 0 1
1.520621261785262346e+09 1.014776984032417673e+00 2.544502733311308496e-01 5.985966147367023371e-01 0 0 0 1
1.520621261793596506e+09 1.009434623088653282e+00 2.530228664229722257e-01 6.012853190115485802e-01 0 0 0 1
1.520621261801929474e+09 1.003617271095373908e+00 2.517464398667271785e-01 6.035450127559598421e-01 0 0 0 1
1.520621261810263395e+09 9.982272737709160237e-01 2.505257609636855620e-01 6.059053305336994377e-01 0 0 0 1
1.520621261818596363e+09 9.926070987110718891e-01 2.491754229378505547e-01 6.080995498052952364e-01 0 0 0 1
1.520621261826929569e+09 9.866403422417276969e-01 2.479228556007922468e-01 6.100320739515088242e-01 0 0 0 1
1.520621261835263491e+09 9.804816552622158676e-01 2.469141433708096356e-01 6.116413785488117316e-01 0 0 0 1
1.520621261843596458e+09 9.746508383076361026e-01 2.456693294616216772e-01 6.135980144506858469e-01 0 0 0 1
1.520621261851929426e+09 9.684741575201601949e-01 2.446078684389764168e-01 6.148133119085126275e-01 0 0 0 1
1.520621261860262394e+09 9.619734414893913454e-01 2.436103960432824955e-01 6.158235698921110668e-01 0 0 0 1
1.520621261868596554e+09 9.555823027257125402e-01 2.425559372625246124e-01 6.173528587195560302e-01 0 0 0 1
1.520621261876929522e+09 9.494616279903141942e-01 2.415193881127076225e-01 6.182444158606799078e-01 0 0 0 1
1.520621261885263443e+09 9.422540714801529438e-01 2.408077301770196188e-01 6.190585126219028123e-01 0 0 0 1
1.520621261893596411e+09 9.355903084854267915e-01 2.398163993907061475e-01 6.196896739917869823e-01 0 0 0 1
1.520621261901929617e+09 9.285212390146143635e-01 2.390917247256184597e-01 6.200217017755174087e-01 0 0 0 1
1.520621261910262585e+09 9.215183968870076514e-01 2.382296236297604120e-01 6.202561918230926619e-01 0 0 0 1
1.520621261918596506e+09 9.142349925350691242e-01 2.374789317775249931e-01 6.201626552390657743e-01 0 0 0 1
1.520621261926929474e+09 9.070036041033170404e-01 2.368547583012067248e-01 6.201464316455276293e-01 0 0 0 1
1.520621261935263634e+09 8.995068794362349740e-01 2.360594431610512078e-01 6.195305679036444690e-01 0 0 0 1
1.520621261943596363e+09 8.919401101456984060e-01 2.354875617219105988e-01 6.192304772086345555e-01 0 0 0 1
1.520621261951929331e+09 8.841637188092673627e-01 2.345873738236127215e-01 6.183216615881810263e-01 0 0 0 1
1.520621261960263491e+09 8.763355809887071191e-01 2.337618035746231726e-01 6.174845813169334008e-01 0 0 0 1
1.520621261968596458e+09 8.683669168140212280e-01 2.332089579935144319e-01 6.165954798196455755e-01 0 0 0 1
1.520621261976929665e+09 8.601830948167840107e-01 2.323291298678554218e-01 6.152202812539899757e-01 0 0 0 1
1.520621261985262394e+09 8.519313474400090902e-01 2.315726153202028459e-01 6.138018781657321732e-01 0 0 0 1
1.520621261993596554e+09 8.436511470414124192e-01 2.307893268203922155e-01 6.122999627236669351e-01 0 0 0 1
1.520621262001929522e+09 8.351424469470755119e-01 2.300831611659088782e-01 6.105201670571227535e-01 0 0 0 1
1.520621262010263443e+09 8.265430147068791866e-01 2.293505943827128801e-01 6.086007720923749531e-01 0 0 0 1
1.520621262018596411e+09 8.178688068002949452e-01 2.286434152094202199e-01 6.064854991646331239e-01 0 0 0 1
1.520621262026929617e+09 8.091656898964408873e-01 2.279453737205041075e-01 6.042145586986793493e-01 0 0 0 1
1.520621262035262585e+09 8.004384214387215701e-01 2.273166144672629785e-01 6.017948021714387696e-01 0 0 0 1
1.520621262043596268e+09 7.915802353249598022e-01 2.266845706887134493e-01 5.991828378213193140e-01 0 0 0 1
1.520621262051929474e+09 7.827255005706860169e-01 2.260844259150304736e-01 5.965120789947950808e-01 0 0 0 1
1.520621262060263634e+09 7.737151139559920177e-01 2.254908019201737335e-01 5.935812150944843602e-01 0 0 0 1
1.520621262068596601e+09 7.647305361144817182e-01 2.250034224977242037e-01 5.905466067472096015e-01 0 0 0 1
1.520621262076929569e+09 7.554706417973188204e-01 2.245653809893033981e-01 5.871973939309116375e-01 0 0 0 1
1.520621262085263491e+09 7.464112002288368908e-01 2.240593341333669830e-01 5.838743349069819288e-01 0 0 0 1
1.520621262093596458e+09 7.371902048957089670e-01 2.236192048340839289e-01 5.803255329696228593e-01 0 0 0 1
1.520621262101929665e+09 7.279305196164694847e-01 2.232785916440918061e-01 5.766473489369861039e-01 0 0 0 1
1.520621262110262632e+09 7.186875608084150047e-01 2.228355963651800775e-01 5.728269816448676721e-01 0 0 0 1
1.520621262118596554e+09 7.093716674119409094e-01 2.224600447468194631e-01 5.688346793928571454e-01 0 0 0 1
1.520621262126929522e+09 6.999499682956776825e-01 2.221376360766611491e-01 5.647324803568367635e-01 0 0 0 1
1.520621262135263681e+09 6.905527139423154326e-01 2.217879356077095965e-01 5.604759717625731330e-01 0 0 0 1
1.520621262143596411e+09 6.810830262285177961e-01 2.214726947126893219e-01 5.561003220317215501e-01 0 0 0 1
1.520621262151929379e+09 6.710730590042105481e-01 2.212034429449226125e-01 5.512857634669803275e-01 0 0 0 1
1.520621262160262585e+09 6.615989817414683616e-01 2.208603014701591150e-01 5.466741416220519678e-01 0 0 0 1
1.520621262168596506e+09 6.520328091704005180e-01 2.206217952965801588e-01 5.418703740081340925e-01 0 0 0 1
1.520621262176929712e+09 6.425100556196400303e-01 2.203873573908142758e-01 5.369221789782181453e-01 0 0 0 1
1.520621262185263395e+09 6.327196860275275947e-01 2.202241199523957693e-01 5.320055069666151937e-01 0 0 0 1
1.520621262193596601e+09 6.230725633656365448e-01 2.200391939007989017e-01 5.268855087751711519e-01 0 0 0 1
1.520621262201929569e+09 6.131537437876394270e-01 2.198291979347250513e-01 5.215878599581953434e-01 0 0 0 1
1.520621262210263491e+09 6.034024913805905443e-01 2.196287694621951725e-01 5.162725597781763209e-01 0 0 0 1
1.520621262218596458e+09 5.936758752045562249e-01 2.195483036019622580e-01 5.109376942939525268e-01 0 0 0 1
1.520621262226929426e+09 5.841121270638641727e-01 2.195015646882595983e-01 5.055941866003619278e-01 0 0 0 1
1.520621262235262632e+09 5.740881645469012584e-01 2.194809694373041631e-01 5.002076637819550253e-01 0 0 0 1
1.520621262243596315e+09 5.644257174452725900e-01 2.195280929142432447e-01 4.945369435624740184e-01 0 0 0 1
1.520621262251929522e+09 5.544799036007209692e-01 2.193345873208564778e-01 4.888838488638722612e-01 0 0 0 1
1.520621262260263443e+09 5.449593984607278285e-01 2.193788109605007142e-01 4.832872473778473399e-01 0 0 0 1
1.520621262268596649e+09 5.349604001677999987e-01 2.194193597484450087e-01 4.774743820574913755e-01 0 0 0 1
1.520621262276929617e+09 5.253399400065031921e-01 2.195684969621146676e-01 4.717648791053308255e-01 0 0 0 1
1.520621262285262346e+09 5.155470506797706909e-01 2.196164204570429379e-01 4.658049966962671817e-01 0 0 0 1
1.520621262293596506e+09 5.060969627782694324e-01 2.200417217159577610e-01 4.602815537594751039e-01 0 0 0 1
1.520621262301929474e+09 4.962990915978259254e-01 2.201360529905215802e-01 4.544004558125771531e-01 0 0 0 1
1.520621262310263395e+09 4.865969268476187937e-01 2.204915161784259392e-01 4.486684002448604325e-01 0 0 0 1
1.520621262318596363e+09 4.771947290373290684e-01 2.208544284834469407e-01 4.427808174610927683e-01 0 0 0 1
1.520621262326929569e+09 4.673832512052107369e-01 2.212910893661077516e-01 4.370070658386047135e-01 0 0 0 1
1.520621262335263491e+09 4.578497196089760246e-01 2.217411497841579870e-01 4.310884150419078686e-01 0 0 0 1
1.520621262343596458e+09 4.481322763199142578e-01 2.221353148355628693e-01 4.252989216366400704e-01 0 0 0 1
1.520621262351929426e+09 4.384371561417595986e-01 2.225774235291042014e-01 4.192689453444362613e-01 0 0 0 1
1.520621262360262394e+09 4.286454063333601239e-01 2.227794430917398039e-01 4.132039773326874332e-01 0 0 0 1
1.520621262368596554e+09 4.188976434622855294e-01 2.232353997052367034e-01 4.072745078597206358e-01 0 0 0 1
1.520621262376929522e+09 4.089531325467286038e-01 2.243160677665286262e-01 4.019013587228299489e-01 0 0 0 1
1.520621262385263443e+09 3.990148912531751302e-01 2.241052716588366467e-01 3.953480793606150012e-01 0 0 0 1
1.520621262393596411e+09 3.891641678912264313e-01 2.245457571991759105e-01 3.893372498930947057e-01 0 0 0 1
1.520621262401929617e+09 3.793330633532986385e-01 2.250832304384302596e-01 3.834422525931775461e-01 0 0 0 1
1.520621262410262585e+09 3.694544516643196719e-01 2.256081878563222509e-01 3.774707023051051547e-01 0 0 0 1
1.520621262418596506e+09 3.592404010078894538e-01 2.258560735581960910e-01 3.714292284010840550e-01 0 0 0 1
1.520621262426929474e+09 3.494136715898583656e-01 2.264143232065373157e-01 3.657534273917397716e-01 0 0 0 1
1.520621262435263634e+09 3.390390514533335731e-01 2.265804603714732246e-01 3.596847857933767045e-01 0 0 0 1
1.520621262443596363e+09 3.290291239883886831e-01 2.271745209880423055e-01 3.539923534927331694e-01 0 0 0 1
1.520621262451929331e+09 3.186742689943570239e-01 2.276987161212075672e-01 3.481694831981014815e-01 0 0 0 1
1.520621262460263491e+09 3.084866053932977525e-01 2.281210843968966007e-01 3.424828914073307917e-01 0 0 0 1
1.520621262468596458e+09 2.982772452767576965e-01 2.282516308853698161e-01 3.366738217343676620e-01 0 0 0 1
1.520621262476929665e+09 2.879299819366890612e-01 2.287456131799150971e-01 3.309865001107330507e-01 0 0 0 1
1.520621262485262394e+09 2.776880649644707377e-01 2.296497765152861192e-01 3.259287636695906709e-01 0 0 0 1
1.520621262493596554e+09 2.673206544508336391e-01 2.302805040013988780e-01 3.204133787930953936e-01 0 0 0 1
1.520621262501929522e+09 2.569690371304529375e-01 2.300394126699740749e-01 3.142044650988486953e-01 0 0 0 1
1.520621262510263443e+09 2.467123601566167945e-01 2.301051448222261597e-01 3.084616911458908373e-01 0 0 0 1
1.520621262518596411e+09 2.363417242416964159e-01 2.310592443294823273e-01 3.033848772519365244e-01 0 0 0 1
1.520621262526929617e+09 2.259335330099707662e-01 2.311575957360045286e-01 2.977287472348815189e-01 0 0 0 1
1.520621262535262585e+09 2.155926973568383920e-01 2.310663951445714459e-01 2.920867708167047549e-01 0 0 0 1
1.520621262543596268e+09 2.049687370124810837e-01 2.317335056101665902e-01 2.869131284664157011e-01 0 0 0 1
1.520621262551929474e+09 1.944213044351568165e-01 2.320659452331415573e-01 2.816529819271373913e-01 0 0 0 1
1.520621262560263634e+09 1.838053499081309106e-01 2.323365164254241333e-01 2.763240920316849536e-01 0 0 0 1
1.520621262568596601e+09 1.733461963432300079e-01 2.327042789752249985e-01 2.711467864084713408e-01 0 0 0 1
1.520621262576929569e+09 1.628769418448963169e-01 2.330775063925416002e-01 2.660587186863105913e-01 0 0 0 1
1.520621262585263491e+09 1.520868697295829630e-01 2.333042295162534030e-01 2.608468190862733849e-01 0 0 0 1
1.520621262593596458e+09 1.413620666940730297e-01 2.336275373909361686e-01 2.556453974929508988e-01 0 0 0 1
1.520621262601929665e+09 1.306842259640123016e-01 2.338776293525048344e-01 2.505171972605961805e-01 0 0 0 1
1.520621262610262632e+09 1.197067853692018735e-01 2.341199782255377615e-01 2.452310871416245597e-01 0 0 0 1
1.520621262618596554e+09 1.090681171608481881e-01 2.344680883176062380e-01 2.403971195765679525e-01 0 0 0 1
1.520621262626929522e+09 9.812726620617573392e-02 2.348305330306798555e-01 2.353638903427601736e-01 0 0 0 1
1.520621262635263681e+09 8.714413239358498320e-02 2.350497394148720609e-01 2.304095959911485192e-01 0 0 0 1
1.520621262643596411e+09 7.632355983121430487e-02 2.352496373177208056e-01 2.254311938472657317e-01 0 0 0 1
1.520621262651929379e+09 6.538685464230598043e-02 2.357176488711503204e-01 2.208020001746013872e-01 0 0 0 1
1.520621262660262585e+09 5.442803046553346125e-02 2.358241634956544930e-01 2.159290055522582463e-01 0 0 0 1
1.520621262668596506e+09 4.335175818160652561e-02 2.360852673352181741e-01 2.111872060109267757e-01 0 0 0 1
1.520621262676929712e+09 3.232892445461410524e-02 2.363326935974352505e-01 2.064712280928568955e-01 0 0 0 1
1.520621262685263395e+09 2.109693078815710887e-02 2.363737481044854705e-01 2.015990470602815332e-01 0 0 0 1
1.520621262693596601e+09 1.018099059129284889e-02 2.366612000330902688e-01 1.974346559209223528e-01 0 0 0 1
1.520621262701929569e+09 -9.856812762921718374e-04 2.368148045310187189e-01 1.929183428236826980e-01 0 0 0 1
1.520621262710263491e+09 -1.217879521492282180e-02 2.369411091728816365e-01 1.880314043825486170e-01 0 0 0 1
1.520621262718596458e+09 -2.316552786684134002e-02 2.371272825384740379e-01 1.837003362454345812e-01 0 0 0 1
1.520621262726929426e+09 -3.454101652338958939e-02 2.371001597215763312e-01 1.791281974024530044e-01 0 0 0 1
1.520621262735262632e+09 -4.609880555254103340e-02 2.374210508301614064e-01 1.745551007399157584e-01 0 0 0 1
1.520621262743596315e+09 -5.721843947830707044e-02 2.371767334954063000e-01 1.701533813012796603e-01 0 0 0 1
1.520621262751929522e+09 -6.923115749124986174e-02 2.375211470815515868e-01 1.655359612200293373e-01 0 0 0 1
1.520621262760263443e+09 -8.023830732539438682e-02 2.374954121647929739e-01 1.613321894518646715e-01 0 0 0 1
1.520621262768596649e+09 -9.189979718612845128e-02 2.373454547557536376e-01 1.566360654099918648e-01 0 0 0 1
1.520621262776929617e+09 -1.036353077066988204e-01 2.371554572154556118e-01 1.522689603934190838e-01 0 0 0 1
1.520621262785262346e+09 -1.160149067263696043e-01 2.371520762145965522e-01 1.475629517429259963e-01 0 0 0 1
1.520621262793596506e+09 -1.274472036333614833e-01 2.369809950249407438e-01 1.434379644925578567e-01 0 0 0 1
1.520621262801929474e+09 -1.393927655489663464e-01 2.363826547230085673e-01 1.390707264768553664e-01 0 0 0 1
1.520621262810263395e+09 -1.518801259622176159e-01 2.361169157129699436e-01 1.349341660351657257e-01 0 0 0 1
1.520621262818596363e+09 -1.635257032216110296e-01 2.356825555252695104e-01 1.305272227349481007e-01 0 0 0 1
1.520621262826929569e+09 -1.755102275051731997e-01 2.348449221511936802e-01 1.261243188408600613e-01 0 0 0 1
1.520621262835263491e+09 -1.874299458093446891e-01 2.339317352692221741e-01 1.218617234578291963e-01 0 0 0 1
1.520621262843596458e+09 -1.995304754225751265e-01 2.330870792157370142e-01 1.179674208503695976e-01 0 0 0 1
1.520621262851929426e+09 -2.117363260689660853e-01 2.321757071824185337e-01 1.135818165514128619e-01 0 0 0 1
1.520621262860262394e+09 -2.241781673468629665e-01 2.310943601970102956e-01 1.098276188042375257e-01 0 0 0 1
1.520621262868596554e+09 -2.363864792649491842e-01 2.299626420890574230e-01 1.056551919411925500e-01 0 0 0 1
1.520621262876929522e+09 -2.485550934308484450e-01 2.286219244287404084e-01 1.019152298686170077e-01 0 0 0 1
1.520621262885263443e+09 -2.609222766595638010e-01 2.268779705054718154e-01 9.776296311961996111e-02 0 0 0 1
1.520621262893596411e+09 -2.734029821232345503e-01 2.258389138638330906e-01 9.416394066198763291e-02 0 0 0 1
1.520621262901929617e+09 -2.858581897767780711e-01 2.242471904626234247e-01 9.019979920130505313e-02 0 0 0 1
1.520621262910262585e+09 -2.983761217174996094e-01 2.227235679649653965e-01 8.637631964028291698e-02 0 0 0 1
1.520621262918596506e+09 -3.106600320227281276e-01 2.208117946435539380e-01 8.271164405615949455e-02 0 0 0 1
1.520621262926929474e+09 -3.233706305125211289e-01 2.189958561034995865e-01 7.921796568596861654e-02 0 0 0 1
1.520621262935263634e+09 -3.359594411738026087e-01 2.171341627514613570e-01 7.541284191504038503e-02 0 0 0 1
1.520621262943596363e+09 -3.482842480670469421e-01 2.151582859030576333e-01 7.182504455295157797e-02 0 0 0 1
1.520621262951929331e+09 -3.608596672250063975e-01 2.130127516311877134e-01 6.839943089185585023e-02 0 0 0 1
1.520621262960263491e+09 -3.732356657311270975e-01 2.107438378121978539e-01 6.530073340645681235e-02 0 0 0 1
1.520621262968596458e+09 -3.858883760213132064e-01 2.083491927163413915e-01 6.197087303576176431e-02 0 0 0 1
1.520621262976929665e+09 -3.981824698326119627e-01 2.063980466195796115e-01 5.881356291738448760e-02 0 0 0 1
1.520621262985262394e+09 -4.107684028889355687e-01 2.040264541568161394e-01 5.563345956043108664e-02 0 0 0 1
1.520621262993596554e+09 -4.233547086033206952e-01 2.013075087079064796e-01 5.289875389618314827e-02 0 0 0 1
1.520621263001929522e+09 -4.356719563390482608e-01 1.987892457822511560e-01 4.975322806696080846e-02 0 0 0 1
1.520621263010263443e+09 -4.482975295721287612e-01 1.961371970652963093e-01 4.705863582221314623e-02 0 0 0 1
1.520621263018596411e+09 -4.609234399106598157e-01 1.934712693906441294e-01 4.395409902145019920e-02 0 0 0 1
1.520621263026929617e+09 -4.733235048705339287e-01 1.906317520431841661e-01 4.124426764181476912e-02 0 0 0 1
1.520621263035262585e+09 -4.855944411557028273e-01 1.878665375387078562e-01 3.864564708637630019e-02 0 0 0 1
1.520621263043596268e+09 -4.979271353938854450e-01 1.849762475028844388e-01 3.620689677796673500e-02 0 0 0 1
1.520621263051929474e+09 -5.103813167684900787e-01 1.820646769434360879e-01 3.404896284003111617e-02 0 0 0 1
1.520621263060263634e+09 -5.228197765564213118e-01 1.791267665935948883e-01 3.156035724261041508e-02 0 0 0 1
1.520621263068596601e+09 -5.350130060789796138e-01 1.761235659413937782e-01 2.958344691190739617e-02 0 0 0 1
1.520621263076929569e+09 -5.473082737277198406e-01 1.731792363837193482e-01 2.763984530268481787e-02 0 0 0 1
1.520621263085263491e+09 -5.594841972993588319e-01 1.704257915432618731e-01 2.611006999251341831e-02 0 0 0 1
1.520621263093596458e+09 -5.719293241073309941e-01 1.670913356389307491e-01 2.410400013499003347e-02 0 0 0 1
1.520621263101929665e+09 -5.842006363781687694e-01 1.640186411154340718e-01 2.264912329799395607e-02 0 0 0 1
1.520621263110262632e+09 -5.964792104173357590e-01 1.610303372570190961e-01 2.166761203822475945e-02 0 0 0 1
1.520621263118596554e+09 -6.086649991567010254e-01 1.579653159543952246e-01 2.022374039423235903e-02 0 0 0 1
1.520621263126929522e+09 -6.207966112834590877e-01 1.547540980019981305e-01 1.907172252467315143e-02 0 0 0 1
1.520621263135263681e+09 -6.330065724165407914e-01 1.517532255127916896e-01 1.826973767920636593e-02 0 0 0 1
1.520621263143596411e+09 -6.450591635585779526e-01 1.487266691869463253e-01 1.762035232670922102e-02 0 0 0 1
1.520621263151929379e+09 -6.569647959984772356e-01 1.456183513754580883e-01 1.727384625153294273e-02 0 0 0 1
1.520621263160262585e+09 -6.689412255930939910e-01 1.426141830842383440e-01 1.691590055886760258e-02 0 0 0 1
1.520621263168596506e+09 -6.809404496603430612e-01 1.397229700057609492e-01 1.685734201844635294e-02 0 0 0 1
1.520621263176929712e+09 -6.929288969147002764e-01 1.366108963817861399e-01 1.685406220968310720e-02 0 0 0 1
1.520621263185263395e+09 -7.047940793940072890e-01 1.336645716036737319e-01 1.728651016127114026e-02 0 0 0 1
1.520621263193596601e+09 -7.165607942506160288e-01 1.308183438183525560e-01 1.765736059856293227e-02 0 0 0 1
1.520621263201929569e+09 -7.282188133793650042e-01 1.279908159960276848e-01 1.824092737608673520e-02 0 0 0 1
1.520621263210263491e+09 -7.399404419857771309e-01 1.251405346066892799e-01 1.896732837841752506e-02 0 0 0 1
1.520621263218596458e+09 -7.517410482522910442e-01 1.221789585316008786e-01 1.989702312778074411e-02 0 0 0 1
1.520621263226929426e+09 -7.634722405818348268e-01 1.194188795230524125e-01 2.095895901083644208e-02 0 0 0 1
1.520621263235262632e+09 -7.751923497537671626e-01 1.165804312898314210e-01 2.222795292079582374e-02 0 0 0 1
1.520621263243596315e+09 -7.867573820763116288e-01 1.139313669306468713e-01 2.353616779645240076e-02 0 0 0 1
1.520621263251929522e+09 -7.982686756233955405e-01 1.111433081833615999e-01 2.519216631256671057e-02 0 0 0 1
1.520621263260263443e+09 -8.099556341726102948e-01 1.084515493200665093e-01 2.702657315638579139e-02 0 0 0 1
1.520621263268596649e+09 -8.215915613659464656e-01 1.057532951851135605e-01 2.881769203559947368e-02 0 0 0 1
1.520621263276929617e+09 -8.327740428585903576e-01 1.036117008600568878e-01 3.110507532406969755e-02 0 0 0 1
1.520621263285262346e+09 -8.440742724209797654e-01 1.011797831956636751e-01 3.345701616338991879e-02 0 0 0 1
1.520621263293596506e+09 -8.552494227770375268e-01 9.897976310551481749e-02 3.599146759818094843e-02 0 0 0 1
1.520621263301929474e+09 -8.665406781836069161e-01 9.664569318959115307e-02 3.877026345664202900e-02 0 0 0 1
1.520621263310263395e+09 -8.776371652416512514e-01 9.418969943398058930e-02 4.142590633917597742e-02 0 0 0 1
1.520621263318596363e+09 -8.884907417369470872e-01 9.217601284862431132e-02 4.471982405206298417e-02 0 0 0 1
1.520621263326929569e+09 -8.994562505589243084e-01 9.018637232354920208e-02 4.809941386126581619e-02 0 0 0 1
1.520621263335263491e+09 -9.101009596384541656e-01 8.837305883669022144e-02 5.191446252543907569e-02 0 0 0 1
1.520621263343596458e+09 -9.207206094881692504e-01 8.639103444028117806e-02 5.574422811383317189e-02 0 0 0 1
1.520621263351929426e+09 -9.310763722225605665e-01 8.444113173916056869e-02 5.959851489097411914e-02 0 0 0 1
1.520621263360262394e+09 -9.413765592178106045e-01 8.254615805470144618e-02 6.380259009292688077e-02 0 0 0 1
1.520621263368596554e+09 -9.514000388196042213e-01 8.092382934005082351e-02 6.829994064646482954e-02 0 0 0 1
1.520621263376929522e+09 -9.611384921608403520e-01 7.918304087305627625e-02 7.320675214247018836e-02 0 0 0 1
1.520621263385263443e+09 -9.708532969795349299e-01 7.783998318657725513e-02 7.830815694738713084e-02 0 0 0 1
1.520621263393596411e+09 -9.803027249230266138e-01 7.630527021807353982e-02 8.347518897923333903e-02 0 0 0 1
1.520621263401929617e+09 -9.894227106346221712e-01 7.499405148016335954e-02 8.886529513261764990e-02 0 0 0 1
1.520621263410262585e+09 -9.984044872425510420e-01 7.363136323101249214e-02 9.454322350921229301e-02 0 0 0 1
1.520621263418596506e+09 -1.007276337217021478e+00 7.236409866745374675e-02 1.002608780264766519e-01 0 0 0 1
1.520621263426929474e+09 -1.015892075714061482e+00 7.096159347432595688e-02 1.058241502121770594e-01 0 0 0 1
1.520621263435263634e+09 -1.024062972386898807e+00 7.015676989445707168e-02 1.117830634251566480e-01 0 0 0 1
1.520621263443596363e+09 -1.032188261081885994e+00 6.917774040752511233e-02 1.179878657908886019e-01 0 0 0 1
1.520621263451929331e+09 -1.040101029200559690e+00 6.831208102061314680e-02 1.242461539986094987e-01 0 0 0 1
1.520621263460263491e+09 -1.047697193281799333e+00 6.756045352373762913e-02 1.307987940084605061e-01 0 0 0 1
1.520621263468596458e+09 -1.055142255984097277e+00 6.674261778700762981e-02 1.373314854996376955e-01 0 0 0 1
1.520621263476929665e+09 -1.062309368369638296e+00 6.596978799072739097e-02 1.439571667152106382e-01 0 0 0 1
1.520621263510263443e+09 -1.088661244130896488e+00 6.430007843933549516e-02 1.716534219454646237e-01 0 0 0 1
1.520621263518596411e+09 -1.094638982517466719e+00 6.399550625369421208e-02 1.786791675919112699e-01 0 0 0 1
1.520621263526929617e+09 -1.100291537024120636e+00 6.401828000214870862e-02 1.858549173874970428e-01 0 0 0 1
1.520621263535262585e+09 -1.105705363080990544e+00 6.410677023897981552e-02 1.931985877180990574e-01 0 0 0 1
1.520621263543596268e+09 -1.110926451324673270e+00 6.428827783866863932e-02 2.005275192319424526e-01 0 0 0 1
1.520621263551929474e+09 -1.115808372408213067e+00 6.482673273194095032e-02 2.079793568387724445e-01 0 0 0 1
1.520621263560263634e+09 -1.120496499077918262e+00 6.527618956426239905e-02 2.153923455491171257e-01 0 0 0 1
1.520621263568596601e+09 -1.124922846321836811e+00 6.597510311626120227e-02 2.228159829993878738e-01 0 0 0 1
1.520621263576929569e+09 -1.129135168874845885e+00 6.704086774680451111e-02 2.304667036550471781e-01 0 0 0 1
1.520621263585263491e+09 -1.133268864268691001e+00 6.809533317491678339e-02 2.380621250484711293e-01 0 0 0 1
1.520621263593596458e+09 -1.136971772053871454e+00 6.974294310211592851e-02 2.458148833715321224e-01 0 0 0 1
1.520621263601929665e+09 -1.140848282906568034e+00 7.059093055448817378e-02 2.532177819420315945e-01 0 0 0 1
1.520621263610262632e+09 -1.144323073323076034e+00 7.228615413291916703e-02 2.610702212563345004e-01 0 0 0 1
1.520621263618596554e+09 -1.147507102277208313e+00 7.410503298395854088e-02 2.687661261575158278e-01 0 0 0 1
1.520621263626929522e+09 -1.150541569020443688e+00 7.582233149889028301e-02 2.763124627273580991e-01 0 0 0 1
1.520621263635263681e+09 -1.153350715160381013e+00 7.791036589354116693e-02 2.839660543178357255e-01 0 0 0 1
1.520621263643596411e+09 -1.156148392116356671e+00 7.990360760200387880e-02 2.916178612478805832e-01 0 0 0 1
1.520621263651929379e+09 -1.158566461479488385e+00 8.215508955884243125e-02 2.990865382293970143e-01 0 0 0 1
1.520621263660262585e+09 -1.160978161553997356e+00 8.459998772693733127e-02 3.067034342115877443e-01 0 0 0 1
1.520621263668596506e+09 -1.163113870468858391e+00 8.713296811202198011e-02 3.140875611226350284e-01 0 0 0 1
1.520621263676929712e+09 -1.165297716386962001e+00 8.974939408816196007e-02 3.215051375496957853e-01 0 0 0 1
1.520621263685263395e+09 -1.167263361124870613e+00 9.247028950334090780e-02 3.288226692838618348e-01 0 0 0 1
1.520621263693596601e+09 -1.168920483738058458e+00 9.542134171935956477e-02 3.361125403434448433e-01 0 0 0 1
1.520621263701929569e+09 -1.170533408499605965e+00 9.851187438417308151e-02 3.435919524595909547e-01 0 0 0 1
1.520621263710263491e+09 -1.171749776012322108e+00 1.017209487228897258e-01 3.508423615955302832e-01 0 0 0 1
1.520621263718596458e+09 -1.173367779986199455e+00 1.051695365872762356e-01 3.579930969514886208e-01 0 0 0 1
1.520621263726929426e+09 -1.174778673919163241e+00 1.081913365000192195e-01 3.649801142790585207e-01 0 0 0 1
1.520621263735262632e+09 -1.175932586118928480e+00 1.117939840813514385e-01 3.718830220752293858e-01 0 0 0 1
1.520621263743596315e+09 -1.176916010741370089e+00 1.158193971234806607e-01 3.790978690314472654e-01 0 0 0 1
1.520621263751929522e+09 -1.177833382472332602e+00 1.191904120170187431e-01 3.856876690168535848e-01 0 0 0 1
1.520621263760263443e+09 -1.178817352254345030e+00 1.232265031043471293e-01 3.925963099406868384e-01 0 0 0 1
1.520621263768596649e+09 -1.179499517968695566e+00 1.275852479724663979e-01 3.994448838104169841e-01 0 0 0 1
1.520621263776929617e+09 -1.180155112157851072e+00 1.313697251003126398e-01 4.060061397936522987e-01 0 0 0 1
1.520621263785262346e+09 -1.180764770864943358e+00 1.355074901493267259e-01 4.125144262743725143e-01 0 0 0 1
1.520621263793596506e+09 -1.181176454118381347e+00 1.398560649279794177e-01 4.190848900419354983e-01 0 0 0 1
1.520621263801929474e+09 -1.181473637390816345e+00 1.443429173904340335e-01 4.255169094943656027e-01 0 0 0 1
1.520621263810263395e+09 -1.181756322454652341e+00 1.487955006804562164e-01 4.320549330008649491e-01 0 0 0 1
1.520621263818596363e+09 -1.181923132787210395e+00 1.533893645259551963e-01 4.383992154745022241e-01 0 0 0 1
1.520621263826929569e+09 -1.182005469445687629e+00 1.582072603378746889e-01 4.448172059076354046e-01 0 0 0 1
1.520621263835263491e+09 -1.181895507215398489e+00 1.628455290140637945e-01 4.510311281477175083e-01 0 0 0 1
1.520621263843596458e+09 -1.181743882372539911e+00 1.675720602396036929e-01 4.571971647094295044e-01 0 0 0 1
1.520621263851929426e+09 -1.181548298596050817e+00 1.723370022155150671e-01 4.632579817302333591e-01 0 0 0 1
1.520621263860262394e+09 -1.181291287390551226e+00 1.770769027640115012e-01 4.692644249151090019e-01 0 0 0 1
1.520621263868596554e+09 -1.180774830730652702e+00 1.821664863409792612e-01 4.750760440102643756e-01 0 0 0 1
1.520621263876929522e+09 -1.180309576504549263e+00 1.871104624867129251e-01 4.808106377001362119e-01 0 0 0 1
1.520621263885263443e+09 -1.179910786538717504e+00 1.922444737656335279e-01 4.865180537762676671e-01 0 0 0 1
1.520621263893596411e+09 -1.179102506093623326e+00 1.972559138661792999e-01 4.923671613092075461e-01 0 0 0 1
1.520621263901929617e+09 -1.178434496108140106e+00 2.025783595545612714e-01 4.980352329218225016e-01 0 0 0 1
1.520621263910262585e+09 -1.177629811901373280e+00 2.077518898945341919e-01 5.036374820349325265e-01 0 0 0 1
1.520621263918596506e+09 -1.176831573895786187e+00 2.133770093472318052e-01 5.092839466852094876e-01 0 0 0 1
1.520621263926929474e+09 -1.175741859522142718e+00 2.187879281554903077e-01 5.150065661655958138e-01 0 0 0 1
1.520621263935263634e+09 -1.174613068877045752e+00 2.242418010131542738e-01 5.205104631528350012e-01 0 0 0 1
1.520621263943596363e+09 -1.173872607796875300e+00 2.297096495843913844e-01 5.259681938759119824e-01 0 0 0 1
1.520621263951929331e+09 -1.172706694791660897e+00 2.351959787738777119e-01 5.317395418103014748e-01 0 0 0 1
1.520621263960263491e+09 -1.171545492305698488e+00 2.404185678361163703e-01 5.368856375668471514e-01 0 0 0 1
1.520621263968596458e+09 -1.170253574889533299e+00 2.458285971742476539e-01 5.421338740689825020e-01 0 0 0 1
1.520621263976929665e+09 -1.168688177591641786e+00 2.518877610303059678e-01 5.478676587581079449e-01 0 0 0 1
1.520621263985262394e+09 -1.167254549681511655e+00 2.573035719047074288e-01 5.534177786385452436e-01 0 0 0 1
1.520621263993596554e+09 -1.165598704606945812e+00 2.629315789627774680e-01 5.588087666499932382e-01 0 0 0 1
1.520621264001929522e+09 -1.164026810476797902e+00 2.685687513095624257e-01 5.644168268688996015e-01 0 0 0 1
1.520621264010263443e+09 -1.162258310274178363e+00 2.741022452516375663e-01 5.697713965434827443e-01 0 0 0 1
1.520621264018596411e+09 -1.160168995569216932e+00 2.797978481058828182e-01 5.752809991037439730e-01 0 0 0 1
1.520621264026929617e+09 -1.158223592553445425e+00 2.854989981649417308e-01 5.806609948640832908e-01 0 0 0 1
1.520621264035262585e+09 -1.156004127591186759e+00 2.912388540991074359e-01 5.860981649083456535e-01 0 0 0 1
1.520621264043596268e+09 -1.154032627675717793e+00 2.965412252671142945e-01 5.911641331014698686e-01 0 0 0 1
1.520621264051929474e+09 -1.151297699647368056e+00 3.028692971490359875e-01 5.968542910299350357e-01 0 0 0 1
1.520621264060263634e+09 -1.148902271482124648e+00 3.086257514539432201e-01 6.021542881573562767e-01 0 0 0 1
1.520621264068596601e+09 -1.146460252173203909e+00 3.147330246052461589e-01 6.076832104433993464e-01 0 0 0 1
1.520621264076929569e+09 -1.144192546026614243e+00 3.200382374341530500e-01 6.125808070340186262e-01 0 0 0 1
1.520621264085263491e+09 -1.141337904199048126e+00 3.265320009866986006e-01 6.183196859369692877e-01 0 0 0 1
1.520621264093596458e+09 -1.138842899356532046e+00 3.324737722104679216e-01 6.235740588329208300e-01 0 0 0 1
1.520621264101929665e+09 -1.136293298527665474e+00 3.386613055066736155e-01 6.290911465028801164e-01 0 0 0 1
1.520621264110262632e+09 -1.133803883991084671e+00 3.443784373912936458e-01 6.342728193836053574e-01 0 0 0 1
1.520621264118596554e+09 -1.131288876350507788e+00 3.504642629838766177e-01 6.394655791721939320e-01 0 0 0 1
1.520621264126929522e+09 -1.128491764536099229e+00 3.568078108543048521e-01 6.447976231375696088e-01 0 0 0 1
1.520621264135263681e+09 -1.125565700969614280e+00 3.628956551405410069e-01 6.500629383481812962e-01 0 0 0 1
1.520621264143596411e+09 -1.122945292257267358e+00 3.688833954572381391e-01 6.554356308921200913e-01 0 0 0 1
1.520621264151929379e+09 -1.120024366471489063e+00 3.750680956559833135e-01 6.608088182221931728e-01 0 0 0 1
1.520621264160262585e+09 -1.117310317987183943e+00 3.808250057893370344e-01 6.657310708956729606e-01 0 0 0 1
1.520621264168596506e+09 -1.114366599164414273e+00 3.867472295171802132e-01 6.707661226508156993e-01 0 0 0 1
1.520621264176929712e+09 -1.111321351808023827e+00 3.926854747216347863e-01 6.761076849155365220e-01 0 0 0 1
1.520621264185263395e+09 -1.108369227037356186e+00 3.985275424134205879e-01 6.810961964385795486e-01 0 0 0 1
1.520621264193596601e+09 -1.105110479736315376e+00 4.044062695567023358e-01 6.861928145719782268e-01 0 0 0 1
1.520621264201929569e+09 -1.102032760346586926e+00 4.100160533966387133e-01 6.912651059504579809e-01 0 0 0 1
1.520621264210263491e+09 -1.098822919359172756e+00 4.157313449202998390e-01 6.962779604299815794e-01 0 0 0 1
1.520621264218596458e+09 -1.095381440433358833e+00 4.216612066384773927e-01 7.014583308021524743e-01 0 0 0 1
1.520621264226929426e+09 -1.092224881028115657e+00 4.271483703052897374e-01 7.063805023212268441e-01 0 0 0 1
1.520621264235262632e+09 -1.088995149739152346e+00 4.328917664180941816e-01 7.113713720545769004e-01 0 0 0 1
1.520621264243596315e+09 -1.085752643656710426e+00 4.385647604874828853e-01 7.161351967922877648e-01 0 0 0 1
1.520621264251929522e+09 -1.082519402043700563e+00 4.442020642360225979e-01 7.210370340587723970e-01 0 0 0 1
1.520621264260263443e+09 -1.079332216416189816e+00 4.498628496691562395e-01 7.259772561754793685e-01 0 0 0 1
1.520621264268596649e+09 -1.076186060664991784e+00 4.553732689060482342e-01 7.307498984408011822e-01 0 0 0 1
1.520621264276929617e+09 -1.073049869926003375e+00 4.609814646919949133e-01 7.354216993848923245e-01 0 0 0 1
1.520621264285262346e+09 -1.070099764609155901e+00 4.662407143556167588e-01 7.397955835291134541e-01 0 0 0 1
1.520621264293596506e+09 -1.066698078855726539e+00 4.719940729507969834e-01 7.446935903236420184e-01 0 0 0 1
1.520621264301929474e+09 -1.063509778669252892e+00 4.773753595309269127e-01 7.491895900526750474e-01 0 0 0 1
1.520621264310263395e+09 -1.060420359054148776e+00 4.829249927565113509e-01 7.538857242005354564e-01 0 0 0 1
1.520621264318596363e+09 -1.057201391442145644e+00 4.884252531389767782e-01 7.583779780859887243e-01 0 0 0 1
1.520621264326929569e+09 -1.054049230470813336e+00 4.938862242591396390e-01 7.627153760671323557e-01 0 0 0 1
1.520621264335263491e+09 -1.050810152323322644e+00 4.992770116701900074e-01 7.670343461627642245e-01 0 0 0 1
1.520621264343596458e+09 -1.047520806666572213e+00 5.047937238047719433e-01 7.712930601711327494e-01 0 0 0 1
1.520621264351929426e+09 -1.044221439098847570e+00 5.100348967377938969e-01 7.753440758035610170e-01 0 0 0 1
1.520621264360262394e+09 -1.041057171266842829e+00 5.155331719723131867e-01 7.791435719044041974e-01 0 0 0 1
1.520621264368596554e+09 -1.037781593534680802e+00 5.208971599579811373e-01 7.830776163222477049e-01 0 0 0 1
1.520621264376929522e+09 -1.034264653691353786e+00 5.264501571385677980e-01 7.867357102833560933e-01 0 0 0 1
1.520621264385263443e+09 -1.031163743737491645e+00 5.317264074170364729e-01 7.902666577173433904e-01 0 0 0 1
1.520621264393596411e+09 -1.028099748460568508e+00 5.370643684919277350e-01 7.933062106431199023e-01 0 0 0 1
1.520621264401929617e+09 -1.024660910635156075e+00 5.425357538091164500e-01 7.964632604733101751e-01 0 0 0 1
1.520621264410262585e+09 -1.020956917811729703e+00 5.480432772116513584e-01 7.995151124379085150e-01 0 0 0 1
1.520621264418596506e+09 -1.017678792911964170e+00 5.533759363596533198e-01 8.023017647437742372e-01 0 0 0 1
1.520621264426929474e+09 -1.014290910269699086e+00 5.586627799113412784e-01 8.047094193248360838e-01 0 0 0 1
1.520621264435263634e+09 -1.010583220950561856e+00 5.643824290796259913e-01 8.070883485754360986e-01 0 0 0 1
1.520621264443596363e+09 -1.006948714523984378e+00 5.696878736387356312e-01 8.090786542261729775e-01 0 0 0 1
1.520621264451929331e+09 -1.003324798565605303e+00 5.753071555570755669e-01 8.109284096900049033e-01 0 0 0 1
1.520621264460263491e+09 -9.998565124019583861e-01 5.805973128828489926e-01 8.124335174982866281e-01 0 0 0 1
1.520621264468596458e+09 -9.961380585510836161e-01 5.860588600651952529e-01 8.137457843666879853e-01 0 0 0 1
1.520621264476929665e+09 -9.924318594081489309e-01 5.917079276046619540e-01 8.150231478301264154e-01 0 0 0 1
1.520621264485262394e+09 -9.884923520857997747e-01 5.973250603723602170e-01 8.160058935508700539e-01 0 0 0 1
1.520621264493596554e+09 -9.844903537267151172e-01 6.029923160170265195e-01 8.167201740940268628e-01 0 0 0 1
1.520621264501929522e+09 -9.806275737483635124e-01 6.082905650124251773e-01 8.171989840421691742e-01 0 0 0 1
1.520621264510263443e+09 -9.767418814849311293e-01 6.136935401936769452e-01 8.175313365740957128e-01 0 0 0 1
1.520621264518596411e+09 -9.726420134866435863e-01 6.195516905523725804e-01 8.177109022011543882e-01 0 0 0 1
1.520621264526929617e+09 -9.686880110997495574e-01 6.250672844399709494e-01 8.177738151825169055e-01 0 0 0 1
1.520621264535262585e+09 -9.646358914776245186e-01 6.305841568950736331e-01 8.175856581180114269e-01 0 0 0 1
1.520621264543596268e+09 -9.604015900920417348e-01 6.362181410997921338e-01 8.172371559458224688e-01 0 0 0 1
1.520621264551929474e+09 -9.563690946398604176e-01 6.419779350996041023e-01 8.167341876919438359e-01 0 0 0 1
1.520621264560263634e+09 -9.522419163141671028e-01 6.473220275736999429e-01 8.160973554370742900e-01 0 0 0 1
1.520621264568596601e+09 -9.480717444162047869e-01 6.530429892159488325e-01 8.153403861488481841e-01 0 0 0 1
1.520621264576929569e+09 -9.438002937525935554e-01 6.587107774014948625e-01 8.144701422693032544e-01 0 0 0 1
1.520621264585263491e+09 -9.394954515323157285e-01 6.644075794531675294e-01 8.135546014348162824e-01 0 0 0 1
1.520621264593596458e+09 -9.350786921275167085e-01 6.699777113403295736e-01 8.125316487144809141e-01 0 0 0 1
1.520621264601929665e+09 -9.306619909878872665e-01 6.755863814242588639e-01 8.113747951518133217e-01 0 0 0 1
1.520621264610262632e+09 -9.262077386902827225e-01 6.812117802181559822e-01 8.101944126290514525e-01 0 0 0 1
1.520621264618596554e+09 -9.216778479253201484e-01 6.869757928498200217e-01 8.090333266196507722e-01 0 0 0 1
1.520621264626929522e+09 -9.172680471606808883e-01 6.927702698207920395e-01 8.075427968634010245e-01 0 0 0 1
1.520621264635263681e+09 -9.126150442850380351e-01 6.982941431623322925e-01 8.061234049549323988e-01 0 0 0 1
1.520621264643596411e+09 -9.079977369283317445e-01 7.036507423730103961e-01 8.043753827604176454e-01 0 0 0 1
1.520621264651929379e+09 -9.033072454111479299e-01 7.093001323011447479e-01 8.029327522836515740e-01 0 0 0 1
1.520621264660262585e+09 -8.984280564001694280e-01 7.148229692000940272e-01 8.012421035342254250e-01 0 0 0 1
1.520621264668596506e+09 -8.936943718456756836e-01 7.203450776294901825e-01 7.994295379745219865e-01 0 0 0 1
1.520621264676929712e+09 -8.888129528836757887e-01 7.258749794208364525e-01 7.977502144788515270e-01 0 0 0 1
1.520621264685263395e+09 -8.836129909892894707e-01 7.311976252787956154e-01 7.957475792886929966e-01 0 0 0 1
1.520621264693596601e+09 -8.784717411014816291e-01 7.364865479336064613e-01 7.937357074228292841e-01 0 0 0 1
1.520621264701929569e+09 -8.731309873615477057e-01 7.416362060612957663e-01 7.917962258167536849e-01 0 0 0 1
1.520621264710263491e+09 -8.679366566669224348e-01 7.467982595260003187e-01 7.896238020554557924e-01 0 0 0 1
1.520621264718596458e+09 -8.625755005769977224e-01 7.517725964800008320e-01 7.873856610295371095e-01 0 0 0 1
1.520621264726929426e+09 -8.570563099431656173e-01 7.565270105941466205e-01 7.850222456875508570e-01 0 0 0 1
1.520621264735262632e+09 -8.514448213324550263e-01 7.611613173250424413e-01 7.826161917430498605e-01 0 0 0 1
1.520621264743596315e+09 -8.457923074368867145e-01 7.659438622920833328e-01 7.803788907185444934e-01 0 0 0 1
1.520621264751929522e+09 -8.399672656621530731e-01 7.705675675570025085e-01 7.779203393260918364e-01 0 0 0 1
1.520621264760263443e+09 -8.340255501162523455e-01 7.747725618739087494e-01 7.754217071131181971e-01 0 0 0 1
1.520621264768596649e+09 -8.280902811746226888e-01 7.791512027803000340e-01 7.729116834403118030e-01 0 0 0 1
1.520621264776929617e+09 -8.221270064677708156e-01 7.833280041206127642e-01 7.703545851845683412e-01 0 0 0 1
1.520621264785262346e+09 -8.160924876935391481e-01 7.876866516683073138e-01 7.679308718975952353e-01 0 0 0 1
1.520621264793596506e+09 -8.100713358599296310e-01 7.915250698019056230e-01 7.651197268167231336e-01 0 0 0 1
1.520621264801929474e+09 -8.039053719503148621e-01 7.956046985414682027e-01 7.626076124163492231e-01 0 0 0 1
1.520621264810263395e+09 -7.978829382205747667e-01 7.993392200776419099e-01 7.598683683211986395e-01 0 0 0 1
1.520621264818596363e+09 -7.916724157941592566e-01 8.031453171120496171e-01 7.571537354441522094e-01 0 0 0 1
1.520621264826929569e+09 -7.853082751276774243e-01 8.068655816623651056e-01 7.543578905862997619e-01 0 0 0 1
1.520621264835263491e+09 -7.789185849927117156e-01 8.103457580672539518e-01 7.513877977784615414e-01 0 0 0 1
1.520621264843596458e+09 -7.723649334541788924e-01 8.139539615625486224e-01 7.485073218589235466e-01 0 0 0 1
1.520621264851929426e+09 -7.661509447545133966e-01 8.173154620776820201e-01 7.455149313924223087e-01 0 0 0 1
1.520621264860262394e+09 -7.596200804226866943e-01 8.208073415068634082e-01 7.426054237536114933e-01 0 0 0 1
1.520621264868596554e+09 -7.531547523008115252e-01 8.244486063650782182e-01 7.394141901253816762e-01 0 0 0 1
1.520621264876929522e+09 -7.466290565984907701e-01 8.276702359738018488e-01 7.363206425627213392e-01 0 0 0 1
1.520621264885263443e+09 -7.401728571984235172e-01 8.309777874559937105e-01 7.331377104478518092e-01 0 0 0 1
1.520621264893596411e+09 -7.335305182306515182e-01 8.341185232206729250e-01 7.297167989972976887e-01 0 0 0 1
1.520621264901929617e+09 -7.269477089629092781e-01 8.372079883030901781e-01 7.263985558371590656e-01 0 0 0 1
1.520621264910262585e+09 -7.203577924744232197e-01 8.401706135340589743e-01 7.230032722708719106e-01 0 0 0 1
1.520621264918596506e+09 -7.137567459096674227e-01 8.429209999359672523e-01 7.194533012100372549e-01 0 0 0 1
1.520621264926929474e+09 -7.071175081303773258e-01 8.457575476269499903e-01 7.157606208424138750e-01 0 0 0 1
1.520621264935263634e+09 -7.003035660610283930e-01 8.486717506732037730e-01 7.121391393083160715e-01 0 0 0 1
1.520621264943596363e+09 -6.934342764891034960e-01 8.513346223291553549e-01 7.082530219248526215e-01 0 0 0 1
1.520621264951929331e+09 -6.867388404068824892e-01 8.541118821547890594e-01 7.043614547401784165e-01 0 0 0 1
1.520621264960263491e+09 -6.800044800645025367e-01 8.567282265237741168e-01 7.004666555196048527e-01 0 0 0 1
1.520621264968596458e+09 -6.732196089395030558e-01 8.591283402842122552e-01 6.961634102704670202e-01 0 0 0 1
1.520621264976929665e+09 -6.664277451954803144e-01 8.616326577082787930e-01 6.921207517731307046e-01 0 0 0 1
1.520621264985262394e+09 -6.595375891980945759e-01 8.639143425864010961e-01 6.879423793340340154e-01 0 0 0 1
1.520621264993596554e+09 -6.527190992502310829e-01 8.660776110548358275e-01 6.833939018586288050e-01 0 0 0 1
1.520621265001929522e+09 -6.458364033093346723e-01 8.685544083489451506e-01 6.791098293578052836e-01 0 0 0 1
1.520621265010263443e+09 -6.388465589055819516e-01 8.705154605330492901e-01 6.745869289827566284e-01 0 0 0 1
1.520621265018596411e+09 -6.319112017606065557e-01 8.725568621592622032e-01 6.699737256749878078e-01 0 0 0 1
1.520621265026929617e+09 -6.249472082922451488e-01 8.745663463600455989e-01 6.652743044137328088e-01 0 0 0 1
1.520621265035262585e+09 -6.178751219460020261e-01 8.765955269915497450e-01 6.605594225056092839e-01 0 0 0 1
1.520621265043596268e+09 -6.108555898411652807e-01 8.783608210037459063e-01 6.557230826375133326e-01 0 0 0 1
1.520621265051929474e+09 -6.037403335017162975e-01 8.799700216381963758e-01 6.507538128208669725e-01 0 0 0 1
1.520621265060263634e+09 -5.967149635472278613e-01 8.817317348666295906e-01 6.457289763560276619e-01 0 0 0 1
1.520621265068596601e+09 -5.896329040371195429e-01 8.833961091804127808e-01 6.405600543252516488e-01 0 0 0 1
1.520621265076929569e+09 -5.825260757349944862e-01 8.848536052252423678e-01 6.351788811489857967e-01 0 0 0 1
1.520621265085263491e+09 -5.754458048839076190e-01 8.861010826696890108e-01 6.299547937442599999e-01 0 0 0 1
1.520621265093596458e+09 -5.681847716790195957e-01 8.874911960302483971e-01 6.246145950042369943e-01 0 0 0 1
1.520621265101929665e+09 -5.609534843930029657e-01 8.887814486229042021e-01 6.193104497237023054e-01 0 0 0 1
1.520621265110262632e+09 -5.536640116801438971e-01 8.901144101754731031e-01 6.139951191450461199e-01 0 0 0 1
1.520621265118596554e+09 -5.463692225994427609e-01 8.910707700869459069e-01 6.083010074057912941e-01 0 0 0 1
1.520621265126929522e+09 -5.390557978888352864e-01 8.920760941989213100e-01 6.029104607778099645e-01 0 0 0 1
1.520621265135263681e+09 -5.317095252857351184e-01 8.928972606409890655e-01 5.973728381559277878e-01 0 0 0 1
1.520621265143596411e+09 -5.243246448680030092e-01 8.936466068140865859e-01 5.917739997831370502e-01 0 0 0 1
1.520621265151929379e+09 -5.169281486242699453e-01 8.941590833958084072e-01 5.860983596349405023e-01 0 0 0 1
1.520621265160262585e+09 -5.095435356797408666e-01 8.947538128684006109e-01 5.805770753307177845e-01 0 0 0 1
1.520621265168596506e+09 -5.021402867943448589e-01 8.950659026374625515e-01 5.747621378055687291e-01 0 0 0 1
1.520621265176929712e+09 -4.947306600061898152e-01 8.953001570519579788e-01 5.691138291706683283e-01 0 0 0 1
1.520621265185263395e+09 -4.872804469334935940e-01 8.955711650570976623e-01 5.633462915451568076e-01 0 0 0 1
1.520621265193596601e+09 -4.797881193045556714e-01 8.954658706237045296e-01 5.574689844117473037e-01 0 0 0 1
1.520621265201929569e+09 -4.721273134806289740e-01 8.952397837092822552e-01 5.515997274874926415e-01 0 0 0 1
1.520621265210263491e+09 -4.644724170837986055e-01 8.949931553852188415e-01 5.458579173995081746e-01 0 0 0 1
1.520621265218596458e+09 -4.566824182109458508e-01 8.944482512711426914e-01 5.399023159357227986e-01 0 0 0 1
1.520621265226929426e+09 -4.487423289338821064e-01 8.940193581718840488e-01 5.341365721180526549e-01 0 0 0 1
1.520621265235262632e+09 -4.409369395292056515e-01 8.935015037960070128e-01 5.281949288489362626e-01 0 0 0 1
1.520621265243596315e+09 -4.329899005537269918e-01 8.926204546110254601e-01 5.223088799061106346e-01 0 0 0 1
1.520621265251929522e+09 -4.249280792899479131e-01 8.920514899920043428e-01 5.165433148141336250e-01 0 0 0 1
1.520621265260263443e+09 -4.170116928512546117e-01 8.911429832711976751e-01 5.106724303202263560e-01 0 0 0 1
1.520621265268596649e+09 -4.087741827103312797e-01 8.903507585322800733e-01 5.048819498877683554e-01 0 0 0 1
1.520621265276929617e+09 -4.009542560898187169e-01 8.891848135232376382e-01 4.988410792815858308e-01 0 0 0 1
1.520621265285262346e+09 -3.927573127573145695e-01 8.881173920411171707e-01 4.930729523217665111e-01 0 0 0 1
1.520621265293596506e+09 -3.847010192800244255e-01 8.868582253910873847e-01 4.871368688097590383e-01 0 0 0 1
1.520621265301929474e+09 -3.764268360496470511e-01 8.856902798754586748e-01 4.814343901376951784e-01 0 0 0 1
1.520621265310263395e+09 -3.684317523209872935e-01 8.840777523623162271e-01 4.753847393605574734e-01 0 0 0 1
1.520621265318596363e+09 -3.602759762255035580e-01 8.826364972443435652e-01 4.694552200493364857e-01 0 0 0 1
1.520621265326929569e+09 -3.520530654940539073e-01 8.811310850220415158e-01 4.636429896330653833e-01 0 0 0 1
1.520621265335263491e+09 -3.439126993342346283e-01 8.792978074133728228e-01 4.577017459343584171e-01 0 0 0 1
1.520621265343596458e+09 -3.357235400337704734e-01 8.774030815567893660e-01 4.517750808660523365e-01 0 0 0 1
1.520621265351929426e+09 -3.274422579154864232e-01 8.752160267853603681e-01 4.456869722206999729e-01 0 0 0 1
1.520621265360262394e+09 -3.191073770506365204e-01 8.733093997831035127e-01 4.399542697532063951e-01 0 0 0 1
1.520621265368596554e+09 -3.108151233317996143e-01 8.710040654555197825e-01 4.340184271549945016e-01 0 0 0 1
1.520621265376929522e+09 -3.025796252714436640e-01 8.684002705686257872e-01 4.279738448415797425e-01 0 0 0 1
1.520621265385263443e+09 -2.943200418054052192e-01 8.658809362794370745e-01 4.220149344090928789e-01 0 0 0 1
1.520621265393596411e+09 -2.860482010937734354e-01 8.631694910724302394e-01 4.160759234148896368e-01 0 0 0 1
1.520621265401929617e+09 -2.777408326537292305e-01 8.603792491438881918e-01 4.102039754251478598e-01 0 0 0 1
1.520621265410262585e+09 -2.696301373578304794e-01 8.573575875393121271e-01 4.042373687748075373e-01 0 0 0 1
1.520621265418596506e+09 -2.612105021231074797e-01 8.544263788097675727e-01 3.982235163232608066e-01 0 0 0 1
1.520621265426929474e+09 -2.529794978088219515e-01 8.513333267538913951e-01 3.922751225292138155e-01 0 0 0 1
1.520621265435263634e+09 -2.448325742688779449e-01 8.479869408690079435e-01 3.862980727774798506e-01 0 0 0 1
1.520621265443596363e+09 -2.365242657307230212e-01 8.445925743968027977e-01 3.802881759222642710e-01 0 0 0 1
1.520621265451929331e+09 -2.281944707742185607e-01 8.412435562315424553e-01 3.744363665529710783e-01 0 0 0 1
1.520621265460263491e+09 -2.198997899332346684e-01 8.375288627758905591e-01 3.684041884950435275e-01 0 0 0 1
1.520621265468596458e+09 -2.117004447736913764e-01 8.337135583716283049e-01 3.623885623453404481e-01 0 0 0 1
1.520621265476929665e+09 -2.036725570041378885e-01 8.296353683636602527e-01 3.561778019022525665e-01 0 0 0 1
1.520621265485262394e+09 -1.953069372903497580e-01 8.254700169464648241e-01 3.501393216522941110e-01 0 0 0 1
1.520621265493596554e+09 -1.870480243838092416e-01 8.213853702417017733e-01 3.438771354581879880e-01 0 0 0 1
1.520621265501929522e+09 -1.788758261242802128e-01 8.170541929665497971e-01 3.383341575944340818e-01 0 0 0 1
1.520621265510263443e+09 -1.705623165461153112e-01 8.126432600662146788e-01 3.319969655344121584e-01 0 0 0 1
1.520621265518596411e+09 -1.622375565790262764e-01 8.080830421529950902e-01 3.259358119901836215e-01 0 0 0 1
1.520621265526929617e+09 -1.540284194671532325e-01 8.031925987931990418e-01 3.200515371156866795e-01 0 0 0 1
1.520621265535262585e+09 -1.457643163537949427e-01 7.983239581722525458e-01 3.138616285597346511e-01 0 0 0 1
1.520621265543596268e+09 -1.374839817973876888e-01 7.935042839309787155e-01 3.082171023193642778e-01 0 0 0 1
1.520621265551929474e+09 -1.291807822599812527e-01 7.883107483468303478e-01 3.020250794894994151e-01 0 0 0 1
1.520621265560263634e+09 -1.208717754707220871e-01 7.829867887492064638e-01 2.959533515873700171e-01 0 0 0 1
1.520621265568596601e+09 -1.124684043026760727e-01 7.777636792812562261e-01 2.900897427326032396e-01 0 0 0 1
1.520621265576929569e+09 -1.043577481676065677e-01 7.721560782680717550e-01 2.841035572962087308e-01 0 0 0 1
1.520621265585263491e+09 -9.594606285616541497e-02 7.666252136404313466e-01 2.782137981851275921e-01 0 0 0 1
1.520621265593596458e+09 -8.760424822493595443e-02 7.609213053247831926e-01 2.721036934605480795e-01 0 0 0 1
1.520621265601929665e+09 -7.923418197427872789e-02 7.551471214743268323e-01 2.662683623957649015e-01 0 0 0 1
1.520621265610262632e+09 -7.087534956979202327e-02 7.492971281665670169e-01 2.601367697873508966e-01 0 0 0 1
1.520621265618596554e+09 -6.242549135481795242e-02 7.434770303095153965e-01 2.545093205736861375e-01 0 0 0 1
1.520621265626929522e+09 -5.391586154445870971e-02 7.375301237193255810e-01 2.486373974467246395e-01 0 0 0 1
1.520621265635263681e+09 -4.546165535209284458e-02 7.312959582240253775e-01 2.427732151577153275e-01 0 0 0 1
1.520621265643596411e+09 -3.694461384777703028e-02 7.250709835608629694e-01 2.369742329453485841e-01 0 0 0 1
1.520621265651929379e+09 -2.841298670127534454e-02 7.187874108668618200e-01 2.312005493675493017e-01 0 0 0 1
1.520621265660262585e+09 -1.979439741651461970e-02 7.123614250219372224e-01 2.254925725418004401e-01 0 0 0 1
1.520621265668596506e+09 -1.114595137263024727e-02 7.058339372769982800e-01 2.198160545580911673e-01 0 0 0 1
1.520621265676929712e+09 -2.357151330001416856e-03 6.994282668764330024e-01 2.141928487556052918e-01 0 0 0 1
1.520621265685263395e+09 6.368005586521008343e-03 6.927464520434643003e-01 2.087370603196379015e-01 0 0 0 1
1.520621265693596601e+09 1.517043364844383735e-02 6.860318514096608311e-01 2.030918878820047180e-01 0 0 0 1
1.520621265701929569e+09 2.388694179265882234e-02 6.794043609502018466e-01 1.978021185409544191e-01 0 0 0 1
1.520621265710263491e+09 3.271952692130741802e-02 6.726100509254848703e-01 1.923550780928826587e-01 0 0 0 1
1.520621265718596458e+09 4.143097993065580908e-02 6.656907043316114825e-01 1.870882552248558373e-01 0 0 0 1
1.520621265726929426e+09 5.034309520453639220e-02 6.589583183068254968e-01 1.818635856534283057e-01 0 0 0 1
1.520621265735262632e+09 5.907424990504273055e-02 6.519020716178485220e-01 1.766785044631131729e-01 0 0 0 1
1.520621265743596315e+09 6.799223358406436546e-02 6.450885927407210563e-01 1.715657596995332490e-01 0 0 0 1
1.520621265751929522e+09 7.673826990063004061e-02 6.379547751796009747e-01 1.663762169091227427e-01 0 0 0 1
1.520621265760263443e+09 8.564389181158438280e-02 6.311075814971524034e-01 1.615067594447381349e-01 0 0 0 1
1.520621265768596649e+09 9.448885433625286989e-02 6.240911618964394281e-01 1.566418278051766588e-01 0 0 0 1
1.520621265776929617e+09 1.034626891266470228e-01 6.171382450532911790e-01 1.517588170548629378e-01 0 0 0 1
1.520621265785262346e+09 1.122739704656461335e-01 6.100996478796050226e-01 1.470155496981349064e-01 0 0 0 1
1.520621265793596506e+09 1.211717467058678332e-01 6.035711671127436118e-01 1.425966591322882504e-01 0 0 0 1
1.520621265801929474e+09 1.299502752964268870e-01 5.962107674094405674e-01 1.378522916313462687e-01 0 0 0 1
1.520621265810263395e+09 1.388489466388189708e-01 5.892749411166254836e-01 1.332302784059504752e-01 0 0 0 1
1.520621265818596363e+09 1.477054227518231899e-01 5.820065539483713080e-01 1.286900031784778964e-01 0 0 0 1
1.520621265826929569e+09 1.565601060518069243e-01 5.753138277026763614e-01 1.245010252865201839e-01 0 0 0 1
1.520621265835263491e+09 1.653665633290285486e-01 5.682365131959917770e-01 1.201184944815842925e-01 0 0 0 1
1.520621265843596458e+09 1.742010024576947647e-01 5.612484438983852408e-01 1.160002424561452639e-01 0 0 0 1
1.520621265851929426e+09 1.829687498657392997e-01 5.542815631714836933e-01 1.118114585313587650e-01 0 0 0 1
1.520621265860262394e+09 1.917900940997530057e-01 5.471225993507919938e-01 1.075169511389850729e-01 0 0 0 1
1.520621265868596554e+09 2.005691051739463271e-01 5.400457352160399349e-01 1.034487318613346307e-01 0 0 0 1
1.520621265876929522e+09 2.093571347583847997e-01 5.328824548529287330e-01 9.932244301107373552e-02 0 0 0 1
1.520621265885263443e+09 2.182479936932597564e-01 5.258342112359744025e-01 9.527038512987728858e-02 0 0 0 1
1.520621265893596411e+09 2.270122019144120706e-01 5.185862722676374270e-01 9.109017864662449782e-02 0 0 0 1
1.520621265901929617e+09 2.358075872010652052e-01 5.115888376616672950e-01 8.725988038183007944e-02 0 0 0 1
1.520621265910262585e+09 2.445338946709715300e-01 5.045673614925058059e-01 8.345455572263826838e-02 0 0 0 1
1.520621265918596506e+09 2.535129572836287704e-01 4.974069865937437163e-01 7.956259025251277706e-02 0 0 0 1
1.520621265926929474e+09 2.622681109024723733e-01 4.903559029333222075e-01 7.577575556360538478e-02 0 0 0 1
1.520621265935263634e+09 2.711295224434434603e-01 4.832896128911293721e-01 7.167825146815287596e-02 0 0 0 1
1.520621265943596363e+09 2.798587394803685457e-01 4.759478637904779319e-01 6.808548667649416686e-02 0 0 0 1
1.520621265951929331e+09 2.887564524600596538e-01 4.693174578139875930e-01 6.442957985387121056e-02 0 0 0 1
1.520621265960263491e+09 2.977273452794929609e-01 4.623845329353782341e-01 6.056520829672318307e-02 0 0 0 1
1.520621265968596458e+09 3.064834043841225819e-01 4.555761215909063244e-01 5.701399816511321106e-02 0 0 0 1
1.520621265976929665e+09 3.152900638591561444e-01 4.485506835228797451e-01 5.331979138353504233e-02 0 0 0 1
1.520621265985262394e+09 3.240948346963058446e-01 4.417457948648986221e-01 4.980602499192054999e-02 0 0 0 1
1.520621265993596554e+09 3.328477192968971599e-01 4.350509672691079133e-01 4.615374313361209069e-02 0 0 0 1
1.520621266001929522e+09 3.415577411202357361e-01 4.284620334857023871e-01 4.250967303247676909e-02 0 0 0 1
1.520621266010263443e+09 3.503180177299097808e-01 4.217800388366013675e-01 3.904522563221091147e-02 0 0 0 1
1.520621266018596411e+09 3.591688583700203274e-01 4.151837948642621567e-01 3.522527197039893032e-02 0 0 0 1
1.520621266026929617e+09 3.679824266563602730e-01 4.085792333628068262e-01 3.183027419991035778e-02 0 0 0 1
1.520621266035262585e+09 3.767484220148835661e-01 4.021982813849994121e-01 2.833099808108630047e-02 0 0 0 1
1.520621266043596268e+09 3.855553419710303631e-01 3.957134043011900637e-01 2.485258375262366926e-02 0 0 0 1
1.520621266051929474e+09 3.945099624593944032e-01 3.893405973060607983e-01 2.130821978326935540e-02 0 0 0 1
1.520621266060263634e+09 4.033351090967282060e-01 3.829645341376429757e-01 1.777182049663905694e-02 0 0 0 1
1.520621266068596601e+09 4.122739412424232253e-01 3.770833070336532256e-01 1.433219309874189662e-02 0 0 0 1
1.520621266076929569e+09 4.212548158915956353e-01 3.706341547064528896e-01 1.067045836101243594e-02 0 0 0 1
1.520621266085263491e+09 4.301964232736931182e-01 3.647892129173470610e-01 7.522989376036237630e-03 0 0 0 1
1.520621266093596458e+09 4.390796871550515235e-01 3.587253514250370867e-01 3.975258328531960927e-03 0 0 0 1
1.520621266101929665e+09 4.480799020573245084e-01 3.522718720650871438e-01 5.457782539070032968e-04 0 0 0 1
1.520621266110262632e+09 4.570379317965892474e-01 3.466481058115878922e-01 -2.755077126166849411e-03 0 0 0 1
1.520621266118596554e+09 4.659980947772044413e-01 3.404338656147612441e-01 -6.164907589425450141e-03 0 0 0 1
1.520621266126929522e+09 4.750933767672149699e-01 3.345073891134180410e-01 -9.503934993601026449e-03 0 0 0 1
1.520621266135263681e+09 4.842297329376196169e-01 3.285279770595595505e-01 -1.269173797322176167e-02 0 0 0 1
1.520621266143596411e+09 4.935463345236996702e-01 3.224290096547451356e-01 -1.643531838608103257e-02 0 0 0 1
1.520621266151929379e+09 5.025275835677168734e-01 3.171847511808560949e-01 -1.916208487278092676e-02 0 0 0 1
1.520621266160262585e+09 5.118075906138972453e-01 3.110641025621543876e-01 -2.258176118164501034e-02 0 0 0 1
1.520621266168596506e+09 5.211826667935920421e-01 3.052038381859831784e-01 -2.591040825548174276e-02 0 0 0 1
1.520621266176929712e+09 5.305321459837363252e-01 2.994783070551039761e-01 -2.909539378055658876e-02 0 0 0 1
1.520621266185263395e+09 5.398134265110011709e-01 2.945824679471397145e-01 -3.179284880565469429e-02 0 0 0 1
1.520621266193596601e+09 5.493782414844624595e-01 2.886514855379239686e-01 -3.526401583791327621e-02 0 0 0 1
1.520621266201929569e+09 5.590218537546515210e-01 2.821438386379769292e-01 -3.883587990112968846e-02 0 0 0 1
1.520621266210263491e+09 5.684537402805517337e-01 2.768355441700410258e-01 -4.179047075846231696e-02 0 0 0 1
1.520621266218596458e+09 5.780074797725788249e-01 2.712906595768190821e-01 -4.475810089115339618e-02 0 0 0 1
1.520621266226929426e+09 5.876449422895643204e-01 2.656727592422493123e-01 -4.785946892668202501e-02 0 0 0 1
1.520621266235262632e+09 5.965293842042574957e-01 2.614361803449289368e-01 -4.969150121149967791e-02 0 0 0 1
1.520621266243596315e+09 6.065992228134674535e-01 2.555351345900701565e-01 -5.263290343877002897e-02 0 0 0 1
1.520621266251929522e+09 6.163187746704444914e-01 2.503548456409285805e-01 -5.552766857003166301e-02 0 0 0 1
1.520621266260263443e+09 6.261614418793958192e-01 2.448036120926899151e-01 -5.776601612019416354e-02 0 0 0 1
1.520621266268596649e+09 6.362658986044690268e-01 2.379904568902028728e-01 -6.121276665374131287e-02 0 0 0 1
1.520621266276929617e+09 6.457190841567387318e-01 2.338270918357133743e-01 -6.259779515444119369e-02 0 0 0 1
1.520621266285262346e+09 6.557669222633167871e-01 2.284135351385039869e-01 -6.491706157552468159e-02 0 0 0 1
1.520621266293596506e+09 6.651696716467637716e-01 2.228560926852684032e-01 -6.716786430329046986e-02 0 0 0 1
1.520621266301929474e+09 6.750876696475499594e-01 2.173234259563327497e-01 -6.958768535049209003e-02 0 0 0 1
1.520621266310263395e+09 6.852694637119304266e-01 2.108523595369159453e-01 -7.082720339775561147e-02 0 0 0 1
1.520621266318596363e+09 6.950056049512366441e-01 2.061924462649825651e-01 -7.341129985246419576e-02 0 0 0 1
1.520621266326929569e+09 7.045692755629485715e-01 1.992635653098519533e-01 -7.526740251084484967e-02 0 0 0 1
1.520621266335263491e+09 7.143557420899037114e-01 1.948606994735698206e-01 -7.715329508814516846e-02 0 0 0 1
1.520621266343596458e+09 7.240936356898747261e-01 1.887504064800464287e-01 -7.772800990339134852e-02 0 0 0 1
1.520621266351929426e+09 7.336268813082672535e-01 1.842637837665015987e-01 -7.934009599472235941e-02 0 0 0 1
1.520621266360262394e+09 7.435669308203060046e-01 1.777330766134933016e-01 -8.078721413320821831e-02 0 0 0 1
1.520621266368596554e+09 7.530744785751181114e-01 1.725542254843039913e-01 -8.125549347927663035e-02 0 0 0 1
1.520621266376929522e+09 7.631661888046797904e-01 1.670535314847197972e-01 -8.196902043383769154e-02 0 0 0 1
1.520621266385263443e+09 7.720905486638386384e-01 1.618591047554339690e-01 -8.325714545661000443e-02 0 0 0 1
1.520621266393596411e+09 7.820877071457940088e-01 1.562078288377869439e-01 -8.358245645610096197e-02 0 0 0 1
1.520621266401929617e+09 7.914961303725499553e-01 1.506710246256265373e-01 -8.394004460328463590e-02 0 0 0 1
1.520621266410262585e+09 8.014318160102350541e-01 1.450079328465444517e-01 -8.411016863470466287e-02 0 0 0 1
1.520621266418596506e+09 8.108150935008598958e-01 1.394837718346543243e-01 -8.407980215501731358e-02 0 0 0 1
1.520621266426929474e+09 8.198500236129967478e-01 1.341526619427597655e-01 -8.400347250712636438e-02 0 0 0 1
1.520621266435263634e+09 8.285390189407840777e-01 1.287849121007349495e-01 -8.376868713718088610e-02 0 0 0 1
1.520621266443596363e+09 8.382442140578477696e-01 1.228790594208026832e-01 -8.357005860484545412e-02 0 0 0 1
1.520621266451929331e+09 8.476762215994918526e-01 1.165422033997631779e-01 -8.328214067907013796e-02 0 0 0 1
1.520621266460263491e+09 8.562746489349607470e-01 1.119189259477650911e-01 -8.247235723469059643e-02 0 0 0 1
1.520621266468596458e+09 8.652234295957709209e-01 1.072246566540810964e-01 -8.137629727263262502e-02 0 0 0 1
1.520621266476929665e+09 8.737435206655267406e-01 1.017951753063657261e-01 -8.035309809131196968e-02 0 0 0 1
1.520621266485262394e+09 8.824496573042500680e-01 9.602432344967448685e-02 -7.940090616482797792e-02 0 0 0 1
1.520621266493596554e+09 8.892301715432501252e-01 9.205434525882949526e-02 -7.708386633212460648e-02 0 0 0 1
1.520621266501929522e+09 8.989160466737659005e-01 8.541600335968768665e-02 -7.657672278622174034e-02 0 0 0 1
1.520621266510263443e+09 9.067647028806221643e-01 8.062840560809636514e-02 -7.459907671195264989e-02 0 0 0 1
1.520621266518596411e+09 9.146798434713750980e-01 7.460975563227179030e-02 -7.319890426330255551e-02 0 0 0 1
1.520621266526929617e+09 9.220784097787170230e-01 6.994395762199601130e-02 -7.070329439360667489e-02 0 0 0 1
1.520621266535262585e+09 9.294800452064190255e-01 6.559828822474678134e-02 -6.867759415844476578e-02 0 0 0 1
1.520621266543596268e+09 9.371166896431496474e-01 6.110333012265845021e-02 -6.571678876462183627e-02 0 0 0 1
1.520621266551929474e+09 9.444792571513792589e-01 5.555668298216631662e-02 -6.374507180108190951e-02 0 0 0 1
1.520621266560263634e+09 9.512122391003529076e-01 5.045513124428213647e-02 -6.081007682515737756e-02 0 0 0 1
1.520621266568596601e+09 9.577051686465546387e-01 4.646005217764770379e-02 -5.798396256228088852e-02 0 0 0 1
1.520621266576929569e+09 9.642085079906853595e-01 4.205278511183274670e-02 -5.512845703508750805e-02 0 0 0 1
1.520621266585263491e+09 9.709390380189918401e-01 3.847767584272021590e-02 -5.150964452843564967e-02 0 0 0 1
1.520621266593596458e+09 9.771685296497073514e-01 3.431333723536944547e-02 -4.827839888282758896e-02 0 0 0 1
1.520621266601929665e+09 9.837180270938804538e-01 2.971122999226771810e-02 -4.503425064572530445e-02 0 0 0 1
1.520621266610262632e+09 9.896881508492491042e-01 2.590759887810023532e-02 -4.104435556192531642e-02 0 0 0 1
1.520621266618596554e+09 9.953282484564444088e-01 2.224441810629063099e-02 -3.727930046912963924e-02 0 0 0 1
1.520621266626929522e+09 1.001343949806424938e+00 1.777372018507628049e-02 -3.337540596987242925e-02 0 0 0 1
1.520621266635263681e+09 1.006205460171232691e+00 1.474828746248768585e-02 -2.943124858394707832e-02 0 0 0 1
1.520621266643596411e+09 1.011663652816688241e+00 1.076779680362194291e-02 -2.464141137559117123e-02 0 0 0 1
1.520621266651929379e+09 1.016413567044240018e+00 8.483344615594412552e-03 -1.976347843551384820e-02 0 0 0 1
1.520621266660262585e+09 1.021575923461359281e+00 5.571652256148529325e-03 -1.500746163923039056e-02 0 0 0 1
1.520621266668596506e+09 1.026121492349155506e+00 1.767808999778464063e-03 -1.045212616687141161e-02 0 0 0 1
1.520621266676929712e+09 1.030753769511806084e+00 -1.059152468980473216e-03 -4.977594306101340571e-03 0 0 0 1
1.520621266685263395e+09 1.035172060558527285e+00 -4.587280319589992494e-03 -2.862543188486554868e-05 0 0 0 1
1.520621266693596601e+09 1.038453517777087942e+00 -7.122485148298607349e-03 5.737352445365884179e-03 0 0 0 1
1.520621266701929569e+09 1.043383583359322575e+00 -9.456021022537286491e-03 1.125957486873274682e-02 0 0 0 1
1.520621266710263491e+09 1.044775983435639599e+00 -1.209435582288720390e-02 1.671322588365142803e-02 0 0 0 1
1.520621266718596458e+09 1.049911957664581674e+00 -1.528011560464559437e-02 2.303891331732010883e-02 0 0 0 1
1.520621266726929426e+09 1.054136176831179217e+00 -1.677906163871467626e-02 2.851681458796018198e-02 0 0 0 1
1.520621266735262632e+09 1.056957372216789537e+00 -2.037426143797138600e-02 3.490293356785933998e-02 0 0 0 1
1.520621266743596315e+09 1.060091922848122259e+00 -2.204333874970076934e-02 4.205229856588887927e-02 0 0 0 1
1.520621266751929522e+09 1.062411172107907920e+00 -2.498133220494802575e-02 4.758414150695933209e-02 0 0 0 1
1.520621266760263443e+09 1.063738629745525799e+00 -2.655815248660164940e-02 5.343582719431116956e-02 0 0 0 1
1.520621266768596649e+09 1.067630871664450698e+00 -2.829031850346652721e-02 6.167623326922311300e-02 0 0 0 1
1.520621266776929617e+09 1.069096993789697692e+00 -3.126341958806178045e-02 6.607513978372003827e-02 0 0 0 1
1.520621266785262346e+09 1.071173733549532603e+00 -3.207078711797661796e-02 7.521115751524076742e-02 0 0 0 1
1.520621266793596506e+09 1.072549544528821563e+00 -3.403082973340620931e-02 8.093746360570630571e-02 0 0 0 1
1.520621266801929474e+09 1.073332501385241056e+00 -3.662896200864518281e-02 8.754407623808302397e-02 0 0 0 1
1.520621266810263395e+09 1.074791353417997808e+00 -3.757584160752724944e-02 9.543144121127600243e-02 0 0 0 1
1.520621266818596363e+09 1.074797708394676921e+00 -3.972179759829608248e-02 1.008767211793266672e-01 0 0 0 1
1.520621266826929569e+09 1.075782447204607806e+00 -4.137241626859256005e-02 1.083197817277488095e-01 0 0 0 1
1.520621266835263491e+09 1.076179288862499472e+00 -4.152058840093009184e-02 1.164813377978473063e-01 0 0 0 1
1.520621266843596458e+09 1.075946368049339519e+00 -4.400282539526190195e-02 1.231805747173522203e-01 0 0 0 1
1.520621266851929426e+09 1.075730617536480693e+00 -4.517102539641737469e-02 1.303158981813821171e-01 0 0 0 1
1.520621266860262394e+09 1.075765463421575419e+00 -4.457857966792155846e-02 1.396920089348616667e-01 0 0 0 1
1.520621266868596554e+09 1.074139364704068900e+00 -4.545997936134682504e-02 1.452527144019222227e-01 0 0 0 1
1.520621266876929522e+09 1.073455448383243471e+00 -4.725462632974386512e-02 1.523202595016244221e-01 0 0 0 1
1.520621266885263443e+09 1.072341230229986397e+00 -4.731908655210126380e-02 1.601641315510544672e-01 0 0 0 1
1.520621266893596411e+09 1.070947419794372024e+00 -4.778419361924046704e-02 1.676236791928791270e-01 0 0 0 1
1.520621266901929617e+09 1.068947699133101281e+00 -4.886308501261638071e-02 1.738760243208081757e-01 0 0 0 1
1.520621266910262585e+09 1.067404214422822850e+00 -4.870068706774344225e-02 1.817100323204343670e-01 0 0 0 1
1.520621266918596506e+09 1.065230782519336117e+00 -4.908378419036363294e-02 1.887045152032291728e-01 0 0 0 1
1.520621266926929474e+09 1.062754079697665333e+00 -4.976154282171108001e-02 1.955742247918963450e-01 0 0 0 1
1.520621266935263634e+09 1.060706810155763957e+00 -4.956181921868740847e-02 2.030327564369476256e-01 0 0 0 1
1.520621266943596363e+09 1.058119732169878091e+00 -4.986384322748305120e-02 2.106457449240686230e-01 0 0 0 1
1.520621266951929331e+09 1.055573234628169210e+00 -4.973205538666503056e-02 2.174197886073636621e-01 0 0 0 1
1.520621266960263491e+09 1.051944353236334173e+00 -4.958928102588033848e-02 2.239952247496910243e-01 0 0 0 1
1.520621266968596458e+09 1.047941630164385796e+00 -4.900017142125223657e-02 2.306041915116576746e-01 0 0 0 1
1.520621266976929665e+09 1.044992994035187639e+00 -4.942145083084847901e-02 2.379856427507944794e-01 0 0 0 1
1.520621266985262394e+09 1.040958521543093873e+00 -4.849783191605361310e-02 2.443957523856583602e-01 0 0 0 1
1.520621266993596554e+09 1.036969972501656123e+00 -4.810488308142013558e-02 2.511422024771643446e-01 0 0 0 1
1.520621267001929522e+09 1.032739191523422306e+00 -4.761213124349383818e-02 2.576354696710014824e-01 0 0 0 1
1.520621267010263443e+09 1.028253128029095187e+00 -4.712442625237944771e-02 2.640799571301633009e-01 0 0 0 1
1.520621267018596411e+09 1.024354956320162380e+00 -4.697021264276068919e-02 2.703410364352747397e-01 0 0 0 1
1.520621267026929617e+09 1.019422103392432888e+00 -4.596866385828335400e-02 2.765225135985631688e-01 0 0 0 1
1.520621267035262585e+09 1.013782153002103836e+00 -4.497575965484579275e-02 2.822790335834393094e-01 0 0 0 1
1.520621267043596268e+09 1.008836250790768663e+00 -4.407922177798140329e-02 2.880417031526445459e-01 0 0 0 1
1.520621267051929474e+09 1.003615932686019008e+00 -4.350884086340334189e-02 2.939272202085425612e-01 0 0 0 1
1.520621267060263634e+09 9.979261458469476098e-01 -4.236430374125199627e-02 3.000044239846710870e-01 0 0 0 1
1.520621267068596601e+09 9.921471181069480005e-01 -4.148306593759809591e-02 3.056240364944959875e-01 0 0 0 1
1.520621267076929569e+09 9.858768159173728618e-01 -4.017101420338498041e-02 3.108947694619377256e-01 0 0 0 1
1.520621267085263491e+09 9.795483906967582532e-01 -3.849284702863875474e-02 3.164427430977034827e-01 0 0 0 1
1.520621267093596458e+09 9.730725917810788550e-01 -3.753980396213385529e-02 3.216823107141726368e-01 0 0 0 1
1.520621267101929665e+09 9.661460440100183567e-01 -3.615341898086066319e-02 3.262770793891835996e-01 0 0 0 1
1.520621267110262632e+09 9.589986940031168805e-01 -3.466698115060751206e-02 3.319091634589041995e-01 0 0 0 1
1.520621267118596554e+09 9.517107387836233334e-01 -3.279123155268093281e-02 3.361839717087087287e-01 0 0 0 1
1.520621267126929522e+09 9.448176338125974238e-01 -3.163738250833281196e-02 3.411212370611345079e-01 0 0 0 1
1.520621267135263681e+09 9.370489995964660368e-01 -3.001266874046193411e-02 3.452017013943846635e-01 0 0 0 1
1.520621267143596411e+09 9.293241817235379232e-01 -2.842242307461717576e-02 3.495512662831072870e-01 0 0 0 1
1.520621267151929379e+09 9.215946582047386260e-01 -2.665407170100242418e-02 3.538748253679291356e-01 0 0 0 1
1.520621267160262585e+09 9.134070099313419400e-01 -2.487737530694900112e-02 3.578209693691176696e-01 0 0 0 1
1.520621267168596506e+09 9.051964406731159984e-01 -2.313623106655537942e-02 3.614536583338996412e-01 0 0 0 1
1.520621267176929712e+09 8.971716821943039877e-01 -2.141896042645818898e-02 3.656519851984214586e-01 0 0 0 1
1.520621267185263395e+09 8.882512077407679341e-01 -1.944492985912893435e-02 3.688145036520389386e-01 0 0 0 1
1.520621267193596601e+09 8.794266368412723134e-01 -1.765651670482071278e-02 3.718837109119479400e-01 0 0 0 1
1.520621267201929569e+09 8.704357444113753894e-01 -1.551143394326004454e-02 3.749398863671522530e-01 0 0 0 1
1.520621267210263491e+09 8.619601750171134169e-01 -1.370827837535026905e-02 3.783085506055396952e-01 0 0 0 1
1.520621267218596458e+09 8.526745193063901551e-01 -1.182627360148014173e-02 3.811034649732991664e-01 0 0 0 1
1.520621267226929426e+09 8.433490156868471699e-01 -9.800110114758564528e-03 3.838345096105371113e-01 0 0 0 1
1.520621267235262632e+09 8.341415764444329861e-01 -7.735550972085003529e-03 3.864014092736498540e-01 0 0 0 1
1.520621267243596315e+09 8.245412489126203726e-01 -5.577115292105916389e-03 3.886335465544339396e-01 0 0 0 1
1.520621267251929522e+09 8.149256495602973382e-01 -3.413007151636615610e-03 3.905757002601890626e-01 0 0 0 1
1.520621267260263443e+09 8.049604360445311579e-01 -1.247509877134067580e-03 3.925136593683880015e-01 0 0 0 1
1.520621267268596649e+09 7.951206139357510638e-01 9.910238903274581901e-04 3.943133427654628154e-01 0 0 0 1
1.520621267276929617e+09 7.852091402513811103e-01 3.188685184630002389e-03 3.958309784620526184e-01 0 0 0 1
1.520621267285262346e+09 7.751762219344325855e-01 5.487255035873217501e-03 3.971311719723171763e-01 0 0 0 1
1.520621267293596506e+09 7.650417609147991405e-01 7.765421153033913448e-03 3.982919761118568491e-01 0 0 0 1
1.520621267301929474e+09 7.546414820953307734e-01 1.015871747457508523e-02 3.989021051943029139e-01 0 0 0 1
1.520621267310263395e+09 7.443393915726533860e-01 1.273839684701794095e-02 3.995781928346160417e-01 0 0 0 1
1.520621267318596363e+09 7.337122668669430192e-01 1.515546767679709639e-02 3.997735370809982758e-01 0 0 0 1
1.520621267326929569e+09 7.235052449519551176e-01 1.763964218135383177e-02 3.999182106456153907e-01 0 0 0 1
1.520621267335263491e+09 7.136128371549780303e-01 2.031252157995755425e-02 4.000610114753051505e-01 0 0 0 1
1.520621267343596458e+09 7.028458304413914837e-01 2.287999502910853522e-02 3.996679206471469570e-01 0 0 0 1
1.520621267351929426e+09 6.928627258932572586e-01 2.557913404740941310e-02 3.994741242984574114e-01 0 0 0 1
1.520621267360262394e+09 6.822141094514854176e-01 2.824170787257707094e-02 3.985714927376904360e-01 0 0 0 1
1.520621267368596554e+09 6.718088613795337727e-01 3.104683931094243121e-02 3.977547825009728477e-01 0 0 0 1
1.520621267376929522e+09 6.615548300457224640e-01 3.398721497602574804e-02 3.970091100589940858e-01 0 0 0 1
1.520621267385263443e+09 6.511679198278629288e-01 3.691233218466660748e-02 3.958661266258360900e-01 0 0 0 1
1.520621267393596411e+09 6.404572396821440750e-01 3.978760988015250799e-02 3.942158424722761456e-01 0 0 0 1
1.520621267401929617e+09 6.298438856266898034e-01 4.276234054764549430e-02 3.926110778733549189e-01 0 0 0 1
1.520621267410262585e+09 6.192874286379254078e-01 4.594639361238117559e-02 3.910936793269936818e-01 0 0 0 1
1.520621267418596506e+09 6.086990282715624145e-01 4.905176635914565431e-02 3.891730318947865808e-01 0 0 0 1
1.520621267426929474e+09 5.980794052117431869e-01 5.211089016960934739e-02 3.869872446159718926e-01 0 0 0 1
1.520621267435263634e+09 5.876286330459997709e-01 5.542156888165206130e-02 3.848456394587536078e-01 0 0 0 1
1.520621267443596363e+09 5.768624161978469500e-01 5.855492031075548720e-02 3.825347762566471133e-01 0 0 0 1
1.520621267451929331e+09 5.663127458642526202e-01 6.214879403306794448e-02 3.806129006100651413e-01 0 0 0 1
1.520621267460263491e+09 5.557762851710564833e-01 6.540015516541142215e-02 3.780100705295956764e-01 0 0 0 1
1.520621267468596458e+09 5.453549731583754445e-01 6.905858400912190387e-02 3.757791558586185410e-01 0 0 0 1
1.520621267476929665e+09 5.348085276501514107e-01 7.240068245930908475e-02 3.730456215753299443e-01 0 0 0 1
1.520621267485262394e+09 5.240848946321540192e-01 7.579304438915968056e-02 3.702089912249970638e-01 0 0 0 1
1.520621267493596554e+09 5.133510868545739791e-01 7.919367392664755645e-02 3.673985744004224507e-01 0 0 0 1
1.520621267501929522e+09 5.032402688611404828e-01 8.294865901079073733e-02 3.646730244588689551e-01 0 0 0 1
1.520621267510263443e+09 4.922273288782467171e-01 8.624669804560058939e-02 3.615628966757160612e-01 0 0 0 1
1.520621267518596411e+09 4.816963606966518929e-01 8.944803243189225483e-02 3.581014119208245639e-01 0 0 0 1
1.520621267526929617e+09 4.712055663180536591e-01 9.244303676624776589e-02 3.547464662243462463e-01 0 0 0 1
1.520621267535262585e+09 4.603820165611056670e-01 9.577203117042787373e-02 3.516510742667073863e-01 0 0 0 1
1.520621267543596268e+09 4.500389796732636727e-01 9.907575444213012617e-02 3.484909550997519201e-01 0 0 0 1
1.520621267551929474e+09 4.396700951353001985e-01 1.023702431814749181e-01 3.452967199160832390e-01 0 0 0 1
1.520621267560263634e+09 4.290218104655157960e-01 1.057408427494695990e-01 3.420481958494983044e-01 0 0 0 1
1.520621267568596601e+09 4.189469362922166873e-01 1.094673524447942192e-01 3.393706846975341751e-01 0 0 0 1
1.520621267576929569e+09 4.080260151861658802e-01 1.128291291803191765e-01 3.359784451284075768e-01 0 0 0 1
1.520621267585263491e+09 3.983476122185600765e-01 1.159737285547713936e-01 3.326038880581998480e-01 0 0 0 1
1.520621267593596458e+09 3.877584790782946378e-01 1.191932279245260240e-01 3.291373713732965722e-01 0 0 0 1
1.520621267601929665e+09 3.779025269720251989e-01 1.221061741905474785e-01 3.255711227792690288e-01 0 0 0 1
1.520621267610262632e+09 3.677692775291385718e-01 1.254839134248801891e-01 3.224117700982829238e-01 0 0 0 1
1.520621267618596554e+09 3.580366061598156957e-01 1.286054952322739364e-01 3.188232738696901158e-01 0 0 0 1
1.520621267626929522e+09 3.481197675454271723e-01 1.319625067056046097e-01 3.155918767620096155e-01 0 0 0 1
1.520621267635263681e+09 3.383437001906532959e-01 1.350922913797629743e-01 3.119999974175926560e-01 0 0 0 1
1.520621267643596411e+09 3.285604143892137952e-01 1.384469979201159440e-01 3.088034228821603389e-01 0 0 0 1
1.520621267651929379e+09 3.189219951287469712e-01 1.417362132765240812e-01 3.053631697104239873e-01 0 0 0 1
1.520621267660262585e+09 3.094566317322230420e-01 1.449024832825732689e-01 3.019498815428274252e-01 0 0 0 1
1.520621267668596506e+09 2.999761515593969419e-01 1.481728840575347039e-01 2.984404478639224312e-01 0 0 0 1
1.520621267676929712e+09 2.904845051772586562e-01 1.517792654932973440e-01 2.953871961579213057e-01 0 0 0 1
1.520621267685263395e+09 2.808897861842986066e-01 1.551241018011402240e-01 2.918873710993383774e-01 0 0 0 1
1.520621267693596601e+09 2.718588475523671111e-01 1.583365139280311640e-01 2.886277584923118145e-01 0 0 0 1
1.520621267701929569e+09 2.627131769419738250e-01 1.618556529656883791e-01 2.853660933373354247e-01 0 0 0 1
1.520621267710263491e+09 2.536430317162601256e-01 1.650947395440081067e-01 2.820657077610759789e-01 0 0 0 1
1.520621267718596458e+09 2.446211497278036884e-01 1.685391455785427706e-01 2.788471400968965952e-01 0 0 0 1
1.520621267726929426e+09 2.357159791677018168e-01 1.716850218503652714e-01 2.755164425303060494e-01 0 0 0 1
1.520621267735262632e+09 2.270013412509650497e-01 1.752418328930810398e-01 2.724412663931266021e-01 0 0 0 1
1.520621267743596315e+09 2.182034783605325545e-01 1.785556144733277395e-01 2.690243262157652193e-01 0 0 0 1
1.520621267751929522e+09 2.096684807179575172e-01 1.820989561192425943e-01 2.658514589122493721e-01 0 0 0 1
1.520621267760263443e+09 2.011241561925817267e-01 1.855124148312888854e-01 2.624177792294364320e-01 0 0 0 1
1.520621267768596649e+09 1.926655493902901251e-01 1.889129849040473430e-01 2.594405356127598150e-01 0 0 0 1
1.520621267776929617e+09 1.846944147660665170e-01 1.919544320657428638e-01 2.560951674107894149e-01 0 0 0 1
1.520621267785262346e+09 1.762167044491191881e-01 1.958593085625599528e-01 2.534546983843741774e-01 0 0 0 1
1.520621267793596506e+09 1.680104163860784983e-01 1.994217908743350920e-01 2.503323035170059718e-01 0 0 0 1
1.520621267801929474e+09 1.597762879207106357e-01 2.030017879160775363e-01 2.475318000345270164e-01 0 0 0 1
1.520621267810263395e+09 1.519256955156058631e-01 2.066608272893737941e-01 2.444890260962009343e-01 0 0 0 1
1.520621267818596363e+09 1.440339325346983168e-01 2.103486353408687837e-01 2.417220805193538435e-01 0 0 0 1
1.520621267826929569e+09 1.365460901761568202e-01 2.134696054866011550e-01 2.384382966732176978e-01 0 0 0 1
1.520621267835263491e+09 1.286075092773005801e-01 2.176609627710285877e-01 2.360203235907869512e-01 0 0 0 1
1.520621267843596458e+09 1.215183379337436698e-01 2.209501524189176891e-01 2.331568163981514452e-01 0 0 0 1
1.520621267851929426e+09 1.138304368434610581e-01 2.253861279581739763e-01 2.309019648846695194e-01 0 0 0 1
1.520621267860262394e+09 1.063913436372073695e-01 2.291456682319909510e-01 2.283737970377026638e-01 0 0 0 1
1.520621267868596554e+09 9.953903337514580230e-02 2.327523823642637102e-01 2.257491746328315063e-01 0 0 0 1
1.520621267876929522e+09 9.210227391512193496e-02 2.368164046536767597e-01 2.232586983742443909e-01 0 0 0 1
1.520621267885263443e+09 8.522296626587499979e-02 2.408374964574330201e-01 2.211561734145459646e-01 0 0 0 1
1.520621267893596411e+09 7.775032470145948338e-02 2.450423508676775053e-01 2.191086874851153610e-01 0 0 0 1
1.520621267901929617e+09 7.085155285622146693e-02 2.487899501634142641e-01 2.169127357874616191e-01 0 0 0 1
1.520621267910262585e+09 6.412925880930242517e-02 2.527981748199233381e-01 2.150591288744525542e-01 0 0 0 1
1.520621267918596506e+09 5.712701696085842329e-02 2.568071464208734889e-01 2.132897058987370809e-01 0 0 0 1
1.520621267926929474e+09 5.042816821480122780e-02 2.607064079460909012e-01 2.112891817490509805e-01 0 0 0 1
1.520621267935263634e+09 4.348012393759370653e-02 2.647214474776877213e-01 2.095973796180929938e-01 0 0 0 1
1.520621267943596363e+09 3.637041119429662572e-02 2.687137659581984583e-01 2.080404390098025136e-01 0 0 0 1
1.520621267951929331e+09 2.978920806861107273e-02 2.726110809650914013e-01 2.066483631124553799e-01 0 0 0 1
1.520621267960263491e+09 2.340317535710956243e-02 2.769002789025090117e-01 2.056902961115121276e-01 0 0 0 1
1.520621267968596458e+09 1.636307686608307055e-02 2.806719727283854549e-01 2.042834537842237452e-01 0 0 0 1
1.520621267976929665e+09 9.867142741998513600e-03 2.847849958337870246e-01 2.035259800903828076e-01 0 0 0 1
1.520621267985262394e+09 2.903191580480579681e-03 2.888360013495749334e-01 2.027086120052175033e-01 0 0 0 1
1.520621267993596554e+09 -3.386803978516317315e-03 2.924877474412430622e-01 2.016019280104497380e-01 0 0 0 1
1.520621268001929522e+09 -9.931128160083457779e-03 2.966309323097619521e-01 2.013324397445972469e-01 0 0 0 1
1.520621268010263443e+09 -1.640832725398450043e-02 3.007074011433663041e-01 2.010383423099117994e-01 0 0 0 1
1.520621268018596411e+09 -2.288595204252197313e-02 3.045820888592535303e-01 2.009495469727407002e-01 0 0 0 1
1.520621268026929617e+09 -2.922894660794828070e-02 3.085590367879039730e-01 2.010251311438047139e-01 0 0 0 1
1.520621268035262585e+09 -3.548641912296984779e-02 3.124239416963359162e-01 2.011781836172761295e-01 0 0 0 1
1.520621268043596268e+09 -4.149728628752180626e-02 3.164992096691098267e-01 2.015727170349437269e-01 0 0 0 1
1.520621268051929474e+09 -4.758652132928709033e-02 3.202826368976764426e-01 2.021453575204337216e-01 0 0 0 1
1.520621268060263634e+09 -5.364481646559282613e-02 3.241107069225029336e-01 2.029008452041785038e-01 0 0 0 1
1.520621268068596601e+09 -5.957965937074882756e-02 3.278820018484832621e-01 2.037026797606023010e-01 0 0 0 1
1.520621268076929569e+09 -6.521593212806697792e-02 3.315234942719006428e-01 2.046971908468555590e-01 0 0 0 1
1.520621268085263491e+09 -7.097557800770792902e-02 3.353476272324749097e-01 2.058067277255448690e-01 0 0 0 1
1.520621268093596458e+09 -7.665519477132259896e-02 3.392290264680520306e-01 2.072199329369455167e-01 0 0 0 1
1.520621268101929665e+09 -8.227348687510416259e-02 3.427141690519648343e-01 2.086167010590196380e-01 0 0 0 1
1.520621268110262632e+09 -8.780199333617388913e-02 3.462986215821423630e-01 2.101850646647369647e-01 0 0 0 1
1.520621268118596554e+09 -9.327310645392183908e-02 3.498412589643379866e-01 2.120190488671029883e-01 0 0 0 1
1.520621268126929522e+09 -9.874811321999032998e-02 3.535736538709329246e-01 2.140035317722734920e-01 0 0 0 1
1.520621268135263681e+09 -1.041123196185697042e-01 3.567716301673281576e-01 2.157980484161956536e-01 0 0 0 1
1.520621268143596411e+09 -1.095315342258638136e-01 3.603065151725896587e-01 2.182334855966394649e-01 0 0 0 1
1.520621268151929379e+09 -1.149533680663145097e-01 3.637777661446883748e-01 2.207021650742782004e-01 0 0 0 1
1.520621268160262585e+09 -1.201743339087935625e-01 3.670662952707262061e-01 2.231289688918753900e-01 0 0 0 1
1.520621268168596506e+09 -1.253544165865844162e-01 3.701795657583376586e-01 2.255910364860944650e-01 0 0 0 1
1.520621268176929712e+09 -1.305811334720862193e-01 3.733622253924920864e-01 2.283359860963400934e-01 0 0 0 1
1.520621268185263395e+09 -1.356697432409658677e-01 3.763554837066026559e-01 2.310148664295945675e-01 0 0 0 1
1.520621268193596601e+09 -1.406527988150598207e-01 3.793649055911425538e-01 2.338019985477644003e-01 0 0 0 1
1.520621268201929569e+09 -1.454767890176043577e-01 3.823654398194181181e-01 2.367009240603346054e-01 0 0 0 1
1.520621268210263491e+09 -1.503596325828421842e-01 3.851727896915689286e-01 2.396903280335924702e-01 0 0 0 1
1.520621268218596458e+09 -1.552036846984279905e-01 3.880670737675452897e-01 2.427339365884548794e-01 0 0 0 1
1.520621268226929426e+09 -1.596576769011584518e-01 3.906418825619042412e-01 2.455825899167483062e-01 0 0 0 1
1.520621268235262632e+09 -1.639143442751805346e-01 3.936418118338941841e-01 2.489719798669975948e-01 0 0 0 1
1.520621268243596315e+09 -1.682671060064535595e-01 3.962841284786697837e-01 2.520313339721462764e-01 0 0 0 1
1.520621268251929522e+09 -1.726289726984179262e-01 3.988846879323058037e-01 2.551393749168815450e-01 0 0 0 1
1.520621268260263443e+09 -1.766039175700770403e-01 4.015409368720651018e-01 2.582561631097779475e-01 0 0 0 1
1.520621268268596649e+09 -1.807139500057358683e-01 4.041267582204694508e-01 2.613243902285076192e-01 0 0 0 1
1.520621268276929617e+09 -1.845857437687100644e-01 4.066918146259365652e-01 2.641692596070719379e-01 0 0 0 1
1.520621268285262346e+09 -1.882521751704265278e-01 4.094051776862220882e-01 2.673485051850408301e-01 0 0 0 1
1.520621268293596506e+09 -1.916995860298983390e-01 4.120841605709463784e-01 2.704826415241132764e-01 0 0 0 1
1.520621268301929474e+09 -1.953681885963676201e-01 4.148199694865985498e-01 2.735795248532286728e-01 0 0 0 1
1.520621268310263395e+09 -1.985459558543356540e-01 4.175329748875112323e-01 2.766485904049000855e-01 0 0 0 1
1.520621268318596363e+09 -2.018204223816865706e-01 4.205775749436034272e-01 2.799013408113701917e-01 0 0 0 1
1.520621268326929569e+09 -2.047028354690640928e-01 4.233098684321858207e-01 2.828656348430385048e-01 0 0 0 1
1.520621268335263491e+09 -2.073747364371618662e-01 4.264430605525906248e-01 2.860601141257395064e-01 0 0 0 1
1.520621268343596458e+09 -2.101840923056833565e-01 4.293008800783075785e-01 2.889647898977785179e-01 0 0 0 1
1.520621268351929426e+09 -2.126495567182017932e-01 4.322800531209265440e-01 2.918135050855508172e-01 0 0 0 1
1.520621268360262394e+09 -2.151451087394053996e-01 4.353906639798498235e-01 2.948557498131045840e-01 0 0 0 1
1.520621268368596554e+09 -2.173639035495583127e-01 4.384980210052052962e-01 2.977426698814522599e-01 0 0 0 1
1.520621268376929522e+09 -2.198219375794964736e-01 4.416598834874682633e-01 3.005359416206261347e-01 0 0 0 1
1.520621268385263443e+09 -2.218797817778860315e-01 4.447147213474895167e-01 3.033149193835922297e-01 0 0 0 1
1.520621268393596411e+09 -2.242432913889508828e-01 4.478685619737997614e-01 3.060883090129928874e-01 0 0 0 1
1.520621268401929617e+09 -2.261660479118475231e-01 4.507977313261241070e-01 3.085278999711287273e-01 0 0 0 1
1.520621268410262585e+09 -2.281329788458800745e-01 4.542174992156621793e-01 3.114068620055381320e-01 0 0 0 1
1.520621268418596506e+09 -2.298631772479968749e-01 4.571987691979295665e-01 3.136972673973146275e-01 0 0 0 1
1.520621268426929474e+09 -2.317986154805788956e-01 4.605186251505004047e-01 3.161812107379795567e-01 0 0 0 1
1.520621268435263634e+09 -2.336895826754428751e-01 4.636194396856080369e-01 3.186055518952399801e-01 0 0 0 1
1.520621268443596363e+09 -2.351128519735859734e-01 4.666291274956054780e-01 3.207436765791344957e-01 0 0 0 1
1.520621268451929331e+09 -2.366140389330462501e-01 4.698982602920128149e-01 3.229324932492469991e-01 0 0 0 1
1.520621268460263491e+09 -2.379340793093771833e-01 4.730225665912466404e-01 3.249064455541228469e-01 0 0 0 1
1.520621268468596458e+09 -2.392961525726804706e-01 4.762610803718126951e-01 3.269093091279839935e-01 0 0 0 1
1.520621268476929665e+09 -2.406428067371465529e-01 4.794908834406701459e-01 3.287849379158918062e-01 0 0 0 1
1.520621268485262394e+09 -2.417217584434585009e-01 4.828962276096324668e-01 3.308900035803552520e-01 0 0 0 1
1.520621268493596554e+09 -2.428768419214950847e-01 4.863222191304670261e-01 3.328273355067044026e-01 0 0 0 1
1.520621268501929522e+09 -2.438705740279607515e-01 4.896718124188585985e-01 3.345544070466643927e-01 0 0 0 1
1.520621268510263443e+09 -2.448064386183807783e-01 4.930018882295705840e-01 3.363670210762581547e-01 0 0 0 1
1.520621268518596411e+09 -2.455420119673014101e-01 4.964560557849498346e-01 3.381145388032393839e-01 0 0 0 1
1.520621268526929617e+09 -2.464882123068471154e-01 4.998521782740545927e-01 3.397349304696668515e-01 0 0 0 1
1.520621268535262585e+09 -2.472184846678377457e-01 5.032236110748024016e-01 3.413040213061939721e-01 0 0 0 1
1.520621268543596268e+09 -2.479197854655876276e-01 5.067526912493803826e-01 3.431483824161980500e-01 0 0 0 1
1.520621268551929474e+09 -2.487413774951997558e-01 5.098841969899838844e-01 3.443882797183785982e-01 0 0 0 1
1.520621268560263634e+09 -2.493649542795234320e-01 5.133062246022179753e-01 3.460900234051516033e-01 0 0 0 1
1.520621268568596601e+09 -2.501069657504992882e-01 5.166247465001667649e-01 3.475685879513792376e-01 0 0 0 1
1.520621268576929569e+09 -2.508143570761663943e-01 5.195410311420228799e-01 3.487027023085613742e-01 0 0 0 1
1.520621268585263491e+09 -2.513457853072755821e-01 5.226422075989749505e-01 3.501644884879129282e-01 0 0 0 1
1.520621268593596458e+09 -2.519379437480262496e-01 5.257290347676968345e-01 3.515607206570501297e-01 0 0 0 1
1.520621268601929665e+09 -2.523027702407593109e-01 5.290815968323079321e-01 3.530552624763061420e-01 0 0 0 1
1.520621268610262632e+09 -2.529936209163659022e-01 5.319021314027256864e-01 3.542024344154532933e-01 0 0 0 1
1.520621268618596554e+09 -2.533567213998344503e-01 5.351122363981195562e-01 3.557962737726512170e-01 0 0 0 1
1.520621268626929522e+09 -2.537805540155946282e-01 5.381323081711235634e-01 3.571522651373566504e-01 0 0 0 1
1.520621268635263681e+09 -2.541853351260400795e-01 5.411791644751979824e-01 3.585874021435835335e-01 0 0 0 1
1.520621268643596411e+09 -2.545547167947969092e-01 5.442330531347788769e-01 3.599983901063643632e-01 0 0 0 1
1.520621268651929379e+09 -2.547709466372173326e-01 5.472389998467562799e-01 3.613087804353862786e-01 0 0 0 1
1.520621268660262585e+09 -2.551894731853656673e-01 5.503001556599638189e-01 3.628134742283071201e-01 0 0 0 1
1.520621268668596506e+09 -2.552650837759332103e-01 5.532115083627335839e-01 3.640956635920848949e-01 0 0 0 1
1.520621268676929712e+09 -2.554742044329341155e-01 5.562212327040325643e-01 3.654110293592924830e-01 0 0 0 1
1.520621268685263395e+09 -2.554724111568565381e-01 5.592066821790400155e-01 3.668865410216179956e-01 0 0 0 1
1.520621268693596601e+09 -2.555531677460488593e-01 5.619296296864826346e-01 3.680957800605753061e-01 0 0 0 1
1.520621268701929569e+09 -2.556668468408828110e-01 5.649918603554445751e-01 3.694978570326610257e-01 0 0 0 1
1.520621268710263491e+09 -2.557250791047180893e-01 5.679026621583248557e-01 3.709642199884355396e-01 0 0 0 1
1.520621268718596458e+09 -2.559398264441276050e-01 5.709596286721443370e-01 3.724305198728750099e-01 0 0 0 1
1.520621268726929426e+09 -2.558925815236304802e-01 5.738987717625997353e-01 3.736658107533536999e-01 0 0 0 1
1.520621268735262632e+09 -2.558772675474095815e-01 5.767391179142863367e-01 3.750408921341004120e-01 0 0 0 1
1.520621268743596315e+09 -2.559800282700078755e-01 5.796333849168018304e-01 3.764379566789513021e-01 0 0 0 1
1.520621268751929522e+09 -2.559539793503021743e-01 5.824916901342594988e-01 3.777496979920100806e-01 0 0 0 1
1.520621268760263443e+09 -2.559603593984866032e-01 5.853287670964232303e-01 3.790621255686641433e-01 0 0 0 1
1.520621268768596649e+09 -2.555310373418455683e-01 5.887426425158595045e-01 3.811905872642307180e-01 0 0 0 1
1.520621268776929617e+09 -2.554767669131908225e-01 5.916904917202160386e-01 3.826199032328330141e-01 0 0 0 1
1.520621268785262346e+09 -2.553214225846303087e-01 5.945132750977978331e-01 3.839875700684207693e-01 0 0 0 1
1.520621268793596506e+09 -2.553574621844625359e-01 5.976375549057224568e-01 3.854111039380845316e-01 0 0 0 1
1.520621268801929474e+09 -2.551008598084429368e-01 6.004989934188260658e-01 3.870076166267339968e-01 0 0 0 1
1.520621268810263395e+09 -2.550732908147688716e-01 6.033294549887053826e-01 3.882848494149211405e-01 0 0 0 1
1.520621268818596363e+09 -2.550051475269733414e-01 6.062162281763601168e-01 3.896618817954082825e-01 0 0 0 1
1.520621268826929569e+09 -2.547430052822176050e-01 6.092060898031810279e-01 3.912686788384944769e-01 0 0 0 1
1.520621268835263491e+09 -2.547163446113708263e-01 6.121682676937683087e-01 3.925065065831088162e-01 0 0 0 1
1.520621268843596458e+09 -2.544809164118601030e-01 6.151466437602624016e-01 3.938747266206208408e-01 0 0 0 1
1.520621268851929426e+09 -2.544210033803561699e-01 6.182935814186287793e-01 3.953181597152080062e-01 0 0 0 1
1.520621268860262394e+09 -2.541004655695905390e-01 6.212746983306395299e-01 3.965242506804855793e-01 0 0 0 1
1.520621268868596554e+09 -2.538273411607002705e-01 6.241781402858473937e-01 3.977823654443597423e-01 0 0 0 1
1.520621268876929522e+09 -2.534141345489304697e-01 6.271299147223352577e-01 3.988159105472026678e-01 0 0 0 1
1.520621268885263443e+09 -2.531299965499413940e-01 6.300487373917905698e-01 3.999255334255209515e-01 0 0 0 1
1.520621268893596411e+09 -2.527693295898804093e-01 6.328758059842749528e-01 4.009366125278861492e-01 0 0 0 1
1.520621268901929617e+09 -2.524995112245422280e-01 6.358177362780007558e-01 4.020033200826698128e-01 0 0 0 1
1.520621268910262585e+09 -2.520541594758166637e-01 6.387440799849281037e-01 4.030489032131083782e-01 0 0 0 1
1.520621268918596506e+09 -2.516815530361068975e-01 6.413345000393417816e-01 4.037114418183322950e-01 0 0 0 1
1.520621268926929474e+09 -2.512702356483196287e-01 6.440556724270272149e-01 4.044703138367420348e-01 0 0 0 1
1.520621268935263634e+09 -2.509235230247959247e-01 6.468171016721677713e-01 4.055266888330735231e-01 0 0 0 1
1.520621268943596363e+09 -2.506433342060402358e-01 6.494926013241136831e-01 4.061626031575567009e-01 0 0 0 1
1.520621268951929331e+09 -2.504971350162138455e-01 6.522774915972545662e-01 4.070159983554382244e-01 0 0 0 1
1.520621268960263491e+09 -2.503350941021125209e-01 6.548633198940602140e-01 4.076028182389233034e-01 0 0 0 1
1.520621268968596458e+09 -2.500920133941556545e-01 6.571695303868078097e-01 4.080781935827579865e-01 0 0 0 1
1.520621268976929665e+09 -2.498095893596748995e-01 6.596026457332793136e-01 4.084826324950006082e-01 0 0 0 1
1.520621268985262394e+09 -2.497331719408687756e-01 6.622202467152122907e-01 4.091836940273163581e-01 0 0 0 1
1.520621268993596554e+09 -2.493837652012382833e-01 6.644219610501933548e-01 4.093342651546338917e-01 0 0 0 1
1.520621269001929522e+09 -2.492199428742780110e-01 6.666687426680381057e-01 4.094850749845801996e-01 0 0 0 1
1.520621269010263443e+09 -2.488913409191913784e-01 6.687002692575189089e-01 4.099080246740200995e-01 0 0 0 1
1.520621269018596411e+09 -2.485942267276301798e-01 6.709980939446044124e-01 4.100282478362886618e-01 0 0 0 1
1.520621269026929617e+09 -2.482145564302487284e-01 6.729760379133258308e-01 4.103314914186289020e-01 0 0 0 1
1.520621269035262585e+09 -2.477154915383065203e-01 6.750499677788495134e-01 4.104978765037190502e-01 0 0 0 1
1.520621269043596268e+09 -2.472436285163319702e-01 6.769459238323506378e-01 4.105848077458131851e-01 0 0 0 1
1.520621269051929474e+09 -2.467830185816202726e-01 6.788642254368469908e-01 4.106526275864510467e-01 0 0 0 1
1.520621269060263634e+09 -2.461850841103860321e-01 6.807476580316815795e-01 4.108942480296557953e-01 0 0 0 1
1.520621269068596601e+09 -2.457807770712891748e-01 6.825848092927853106e-01 4.111484161568417228e-01 0 0 0 1
1.520621269076929569e+09 -2.451252828169922793e-01 6.842518063975677745e-01 4.110755519741866593e-01 0 0 0 1
1.520621269085263491e+09 -2.446336429647210098e-01 6.859624705563203140e-01 4.112144894792846284e-01 0 0 0 1
1.520621269093596458e+09 -2.442090970577478204e-01 6.874280539269630452e-01 4.110929663636566644e-01 0 0 0 1
1.520621269101929665e+09 -2.436960526535739413e-01 6.890909461470168251e-01 4.110279024427452299e-01 0 0 0 1
1.520621269110262632e+09 -2.432273519483815760e-01 6.905167793436216561e-01 4.109170452600501289e-01 0 0 0 1
1.520621269118596554e+09 -2.427060472172852257e-01 6.920361995393811139e-01 4.108104860296959426e-01 0 0 0 1
1.520621269126929522e+09 -2.423315574587433519e-01 6.935112284667288574e-01 4.107688021626296759e-01 0 0 0 1
1.520621269135263681e+09 -2.418554236002069258e-01 6.946494456342356960e-01 4.105488959246710312e-01 0 0 0 1
1.520621269143596411e+09 -2.413979230472279580e-01 6.958010393228883927e-01 4.103288105414468756e-01 0 0 0 1
1.520621269151929379e+09 -2.409794169849226175e-01 6.971124036735404372e-01 4.101789316132387064e-01 0 0 0 1
1.520621269160262585e+09 -2.405901379324731360e-01 6.981829355525270842e-01 4.100005747948876067e-01 0 0 0 1
1.520621269168596506e+09 -2.402242275135074989e-01 6.989023086800446594e-01 4.094882065675995442e-01 0 0 0 1
1.520621269176929712e+09 -2.400288945307942345e-01 7.000571857328088399e-01 4.092725381033273102e-01 0 0 0 1
1.520621269185263395e+09 -2.395369221611896304e-01 7.011237935233257668e-01 4.091179571740310994e-01 0 0 0 1
1.520621269193596601e+09 -2.394480048616196843e-01 7.017522851876994983e-01 4.086341560522388505e-01 0 0 0 1
1.520621269201929569e+09 -2.392905786814388258e-01 7.028953510941995386e-01 4.085834053063084337e-01 0 0 0 1
1.520621269210263491e+09 -2.392500236141762715e-01 7.038962227401213134e-01 4.083886652119945726e-01 0 0 0 1
1.520621269218596458e+09 -2.391586981475279372e-01 7.045820396513033934e-01 4.078925879920405340e-01 0 0 0 1
1.520621269226929426e+09 -2.392071128703407712e-01 7.053284777271894290e-01 4.074645558116798405e-01 0 0 0 1
1.520621269235262632e+09 -2.395096140530741935e-01 7.063126836016579979e-01 4.073340231437265757e-01 0 0 0 1
1.520621269243596315e+09 -2.395517043448932015e-01 7.070266713008439563e-01 4.068430206917490466e-01 0 0 0 1
1.520621269251929522e+09 -2.398090033408619148e-01 7.080821188646495568e-01 4.066097327114437388e-01 0 0 0 1
1.520621269260263443e+09 -2.400450153569134160e-01 7.087893777171251353e-01 4.059885314582873939e-01 0 0 0 1
1.520621269268596649e+09 -2.403449085382475259e-01 7.096261543703610286e-01 4.055598681956731344e-01 0 0 0 1
1.520621269276929617e+09 -2.406053026192445654e-01 7.105133385331808826e-01 4.049510859369822580e-01 0 0 0 1
1.520621269285262346e+09 -2.409387755069815340e-01 7.112955848268914805e-01 4.045132669592057528e-01 0 0 0 1
1.520621269293596506e+09 -2.412530519772550508e-01 7.123616014693288090e-01 4.040223883616496092e-01 0 0 0 1
1.520621269301929474e+09 -2.416191858487278243e-01 7.134135813971200779e-01 4.036944401864142051e-01 0 0 0 1
1.520621269310263395e+09 -2.419721188714498983e-01 7.143289156653083172e-01 4.031785509520853239e-01 0 0 0 1
1.520621269318596363e+09 -2.422026416700928664e-01 7.150641610555484862e-01 4.025775950915326806e-01 0 0 0 1
1.520621269326929569e+09 -2.424059039467373333e-01 7.163142516574704244e-01 4.025124564636846092e-01 0 0 0 1
1.520621269335263491e+09 -2.425916120470398007e-01 7.171509829335249719e-01 4.021288854871685192e-01 0 0 0 1
1.520621269343596458e+09 -2.427052574601787083e-01 7.184113440706046960e-01 4.021595108285611619e-01 0 0 0 1
1.520621269351929426e+09 -2.430024846586689435e-01 7.196214253290236229e-01 4.022469662628738174e-01 0 0 0 1
1.520621269360262394e+09 -2.428841652282537067e-01 7.205340305689041935e-01 4.017185129535394417e-01 0 0 0 1
1.520621269368596554e+09 -2.427604313465530073e-01 7.217303178205889402e-01 4.015137602281204643e-01 0 0 0 1
1.520621269376929522e+09 -2.427618183793363027e-01 7.226100681829148442e-01 4.010726558168018485e-01 0 0 0 1
1.520621269385263443e+09 -2.426520125881220791e-01 7.239182783798262522e-01 4.011711444942729354e-01 0 0 0 1
1.520621269393596411e+09 -2.423977610941925598e-01 7.246605114457281838e-01 4.006629752538310996e-01 0 0 0 1
1.520621269401929617e+09 -2.419308069657074844e-01 7.260180580646173887e-01 4.008094833592668049e-01 0 0 0 1
1.520621269410262585e+09 -2.417062935453257733e-01 7.268065964294736503e-01 4.003343161922801041e-01 0 0 0 1
1.520621269418596506e+09 -2.414403421301783981e-01 7.280832069451304012e-01 4.001813212272731235e-01 0 0 0 1
1.520621269426929474e+09 -2.412568537163846949e-01 7.291002058666726793e-01 3.998653289063593963e-01 0 0 0 1
1.520621269435263634e+09 -2.406326639585720517e-01 7.303736533622723348e-01 3.997694770042616863e-01 0 0 0 1
1.520621269443596363e+09 -2.403549223462468909e-01 7.311935846964894292e-01 3.991441606430774502e-01 0 0 0 1
1.520621269451929331e+09 -2.400466596054761925e-01 7.323262158552324985e-01 3.988209063858751957e-01 0 0 0 1
1.520621269460263491e+09 -2.397859986990576731e-01 7.337183281290661219e-01 3.987112336550386882e-01 0 0 0 1
1.520621269468596458e+09 -2.393071729553652160e-01 7.345506117489746245e-01 3.981532082131087336e-01 0 0 0 1
1.520621269476929665e+09 -2.390358115413805662e-01 7.358907791293664014e-01 3.981040299195210963e-01 0 0 0 1
1.520621269485262394e+09 -2.387804180144620925e-01 7.368419817140776651e-01 3.976609037272871294e-01 0 0 0 1
1.520621269493596554e+09 -2.384122073883577775e-01 7.379236325963683951e-01 3.974354534860267130e-01 0 0 0 1
1.520621269501929522e+09 -2.382329686425305737e-01 7.388468830940890797e-01 3.970027762950969485e-01 0 0 0 1
1.520621269510263443e+09 -2.379625390887358527e-01 7.399056942804795867e-01 3.967660240191761556e-01 0 0 0 1
1.520621269518596411e+09 -2.377845111864055616e-01 7.406339185313755014e-01 3.964775965630751298e-01 0 0 0 1
1.520621269526929617e+09 -2.376365466690054107e-01 7.418410217017605834e-01 3.963839470331609327e-01 0 0 0 1
1.520621269535262585e+09 -2.373947753187071186e-01 7.427042054481484135e-01 3.962081984072332030e-01 0 0 0 1
1.520621269543596268e+09 -2.369856096476025131e-01 7.435450899762671151e-01 3.958724734642213861e-01 0 0 0 1
1.520621269551929474e+09 -2.367043616079147483e-01 7.441743799457750663e-01 3.956780413531069129e-01 0 0 0 1
1.520621269560263634e+09 -2.364782381628594277e-01 7.449666616890885384e-01 3.955239923171596228e-01 0 0 0 1
1.520621269568596601e+09 -2.362277265585891184e-01 7.457742008890545504e-01 3.953027669596096416e-01 0 0 0 1
1.520621269576929569e+09 -2.359723798956850915e-01 7.464205003405914862e-01 3.951926600506128207e-01 0 0 0 1
1.520621269585263491e+09 -2.356652824074797203e-01 7.471862085286464783e-01 3.950990986706350849e-01 0 0 0 1
1.520621269593596458e+09 -2.353819355015345505e-01 7.479135221629913399e-01 3.950331850125770039e-01 0 0 0 1
1.520621269601929665e+09 -2.350478573468562371e-01 7.487564789183184244e-01 3.950042881938298223e-01 0 0 0 1
1.520621269610262632e+09 -2.347282813667317392e-01 7.492798391723721751e-01 3.950735307186803436e-01 0 0 0 1
1.520621269618596554e+09 -2.345842288928730590e-01 7.501718158404189207e-01 3.952136469869704793e-01 0 0 0 1
1.520621269626929522e+09 -2.340891617628835797e-01 7.506638397741920432e-01 3.951329172372255449e-01 0 0 0 1
1.520621269635263681e+09 -2.337737611034274576e-01 7.514595327347755038e-01 3.953163199363280977e-01 0 0 0 1
1.520621269643596411e+09 -2.335074760968081642e-01 7.523583274447440683e-01 3.955476957766026480e-01 0 0 0 1
1.520621269651929379e+09 -2.333473797295399499e-01 7.531614507004814607e-01 3.956703871810947071e-01 0 0 0 1
1.520621269660262585e+09 -2.330250867611945442e-01 7.537193275935709647e-01 3.956744579364088743e-01 0 0 0 1
1.520621269668596506e+09 -2.328238253121330814e-01 7.543928001815370932e-01 3.960401039053005334e-01 0 0 0 1
1.520621269676929712e+09 -2.326670215952745813e-01 7.550074198965923689e-01 3.960780267003873867e-01 0 0 0 1
1.520621269685263395e+09 -2.323447875553599773e-01 7.558106068450656245e-01 3.965191783201282849e-01 0 0 0 1
1.520621269693596601e+09 -2.323247954746742727e-01 7.564272427355572814e-01 3.968884431635113508e-01 0 0 0 1
1.520621269701929569e+09 -2.321500836390653633e-01 7.569692579717191006e-01 3.967866409175762055e-01 0 0 0 1
1.520621269710263491e+09 -2.319728271741405279e-01 7.575344066606809479e-01 3.970711789832492844e-01 0 0 0 1
1.520621269718596458e+09 -2.318889172972425916e-01 7.581841575318029047e-01 3.974566764900193672e-01 0 0 0 1
1.520621269726929426e+09 -2.316127942313488952e-01 7.586985846886237228e-01 3.978223441251593773e-01 0 0 0 1
1.520621269735262632e+09 -2.314576245504365026e-01 7.596185342168753074e-01 3.982078805518831643e-01 0 0 0 1
1.520621269743596315e+09 -2.312791627066188016e-01 7.600095591967229725e-01 3.987545975339759075e-01 0 0 0 1
1.520621269751929522e+09 -2.312438296576512231e-01 7.604245887998739573e-01 3.993247613034394128e-01 0 0 0 1
1.520621269760263443e+09 -2.311459896758356058e-01 7.609485262018290674e-01 3.997861609318331677e-01 0 0 0 1
1.520621269768596649e+09 -2.310557813428021912e-01 7.614984441124340586e-01 4.005683882549986308e-01 0 0 0 1
1.520621269776929617e+09 -2.308399647423414192e-01 7.618491651417281796e-01 4.010924120259058423e-01 0 0 0 1
1.520621269785262346e+09 -2.306338282366733328e-01 7.622452799246085542e-01 4.018763745113831387e-01 0 0 0 1
1.520621269793596506e+09 -2.304359944590023690e-01 7.627460137561132836e-01 4.026469477149519083e-01 0 0 0 1
1.520621269801929474e+09 -2.303814787167378642e-01 7.630031642851973217e-01 4.034370454572735465e-01 0 0 0 1
1.520621269810263395e+09 -2.302883044573484916e-01 7.633084367314448837e-01 4.043318611870321266e-01 0 0 0 1
1.520621269818596363e+09 -2.301834414318461586e-01 7.638685770746845849e-01 4.052698962191483290e-01 0 0 0 1
1.520621269826929569e+09 -2.300313630682702670e-01 7.640998095256447131e-01 4.062829590095999865e-01 0 0 0 1
1.520621269835263491e+09 -2.298972915473928569e-01 7.644353867501116895e-01 4.072275856261056148e-01 0 0 0 1
1.520621269843596458e+09 -2.298254672566699131e-01 7.647299005928995808e-01 4.080474580976429788e-01 0 0 0 1
1.520621269851929426e+09 -2.296876833846086541e-01 7.650263958433588529e-01 4.090266121247583264e-01 0 0 0 1
1.520621269860262394e+09 -2.296228931514947558e-01 7.653376814621276614e-01 4.100429356788448665e-01 0 0 0 1
1.520621269868596554e+09 -2.294734869878086170e-01 7.656631010962168249e-01 4.109635376310460941e-01 0 0 0 1
1.520621269876929522e+09 -2.293739039338968388e-01 7.661041932710291880e-01 4.119265423457523223e-01 0 0 0 1
1.520621269885263443e+09 -2.292309201374851391e-01 7.663113920177283545e-01 4.128910367809484061e-01 0 0 0 1
1.520621269893596411e+09 -2.291361541207626029e-01 7.667875549623328624e-01 4.140609021078593965e-01 0 0 0 1
1.520621269901929617e+09 -2.289616998681068272e-01 7.668327665872831655e-01 4.148731423997127354e-01 0 0 0 1
1.520621269910262585e+09 -2.288287314359990776e-01 7.672510745802135768e-01 4.159150078404816320e-01 0 0 0 1
1.520621269918596506e+09 -2.287282485840546054e-01 7.674842839418095641e-01 4.169204363393343993e-01 0 0 0 1
1.520621269926929474e+09 -2.286293101408789497e-01 7.677354660750086435e-01 4.179402353797867509e-01 0 0 0 1
1.520621269935263634e+09 -2.285087507084103131e-01 7.681778021207605889e-01 4.190760713481207489e-01 0 0 0 1
1.520621269943596363e+09 -2.283877111727397047e-01 7.686503780787794504e-01 4.202095408811257204e-01 0 0 0 1
1.520621269951929331e+09 -2.282816333325068947e-01 7.691207673489918184e-01 4.213910320808924581e-01 0 0 0 1
1.520621269960263491e+09 -2.283727326927523782e-01 7.691738156704845952e-01 4.226265365260948315e-01 0 0 0 1
1.520621269968596458e+09 -2.282288654226629077e-01 7.693805361963591549e-01 4.236996059225239808e-01 0 0 0 1
1.520621269976929665e+09 -2.282020045453662105e-01 7.695981583245189439e-01 4.249161669817751452e-01 0 0 0 1
1.520621269985262394e+09 -2.281367298819457767e-01 7.699122528672922572e-01 4.261793096219619326e-01 0 0 0 1
1.520621269993596554e+09 -2.281219629205336608e-01 7.700711548732076528e-01 4.273708982893116293e-01 0 0 0 1
1.520621270001929522e+09 -2.281366793164911200e-01 7.703424805556448041e-01 4.285615526700810030e-01 0 0 0 1
1.520621270010263443e+09 -2.281293170261713965e-01 7.706167592776815845e-01 4.297650520657236850e-01 0 0 0 1
1.520621270018596411e+09 -2.279866312346846002e-01 7.710152919992550036e-01 4.310191394927771480e-01 0 0 0 1
1.520621270026929617e+09 -2.281071623925972069e-01 7.710365009859347918e-01 4.322049171609860796e-01 0 0 0 1
1.520621270035262585e+09 -2.280525284076609371e-01 7.713884941373871929e-01 4.333692183066122361e-01 0 0 0 1
1.520621270043596268e+09 -2.279232854825393173e-01 7.716205063111047924e-01 4.346258439747732183e-01 0 0 0 1
1.520621270051929474e+09 -2.278526363028700596e-01 7.718159998139921818e-01 4.357362603359098419e-01 0 0 0 1
1.520621270060263634e+09 -2.278062976867577527e-01 7.721612841111816783e-01 4.369733580112218352e-01 0 0 0 1
1.520621270068596601e+09 -2.276102621971993756e-01 7.726246386716468795e-01 4.381611031021972469e-01 0 0 0 1
1.520621270076929569e+09 -2.275690281626434053e-01 7.727176689719270630e-01 4.392468911489444405e-01 0 0 0 1
1.520621270085263491e+09 -2.274215101710184705e-01 7.732551767441704360e-01 4.405339056696746525e-01 0 0 0 1
1.520621270093596458e+09 -2.273226093759957434e-01 7.735824588498111387e-01 4.416597517519951221e-01 0 0 0 1
1.520621270101929665e+09 -2.271378886459062274e-01 7.738060296746214206e-01 4.427541192712547424e-01 0 0 0 1
1.520621270110262632e+09 -2.270405896321244787e-01 7.742041160461262672e-01 4.438642035451867418e-01 0 0 0 1
1.520621270118596554e+09 -2.268886670530465000e-01 7.745305327412543850e-01 4.448599946742846090e-01 0 0 0 1
1.520621270126929522e+09 -2.267301190237049346e-01 7.749350875537583949e-01 4.459591981921147141e-01 0 0 0 1
1.520621270135263681e+09 -2.264912188884485311e-01 7.753622808096960473e-01 4.470375569680928862e-01 0 0 0 1
1.520621270143596411e+09 -2.264355485885412578e-01 7.756050559235905251e-01 4.478760522163822699e-01 0 0 0 1
1.520621270151929379e+09 -2.262047090342149125e-01 7.762135584428616619e-01 4.491001665949254651e-01 0 0 0 1
1.520621270160262585e+09 -2.261706378362381975e-01 7.764369032281409622e-01 4.500164749311008627e-01 0 0 0 1
1.520621270168596506e+09 -2.259987397835628298e-01 7.767616075000225440e-01 4.509513949995542781e-01 0 0 0 1
1.520621270176929712e+09 -2.259115984928897203e-01 7.771250278916310705e-01 4.518268077749074685e-01 0 0 0 1
1.520621270185263395e+09 -2.258721339481019053e-01 7.773774459536956227e-01 4.527404351969461782e-01 0 0 0 1
1.520621270193596601e+09 -2.255737591863294922e-01 7.780469926924832302e-01 4.538744213372183367e-01 0 0 0 1
1.520621270201929569e+09 -2.256781714059428734e-01 7.783582706536963380e-01 4.545847667229601097e-01 0 0 0 1
1.520621270210263491e+09 -2.255919656908070836e-01 7.784878477875641911e-01 4.555196018384977119e-01 0 0 0 1
1.520621270218596458e+09 -2.255158610748645431e-01 7.787793473406019462e-01 4.562930256236941151e-01 0 0 0 1
1.520621270226929426e+09 -2.254332659802259498e-01 7.791461919349360610e-01 4.571635675207386118e-01 0 0 0 1
1.520621270235262632e+09 -2.253042390531618255e-01 7.795033960061196199e-01 4.579254560125940454e-01 0 0 0 1
1.520621270243596315e+09 -2.251450851734941305e-01 7.798925646898069441e-01 4.587387113044842923e-01 0 0 0 1
1.520621270251929522e+09 -2.251017392501171721e-01 7.801463387628663204e-01 4.594389381771681879e-01 0 0 0 1
1.520621270260263443e+09 -2.249291571933739742e-01 7.806048121015807251e-01 4.602905482541232995e-01 0 0 0 1
1.520621270268596649e+09 -2.248330972553297391e-01 7.809518479015333803e-01 4.610097032734190581e-01 0 0 0 1
1.520621270276929617e+09 -2.248038316472398268e-01 7.810422091037043657e-01 4.617352379551555863e-01 0 0 0 1
1.520621270285262346e+09 -2.247402373367832773e-01 7.814151720080818597e-01 4.624194082091797053e-01 0 0 0 1
1.520621270293596506e+09 -2.246298150841175567e-01 7.818407444332446943e-01 4.631460309943509213e-01 0 0 0 1
1.520621270301929474e+09 -2.246044315404361336e-01 7.819732843447568804e-01 4.637916025915020946e-01 0 0 0 1
1.520621270310263395e+09 -2.245317463616021136e-01 7.821677871745955635e-01 4.645256123634446954e-01 0 0 0 1
1.520621270318596363e+09 -2.244954139184945907e-01 7.823377800634490065e-01 4.651313563223011815e-01 0 0 0 1
1.520621270326929569e+09 -2.244883136999724638e-01 7.825867596929024783e-01 4.658225301259171225e-01 0 0 0 1
1.520621270335263491e+09 -2.244853104003383670e-01 7.826979212503863970e-01 4.663926115587115895e-01 0 0 0 1
1.520621270343596458e+09 -2.244306098281290685e-01 7.829686517429766957e-01 4.670291488337248165e-01 0 0 0 1
1.520621270351929426e+09 -2.244351625979332243e-01 7.831341066277963670e-01 4.675992941722102447e-01 0 0 0 1
1.520621270360262394e+09 -2.244785051490129080e-01 7.831583436899508532e-01 4.681334024336587518e-01 0 0 0 1
1.520621270368596554e+09 -2.245262878052720068e-01 7.833032505996406769e-01 4.686893629229176295e-01 0 0 0 1
1.520621270376929522e+09 -2.246180920247115020e-01 7.834237272562944998e-01 4.692375821137069192e-01 0 0 0 1
1.520621270385263443e+09 -2.246590383400658419e-01 7.835863865876945278e-01 4.698480514977345646e-01 0 0 0 1
1.520621270393596411e+09 -2.247807330898540790e-01 7.836396523080531029e-01 4.703411209811445559e-01 0 0 0 1
1.520621270401929617e+09 -2.248607878232235513e-01 7.836745941371713320e-01 4.708072347492444631e-01 0 0 0 1
1.520621270410262585e+09 -2.249644505740088785e-01 7.837302127992678002e-01 4.712091086937062467e-01 0 0 0 1
1.520621270418596506e+09 -2.249922291520364270e-01 7.837881888636980543e-01 4.716278415077648223e-01 0 0 0 1
1.520621270426929474e+09 -2.250845097888261592e-01 7.839503905615490265e-01 4.721619985004814612e-01 0 0 0 1
1.520621270435263634e+09 -2.250813809694252043e-01 7.839888011946456459e-01 4.725882847618259053e-01 0 0 0 1
1.520621270443596363e+09 -2.252635235078953579e-01 7.840360930853644827e-01 4.728874754878777953e-01 0 0 0 1
1.520621270451929331e+09 -2.253196664425871076e-01 7.838091924085800466e-01 4.730738625509860462e-01 0 0 0 1
1.520621270460263491e+09 -2.253085210526604154e-01 7.838487396290652054e-01 4.734606573432447174e-01 0 0 0 1
1.520621270468596458e+09 -2.253711549386344659e-01 7.838926281305476085e-01 4.738351382702228332e-01 0 0 0 1
1.520621270476929665e+09 -2.253473296709280760e-01 7.839384605940543649e-01 4.742350778147614854e-01 0 0 0 1
1.520621270485262394e+09 -2.252878527989504720e-01 7.839109218894609876e-01 4.746209631341389290e-01 0 0 0 1
1.520621270493596554e+09 -2.252541203190212560e-01 7.839181674859850846e-01 4.749768370330407219e-01 0 0 0 1
1.520621270501929522e+09 -2.251589179601617419e-01 7.841374224660591086e-01 4.755254089018496888e-01 0 0 0 1
1.520621270510263443e+09 -2.250862070590822217e-01 7.839330958138700511e-01 4.757173242249674860e-01 0 0 0 1
1.520621270518596411e+09 -2.249940278053236820e-01 7.840224381130351805e-01 4.760612112226256798e-01 0 0 0 1
1.520621270526929617e+09 -2.249134901581956725e-01 7.841001501260869144e-01 4.763600452542624542e-01 0 0 0 1
1.520621270535262585e+09 -2.247887394915900616e-01 7.841426774890427609e-01 4.766311262870281951e-01 0 0 0 1
1.520621270543596268e+09 -2.246784045316331802e-01 7.845045830763508476e-01 4.770699578449444367e-01 0 0 0 1
1.520621270551929474e+09 -2.245299241519959077e-01 7.845806885737200975e-01 4.772911865785576246e-01 0 0 0 1
1.520621270560263634e+09 -2.243671689054279605e-01 7.844113177566043316e-01 4.773023547274641842e-01 0 0 0 1
1.520621270568596601e+09 -2.241865206872501459e-01 7.844855987501347938e-01 4.775014936876689209e-01 0 0 0 1
1.520621270576929569e+09 -2.239523012401202773e-01 7.845688354386204377e-01 4.777554658806755228e-01 0 0 0 1
1.520621270585263491e+09 -2.237126113900126390e-01 7.846420867922893061e-01 4.780180414391070887e-01 0 0 0 1
1.520621270593596458e+09 -2.235392207520089936e-01 7.847122122895562324e-01 4.781472556837305099e-01 0 0 0 1
1.520621270601929665e+09 -2.233655916748400472e-01 7.850261506951849988e-01 4.784536754789994184e-01 0 0 0 1
1.520621270610262632e+09 -2.231965307228309658e-01 7.851399666149745382e-01 4.785292466185215865e-01 0 0 0 1
1.520621270618596554e+09 -2.230566541162270489e-01 7.852078452189026336e-01 4.785278145016080842e-01 0 0 0 1
1.520621270626929522e+09 -2.229220090925990716e-01 7.852535224473182751e-01 4.785598928644274608e-01 0 0 0 1
1.520621270635263681e+09 -2.228041015860383611e-01 7.850657909236864462e-01 4.783227358768356030e-01 0 0 0 1
1.520621270643596411e+09 -2.226807155367468982e-01 7.850487770537954990e-01 4.782986960395887444e-01 0 0 0 1
1.520621270651929379e+09 -2.225750181263890237e-01 7.850815216617328396e-01 4.782550828272689181e-01 0 0 0 1
1.520621270660262585e+09 -2.224880273588030755e-01 7.851173753849420844e-01 4.782029905902531741e-01 0 0 0 1
1.520621270668596506e+09 -2.223627198777506364e-01 7.851969644500523815e-01 4.781880418370005881e-01 0 0 0 1
1.520621270676929712e+09 -2.222307554316371170e-01 7.850787995459395097e-01 4.780531847012872149e-01 0 0 0 1
1.520621270685263395e+09 -2.221185548156373590e-01 7.851237002617742489e-01 4.780133833624178319e-01 0 0 0 1
1.520621270693596601e+09 -2.219597028722598009e-01 7.852156974023736247e-01 4.779403116087825865e-01 0 0 0 1
1.520621270701929569e+09 -2.218298317760480920e-01 7.851237478034523987e-01 4.778418850493335590e-01 0 0 0 1
1.520621270710263491e+09 -2.216762352332526942e-01 7.851290530237962084e-01 4.778106360179745771e-01 0 0 0 1
1.520621270718596458e+09 -2.214908874862255295e-01 7.851263287665526391e-01 4.778210787691694605e-01 0 0 0 1
1.520621270726929426e+09 -2.213138986619435644e-01 7.850971516525730998e-01 4.778232142256437776e-01 0 0 0 1
1.520621270735262632e+09 -2.211045643551635687e-01 7.850284361477514183e-01 4.778249793613218444e-01 0 0 0 1
1.520621270743596315e+09 -2.209390850632992342e-01 7.850246923359613938e-01 4.778584091239095333e-01 0 0 0 1
1.520621270751929522e+09 -2.207075335155980755e-01 7.850152805912200549e-01 4.779573492033599713e-01 0 0 0 1
1.520621270760263443e+09 -2.204764960778686222e-01 7.850032337294584606e-01 4.780930397793028419e-01 0 0 0 1
1.520621270768596649e+09 -2.203160658022899621e-01 7.848016896122722574e-01 4.781753768230947443e-01 0 0 0 1
1.520621270776929617e+09 -2.200835695457016294e-01 7.846563099578818257e-01 4.783195805944524537e-01 0 0 0 1
1.520621270785262346e+09 -2.198485521074333704e-01 7.844876455484718347e-01 4.785877388049244452e-01 0 0 0 1
1.520621270793596506e+09 -2.197781341382125664e-01 7.844543194196040847e-01 4.787314865891356686e-01 0 0 0 1
1.520621270801929474e+09 -2.194756153782413399e-01 7.846974835498214951e-01 4.792784369040596903e-01 0 0 0 1
1.520621270810263395e+09 -2.192009887937057533e-01 7.841885564039960954e-01 4.793423643764529452e-01 0 0 0 1
1.520621270818596363e+09 -2.190605824482174113e-01 7.840752390884742073e-01 4.796039465889772035e-01 0 0 0 1
1.520621270826929569e+09 -2.188852105645644475e-01 7.839394295821052738e-01 4.799071906442826663e-01 0 0 0 1
1.520621270835263491e+09 -2.187629041936997032e-01 7.836932515748629147e-01 4.801439354119627634e-01 0 0 0 1
1.520621270843596458e+09 -2.184807036845758388e-01 7.837290238613390247e-01 4.805347108550392932e-01 0 0 0 1
1.520621270851929426e+09 -2.184350827447693044e-01 7.835404458950292472e-01 4.807850928712364968e-01 0 0 0 1
1.520621270860262394e+09 -2.182693272138999108e-01 7.833200686811175872e-01 4.810071729530831508e-01 0 0 0 1
1.520621270868596554e+09 -2.180738658218221993e-01 7.831005945540687740e-01 4.812397722793577692e-01 0 0 0 1
1.520621270876929522e+09 -2.180553351778700688e-01 7.828395305194950637e-01 4.815178833244644352e-01 0 0 0 1
1.520621270885263443e+09 -2.179917290359108528e-01 7.824772066207541510e-01 4.816653034710169923e-01 0 0 0 1
1.520621270893596411e+09 -2.179064132632153039e-01 7.822591142574431000e-01 4.818695695388701683e-01 0 0 0 1
1.520621270901929617e+09 -2.177062147048236529e-01 7.821384457045846839e-01 4.821449872075471710e-01 0 0 0 1
1.520621270910262585e+09 -2.178510397709891855e-01 7.816680914002879232e-01 4.823589641370251702e-01 0 0 0 1
1.520621270918596506e+09 -2.177886337180885978e-01 7.815167898875094998e-01 4.825741482756413792e-01 0 0 0 1
1.520621270926929474e+09 -2.178193518838659193e-01 7.811555553942229890e-01 4.827482238079523480e-01 0 0 0 1
1.520621270935263634e+09 -2.177654966834220995e-01 7.809121813654311683e-01 4.829898629612565664e-01 0 0 0 1
1.520621270943596363e+09 -2.177526353472127307e-01 7.806332925458923100e-01 4.831671292823356278e-01 0 0 0 1
1.520621270951929331e+09 -2.177097915620045954e-01 7.804258355483529863e-01 4.833563892941803442e-01 0 0 0 1
1.520621270960263491e+09 -2.177598141182260361e-01 7.801416464590207323e-01 4.835524866723028836e-01 0 0 0 1
1.520621270968596458e+09 -2.177513774445186123e-01 7.798065797231876761e-01 4.836998178729603470e-01 0 0 0 1
1.520621270976929665e+09 -2.177708007769736387e-01 7.794272533112480694e-01 4.837614184395599981e-01 0 0 0 1
1.520621270985262394e+09 -2.177515166456334694e-01 7.791747243402882273e-01 4.839832082120514301e-01 0 0 0 1
1.520621270993596554e+09 -2.177409692325263935e-01 7.789185897287571603e-01 4.841371401350893500e-01 0 0 0 1
1.520621271001929522e+09 -2.177795881777917497e-01 7.787099517156129691e-01 4.842087637793193178e-01 0 0 0 1
1.520621271010263443e+09 -2.178143631746184417e-01 7.784124110469197166e-01 4.843565584886047048e-01 0 0 0 1
1.520621271018596411e+09 -2.177794531049894178e-01 7.784578006431177588e-01 4.847516123214354877e-01 0 0 0 1
1.520621271026929617e+09 -2.178738783830104775e-01 7.780479608472179454e-01 4.847382845345351576e-01 0 0 0 1
1.520621271035262585e+09 -2.178312474402475662e-01 7.776788572412336453e-01 4.847633715639916296e-01 0 0 0 1
1.520621271043596268e+09 -2.178874026237578865e-01 7.775290689717950787e-01 4.849392790558357813e-01 0 0 0 1
1.520621271051929474e+09 -2.179338473075982940e-01 7.775097797218448736e-01 4.851353104031683738e-01 0 0 0 1
1.520621271060263634e+09 -2.180102883006667658e-01 7.772700875199000103e-01 4.852287184969723555e-01 0 0 0 1
1.520621271068596601e+09 -2.181022553237080830e-01 7.770381462189366317e-01 4.853223755219864266e-01 0 0 0 1
1.520621271076929569e+09 -2.181641760163869348e-01 7.769471644039015468e-01 4.854527484619719502e-01 0 0 0 1
1.520621271085263491e+09 -2.182498525252128396e-01 7.767895857600206622e-01 4.855992316848860568e-01 0 0 0 1
1.520621271093596458e+09 -2.183447723424711273e-01 7.766695779475509820e-01 4.856966688497272866e-01 0 0 0 1
1.520621271101929665e+09 -2.184190652067268812e-01 7.765548375640962675e-01 4.858221259446660056e-01 0 0 0 1
1.520621271110262632e+09 -2.185047797219807908e-01 7.764208692242405840e-01 4.859223118317657075e-01 0 0 0 1
1.520621271118596554e+09 -2.185848075062492013e-01 7.763285424660111289e-01 4.860195991658184944e-01 0 0 0 1
1.520621271126929522e+09 -2.186847394094957875e-01 7.761163407799773761e-01 4.861000412242644231e-01 0 0 0 1
1.520621271135263681e+09 -2.187531604009439468e-01 7.760189866790320190e-01 4.861921118863654634e-01 0 0 0 1
1.520621271143596411e+09 -2.188025565825720276e-01 7.759466290135428324e-01 4.862968645545755475e-01 0 0 0 1
1.520621271151929379e+09 -2.188331937104394664e-01 7.757283007008031195e-01 4.863117739906326342e-01 0 0 0 1
1.520621271160262585e+09 -2.188872077556363593e-01 7.756432201425056405e-01 4.863896943636647485e-01 0 0 0 1
1.520621271168596506e+09 -2.189286467269727088e-01 7.755565370609687204e-01 4.864800035272109913e-01 0 0 0 1
1.520621271176929712e+09 -2.189591614373163631e-01 7.754534176566927339e-01 4.865334417755207141e-01 0 0 0 1
1.520621271185263395e+09 -2.189946857888516174e-01 7.754334555628373815e-01 4.865813042236157848e-01 0 0 0 1
1.520621271193596601e+09 -2.190449920977416420e-01 7.753870296116853744e-01 4.866172470051319809e-01 0 0 0 1
1.520621271201929569e+09 -2.190516654883907233e-01 7.753089877259021767e-01 4.865796289638117944e-01 0 0 0 1
1.520621271210263491e+09 -2.191183405363202885e-01 7.753081708792568527e-01 4.865801447227393606e-01 0 0 0 1
1.520621271218596458e+09 -2.190734682324199101e-01 7.751755953593212345e-01 4.863589490525390691e-01 0 0 0 1
1.520621271226929426e+09 -2.191206438674396240e-01 7.750958296300717310e-01 4.862490967574186751e-01 0 0 0 1
1.520621271235262632e+09 -2.191638063802123781e-01 7.751936033871928977e-01 4.862078238597014046e-01 0 0 0 1
1.520621271243596315e+09 -2.192155729734615033e-01 7.750784437630992008e-01 4.860796581492781154e-01 0 0 0 1
1.520621271251929522e+09 -2.193207936210352371e-01 7.750438815446234475e-01 4.860655163226248465e-01 0 0 0 1
1.520621271260263443e+09 -2.194019589436846385e-01 7.748283783296817662e-01 4.859361790665954750e-01 0 0 0 1
1.520621271268596649e+09 -2.194766670960771049e-01 7.746735573842882250e-01 4.858255826783608455e-01 0 0 0 1
1.520621271276929617e+09 -2.195354584796466169e-01 7.745337155609511859e-01 4.857215034763548989e-01 0 0 0 1
1.520621271285262346e+09 -2.195726075540468392e-01 7.742878684900307285e-01 4.856460385971397287e-01 0 0 0 1
1.520621271293596506e+09 -2.196355240975296219e-01 7.740525073980092374e-01 4.855106052398219241e-01 0 0 0 1
1.520621271301929474e+09 -2.197012601748008498e-01 7.738483326986114186e-01 4.854679627511213624e-01 0 0 0 1
1.520621271310263395e+09 -2.197840943302790118e-01 7.736020254315646438e-01 4.854299717984842388e-01 0 0 0 1
1.520621271318596363e+09 -2.198464140755105323e-01 7.733837097488768242e-01 4.854032676371804467e-01 0 0 0 1
1.520621271326929569e+09 -2.198978712262739110e-01 7.732243540323558983e-01 4.854054474371511940e-01 0 0 0 1
1.520621271335263491e+09 -2.199786581970784027e-01 7.729889344945832796e-01 4.853780915273946395e-01 0 0 0 1
1.520621271343596458e+09 -2.200258596867053495e-01 7.728237852765931226e-01 4.853211969463560038e-01 0 0 0 1
1.520621271351929426e+09 -2.201271535340526553e-01 7.725349859014231102e-01 4.851508221673741517e-01 0 0 0 1
1.520621271360262394e+09 -2.202013732034728277e-01 7.723748863193686809e-01 4.850658865077415172e-01 0 0 0 1
1.520621271368596554e+09 -2.201896177926968567e-01 7.721589311908602093e-01 4.849349376689902069e-01 0 0 0 1
1.520621271376929522e+09 -2.202194700820884754e-01 7.719792932952915798e-01 4.848025090502106060e-01 0 0 0 1
1.520621271385263443e+09 -2.202536400172129261e-01 7.718925182616742653e-01 4.847355232158907512e-01 0 0 0 1
1.520621271393596411e+09 -2.202626636253994796e-01 7.717468660898348931e-01 4.845797364200619128e-01 0 0 0 1
1.520621271401929617e+09 -2.202187566538764685e-01 7.715524130938111735e-01 4.843528037251612073e-01 0 0 0 1
1.520621271410262585e+09 -2.202687950464006228e-01 7.713879623994410739e-01 4.840994079343619028e-01 0 0 0 1
1.520621271418596506e+09 -2.201898812817936202e-01 7.713508810504215996e-01 4.838459567927508864e-01 0 0 0 1
1.520621271426929474e+09 -2.202419667455295937e-01 7.712360367518745763e-01 4.836692935673099214e-01 0 0 0 1
1.520621271435263634e+09 -2.202961659719016585e-01 7.712589729850898301e-01 4.834844342001103357e-01 0 0 0 1
1.520621271443596363e+09 -2.203010577471150033e-01 7.711847463887315790e-01 4.831742028211680751e-01 0 0 0 1
1.520621271451929331e+09 -2.202988870133454347e-01 7.711599854390811526e-01 4.828865259289090162e-01 0 0 0 1
1.520621271460263491e+09 -2.202768698235810785e-01 7.711870969900828099e-01 4.826350850332468134e-01 0 0 0 1
1.520621271468596458e+09 -2.202526810540933466e-01 7.710914462158832139e-01 4.822535841036887927e-01 0 0 0 1
1.520621271476929665e+09 -2.202690309580877526e-01 7.709653306940531525e-01 4.818516769359499907e-01 0 0 0 1
1.520621271485262394e+09 -2.202325702737993329e-01 7.709297929167783225e-01 4.815033350590027794e-01 0 0 0 1
1.520621271493596554e+09 -2.202219116525767628e-01 7.708379172656562028e-01 4.811051215612900389e-01 0 0 0 1
1.520621271501929522e+09 -2.201806120465805150e-01 7.707886564191955836e-01 4.807575842672027200e-01 0 0 0 1
1.520621271510263443e+09 -2.201051175485396749e-01 7.707688257142562005e-01 4.804870285821571940e-01 0 0 0 1
1.520621271518596411e+09 -2.200656900835980534e-01 7.707089161775184660e-01 4.801914302816350233e-01 0 0 0 1
1.520621271526929617e+09 -2.200293894276443285e-01 7.705762416322983199e-01 4.797433734063969446e-01 0 0 0 1
1.520621271535262585e+09 -2.199548392932086927e-01 7.705456291768434385e-01 4.794410968630933301e-01 0 0 0 1
1.520621271543596268e+09 -2.199046161682991496e-01 7.705447833750810327e-01 4.792140908681126188e-01 0 0 0 1
1.520621271551929474e+09 -2.198425433631574499e-01 7.704713587104616845e-01 4.789328414257720823e-01 0 0 0 1
1.520621271560263634e+09 -2.197650045568171895e-01 7.703605298564006887e-01 4.785832173562221126e-01 0 0 0 1
1.520621271568596601e+09 -2.196972809540879701e-01 7.702632169888269376e-01 4.782726988136773993e-01 0 0 0 1
1.520621271576929569e+09 -2.195851904330871629e-01 7.702676693657726226e-01 4.780369777212656324e-01 0 0 0 1
1.520621271585263491e+09 -2.195171248978124434e-01 7.701248641139329942e-01 4.777769609373474502e-01 0 0 0 1
1.520621271593596458e+09 -2.193932071917940596e-01 7.700860866773100444e-01 4.775627902651349288e-01 0 0 0 1
1.520621271601929665e+09 -2.192477852169901764e-01 7.700339875718033023e-01 4.773780777789806695e-01 0 0 0 1
1.520621271610262632e+09 -2.191210517494604493e-01 7.699163760645471033e-01 4.771203262009364732e-01 0 0 0 1
1.520621271618596554e+09 -2.189538417490587974e-01 7.699474472925177393e-01 4.769551367899389493e-01 0 0 0 1
1.520621271626929522e+09 -2.188352059643542402e-01 7.697913772527108511e-01 4.766811761477096621e-01 0 0 0 1
1.520621271635263681e+09 -2.186661750859329456e-01 7.698051794306312035e-01 4.765117747705893692e-01 0 0 0 1
1.520621271643596411e+09 -2.185361464773802886e-01 7.697490181168380463e-01 4.763698433630565443e-01 0 0 0 1
1.520621271651929379e+09 -2.183666809795097308e-01 7.695565775908083106e-01 4.761014392256106564e-01 0 0 0 1
1.520621271660262585e+09 -2.182116706852291754e-01 7.694775521419436881e-01 4.758801822777378732e-01 0 0 0 1
1.520621271668596506e+09 -2.180636013572356813e-01 7.693653429552882450e-01 4.757828006474527083e-01 0 0 0 1
1.520621271676929712e+09 -2.179417183123932289e-01 7.692294330967228699e-01 4.753924653574621573e-01 0 0 0 1
1.520621271685263395e+09 -2.177671996800724097e-01 7.692337307542500557e-01 4.751861722259538290e-01 0 0 0 1
1.520621271693596601e+09 -2.176663317036102718e-01 7.689944524747805987e-01 4.749226211107369089e-01 0 0 0 1
1.520621271701929569e+09 -2.175211155150413300e-01 7.689096845858811591e-01 4.746707902479436747e-01 0 0 0 1
1.520621271710263491e+09 -2.173226118993928369e-01 7.688095419019211896e-01 4.744535095021003013e-01 0 0 0 1
1.520621271718596458e+09 -2.171469559821716522e-01 7.687591053294478005e-01 4.742079515549362245e-01 0 0 0 1
1.520621271726929426e+09 -2.170048869277146353e-01 7.686105320888042547e-01 4.738775844076892341e-01 0 0 0 1
1.520621271735262632e+09 -2.168431789736616211e-01 7.686431474242270134e-01 4.737448818026486208e-01 0 0 0 1
1.520621271743596315e+09 -2.166912323946428853e-01 7.685832796202201056e-01 4.735098302633948819e-01 0 0 0 1
1.520621271751929522e+09 -2.165245143398870087e-01 7.685363307686040590e-01 4.732863410981233976e-01 0 0 0 1
1.520621271760263443e+09 -2.163223252664450147e-01 7.684709545589634150e-01 4.730564597184663267e-01 0 0 0 1
1.520621271768596649e+09 -2.161810747780938402e-01 7.683831664772894365e-01 4.727726753211711763e-01 0 0 0 1
1.520621271776929617e+09 -2.160292942900848834e-01 7.682561016101805418e-01 4.724925423634882549e-01 0 0 0 1
1.520621271785262346e+09 -2.158637053271315609e-01 7.682705369312103905e-01 4.722570641624828092e-01 0 0 0 1
1.520621271793596506e+09 -2.156340301819509309e-01 7.683691024042299533e-01 4.720743868857075753e-01 0 0 0 1
1.520621271801929474e+09 -2.154680477633953428e-01 7.683798035056075282e-01 4.718569951625517511e-01 0 0 0 1
1.520621271810263395e+09 -2.152965941256960725e-01 7.683048423224334567e-01 4.716189574784859229e-01 0 0 0 1
1.520621271818596363e+09 -2.150947476707601447e-01 7.682871790215328733e-01 4.714337845935401283e-01 0 0 0 1
1.520621271826929569e+09 -2.149207468812893707e-01 7.682202830867645993e-01 4.712145081938028390e-01 0 0 0 1
1.520621271835263491e+09 -2.147444115567587741e-01 7.681876127148875577e-01 4.710283280443652298e-01 0 0 0 1
1.520621271843596458e+09 -2.145367334528242020e-01 7.682152166219878842e-01 4.708208217365028592e-01 0 0 0 1
1.520621271851929426e+09 -2.143474002011785395e-01 7.682571127018092971e-01 4.706146247852747155e-01 0 0 0 1
1.520621271860262394e+09 -2.141462462943370393e-01 7.682081454780746999e-01 4.703962797197887014e-01 0 0 0 1
1.520621271868596554e+09 -2.139553424767888234e-01 7.681943085317299857e-01 4.702023381826421211e-01 0 0 0 1
1.520621271876929522e+09 -2.137204213702748601e-01 7.682233147776856841e-01 4.700299372980250023e-01 0 0 0 1
1.520621271885263443e+09 -2.134957237273301112e-01 7.682232742425856298e-01 4.698692593617501689e-01 0 0 0 1
1.520621271893596411e+09 -2.132707598877457422e-01 7.682297687821734167e-01 4.697039735336978605e-01 0 0 0 1
1.520621271901929617e+09 -2.130411836533812053e-01 7.682424140163784942e-01 4.695546972514603734e-01 0 0 0 1
1.520621271910262585e+09 -2.128061438665159733e-01 7.682587659660954360e-01 4.693986788319381986e-01 0 0 0 1
1.520621271918596506e+09 -2.125746412218891823e-01 7.682813872101635910e-01 4.692754993277516995e-01 0 0 0 1
1.520621271926929474e+09 -2.123236565821414179e-01 7.683584191771177796e-01 4.691011847376864718e-01 0 0 0 1
1.520621271935263634e+09 -2.120980459553716835e-01 7.683269445692565425e-01 4.689365459826930760e-01 0 0 0 1
1.520621271943596363e+09 -2.118207919303576880e-01 7.683254084637564096e-01 4.688382988623283065e-01 0 0 0 1
1.520621271951929331e+09 -2.116268327518469605e-01 7.683376356496818271e-01 4.686762537084723235e-01 0 0 0 1
1.520621271960263491e+09 -2.113559564171338390e-01 7.683886407426990806e-01 4.685772593204557968e-01 0 0 0 1
1.520621271968596458e+09 -2.110919129662454097e-01 7.683508494588526805e-01 4.684465669568782520e-01 0 0 0 1
1.520621271976929665e+09 -2.109048841118132955e-01 7.681595126490619041e-01 4.682712561793918038e-01 0 0 0 1
1.520621271985262394e+09 -2.106546519105886861e-01 7.681658919850664624e-01 4.682257936929352660e-01 0 0 0 1
1.520621271993596554e+09 -2.104221802776241046e-01 7.681708590338350851e-01 4.681447433900012278e-01 0 0 0 1
1.520621272001929522e+09 -2.101953317141671551e-01 7.681180909039572180e-01 4.680794209814340689e-01 0 0 0 1
1.520621272010263443e+09 -2.099562900209095417e-01 7.681530560715641442e-01 4.680352530459765958e-01 0 0 0 1
1.520621272018596411e+09 -2.096928210796811798e-01 7.681057828910777818e-01 4.680150139933776376e-01 0 0 0 1
1.520621272026929617e+09 -2.094261703838565247e-01 7.680886767565432427e-01 4.679870509350609886e-01 0 0 0 1
1.520621272035262585e+09 -2.091741330847048386e-01 7.680421012576696960e-01 4.679682134892821921e-01 0 0 0 1
1.520621272043596268e+09 -2.088954714717163874e-01 7.680568311586276620e-01 4.679720177052530961e-01 0 0 0 1
1.520621272051929474e+09 -2.086270901163447267e-01 7.680156045777999374e-01 4.679828075510519270e-01 0 0 0 1
1.520621272060263634e+09 -2.083447133770588433e-01 7.680282414986931983e-01 4.680146521343524491e-01 0 0 0 1
1.520621272068596601e+09 -2.081253772453544038e-01 7.680626904701695068e-01 4.681102926448532653e-01 0 0 0 1
1.520621272076929569e+09 -2.078177980248433476e-01 7.680079986776245926e-01 4.681136495145283849e-01 0 0 0 1
1.520621272085263491e+09 -2.075489057355834888e-01 7.680539712524723228e-01 4.682449255427252321e-01 0 0 0 1
1.520621272093596458e+09 -2.072917283834820878e-01 7.680097093147392195e-01 4.683151581023377030e-01 0 0 0 1
1.520621272101929665e+09 -2.070235364521667565e-01 7.680152083285414211e-01 4.684053199626880826e-01 0 0 0 1
1.520621272110262632e+09 -2.067712564604596848e-01 7.680076352627456249e-01 4.684758613257806736e-01 0 0 0 1
1.520621272118596554e+09 -2.065049970249038802e-01 7.679229665010114392e-01 4.685128082676941474e-01 0 0 0 1
1.520621272126929522e+09 -2.062661005605591069e-01 7.678329011520316216e-01 4.685689278577767070e-01 0 0 0 1
1.520621272135263681e+09 -2.059545735786573184e-01 7.677058672569192499e-01 4.685738946946023109e-01 0 0 0 1
1.520621272143596411e+09 -2.057773625949371743e-01 7.676636202529922848e-01 4.686623929335469452e-01 0 0 0 1
1.520621272151929379e+09 -2.055405441208418837e-01 7.675752747089907846e-01 4.686781747055570602e-01 0 0 0 1
1.520621272160262585e+09 -2.053270257777256580e-01 7.674543182158310994e-01 4.686428397505384424e-01 0 0 0 1
1.520621272168596506e+09 -2.050905757942711460e-01 7.673370696392947110e-01 4.686953652886025612e-01 0 0 0 1
1.520621272176929712e+09 -2.049139937286589830e-01 7.672406262293071100e-01 4.687144061581665078e-01 0 0 0 1
1.520621272185263395e+09 -2.046144920284200808e-01 7.670656095140331310e-01 4.687197131796370098e-01 0 0 0 1
1.520621272193596601e+09 -2.043079873298654925e-01 7.669930420604688104e-01 4.687919258088815155e-01 0 0 0 1
1.520621272201929569e+09 -2.040951887755222960e-01 7.668512529159554614e-01 4.688001001058974548e-01 0 0 0 1
1.520621272210263491e+09 -2.037896695604410335e-01 7.668048171737661400e-01 4.688014970966125627e-01 0 0 0 1
1.520621272218596458e+09 -2.035129842393790800e-01 7.666395796829571507e-01 4.688883581842171466e-01 0 0 0 1
1.520621272226929426e+09 -2.032957808325188687e-01 7.661826563075704311e-01 4.689518686597933250e-01 0 0 0 1
1.520621272235262632e+09 -2.030490663478031199e-01 7.660130349532243699e-01 4.689900659653558623e-01 0 0 0 1
1.520621272243596315e+09 -2.027511461944351279e-01 7.659700666184631190e-01 4.690038610234450456e-01 0 0 0 1
1.520621272251929522e+09 -2.024836870164188340e-01 7.657671282065103835e-01 4.689395270946248306e-01 0 0 0 1
1.520621272260263443e+09 -2.022696811774807868e-01 7.654981887359202375e-01 4.689118278751649438e-01 0 0 0 1
1.520621272268596649e+09 -2.020490156730885833e-01 7.653696030710461784e-01 4.688814154533260670e-01 0 0 0 1
1.520621272276929617e+09 -2.018079188415308201e-01 7.651556009811595338e-01 4.687939834642194104e-01 0 0 0 1
1.520621272285262346e+09 -2.016759105110962347e-01 7.652155050637582390e-01 4.688304379451528892e-01 0 0 0 1
1.520621272293596506e+09 -2.015006136595515196e-01 7.650034805032890350e-01 4.687924682401247711e-01 0 0 0 1
1.520621272301929474e+09 -2.013256452101587213e-01 7.648680073140468050e-01 4.686463388021400167e-01 0 0 0 1
