# timestamp tx ty tz qx qy qz qw
1.520621175986840725e+09 0.000000000000000000e+00 0.000000000000000000e+00 0.000000000000000000e+00 -5.000749464212066869e-02 4.845589637468553090e-02 0.000000000000000000e+00 9.975726923819355774e-01
1.520621176036842823e+09 6.029814248904585838e-04 4.107526328880339861e-04 5.599949508905410767e-05 -5.000332682422048425e-02 4.394737205374209948e-02 -4.082076202110920468e-03 9.977733372113929411e-01
1.520621176086894035e+09 3.949353471398353577e-03 3.332021413370966911e-03 -1.224955543875694275e-03 -4.089709171947773780e-02 3.784833291430040464e-02 -5.827939319355331972e-03 9.984292497256811449e-01
1.520621176136830807e+09 1.002243626862764359e-02 8.545083925127983093e-03 -4.050006158649921417e-03 -2.751236189460954176e-02 3.563317744771924561e-02 -5.616753379687494489e-03 9.989703692750007136e-01
1.520621176186832666e+09 -4.258553963154554367e-04 1.669411081820726395e-03 1.091724916477687657e-04 1.787615189901608365e-02 -1.840147184633476873e-02 -5.206761656098867900e-07 9.996708603469947052e-01
1.520621176236833811e+09 1.412991550751030445e-03 3.730768570676445961e-03 -2.787146018818020821e-03 1.850133523880811634e-02 -5.425911711021622931e-03 5.639023921518671219e-03 9.997982103833241707e-01
1.520621176286835909e+09 2.451441017910838127e-03 5.279772449284791946e-03 -3.001580014824867249e-03 7.809616500969283545e-03 -2.058391892175104321e-03 4.463000617644833669e-03 9.999574263629492643e-01
1.520621176336837053e+09 3.123511793091893196e-03 7.652154657989740372e-03 -2.252978505566716194e-03 -2.535319823629783261e-04 -3.620283271592373339e-03 8.680360207963560464e-04 9.999930378677814868e-01
1.520621176386838913e+09 3.732086159288883209e-03 1.044549420475959778e-02 -1.767472247593104839e-03 -2.420555014934274753e-03 -6.264651900958927676e-03 -1.390917758886445416e-03 9.999764799222866651e-01
1.520621176436839819e+09 4.043549764901399612e-03 1.379472110420465469e-02 -1.743193366564810276e-03 -2.647391784258978312e-03 -7.599404636314651719e-03 2.564362396699677057e-04 9.999675867778761162e-01
1.520621176486861229e+09 3.904322860762476921e-03 1.641948334872722626e-02 -2.239281078800559044e-03 1.628876892081558168e-03 -7.060845324057949367e-03 1.718143572155723508e-03 9.999722692185247785e-01
1.520621176536863089e+09 2.897675847634673119e-03 1.884211227297782898e-02 -2.636024262756109238e-03 5.775849703543512077e-03 -9.804036303595088653e-03 2.608753929800518376e-03 9.999318550957829732e-01
1.520621176586863995e+09 1.826065941713750362e-03 2.162672951817512512e-02 -2.888856222853064537e-03 7.809937629847111401e-03 -1.115827472084539133e-02 4.676453867354136117e-03 9.998963089034273999e-01
1.520621176636866093e+09 1.596244110260158777e-04 2.397327125072479248e-02 -2.282186644151806831e-03 7.306517795445695643e-03 -1.417800086060276056e-02 7.086654894473518214e-03 9.998476776047980907e-01
1.520621176686866999e+09 -1.920497161336243153e-03 2.637199312448501587e-02 -1.342900563031435013e-03 7.333712988462089133e-03 -1.860982519302895044e-02 8.926712750191049747e-03 9.997600736474543393e-01
1.520621176736868858e+09 -4.392541944980621338e-03 2.862391807138919830e-02 -3.465367190074175596e-04 9.680973192144184947e-03 -2.383349234301618616e-02 9.251045828418407932e-03 9.996262609354903406e-01
1.520621176786870003e+09 -6.383493077009916306e-03 3.091489337384700775e-02 8.162383164744824171e-05 1.571690025514726682e-02 -2.772164577292829390e-02 1.028575975647929783e-02 9.994391890196432371e-01
1.520621176836872101e+09 -8.207896724343299866e-03 3.241258114576339722e-02 -1.523511018604040146e-04 2.337629768302073099e-02 -2.950886089569900589e-02 1.115841166113944877e-02 9.992288354948898332e-01
1.520621176886877298e+09 -1.019720174372196198e-02 3.318862617015838623e-02 -3.461243468336760998e-04 2.863651568843421369e-02 -3.270061909030715086e-02 1.151306036155668247e-02 9.989885229177799530e-01
1.520621176936878204e+09 -1.212826557457447052e-02 3.368503972887992859e-02 -4.186198639217764139e-04 3.012959067601638646e-02 -3.407267605992108511e-02 1.135835341517960929e-02 9.989005197313230999e-01
1.520621176986880302e+09 -1.379334460943937302e-02 3.386870026588439941e-02 -3.481345484033226967e-04 2.842792361741404081e-02 -3.294326954369870136e-02 9.768366352029368010e-03 9.990050916633941291e-01
1.520621177036882162e+09 -1.518647745251655579e-02 3.383145853877067566e-02 -3.588832914829254150e-04 2.582469889148755054e-02 -3.197301470063250439e-02 8.134084546005358740e-03 9.991219384673303283e-01
1.520621177086883068e+09 -1.648387685418128967e-02 3.374152258038520813e-02 -7.071947329677641392e-04 2.465079054215715479e-02 -3.164147442151642869e-02 6.940059049143919127e-03 9.991711521068219470e-01
1.520621177136885405e+09 -1.820194721221923828e-02 3.367211297154426575e-02 -1.461577485315501690e-03 2.545727693446334441e-02 -3.083966223029630666e-02 5.316878857578414240e-03 9.991859552074463524e-01
1.520621177186887264e+09 -1.992027275264263153e-02 3.366496041417121887e-02 -2.202510135248303413e-03 2.814623496057737373e-02 -3.128907794871389064e-02 4.838429803461281008e-03 9.991022833802855052e-01
1.520621177236888170e+09 -2.206676639616489410e-02 3.368537873029708862e-02 -3.078705631196498871e-03 3.084665898192447825e-02 -3.008531395581577270e-02 3.638849580466670380e-03 9.990646206765424475e-01
1.520621177286936760e+09 -2.450224384665489197e-02 3.382775187492370605e-02 -3.641253570094704628e-03 3.218713684076154879e-02 -2.857298695546946210e-02 2.126959092253155950e-03 9.990710929075349300e-01
1.520621177336937904e+09 -2.727699466049671173e-02 3.409076109528541565e-02 -3.478339174762368202e-03 3.165151601399918829e-02 -2.712558439040169134e-02 1.618037520641222367e-04 9.991308012592948762e-01
1.520621177386938810e+09 -3.005796857178211212e-02 3.445287793874740601e-02 -2.888862742111086845e-03 2.983424523886193599e-02 -2.612751446389870169e-02 -2.449586204922629337e-03 9.992103233686043806e-01
1.520621177436940670e+09 -3.277229517698287964e-02 3.465877473354339600e-02 -2.228363184258341789e-03 2.803882775359610793e-02 -2.558948849343355147e-02 -4.626005430770060989e-03 9.992685336237718818e-01
1.520621177486941814e+09 -3.516194224357604980e-02 3.465639054775238037e-02 -2.069941256195306778e-03 2.782352371660785570e-02 -2.516514360069740247e-02 -6.438032065556709149e-03 9.992752968119799073e-01
1.520621177536943674e+09 -3.721605613827705383e-02 3.450346738100051880e-02 -2.092212438583374023e-03 2.963150067879140315e-02 -2.457053554923512712e-02 -7.869552718695483479e-03 9.992278684516131548e-01
1.520621177586948633e+09 -3.868298605084419250e-02 3.452878445386886597e-02 -2.414856804534792900e-03 3.182541241365152013e-02 -2.405897181776826821e-02 -8.942875177839782266e-03 9.991638173909853649e-01
1.520621177636946678e+09 -3.966403380036354065e-02 3.444574400782585144e-02 -2.421968383714556694e-03 3.356613120141531403e-02 -2.369904821010658177e-02 -1.047796818369153490e-02 9.991005365491731904e-01
1.520621177686960220e+09 -4.017977789044380188e-02 3.433057293295860291e-02 -2.251011086627840996e-03 3.476561518569684650e-02 -2.305473515572874915e-02 -1.221841822408976583e-02 9.990548240430854321e-01
1.520621177736958981e+09 -4.028636962175369263e-02 3.394483774900436401e-02 -1.867915736511349678e-03 3.453901053228990853e-02 -2.218900630994751974e-02 -1.408923516848142356e-02 9.990576550944368917e-01
1.520621177786961079e+09 -3.985087573528289795e-02 3.351903706789016724e-02 -1.325976685620844364e-03 3.331874015227855729e-02 -2.138688837106313134e-02 -1.516965532245211253e-02 9.991007677496132056e-01
1.520621177836962223e+09 -3.884924948215484619e-02 3.322218731045722961e-02 -8.367570117115974426e-04 3.269786698034049532e-02 -2.036879359196240580e-02 -1.532884751168828510e-02 9.991401243952257039e-01
1.520621177886964083e+09 -3.753655776381492615e-02 3.290734067559242249e-02 -6.158648757264018059e-04 3.347254437513554753e-02 -1.947777656051861636e-02 -1.481890631042443070e-02 9.991399326466118280e-01
1.520621177936965227e+09 -3.601365908980369568e-02 3.275320306420326233e-02 -9.466029587201774120e-04 3.569401308511755549e-02 -1.859469090686064266e-02 -1.402293191805441784e-02 9.990913533207960162e-01
1.520621177986967087e+09 -3.457296267151832581e-02 3.276851028203964233e-02 -1.347988494671881199e-03 3.777429394739546809e-02 -1.777771828951418484e-02 -1.345056644159460350e-02 9.990376057544555488e-01
1.520621178036968946e+09 -3.340422734618186951e-02 3.274324908852577209e-02 -1.732788863591849804e-03 3.792466857855811974e-02 -1.771371946307931378e-02 -1.275843251595046822e-02 9.990421242649009104e-01
1.520621178086983204e+09 -3.228548541665077209e-02 3.273218125104904175e-02 -1.839187461882829666e-03 3.686675038369192220e-02 -1.792723676533270263e-02 -1.189392519751693647e-02 9.990885803778873919e-01
1.520621178136985064e+09 -3.127041831612586975e-02 3.258807584643363953e-02 -1.578726805746555328e-03 3.606092657174299332e-02 -1.747269237546360612e-02 -1.116402362809656469e-02 9.991344650107768510e-01
1.520621178186985970e+09 -3.006481751799583435e-02 3.208128362894058228e-02 -1.354110776446759701e-03 3.548906013645623109e-02 -1.596434234949532446e-02 -1.104399752869601389e-02 9.991815132910362163e-01
1.520621178236988306e+09 -2.871798165142536163e-02 3.126496821641921997e-02 -8.285377989523112774e-04 3.506568259676444421e-02 -1.455433216528220601e-02 -1.055882721686301345e-02 9.992232385643610160e-01
1.520621178286989212e+09 -2.735351771116256714e-02 3.073101490736007690e-02 -3.175953752361238003e-04 3.499633847390317548e-02 -1.346311822331516458e-02 -9.591819796662978334e-03 9.992507181554154405e-01
1.520621178336991072e+09 -2.613420970737934113e-02 3.067446127533912659e-02 1.930222933879122138e-04 3.447835858335203396e-02 -1.275999458923886623e-02 -8.618330497729581943e-03 9.992868205409858318e-01
1.520621178386992216e+09 -2.525515668094158173e-02 3.066916391253471375e-02 6.712673348374664783e-04 3.342129588789675976e-02 -1.252973797055407720e-02 -7.961533787772766962e-03 9.993310945964350989e-01
1.520621178436994076e+09 -2.486526407301425934e-02 3.048686124384403229e-02 1.063735107891261578e-03 3.236681204609909157e-02 -1.296737037715694867e-02 -7.462412076706482177e-03 9.993640723927750269e-01
1.520621178486996174e+09 -2.497179061174392700e-02 3.030754812061786652e-02 9.172910358756780624e-04 3.251645136265431113e-02 -1.419074464421608492e-02 -6.886011951872287630e-03 9.993467296172142689e-01
1.520621178536998510e+09 -2.527124620974063873e-02 3.030581213533878326e-02 1.552726025693118572e-04 3.439664010461143673e-02 -1.519320308790948412e-02 -6.585308187545615109e-03 9.992710700533254942e-01
1.520621178587000608e+09 -2.584173344075679779e-02 3.041666187345981598e-02 -9.281343081966042519e-04 3.659446381258679021e-02 -1.607286302669388295e-02 -6.480931959021615264e-03 9.991799166383085185e-01
1.520621178637001514e+09 -2.661099657416343689e-02 3.064177185297012329e-02 -1.927685574628412724e-03 3.798011645385390711e-02 -1.690011637753879858e-02 -6.265069749493533055e-03 9.991159320727557303e-01
1.520621178687003374e+09 -2.766914851963520050e-02 3.065068461000919342e-02 -2.702586119994521141e-03 3.814935192404631664e-02 -1.768530849955244136e-02 -6.707102781949168119e-03 9.990930244893732048e-01
1.520621178737005711e+09 -2.881601639091968536e-02 3.044744022190570831e-02 -3.294063499197363853e-03 3.799700569448951487e-02 -1.800977545537378252e-02 -6.971557317222190110e-03 9.990912235301002697e-01
1.520621178787006617e+09 -2.989621460437774658e-02 3.023194894194602966e-02 -3.854242386296391487e-03 3.886773142488951505e-02 -1.783465831324361831e-02 -7.618725653354105863e-03 9.990561442862714303e-01
1.520621178837007523e+09 -3.100093454122543335e-02 3.009653463959693909e-02 -4.391312599182128906e-03 4.061755002679454107e-02 -1.747593772410503676e-02 -8.448083546449955059e-03 9.989862041664420156e-01
1.520621178887009621e+09 -3.212372958660125732e-02 2.994786389172077179e-02 -4.828129429370164871e-03 4.318676875756689154e-02 -1.714671397934299998e-02 -9.484043315898089965e-03 9.988748400707535557e-01
1.520621178937018871e+09 -3.302747011184692383e-02 2.945999056100845337e-02 -5.411673802882432938e-03 4.497990074234709673e-02 -1.704695099272703421e-02 -1.016647848359082326e-02 9.987906951440341796e-01
1.520621178987021923e+09 -3.337555751204490662e-02 2.859367989003658295e-02 -5.870573222637176514e-03 4.534533676184485107e-02 -1.702972941549495481e-02 -9.948052703489924931e-03 9.987766642234882086e-01
1.520621179037021875e+09 -3.281849622726440430e-02 2.737299539148807526e-02 -5.892944056540727615e-03 4.508955140827296260e-02 -1.669482230495430986e-02 -8.899047451043477081e-03 9.988037956558187824e-01
1.520621179087023020e+09 -3.110629506409168243e-02 2.558729611337184906e-02 -5.245982669293880463e-03 4.498205795736304191e-02 -1.527976427862059831e-02 -6.650774320856991072e-03 9.988487925939758538e-01
1.520621179137024879e+09 -2.781414613127708435e-02 2.290340140461921692e-02 -3.749537980183959007e-03 4.421280585042171307e-02 -1.422202830514568590e-02 -3.781854777767314386e-03 9.989137396613184672e-01
1.520621179187026739e+09 -2.306926436722278595e-02 1.936615630984306335e-02 -1.129584503360092640e-03 4.379711024873282621e-02 -1.354817517388167379e-02 -1.179464886082329982e-03 9.989478809957507144e-01
1.520621179237027884e+09 -1.691143028438091278e-02 1.512849424034357071e-02 1.980751287192106247e-03 4.352800946210808736e-02 -1.260384831541114074e-02 1.606348795021026073e-03 9.989714085215140038e-01
1.520621179287029743e+09 -9.257218800485134125e-03 9.652576409280300140e-03 5.456968676298856735e-03 4.223811435807407061e-02 -1.215135437543556421e-02 4.076472299598060157e-03 9.990253593657709708e-01
1.520621179337083817e+09 1.782324761734344065e-05 3.260446246713399887e-03 9.649351239204406738e-03 4.096326063476013468e-02 -1.134751783578077933e-02 5.698790539360075284e-03 9.990799612160798926e-01
1.520621179387059689e+09 1.077091228216886520e-02 -3.791210940107703209e-03 1.440858561545610428e-02 4.158344259327077103e-02 -1.058961857382002131e-02 7.714380543581237162e-03 9.990491307305072732e-01
1.520621179437060595e+09 2.342698350548744202e-02 -1.140232477337121964e-02 1.946554332971572876e-02 4.352546753009294694e-02 -8.718490394673511501e-03 9.056144180093404078e-03 9.989732267954504197e-01
1.520621179487062693e+09 3.788892552256584167e-02 -1.982142962515354156e-02 2.454310283064842224e-02 4.430197499190091648e-02 -6.440082488404498887e-03 9.832485462087328654e-03 9.989490390300183043e-01
1.520621179537063837e+09 5.434376001358032227e-02 -2.932672202587127686e-02 2.977959811687469482e-02 4.237152729747072771e-02 -4.755433801546465368e-03 1.065367762671523381e-02 9.990338025696952062e-01
1.520621179587065697e+09 7.290022820234298706e-02 -3.987799957394599915e-02 3.550516441464424133e-02 3.758397979200340383e-02 -4.052229592394183261e-03 1.015673180466960569e-02 9.992336386938607262e-01
1.520621179637066841e+09 9.307447820901870728e-02 -5.109931156039237976e-02 4.246417433023452759e-02 3.308193086017655049e-02 -5.156312136558090925e-03 8.692709873203483331e-03 9.994015384672836344e-01
1.520621179687068701e+09 1.147050410509109497e-01 -6.240179389715194702e-02 5.051285028457641602e-02 3.054947713216091612e-02 -7.378474667137892989e-03 7.385561565685693289e-03 9.994787346606718303e-01
1.520621179737066984e+09 1.379161179065704346e-01 -7.350692152976989746e-02 5.929965153336524963e-02 2.872922067084746761e-02 -9.849650084534826780e-03 6.250553785343897391e-03 9.995191578205163685e-01
1.520621179787067890e+09 1.624608039855957031e-01 -8.440108597278594971e-02 6.937488168478012085e-02 2.525160730256052755e-02 -1.165627547059271477e-02 5.444329473546782872e-03 9.995983427594176129e-01
1.520621179837070227e+09 1.880403608083724976e-01 -9.514254331588745117e-02 8.048741519451141357e-02 1.905699259252839617e-02 -1.171033269870505253e-02 3.100452476892551559e-03 9.997450106581441398e-01
1.520621179887071133e+09 2.145797461271286011e-01 -1.056897416710853577e-01 9.260419756174087524e-02 1.000228070863911495e-02 -1.235628981458007473e-02 1.178947408300374264e-03 9.998729352100955703e-01
1.520621179937072992e+09 2.421092242002487183e-01 -1.155565679073333740e-01 1.053014919161796570e-01 5.493208703455592463e-04 -1.550123510677829143e-02 1.580200135687822010e-04 9.998796852553917258e-01
1.520621179987074137e+09 2.704569399356842041e-01 -1.248893663287162781e-01 1.180743128061294556e-01 -6.895695756195622909e-03 -2.007774111497446709e-02 -6.348673006062505089e-04 9.997744398789502052e-01
1.520621180037075996e+09 2.991162240505218506e-01 -1.342459172010421753e-01 1.307042241096496582e-01 -1.211013269800012906e-02 -2.409338014606240280e-02 -2.047548997468653410e-03 9.996342637496361538e-01
1.520621180087078094e+09 3.280820846557617188e-01 -1.437932550907135010e-01 1.436566263437271118e-01 -1.552728507877044160e-02 -2.766364527403765081e-02 -3.610393368649188802e-03 9.994901656384411748e-01
1.520621180136997223e+09 3.567388951778411865e-01 -1.527773886919021606e-01 1.572506725788116455e-01 -1.592312329048639619e-02 -3.171877460167266821e-02 -3.680437683948421280e-03 9.993632111804490181e-01
1.520621180186999083e+09 3.851604461669921875e-01 -1.609898060560226440e-01 1.702937483787536621e-01 -1.315628487750936625e-02 -3.351683381135383416e-02 -4.640150126699137297e-03 9.993407842304274924e-01
1.520621180237000227e+09 4.128012359142303467e-01 -1.686034649610519409e-01 1.829922497272491455e-01 -9.339570615586559321e-03 -3.189462664868262382e-02 -4.184334367034111060e-03 9.994388408289736070e-01
1.520621180287002325e+09 4.392584264278411865e-01 -1.751693040132522583e-01 1.945742517709732056e-01 -5.195626357578744456e-03 -2.911892626662604747e-02 -3.042428191539821997e-03 9.995578208540666365e-01
1.520621180337004185e+09 4.643009006977081299e-01 -1.808567047119140625e-01 2.051335275173187256e-01 -2.500982536043737728e-03 -2.676440948635022340e-02 -2.764828471885045569e-04 9.996386022100369750e-01
1.520621180387005329e+09 4.881181418895721436e-01 -1.857295334339141846e-01 2.151233404874801636e-01 -3.430058812812364008e-03 -2.767100637396999532e-02 4.106656766519439263e-03 9.996027638382131153e-01
1.520621180437007189e+09 5.106952786445617676e-01 -1.894030123949050903e-01 2.248830199241638184e-01 -6.672301207901950269e-03 -3.115183585801727800e-02 8.962900520035756852e-03 9.994522049270460062e-01
1.520621180487008333e+09 5.318642258644104004e-01 -1.920510083436965942e-01 2.330074310302734375e-01 -1.103908222554180092e-02 -3.559310447065603539e-02 1.163302855512783618e-02 9.992376805467227951e-01
1.520621180536947966e+09 5.519989728927612305e-01 -1.939472407102584839e-01 2.388115823268890381e-01 -1.709861125704418769e-02 -4.100650930175980813e-02 1.133844445074479700e-02 9.989482185606032294e-01
1.520621180586950064e+09 5.709254741668701172e-01 -1.952259093523025513e-01 2.430028319358825684e-01 -2.513534585084178583e-02 -4.688430222490171106e-02 9.049764868128577777e-03 9.985430277908280416e-01
1.520621180636950970e+09 5.883331894874572754e-01 -1.959581822156906128e-01 2.457842379808425903e-01 -3.426815816491322886e-02 -5.110845900254172569e-02 6.873021582011856236e-03 9.980813495545858283e-01
1.520621180686953068e+09 6.051508188247680664e-01 -1.957824975252151489e-01 2.468238770961761475e-01 -4.284846450583101179e-02 -5.511776782422177917e-02 6.508032387058931313e-03 9.975388144197782081e-01
1.520621180736953974e+09 6.210861802101135254e-01 -1.945981532335281372e-01 2.460312545299530029e-01 -5.014973393330024454e-02 -5.599884935202129738e-02 6.941161893366505284e-03 9.971464051628722292e-01
1.520621180786957979e+09 6.353260874748229980e-01 -1.920318007469177246e-01 2.427893131971359253e-01 -5.413809369278554245e-02 -5.610001781056841302e-02 8.606457072940684391e-03 9.969191460241982883e-01
1.520621180836956978e+09 6.469340324401855469e-01 -1.885619163513183594e-01 2.361149340867996216e-01 -5.271516267304116043e-02 -5.510573729134800314e-02 1.659821687290630524e-02 9.969498325084226176e-01
1.520621180886958838e+09 6.569698452949523926e-01 -1.843728125095367432e-01 2.265641838312149048e-01 -4.477139435915899329e-02 -5.467252651411760173e-02 2.895079657623065780e-02 9.970798806862474217e-01
1.520621180936959743e+09 6.636355519294738770e-01 -1.795517951250076294e-01 2.127865254878997803e-01 -2.968775592937474353e-02 -5.389457061091450923e-02 4.377661908362361076e-02 9.971447337413713585e-01
1.520621180986958027e+09 6.658639907836914062e-01 -1.749151647090911865e-01 1.960296183824539185e-01 -1.021116501067993905e-02 -5.286303880503757241e-02 5.915997519530842574e-02 9.967955299720762108e-01
1.520621181036875963e+09 6.628108024597167969e-01 -1.710448265075683594e-01 1.780129969120025635e-01 1.012340897830303101e-02 -5.064089792446553606e-02 7.423358897140737434e-02 9.959028016410467199e-01
1.520621181086878061e+09 6.538082361221313477e-01 -1.682482063770294189e-01 1.608365029096603394e-01 2.624953181740095898e-02 -4.359386142987236451e-02 8.818808252030305161e-02 9.948031963289988289e-01
1.520621181136878967e+09 6.375397443771362305e-01 -1.671271920204162598e-01 1.465162783861160278e-01 3.513580491203415618e-02 -3.373673491521030077e-02 9.821493729444796816e-02 9.939724010367148033e-01
1.520621181186881065e+09 6.139811277389526367e-01 -1.687507331371307373e-01 1.354063004255294800e-01 3.743929426304072605e-02 -2.495893842929815948e-02 1.064377430047229040e-01 9.933007386998302657e-01
1.520621181236881971e+09 5.856217145919799805e-01 -1.719795167446136475e-01 1.283848136663436890e-01 3.384414111865231140e-02 -1.949835078978165090e-02 1.121433533400045673e-01 9.929240941431919376e-01
1.520621181286883831e+09 5.507624745368957520e-01 -1.768003404140472412e-01 1.256471127271652222e-01 2.900865597557706482e-02 -1.601596134409350933e-02 1.159877821033300643e-01 9.926977491983476343e-01
1.520621181336886168e+09 5.103563070297241211e-01 -1.821851283311843872e-01 1.265735477209091187e-01 2.469987721048779936e-02 -1.343291492162441460e-02 1.174051577580139116e-01 9.926860036256737185e-01
1.520621181387021303e+09 4.639453291893005371e-01 -1.872478425502777100e-01 1.305496841669082642e-01 2.104569726856380871e-02 -9.144567630574775702e-03 1.144529772805602669e-01 9.931636176889210299e-01
1.520621181437023401e+09 4.127897024154663086e-01 -1.920616179704666138e-01 1.361152231693267822e-01 1.942199919950217055e-02 -7.062687613468525763e-03 1.119848427803554203e-01 9.934949921253896088e-01
1.520621181487024546e+09 3.573489785194396973e-01 -1.957630515098571777e-01 1.437228024005889893e-01 1.920007187755490632e-02 -5.102707122282418295e-03 1.091585691365255933e-01 9.938258028467500393e-01
1.520621181537026405e+09 2.985573410987854004e-01 -1.975118368864059448e-01 1.527657657861709595e-01 2.125669482311833350e-02 -3.595074681502318306e-03 1.071800229785842412e-01 9.940058707258933035e-01
1.520621181587027550e+09 2.366140931844711304e-01 -1.979102045297622681e-01 1.624466031789779663e-01 2.355816818121980044e-02 -1.287703790267319751e-03 1.040248137501047776e-01 9.942948217984192150e-01
1.520621181637029409e+09 1.726458370685577393e-01 -1.965028643608093262e-01 1.722382009029388428e-01 2.390792533560425967e-02 4.651179944708740566e-04 1.003988360088316073e-01 9.946598757864267837e-01
1.520621181687031507e+09 1.084177941083908081e-01 -1.937719583511352539e-01 1.817656755447387695e-01 2.106426216161045098e-02 4.184726142224787741e-05 9.902484397398014782e-02 9.948619881090655648e-01
1.520621181737032652e+09 4.478773474693298340e-02 -1.900445222854614258e-01 1.905629634857177734e-01 1.583931805332668141e-02 2.297535340627985308e-03 9.715557990542575406e-02 9.951405079827696509e-01
1.520621181787099838e+09 -1.756742037832736969e-02 -1.863520443439483643e-01 1.983066350221633911e-01 1.193547621610762874e-02 7.529269905421071343e-03 9.415245803114684342e-02 9.954577686415828630e-01
1.520621181837101698e+09 -7.792064547538757324e-02 -1.828890591859817505e-01 2.043828517198562622e-01 1.323217450332598265e-02 1.633866410306458045e-02 8.862599223165253115e-02 9.958430554631565457e-01
1.520621181887102604e+09 -1.360910832881927490e-01 -1.795697659254074097e-01 2.089555710554122925e-01 2.094434291941531245e-02 2.215464870369368913e-02 8.141667022493717654e-02 9.962137480731600991e-01
1.520621181937104702e+09 -1.913511753082275391e-01 -1.769846826791763306e-01 2.125484496355056763e-01 3.149210597053619942e-02 2.327780377801509301e-02 7.123271229783191549e-02 9.966906700734722291e-01
1.520621181987105608e+09 -2.446975708007812500e-01 -1.747776567935943604e-01 2.147381305694580078e-01 3.982339605513117442e-02 2.126822144551118038e-02 6.186395954887709964e-02 9.970629921886157154e-01
1.520621182037106514e+09 -2.968420684337615967e-01 -1.737126559019088745e-01 2.160648256540298462e-01 4.642373656166571411e-02 2.097834087844780565e-02 5.200008213595336964e-02 9.973468490728263358e-01
1.520621182087109804e+09 -3.475406467914581299e-01 -1.727089434862136841e-01 2.157793492078781128e-01 4.902204792887739776e-02 1.706375526952570026e-02 4.567260594740937124e-02 9.976069767894235607e-01
1.520621182137110710e+09 -3.973166644573211670e-01 -1.720522493124008179e-01 2.147134393453598022e-01 4.584785046699417499e-02 1.163083095245310422e-02 4.148625090843043733e-02 9.980188321692503584e-01
1.520621182187082529e+09 -4.448163211345672607e-01 -1.717844307422637939e-01 2.142945677042007446e-01 3.769963299142514712e-02 8.167537068943098513e-03 3.480422556323004013e-02 9.986494354344185309e-01
1.520621182237083435e+09 -4.923743605613708496e-01 -1.727428883314132690e-01 2.137199193239212036e-01 2.791075568780424301e-02 6.874037376972662663e-03 2.522215782504007991e-02 9.992685225112039049e-01
1.520621182287085295e+09 -5.396047234535217285e-01 -1.742952018976211548e-01 2.132859081029891968e-01 1.888388121861313620e-02 7.967462395346285031e-03 1.609073318758718479e-02 9.996604457907624086e-01
1.520621182337086678e+09 -5.859363079071044922e-01 -1.770780235528945923e-01 2.132985144853591919e-01 1.348999515877463869e-02 1.020729449177210958e-02 9.443778549576301029e-03 9.998123054936267629e-01
1.520621182387087345e+09 -6.313667893409729004e-01 -1.807261705398559570e-01 2.138547897338867188e-01 1.385768089251911313e-02 1.301514411794034258e-02 5.054307020054069587e-03 9.998064936198490793e-01
1.520621182437089443e+09 -6.758139133453369141e-01 -1.844538301229476929e-01 2.153749018907546997e-01 1.947553012241151280e-02 1.437634735999284916e-02 1.164138973124700938e-03 9.997062914393842759e-01
1.520621182487091541e+09 -7.196195721626281738e-01 -1.876420527696609497e-01 2.171822041273117065e-01 2.777509586740893252e-02 1.648327154891900126e-02 -3.400465950418887773e-03 9.994725021929923292e-01
1.520621182537092447e+09 -7.628092169761657715e-01 -1.901733428239822388e-01 2.185717523097991943e-01 3.450439259589336422e-02 1.947153225208357250e-02 -1.335963607723680141e-02 9.991255308754893871e-01
1.520621182587069750e+09 -8.059203028678894043e-01 -1.911314278841018677e-01 2.196300774812698364e-01 3.583811951089997672e-02 2.060354304697999475e-02 -2.661852525606230382e-02 9.987905572826699663e-01
1.520621182637070656e+09 -8.479429483413696289e-01 -1.912737786769866943e-01 2.211835086345672607e-01 3.158117260988757558e-02 1.890499585517748174e-02 -3.825884445980360510e-02 9.985897513438141138e-01
1.520621182687072515e+09 -8.872252702713012695e-01 -1.908337026834487915e-01 2.230586707592010498e-01 2.721229325124196324e-02 1.662933046717862684e-02 -4.656812451547171633e-02 9.984059125642901211e-01
1.520621182737073660e+09 -9.243277907371520996e-01 -1.889962404966354370e-01 2.243990153074264526e-01 2.660166134138534227e-02 1.511874243028661115e-02 -5.408142943536638908e-02 9.980676200696184663e-01
1.520621182787075758e+09 -9.597318768501281738e-01 -1.855643540620803833e-01 2.235819399356842041e-01 2.858369842382564585e-02 1.504925103291042919e-02 -6.105595550512592229e-02 9.976114787456689115e-01
1.520621182837076664e+09 -9.939336776733398438e-01 -1.809793859720230103e-01 2.208670973777770996e-01 2.943269585595331000e-02 1.602645889067288304e-02 -6.791943741601683127e-02 9.971277847152630880e-01
1.520621182887078762e+09 -1.026884794235229492e+00 -1.752507984638214111e-01 2.171913981437683105e-01 2.778258093354503411e-02 1.681845958486968481e-02 -7.299358929170883525e-02 9.968034929393939647e-01
1.520621182937080622e+09 -1.058226823806762695e+00 -1.679197996854782104e-01 2.131307274103164673e-01 2.584456334161805771e-02 1.583503406229622157e-02 -7.460455753158057313e-02 9.967524618667585878e-01
1.520621182987081528e+09 -1.088020443916320801e+00 -1.593310236930847168e-01 2.082970142364501953e-01 2.551710638847356702e-02 1.504667013048359772e-02 -7.469193934465238882e-02 9.967665670539309630e-01
1.520621183037202358e+09 -1.116049289703369141e+00 -1.488933712244033813e-01 2.010872662067413330e-01 2.561160911468812057e-02 1.301387040155668751e-02 -6.936344475698261181e-02 9.971777159499569665e-01
1.520621183087203264e+09 -1.141791701316833496e+00 -1.388813704252243042e-01 1.913177967071533203e-01 2.549617615639329996e-02 1.020225274961652530e-02 -6.210097001133248890e-02 9.976920008519096772e-01
1.520621183137205124e+09 -1.165289521217346191e+00 -1.290660947561264038e-01 1.790295690298080444e-01 2.526840685226947741e-02 8.812643348247006098e-03 -5.731771358150726525e-02 9.979972568309759540e-01
1.520621183187206268e+09 -1.186395406723022461e+00 -1.190735921263694763e-01 1.637242883443832397e-01 2.396381130952997610e-02 8.401835489274912111e-03 -5.362566657518511720e-02 9.982381643637451285e-01
1.520621183237208128e+09 -1.204781413078308105e+00 -1.103996038436889648e-01 1.452701538801193237e-01 2.431574217543219785e-02 8.536300411162026439e-03 -5.187937861738656925e-02 9.983207932984378141e-01
1.520621183287209988e+09 -1.221696138381958008e+00 -1.008037254214286804e-01 1.219193786382675171e-01 2.755315314296021001e-02 9.015945386332362838e-03 -5.199325638655270809e-02 9.982265463165129749e-01
1.520621183337211132e+09 -1.235350131988525391e+00 -9.069056063890457153e-02 9.394688159227371216e-02 3.460609419928230290e-02 7.280107334257952117e-03 -5.073569538483570923e-02 9.980858217083785622e-01
1.520621183387213230e+09 -1.244895458221435547e+00 -7.949391752481460571e-02 6.379137188196182251e-02 4.473156567379850401e-02 4.241720035343758341e-03 -5.112069889586520754e-02 9.976811960681181146e-01
1.520621183437263489e+09 -1.251499533653259277e+00 -6.711590290069580078e-02 3.167702630162239075e-02 5.891638442096057415e-02 9.242056412626485239e-05 -5.311851041523154432e-02 9.968486720442918392e-01
1.520621183487265587e+09 -1.254972577095031738e+00 -5.284506827592849731e-02 -1.346611534245312214e-03 7.651960659429901668e-02 -5.027197176343129945e-03 -5.745392894887226681e-02 9.953986754780929092e-01
1.520621183537267447e+09 -1.254608273506164551e+00 -3.615518659353256226e-02 -3.479176014661788940e-02 9.443537591206740966e-02 -1.149593070918321185e-02 -5.947676112244374563e-02 9.936862272568035559e-01
1.520621183587268353e+09 -1.251018524169921875e+00 -1.882524415850639343e-02 -6.758541613817214966e-02 1.080510721811882430e-01 -1.787747866548014194e-02 -6.151271787953345449e-02 9.920794056405636274e-01
1.520621183637270689e+09 -1.244445204734802246e+00 8.679120219312608242e-04 -9.733007103204727173e-02 1.165154786746000343e-01 -2.303389806533488043e-02 -6.460525768034006133e-02 9.908177145414798215e-01
1.520621183687271595e+09 -1.235426425933837891e+00 2.197790704667568207e-02 -1.238118931651115417e-01 1.204363814005420114e-01 -2.652894247684405710e-02 -6.981671376994215417e-02 9.899075308959768282e-01
1.520621183737273455e+09 -1.223835706710815430e+00 4.529103264212608337e-02 -1.464300006628036499e-01 1.223459666343211932e-01 -2.900000221428655767e-02 -7.571856987222803925e-02 9.891699361062230578e-01
1.520621183787274599e+09 -1.210093021392822266e+00 6.996029615402221680e-02 -1.675536036491394043e-01 1.243920891495734343e-01 -2.851021390035089753e-02 -8.150224674115393031e-02 9.884690989790753113e-01
1.520621183837821722e+09 -1.193537950515747070e+00 9.704574942588806152e-02 -1.873712688684463501e-01 1.278385612321766007e-01 -2.490564884106475502e-02 -8.504581074405301311e-02 9.878280320950499904e-01
1.520621183887823820e+09 -1.174139618873596191e+00 1.254982799291610718e-01 -2.056779414415359497e-01 1.342291796155744843e-01 -1.837257246826007329e-02 -8.636884905920129418e-02 9.870083068712327545e-01
1.520621183937824488e+09 -1.150324702262878418e+00 1.556614339351654053e-01 -2.225895524024963379e-01 1.424520898517232792e-01 -1.030668049347985803e-02 -8.651111206521104602e-02 9.859599393095656028e-01
1.520621183987825871e+09 -1.122614145278930664e+00 1.858421266078948975e-01 -2.363546788692474365e-01 1.504039409543149741e-01 -3.395857161103418755e-03 -8.610991808206452935e-02 9.848615154972054642e-01
1.520621184037827730e+09 -1.090918540954589844e+00 2.157987803220748901e-01 -2.471832782030105591e-01 1.554665387519255371e-01 7.963579698202804310e-04 -8.429221651893277489e-02 9.842379505875626933e-01
1.520621184087829590e+09 -1.056605339050292969e+00 2.455112785100936890e-01 -2.522181570529937744e-01 1.570040261268050297e-01 3.477849943709624640e-03 -8.035181338303175325e-02 9.843176450850614767e-01
1.520621184137830734e+09 -1.018265128135681152e+00 2.735541164875030518e-01 -2.562457323074340820e-01 1.571097803261261860e-01 7.283258635287098021e-03 -7.405897146305416567e-02 9.847734459333081780e-01
1.520621184187832594e+09 -9.768301248550415039e-01 3.001472949981689453e-01 -2.592318654060363770e-01 1.564089607005876015e-01 1.278111205548327148e-02 -6.435425378471766600e-02 9.855107357137207202e-01
1.520621184238219261e+09 -9.317913651466369629e-01 3.250012993812561035e-01 -2.606868445873260498e-01 1.556669588424512418e-01 1.776245569861607809e-02 -5.063261725413039510e-02 9.863511703051272006e-01
1.520621184288178205e+09 -8.829315900802612305e-01 3.480333387851715088e-01 -2.616969943046569824e-01 1.573482172781287547e-01 2.329638218606003286e-02 -3.439166480806406245e-02 9.866691595910787038e-01
1.520621184338179350e+09 -8.335347771644592285e-01 3.674767613410949707e-01 -2.606164515018463135e-01 1.610674844368175096e-01 3.087240803756432367e-02 -1.941787248694542417e-02 9.862692868112837852e-01
1.520621184388181448e+09 -7.831249833106994629e-01 3.827292025089263916e-01 -2.571407258510589600e-01 1.643043156726597676e-01 3.179134421318873666e-02 -7.590836362527946142e-03 9.858680345197194939e-01
1.520621184438182354e+09 -7.321529984474182129e-01 3.937577605247497559e-01 -2.511041760444641113e-01 1.691943288499847264e-01 2.546757281182593716e-02 1.993551943456180458e-03 9.852515960762134872e-01
1.520621184488184452e+09 -6.798542737960815430e-01 4.000953137874603271e-01 -2.433624714612960815e-01 1.769910708034765356e-01 1.676187063107414943e-02 8.915301186989459115e-03 9.840293277913676473e-01
1.520621184538186312e+09 -6.275272965431213379e-01 4.018794596195220947e-01 -2.363616228103637695e-01 1.844376724827916092e-01 1.428494379144521972e-02 1.634037079769087505e-02 9.826045377628783717e-01
1.520621184588187218e+09 -5.741694569587707520e-01 3.991098403930664062e-01 -2.284032553434371948e-01 1.860686981998355416e-01 1.648538927207192015e-02 2.683394207867123918e-02 9.820318788324976511e-01
1.520621184638125658e+09 -5.188102722167968750e-01 3.924481570720672607e-01 -2.172462791204452515e-01 1.797900893082946261e-01 1.946870740219744378e-02 3.875307626987382903e-02 9.827485397080092389e-01
1.520621184688126802e+09 -4.615322649478912354e-01 3.829528689384460449e-01 -2.009235024452209473e-01 1.667930351896206032e-01 1.999883195533133651e-02 5.215321813789758343e-02 9.844085391596912871e-01
1.520621184738128662e+09 -4.028955698013305664e-01 3.723666667938232422e-01 -1.791329234838485718e-01 1.493126869174048188e-01 1.920250951133618128e-02 6.782001866508859111e-02 9.862745207203921227e-01
1.520621184788129568e+09 -3.438936471939086914e-01 3.615079820156097412e-01 -1.521696448326110840e-01 1.302392223708876140e-01 2.226752109406701999e-02 7.995810598993774443e-02 9.880023298287579081e-01
1.520621184838131905e+09 -2.860499918460845947e-01 3.515983819961547852e-01 -1.201448515057563782e-01 1.097713164164613592e-01 2.194986446060070637e-02 8.792811446543460918e-02 9.898167043594040537e-01
1.520621184888133764e+09 -2.291138768196105957e-01 3.431868255138397217e-01 -8.542744815349578857e-02 8.771195281766706875e-02 1.168995166879849452e-02 9.662140926892996695e-02 9.913799784309638152e-01
1.520621184938134670e+09 -1.736436486244201660e-01 3.364155292510986328e-01 -5.082179233431816101e-02 6.481620491881479040e-02 3.660203323125262552e-03 1.043065757799869486e-01 9.924241032646322624e-01
1.520621184988136768e+09 -1.198177412152290344e-01 3.307604789733886719e-01 -1.681958511471748352e-02 4.354484104255838817e-02 -4.481834076387720446e-03 1.127172786329053988e-01 9.926623671115381020e-01
1.520621185037559032e+09 -6.746534258127212524e-02 3.256944715976715088e-01 1.457573194056749344e-02 2.634253724335350322e-02 -1.360990013372256717e-02 1.216999887923854579e-01 9.921239610441155987e-01
1.520621185087561131e+09 -1.486434042453765869e-02 3.220994472503662109e-01 4.291731864213943481e-02 1.562513240583467133e-02 -2.411902347758649451e-02 1.311164362578372267e-01 9.909503560152911339e-01
1.520621185137562275e+09 3.799169883131980896e-02 3.189226388931274414e-01 6.651290506124496460e-02 9.958394497641845020e-03 -3.258883480602085131e-02 1.430621997342369223e-01 9.891268903594809814e-01
1.520621185187564135e+09 9.087286889553070068e-02 3.171797394752502441e-01 8.421542495489120483e-02 7.868087250191368662e-03 -3.638638650911571459e-02 1.542711587263522199e-01 9.873269639106698747e-01
1.520621185237565994e+09 1.446206718683242798e-01 3.159560859203338623e-01 9.648197889328002930e-02 7.895224449809664508e-03 -4.042050845217928789e-02 1.679710388669101440e-01 9.849312554840188305e-01
1.520621185287568331e+09 1.989649832248687744e-01 3.157183825969696045e-01 1.021681725978851318e-01 8.908563694228028781e-03 -3.933307294220443617e-02 1.796446037581060917e-01 9.829045544743507667e-01
1.520621185337569237e+09 2.530383169651031494e-01 3.163938224315643311e-01 1.026514247059822083e-01 1.300932812941162087e-02 -3.719310013978571056e-02 1.900757512370103985e-01 9.809784092809071820e-01
1.520621185387571096e+09 3.060929477214813232e-01 3.179416358470916748e-01 9.746193140745162964e-02 2.078118920834321620e-02 -3.529359028606248588e-02 1.992704421769019851e-01 9.790882470617389144e-01
1.520621185437573195e+09 3.577419221401214600e-01 3.201002478599548340e-01 8.710243552923202515e-02 3.157403407405585255e-02 -3.247062951730825958e-02 2.080911753513704221e-01 9.770602854133030313e-01
1.520621185487186670e+09 4.066678881645202637e-01 3.216995000839233398e-01 7.300937175750732422e-02 4.351363881543102857e-02 -2.739268791364077998e-02 2.188376686459712894e-01 9.744056027484151450e-01
1.520621185537187576e+09 4.536843895912170410e-01 3.236419856548309326e-01 5.533770099282264709e-02 5.772319607997356689e-02 -2.136011161183305057e-02 2.317098447620800916e-01 9.708358904091750619e-01
1.520621185587188721e+09 4.981561005115509033e-01 3.257015943527221680e-01 3.527351096272468567e-02 7.555497282171745599e-02 -1.566690174274515748e-02 2.461741963013377166e-01 9.661491910399154781e-01
1.520621185637190819e+09 5.399064421653747559e-01 3.277415633201599121e-01 1.370486989617347717e-02 9.597917813018493061e-02 -8.738438072380201940e-03 2.608291349635469825e-01 9.605622308938016607e-01
1.520621185687195778e+09 5.789046287536621094e-01 3.284220397472381592e-01 -7.390180137008428574e-03 1.168540705921614631e-01 2.031153515791814159e-03 2.745599126575112292e-01 9.544411217895722999e-01
1.520621185737193823e+09 6.145548224449157715e-01 3.271669447422027588e-01 -2.502385526895523071e-02 1.353799849660025090e-01 1.100350450652361374e-02 2.898165285397668045e-01 9.473951458311037355e-01
1.520621185787195683e+09 6.481930613517761230e-01 3.231807649135589600e-01 -3.799748420715332031e-02 1.477437665325974370e-01 1.536412899723979195e-02 3.064372930063101186e-01 9.402297104675443329e-01
1.520621185837198019e+09 6.791689395904541016e-01 3.150046169757843018e-01 -4.509956017136573792e-02 1.529600116297266388e-01 1.599304504764857346e-02 3.216510891392595495e-01 9.342847714738081732e-01
1.520621185887492180e+09 7.073099613189697266e-01 3.023312091827392578e-01 -4.566595330834388733e-02 1.523476048763919566e-01 1.121837891850006007e-02 3.358472187916334839e-01 9.294466100281350007e-01
1.520621185937395096e+09 7.322700619697570801e-01 2.843726873397827148e-01 -4.005579650402069092e-02 1.459467037981866944e-01 6.026337079068397329e-03 3.471193731179193498e-01 9.263754010756527490e-01
1.520621185987397194e+09 7.510756254196166992e-01 2.607342600822448730e-01 -2.581524662673473358e-02 1.344623319030924247e-01 1.144467769911434226e-03 3.557129840064478521e-01 9.248712583391999198e-01
1.520621186037398100e+09 7.640311717987060547e-01 2.320076227188110352e-01 -2.713277237489819527e-03 1.172784125909037550e-01 -6.024280128487819255e-03 3.628832418610231092e-01 9.244053411602106696e-01
1.520621186087399960e+09 7.702649235725402832e-01 1.989638507366180420e-01 2.714732103049755096e-02 9.636267230035412690e-02 -1.525897711906354891e-02 3.675701005142293365e-01 9.248641090519048591e-01
1.520621186137402296e+09 7.719604969024658203e-01 1.622574329376220703e-01 6.055961549282073975e-02 7.576091483982816399e-02 -2.500657330543566009e-02 3.690231392008205824e-01 9.259896747850506760e-01
1.520621186187403202e+09 7.679582834243774414e-01 1.259105056524276733e-01 9.582409262657165527e-02 5.716358047108684864e-02 -3.590318650098431319e-02 3.730070594948363683e-01 9.253696665840179802e-01
1.520621186237405062e+09 7.572596669197082520e-01 9.009045362472534180e-02 1.306441426277160645e-01 3.933005565034177614e-02 -4.117361993652909891e-02 3.722286969550529512e-01 9.263928307726730926e-01
1.520621186287542582e+09 7.410678267478942871e-01 5.461262539029121399e-02 1.637761890888214111e-01 2.266253943981097474e-02 -4.590066599602829478e-02 3.674402894628155392e-01 9.286372660230378662e-01
1.520621186337544680e+09 7.189878225326538086e-01 1.906668767333030701e-02 1.940434575080871582e-01 7.455557506281047277e-03 -5.069705418029783750e-02 3.557348213896061040e-01 9.331810972210140553e-01
1.520621186387545586e+09 6.916005611419677734e-01 -1.635735295712947845e-02 2.205199599266052246e-01 -4.694262235524720647e-03 -5.644191087604074480e-02 3.416713865551799234e-01 9.381113677001181594e-01
1.520621186437547684e+09 6.590667963027954102e-01 -5.133501440286636353e-02 2.413734942674636841e-01 -1.390745954833047526e-02 -6.252991400836466207e-02 3.288335200299606909e-01 9.422128785618055780e-01
1.520621186487549782e+09 6.235605478286743164e-01 -8.491940796375274658e-02 2.572106719017028809e-01 -1.949944396404996658e-02 -6.806127248834609178e-02 3.175761774571369545e-01 9.455859592781995504e-01
1.520621186537550688e+09 5.850487947463989258e-01 -1.172437518835067749e-01 2.666319906711578369e-01 -2.131298029981160483e-02 -6.859371168602208801e-02 3.078213082062191130e-01 9.487289928120077320e-01
1.520621186587552547e+09 5.441861748695373535e-01 -1.473285108804702759e-01 2.693683803081512451e-01 -2.032190144170567189e-02 -6.558426325644466093e-02 2.989871138288801022e-01 9.517838150016941778e-01
1.520621186637553692e+09 5.013161301612854004e-01 -1.744585037231445312e-01 2.660799622535705566e-01 -1.823047399150231826e-02 -6.051673862580585900e-02 2.899749039664116235e-01 9.549449875431628154e-01
1.520621186687119007e+09 4.579660892486572266e-01 -1.992250829935073853e-01 2.560025453567504883e-01 -1.492859986038844004e-02 -5.765714884679242619e-02 2.816197879867513576e-01 9.576758768536275390e-01
1.520621186737120152e+09 4.138857722282409668e-01 -2.221173495054244995e-01 2.407398670911788940e-01 -9.855717870293023361e-03 -5.711813364462375864e-02 2.752012475956190363e-01 9.596377738272034996e-01
1.520621186787122011e+09 3.690751194953918457e-01 -2.427262812852859497e-01 2.210050523281097412e-01 -8.119654417334438729e-04 -6.000036404234480869e-02 2.667238427845949889e-01 9.619031597396519029e-01
1.520621186837123871e+09 3.241761624813079834e-01 -2.636410892009735107e-01 1.979051977396011353e-01 1.199974320307080691e-02 -6.512584854912313592e-02 2.541665864077190529e-01 9.648906551354224925e-01
1.520621186887126207e+09 2.781610786914825439e-01 -2.846984863281250000e-01 1.715652495622634888e-01 2.643675835519281037e-02 -7.388905956208295656e-02 2.403191702017545561e-01 9.675165120649052986e-01
1.520621186937127113e+09 2.306666523218154907e-01 -3.058231770992279053e-01 1.428091377019882202e-01 4.156083431400610373e-02 -7.939441899028354399e-02 2.259479662051323279e-01 9.700086287513546290e-01
1.520621186987128019e+09 1.816848814487457275e-01 -3.246545195579528809e-01 1.121381670236587524e-01 5.665656356907906172e-02 -7.819594919029526636e-02 2.105792539430746957e-01 9.727958702336014785e-01
1.520621187037130117e+09 1.309186965227127075e-01 -3.405856490135192871e-01 8.034909516572952271e-02 7.001444490938192600e-02 -7.441475022959884167e-02 1.906394157226836139e-01 9.763283441676837704e-01
1.520621187087210178e+09 7.819058746099472046e-02 -3.526460230350494385e-01 4.995888471603393555e-02 8.075601343288900391e-02 -7.482211791994394789e-02 1.654207205283027005e-01 9.800592340181782935e-01
1.520621187137211323e+09 2.422454580664634705e-02 -3.593983054161071777e-01 2.358738332986831665e-02 8.938080674823110916e-02 -7.935886703447034285e-02 1.401951439657440623e-01 9.828827820327635800e-01
1.520621187187213182e+09 -3.143482655286788940e-02 -3.624217510223388672e-01 -1.702579320408403873e-03 9.515464266279011207e-02 -8.345625514824442370e-02 1.137994001540360289e-01 9.854087192535539996e-01
1.520621187237214327e+09 -8.823780715465545654e-02 -3.621997237205505371e-01 -2.541431784629821777e-02 9.785773537158819202e-02 -8.430415333383751986e-02 8.373533876211504412e-02 9.880815079744195151e-01
1.520621187287216187e+09 -1.460254490375518799e-01 -3.574564754962921143e-01 -4.756060987710952759e-02 9.976528878068911810e-02 -8.485500875164073142e-02 5.243038148591864372e-02 9.899987725959593643e-01
1.520621187337217093e+09 -2.036355137825012207e-01 -3.478805422782897949e-01 -6.643280386924743652e-02 1.036091785875591087e-01 -8.933470109083002653e-02 2.320006973467286793e-02 9.903263129179843416e-01
1.520621187387219191e+09 -2.613317668437957764e-01 -3.337268233299255371e-01 -8.281613886356353760e-02 1.105990876268381634e-01 -9.190601397450634535e-02 -5.372746579788613246e-03 9.895919664213217448e-01
1.520621187437220097e+09 -3.196215629577636719e-01 -3.164892792701721191e-01 -9.682022780179977417e-02 1.179366650479189010e-01 -9.186108544198504089e-02 -3.252610984150904050e-02 9.882279778458882280e-01
1.520621187487906218e+09 -3.786373734474182129e-01 -2.966046929359436035e-01 -1.071341484785079956e-01 1.234756713076398948e-01 -9.176985402382098478e-02 -5.878634419601005273e-02 9.863448779324818227e-01
1.520621187537907362e+09 -4.374382197856903076e-01 -2.750606536865234375e-01 -1.121842637658119202e-01 1.255629512995796171e-01 -9.400719428989895432e-02 -8.245414517193419557e-02 9.841737177077256593e-01
1.520621187587909222e+09 -4.960617423057556152e-01 -2.523525953292846680e-01 -1.116063818335533142e-01 1.237422452762502872e-01 -9.606227456128306474e-02 -1.046987337591620409e-01 9.820886270033540866e-01
1.520621187637911081e+09 -5.542829632759094238e-01 -2.291161119937896729e-01 -1.045984402298927307e-01 1.182988871438718087e-01 -9.430303339889854752e-02 -1.257167298230225938e-01 9.804629595425280453e-01
1.520621187687912226e+09 -6.110173463821411133e-01 -2.049042880535125732e-01 -9.253846108913421631e-02 1.123246041916019650e-01 -8.559244224355301578e-02 -1.467513905923736039e-01 9.790409319753636819e-01
1.520621187737914324e+09 -6.655303239822387695e-01 -1.831327974796295166e-01 -7.472056895494461060e-02 1.078161762725634021e-01 -7.342749201116854918e-02 -1.659004713593787150e-01 9.774769097803023277e-01
1.520621187787914991e+09 -7.162877321243286133e-01 -1.633009165525436401e-01 -5.290828645229339600e-02 1.047616067204044515e-01 -5.872085949298342517e-02 -1.860301340549802562e-01 9.751767304654325175e-01
1.520621187837917328e+09 -7.596188783645629883e-01 -1.463845074176788330e-01 -2.764957770705223083e-02 9.935584802319939735e-02 -4.783237791920964821e-02 -2.028557239331170159e-01 9.729799763375174271e-01
1.520621187887918234e+09 -7.963627576828002930e-01 -1.332906335592269897e-01 2.055155811831355095e-03 9.015737128204226458e-02 -3.744041031063334579e-02 -2.179196095339267503e-01 9.710720405097988950e-01
1.520621187938206196e+09 -8.255165815353393555e-01 -1.245705783367156982e-01 3.486983478069305420e-02 7.788880855911242684e-02 -2.609534542021733211e-02 -2.312988770505882141e-01 9.694086836436830446e-01
1.520621187988207340e+09 -8.476462960243225098e-01 -1.191754192113876343e-01 6.908743083477020264e-02 6.431252692352733280e-02 -1.589999767760319829e-02 -2.426025506427464951e-01 9.678610909506570881e-01
1.520621188038209438e+09 -8.626238107681274414e-01 -1.170127317309379578e-01 1.040658950805664062e-01 5.064004344674930685e-02 -9.767892881479054920e-03 -2.497758297696448804e-01 9.669292679049760197e-01
1.520621188088211298e+09 -8.708729743957519531e-01 -1.175149232149124146e-01 1.394430696964263916e-01 3.893770452733800319e-02 -5.175603757068822537e-03 -2.528712323329401213e-01 9.667022334464276945e-01
1.520621188138212442e+09 -8.719493150711059570e-01 -1.203672289848327637e-01 1.736858338117599487e-01 3.038794021302193213e-02 -1.102243261617303922e-03 -2.511117033484832617e-01 9.674803721992635275e-01
1.520621188188214302e+09 -8.657665252685546875e-01 -1.245776712894439697e-01 2.063581794500350952e-01 2.316005619504589788e-02 4.484275638173110083e-03 -2.464636910476932785e-01 9.688648781250099873e-01
1.520621188238215208e+09 -8.532005548477172852e-01 -1.290725618600845337e-01 2.373127639293670654e-01 1.405880040565413505e-02 1.219408679011906374e-02 -2.382255046110867691e-01 9.710315460021379241e-01
1.520621188288217545e+09 -8.343459963798522949e-01 -1.340103000402450562e-01 2.662274241447448730e-01 4.231366563821150652e-03 2.015305759387235607e-02 -2.273886824829519926e-01 9.735863273923314187e-01
1.520621188337701797e+09 -8.094663619995117188e-01 -1.387188732624053955e-01 2.926061749458312988e-01 -6.570587245662745483e-03 2.679621927603190526e-02 -2.152148736053626776e-01 9.761769041494404719e-01
1.520621188387703657e+09 -7.783785462379455566e-01 -1.430530101060867310e-01 3.163188397884368896e-01 -1.645226145572040513e-02 3.429069219476728325e-02 -2.029775440981782253e-01 9.784444736997948144e-01
1.520621188437705517e+09 -7.428312897682189941e-01 -1.465707719326019287e-01 3.359389007091522217e-01 -2.564063151662853562e-02 4.073392666870534473e-02 -1.890343309762169688e-01 9.807901543887720397e-01
1.520621188487706661e+09 -7.033713459968566895e-01 -1.496779173612594604e-01 3.501430153846740723e-01 -3.320626884502191067e-02 4.102380536688073759e-02 -1.717207565291336002e-01 9.837308437167529007e-01
1.520621188537708521e+09 -6.598127484321594238e-01 -1.538971364498138428e-01 3.562862575054168701e-01 -3.654841300895646239e-02 3.516148744326012821e-02 -1.533523188208505417e-01 9.868692667317046086e-01
1.520621188587710619e+09 -6.141757369041442871e-01 -1.565586179494857788e-01 3.533582687377929688e-01 -3.821155522247241670e-02 2.906202223377531146e-02 -1.368173990299103304e-01 9.894322994696775897e-01
1.520621188637711763e+09 -5.667493343353271484e-01 -1.588758081197738647e-01 3.423652350902557373e-01 -3.980154000115095764e-02 2.168715651779158995e-02 -1.231409183737814661e-01 9.913535287059663803e-01
1.520621188687713623e+09 -5.169180035591125488e-01 -1.595234572887420654e-01 3.236953318119049072e-01 -3.761134121170933708e-02 1.560093482809552824e-02 -1.117634125062049594e-01 9.929002656207287503e-01
1.520621188737129211e+09 -4.663749039173126221e-01 -1.574854552745819092e-01 2.990135550498962402e-01 -3.095175714113728924e-02 1.117405792594275415e-02 -1.036434638015018977e-01 9.940699983253544758e-01
1.520621188787131310e+09 -4.142577946186065674e-01 -1.533075124025344849e-01 2.686911821365356445e-01 -2.074098375454560064e-02 3.635064188723786081e-03 -9.513389948116253436e-02 9.952417490593656879e-01
1.520621188837133169e+09 -3.614360094070434570e-01 -1.463402062654495239e-01 2.347961068153381348e-01 -7.195778459421629109e-03 -6.397652729992022759e-03 -8.434445179669720905e-02 9.963901365745366778e-01
1.520621188887134314e+09 -3.075087070465087891e-01 -1.365235298871994019e-01 1.987345665693283081e-01 1.155595851807351623e-02 -1.524093371817349107e-02 -7.048558430869632241e-02 9.973294120634307314e-01
1.520621188937136173e+09 -2.534773349761962891e-01 -1.244258135557174683e-01 1.615201532840728760e-01 3.340601541531892232e-02 -2.042166698157496518e-02 -5.727223294857948510e-02 9.975905397430595567e-01
1.520621188987137079e+09 -1.994669139385223389e-01 -1.105529069900512695e-01 1.255356967449188232e-01 5.415457217473864521e-02 -2.456681494287588086e-02 -4.343892790164086831e-02 9.972847203576767905e-01
1.520621189037139177e+09 -1.450266093015670776e-01 -9.539139270782470703e-02 9.216842800378799438e-02 7.102767193645802279e-02 -2.932115195545782413e-02 -2.837041691778592958e-02 9.966395834559267364e-01
1.520621189087140083e+09 -9.026308357715606689e-02 -7.875289767980575562e-02 6.232156604528427124e-02 8.463322407107289058e-02 -3.177593289369530505e-02 -1.361064898029657258e-02 9.958123606917148596e-01
1.520621189137263536e+09 -3.523710742592811584e-02 -6.048966944217681885e-02 3.770622983574867249e-02 9.479126269025024698e-02 -3.279538802608737702e-02 1.709529186953794890e-03 9.949553540494997517e-01
1.520621189187213421e+09 1.911496184766292572e-02 -4.193383455276489258e-02 1.874610222876071930e-02 1.009903071262097662e-01 -3.369862852507621992e-02 1.726413836270485752e-02 9.941666408749973982e-01
1.520621189237214565e+09 7.215523719787597656e-02 -2.300554886460304260e-02 6.204850040376186371e-03 1.040617564369910458e-01 -3.737589216110214635e-02 3.435987861252386838e-02 9.932741777949041229e-01
1.520621189287216425e+09 1.241737604141235352e-01 -3.745038993656635284e-03 1.057973349816165864e-05 1.070374982012259751e-01 -4.113515128402290416e-02 5.567079324982461552e-02 9.918425460155450013e-01
1.520621189337218285e+09 1.747736632823944092e-01 1.619804650545120239e-02 -1.974167826119810343e-04 1.124464257337553785e-01 -4.382241454501492606e-02 7.830469198061670855e-02 9.895977832114261075e-01
1.520621189387219667e+09 2.233278900384902954e-01 3.589550778269767761e-02 5.243817809969186783e-03 1.196078647888735996e-01 -4.647489680473062407e-02 1.011279824270394645e-01 9.865633146523705710e-01
1.520621189437221527e+09 2.676033377647399902e-01 5.482304468750953674e-02 1.577503047883510590e-02 1.254910389365292978e-01 -4.617431423059183832e-02 1.222865292958178474e-01 9.834459500169534518e-01
1.520621189487222433e+09 3.073252439498901367e-01 7.200555503368377686e-02 3.274520486593246460e-02 1.244070802501292400e-01 -4.681425353670371631e-02 1.410264875458608347e-01 9.810417085220771716e-01
1.520621189537683249e+09 3.420541584491729736e-01 8.686878532171249390e-02 5.648070573806762695e-02 1.149350354454315160e-01 -5.173557025344256710e-02 1.590302069943564378e-01 9.791949559005299619e-01
1.520621189587684393e+09 3.705030083656311035e-01 9.930201619863510132e-02 8.449313044548034668e-02 1.006297035954266533e-01 -5.693160399358977025e-02 1.747104420257213908e-01 9.778081185325629976e-01
1.520621189637686253e+09 3.922209143638610840e-01 1.097808256745338440e-01 1.173264980316162109e-01 8.684563666584184383e-02 -5.925954898667409876e-02 1.870289451342014020e-01 9.767119918010571666e-01
1.520621189687688351e+09 4.068802595138549805e-01 1.181530207395553589e-01 1.514445394277572632e-01 7.571001050841601188e-02 -5.944940212209883640e-02 1.970227878691902801e-01 9.756617159427710684e-01
1.520621189737689495e+09 4.141480922698974609e-01 1.243799030780792236e-01 1.855348497629165649e-01 6.639690060296848939e-02 -5.759850983273374220e-02 2.030648026167395370e-01 9.752120534497061843e-01
1.520621189787691355e+09 4.142656326293945312e-01 1.272272914648056030e-01 2.176509052515029907e-01 5.759052608149708291e-02 -5.567965330799753976e-02 2.059678005606486173e-01 9.752745114301749618e-01
1.520621189837692261e+09 4.076872766017913818e-01 1.274628490209579468e-01 2.480886727571487427e-01 4.892009039086708810e-02 -5.393405909921102082e-02 2.064181679353445653e-01 9.757507273742859200e-01
1.520621189887694359e+09 3.950124979019165039e-01 1.256610602140426636e-01 2.766543626785278320e-01 3.833970791126886657e-02 -5.305964859902875114e-02 2.057757670862760124e-01 9.764072276298864095e-01
1.520621189937695265e+09 3.760626912117004395e-01 1.213987916707992554e-01 3.039037883281707764e-01 2.472662268114534864e-02 -5.064311048665082887e-02 2.000882545620884800e-01 9.781556930659444093e-01
1.520621189987427711e+09 3.514483869075775146e-01 1.145523414015769958e-01 3.284750878810882568e-01 8.321695012777427167e-03 -5.089047913313543559e-02 1.923055197850029874e-01 9.799793342647252770e-01
1.520621190037428617e+09 3.212375640869140625e-01 1.058140769600868225e-01 3.504157364368438721e-01 -8.264645112139918162e-03 -4.991493250206485016e-02 1.808915107349555462e-01 9.822008228964735910e-01
1.520621190087431431e+09 2.861844301223754883e-01 9.597579389810562134e-02 3.675803244113922119e-01 -2.202105353889436193e-02 -4.734539651823922723e-02 1.678852303636636234e-01 9.844226917616778483e-01
1.520621190137433767e+09 2.466621547937393188e-01 8.504869788885116577e-02 3.788391053676605225e-01 -3.119520303951368173e-02 -4.284429204720179019e-02 1.532932380589497323e-01 9.867585363764023176e-01
1.520621190187433481e+09 2.039983570575714111e-01 7.354803383350372314e-02 3.827358186244964600e-01 -3.427220956872385066e-02 -3.927458110258418011e-02 1.393133281288566339e-01 9.888754823212857481e-01
1.520621190237435818e+09 1.589336544275283813e-01 6.197536364197731018e-02 3.784443736076354980e-01 -3.110660197403928434e-02 -3.449663845090068792e-02 1.240590495742820432e-01 9.911870224472988378e-01
1.520621190287437677e+09 1.112096160650253296e-01 5.073505267500877380e-02 3.663515150547027588e-01 -2.371158551751226598e-02 -3.052007483350629297e-02 1.080220451809078136e-01 9.933969616922213586e-01
1.520621190337438583e+09 6.252390891313552856e-02 3.838836774230003357e-02 3.474771678447723389e-01 -1.432833869054188185e-02 -2.787288750258794939e-02 9.238609383637677586e-02 9.952299284679361202e-01
1.520621190387228251e+09 1.272800471633672714e-02 2.704788930714130402e-02 3.233906924724578857e-01 -2.917954380136425323e-03 -2.875282717696297022e-02 7.860679694865550793e-02 9.964866943140986422e-01
1.520621190437230349e+09 -3.691710159182548523e-02 1.723230071365833282e-02 2.960044145584106445e-01 8.808658009087165508e-03 -3.275405076006947247e-02 6.752583040159899908e-02 9.971408335493338049e-01
1.520621190487231255e+09 -8.745481073856353760e-02 8.532448671758174896e-03 2.650408148765563965e-01 2.160053143741733767e-02 -3.774584833872923761e-02 5.568327760733647602e-02 9.975008975282754209e-01
1.520621190537232399e+09 -1.386554390192031860e-01 9.577908203937113285e-04 2.314928472042083740e-01 3.651027214489529354e-02 -4.026535341818589242e-02 4.019272143655762408e-02 9.977125069304972893e-01
1.520621190587234497e+09 -1.902254223823547363e-01 -4.729018080979585648e-03 1.960246413946151733e-01 5.354753851621506244e-02 -4.130237898877701930e-02 2.361672917156694418e-02 9.974312130227122042e-01
1.520621190637236357e+09 -2.414612174034118652e-01 -8.097484707832336426e-03 1.588397622108459473e-01 7.274572871984767708e-02 -4.209272317931841284e-02 4.825548918704307758e-03 9.964501872577479213e-01
1.520621190687237501e+09 -2.929070591926574707e-01 -8.572977036237716675e-03 1.221140623092651367e-01 9.146652179582401287e-02 -4.181570472370905317e-02 -1.580262896183329616e-02 9.948043019342690529e-01
1.520621190737238407e+09 -3.444146215915679932e-01 -6.292357575148344040e-03 8.639986813068389893e-02 1.072890706300352187e-01 -3.813630901944742302e-02 -3.872046058684960879e-02 9.927413576504501291e-01
1.520621190787284374e+09 -3.952558338642120361e-01 -1.722411951050162315e-03 5.333306640386581421e-02 1.186494947343247203e-01 -3.525345162836424767e-02 -6.300496551964070158e-02 9.903079651640922521e-01
1.520621190837285519e+09 -4.464029073715209961e-01 5.164080765098333359e-03 2.487878501415252686e-02 1.249927067644838741e-01 -3.063380926133963192e-02 -8.770409288367486678e-02 9.877987573778777008e-01
1.520621190887287378e+09 -4.967420697212219238e-01 1.418584678322076797e-02 1.983810449019074440e-03 1.270947120080060944e-01 -2.541011867926588202e-02 -1.117859374610883361e-01 9.852437080409360837e-01
1.520621190937289238e+09 -5.456084609031677246e-01 2.536740712821483612e-02 -1.332653407007455826e-02 1.288087342774147659e-01 -2.201586918610810850e-02 -1.337496016046202385e-01 9.823617742707805300e-01
1.520621190987290382e+09 -5.918795466423034668e-01 3.909698873758316040e-02 -2.093804441392421722e-02 1.330050352253135115e-01 -1.610549693158683238e-02 -1.565787015615734135e-01 9.785363477104932484e-01
1.520621191037292480e+09 -6.362112760543823242e-01 5.359376966953277588e-02 -2.047101780772209167e-02 1.363151741530637118e-01 -9.838077615414848182e-03 -1.800940233089811937e-01 9.741085813670039562e-01
1.520621191087293386e+09 -6.770836710929870605e-01 6.800212711095809937e-02 -1.109577156603336334e-02 1.361683468412240028e-01 -2.828506541459828525e-03 -2.027521148792728600e-01 9.697122051316334757e-01
1.520621191137295485e+09 -7.127290964126586914e-01 8.209928125143051147e-02 8.224435150623321533e-03 1.310134797955527231e-01 4.232847965749211155e-03 -2.236219146075150710e-01 9.658213035635673238e-01
1.520621191188118458e+09 -7.413730025291442871e-01 9.451459348201751709e-02 3.742557018995285034e-02 1.202608565328126405e-01 1.107283235780114755e-02 -2.421096999065781297e-01 9.627032834579494214e-01
1.520621191238120317e+09 -7.617462873458862305e-01 1.047127842903137207e-01 7.368426769971847534e-02 1.055181912786161136e-01 1.801116937594510192e-02 -2.578572909985566430e-01 9.602349330064419153e-01
1.520621191288122177e+09 -7.737037539482116699e-01 1.128270030021667480e-01 1.156770363450050354e-01 8.711463538620750624e-02 2.549777988522637651e-02 -2.700589765231365957e-01 9.585557118507660457e-01
1.520621191338123322e+09 -7.774271368980407715e-01 1.186119318008422852e-01 1.603406667709350586e-01 6.617389423342323607e-02 3.460184009700009028e-02 -2.765386320695789046e-01 9.580971314835314834e-01
1.520621191388125181e+09 -7.725749015808105469e-01 1.216851770877838135e-01 2.060068994760513306e-01 4.341530322925452740e-02 4.308524624203877856e-02 -2.785694830180520110e-01 9.584663875863513871e-01
1.520621191438126326e+09 -7.596332430839538574e-01 1.221064180135726929e-01 2.514572441577911377e-01 2.377380865028437887e-02 5.131570353670802248e-02 -2.755527948123626114e-01 9.596208427623321713e-01
1.520621191488128424e+09 -7.389817833900451660e-01 1.208351030945777893e-01 2.945994138717651367e-01 9.023328152408463185e-03 5.894683197361185595e-02 -2.696034562665186596e-01 9.611232111017172786e-01
1.520621191538129330e+09 -7.125122547149658203e-01 1.169347465038299561e-01 3.340883851051330566e-01 -2.819830997411586215e-03 6.133593202852256898e-02 -2.596753519243335528e-01 9.637420109128335133e-01
1.520621191587634087e+09 -6.802951693534851074e-01 1.114913076162338257e-01 3.687114119529724121e-01 -1.339885386295809611e-02 6.232469808876350825e-02 -2.474078797311226596e-01 9.668120002204430019e-01
1.520621191637635231e+09 -6.422701478004455566e-01 1.056141629815101624e-01 3.985910713672637939e-01 -2.764373012024768858e-02 6.143028537737427186e-02 -2.319905553786061059e-01 9.703826701042322922e-01
1.520621191687637091e+09 -5.998221039772033691e-01 9.901130199432373047e-02 4.224849939346313477e-01 -4.524200137116719117e-02 6.032928088477103323e-02 -2.134318819222448538e-01 9.740433106176474842e-01
1.520621191737638950e+09 -5.537402033805847168e-01 9.008034318685531616e-02 4.387982785701751709e-01 -6.372933568685985872e-02 6.009115400336107610e-02 -1.936105259876128304e-01 9.771604725991813734e-01
1.520621191787641287e+09 -5.058436989784240723e-01 8.099740743637084961e-02 4.469005167484283447e-01 -7.703110168196203311e-02 6.043978833322177086e-02 -1.708688794587164272e-01 9.804167824922322971e-01
1.520621191837643147e+09 -4.563376605510711670e-01 7.140758633613586426e-02 4.457711875438690186e-01 -7.862024583429673419e-02 5.992241446091632617e-02 -1.433115123360569620e-01 9.847283745389290299e-01
1.520621191887644053e+09 -4.054372906684875488e-01 6.248335167765617371e-02 4.380806982517242432e-01 -7.077074053689678956e-02 5.442532899138357444e-02 -1.032022536207257840e-01 9.906455878343386479e-01
1.520621191937645197e+09 -3.534445464611053467e-01 5.403785407543182373e-02 4.256890416145324707e-01 -5.723197618832322892e-02 4.315170540635181878e-02 -4.749560613012718951e-02 9.962964411360880623e-01
1.520621191987161875e+09 -3.014593422412872314e-01 4.704235494136810303e-02 4.117393791675567627e-01 -4.028225260604791080e-02 3.161244422174545182e-02 1.248247624409454942e-02 9.986101247644773027e-01
1.520621192037162781e+09 -2.490262687206268311e-01 4.294687137007713318e-02 3.966200649738311768e-01 -2.156067754731647371e-02 1.753670291868842518e-02 7.311387118915350924e-02 9.969362883726212710e-01
1.520621192087164879e+09 -1.972799152135848999e-01 4.074740409851074219e-02 3.812723159790039062e-01 -1.396737077598738958e-03 2.567889897056434192e-03 1.333279774115492533e-01 9.910676593988717586e-01
1.520621192137168884e+09 -1.476914286613464355e-01 4.206922277808189392e-02 3.660104572772979736e-01 1.829501917369429076e-02 -6.061812633686932544e-03 1.899726766085593765e-01 9.816001878785517443e-01
1.520621192187167883e+09 -1.004188209772109985e-01 4.615954682230949402e-02 3.518545627593994141e-01 3.088189231497354831e-02 -1.190198190710402282e-02 2.466448052516304057e-01 9.685406504613601752e-01
1.520621192237169743e+09 -5.549277365207672119e-02 5.185277760028839111e-02 3.409924209117889404e-01 3.339987821262208056e-02 -2.224054818076268147e-02 2.976207281884221678e-01 9.538405046466597037e-01
1.520621192287170887e+09 -1.278257090598344803e-02 5.762711167335510254e-02 3.326763808727264404e-01 2.856746998222002218e-02 -3.763044915336857116e-02 3.362542614936872565e-01 9.405854137624428679e-01
1.520621192337172747e+09 2.739336155354976654e-02 6.123106926679611206e-02 3.275898396968841553e-01 1.906896286401045179e-02 -5.094543960060751719e-02 3.544267833301131265e-01 9.335001832337586070e-01
1.520621192387178898e+09 6.437878310680389404e-02 6.229510530829429626e-02 3.255722820758819580e-01 1.296731524220953204e-02 -6.012526406375185567e-02 3.489381898942843785e-01 9.351250937655205542e-01
1.520621192437299967e+09 9.711608290672302246e-02 6.209333613514900208e-02 3.245672583580017090e-01 1.305634445068569634e-02 -6.157343814185410602e-02 3.235584886992413090e-01 9.441123598256931926e-01
1.520621192487300873e+09 1.243512481451034546e-01 5.953038111329078674e-02 3.248356580734252930e-01 1.807117067699370166e-02 -5.629779330122579306e-02 2.868988479130663571e-01 9.561344269117866279e-01
1.520621192537302971e+09 1.467528790235519409e-01 5.812295898795127869e-02 3.254054188728332520e-01 2.401529541131063733e-02 -4.745683280677439470e-02 2.444611851374909328e-01 9.681992788509142800e-01
1.520621192587304115e+09 1.664666980504989624e-01 5.797989666461944580e-02 3.270611763000488281e-01 2.790637632295100631e-02 -4.124407389599186319e-02 2.026473691187463122e-01 9.779847669152287315e-01
1.520621192637305975e+09 1.832896023988723755e-01 5.867130309343338013e-02 3.293268084526062012e-01 2.675949813185080420e-02 -3.892714202871967039e-02 1.571623403189813806e-01 9.864423985508065096e-01
1.520621192687306881e+09 1.970616728067398071e-01 6.042006239295005798e-02 3.325563073158264160e-01 2.065007460172883433e-02 -3.657801991215200998e-02 1.089940457609255980e-01 9.931545302051006940e-01
1.520621192737308979e+09 2.075264006853103638e-01 6.288909167051315308e-02 3.364639580249786377e-01 1.125282783367549319e-02 -3.176561076905144720e-02 5.352211248926583981e-02 9.979978473488313462e-01
1.520621192787309885e+09 2.134191542863845825e-01 6.650297343730926514e-02 3.407153487205505371e-01 -3.008723511312866124e-05 -2.292042146234150521e-02 -5.725609406012098501e-03 9.997208964364389105e-01
1.520621192837384701e+09 2.123633325099945068e-01 7.271400839090347290e-02 3.450450599193572998e-01 -1.391536393566851666e-02 -1.078833844219413175e-02 -6.271629142049804650e-02 9.978760650454813197e-01
1.520621192887387037e+09 2.053666859865188599e-01 7.889049500226974487e-02 3.496231734752655029e-01 -2.834097992557895254e-02 -4.043691922293671422e-03 -9.851782697944501399e-02 9.947234164227479747e-01
1.520621192937387943e+09 1.930648684501647949e-01 8.436401188373565674e-02 3.548288047313690186e-01 -4.286668942498955692e-02 -2.449757741060247778e-03 -1.083241041348879941e-01 9.931879651345588700e-01
1.520621192987390041e+09 1.771007478237152100e-01 8.797228336334228516e-02 3.606185615062713623e-01 -5.457775668172541034e-02 -1.134128659211571270e-03 -1.006910577575595017e-01 9.934189917227466138e-01
1.520621193037390947e+09 1.567459255456924438e-01 8.870852738618850708e-02 3.666486740112304688e-01 -6.376403390223656098e-02 -2.300726650545419083e-03 -7.916702106691440866e-02 9.948172884569229657e-01
1.520621193087392807e+09 1.320903599262237549e-01 8.773391693830490112e-02 3.727681934833526611e-01 -6.847217650643917797e-02 -5.410582270399614743e-03 -4.765837992346184243e-02 9.964993554774820295e-01
1.520621193137393951e+09 1.040391847491264343e-01 8.725710958242416382e-02 3.779172301292419434e-01 -6.389211516915253852e-02 -1.133426776179178620e-02 -1.351708659268205728e-02 9.978008921440999490e-01
1.520621193187396049e+09 7.211954146623611450e-02 8.789890259504318237e-02 3.811249136924743652e-01 -4.961928956907506183e-02 -1.707877915296432056e-02 2.695919310508103003e-02 9.982582047308339313e-01
1.520621193237235546e+09 3.684910014271736145e-02 8.926308155059814453e-02 3.824182450771331787e-01 -2.930465740453535098e-02 -1.763468512606092276e-02 6.388037305277334543e-02 9.973713214613433298e-01
1.520621193287237406e+09 -1.615110668353736401e-03 9.159281849861145020e-02 3.820937275886535645e-01 -8.583315726776077903e-03 -1.451654308620096111e-02 1.033056871784922282e-01 9.945066775364258538e-01
1.520621193337239504e+09 -4.087253287434577942e-02 9.589984267950057983e-02 3.802823126316070557e-01 8.865666769423050791e-03 -1.034898317927763697e-02 1.485115613160339632e-01 9.888167750677383516e-01
1.520621193387241602e+09 -8.097536861896514893e-02 1.019956171512603760e-01 3.767779171466827393e-01 1.941879873763838193e-02 -6.257741825011264858e-03 1.971069907965076196e-01 9.801696715885387379e-01
1.520621193437242508e+09 -1.221944168210029602e-01 1.097535714507102966e-01 3.718752861022949219e-01 2.119917181164809525e-02 2.223922580415417256e-03 2.381344673723323480e-01 9.709982619614475619e-01
1.520621193487244368e+09 -1.653788983821868896e-01 1.182444319128990173e-01 3.650533854961395264e-01 1.380278992382192454e-02 8.371703230162411136e-03 2.678343622793123435e-01 9.633297213092613109e-01
1.520621193537245512e+09 -2.102481871843338013e-01 1.255631595849990845e-01 3.575030863285064697e-01 -2.388857533248174222e-03 1.528517433272110447e-02 2.805304819866016874e-01 9.597204308972843156e-01
1.520621193587246418e+09 -2.569112181663513184e-01 1.319820135831832886e-01 3.514871299266815186e-01 -1.832468778860757083e-02 1.232373508789332169e-02 2.785567895446535713e-01 9.601658431591435505e-01
1.520621193637360573e+09 -3.046594858169555664e-01 1.376653462648391724e-01 3.464252054691314697e-01 -3.163100699567916035e-02 1.047183733194818889e-02 2.501201268760329111e-01 9.676413292903779384e-01
1.520621193687362432e+09 -3.543412685394287109e-01 1.424526274204254150e-01 3.424990773200988770e-01 -3.827980215078728016e-02 1.039258211154600250e-02 1.987626983426139249e-01 9.792446276247394055e-01
1.520621193737363577e+09 -4.046148955821990967e-01 1.465923786163330078e-01 3.394124209880828857e-01 -3.710426626606419531e-02 1.959487351429274951e-02 1.297568929285965733e-01 9.906575912465076517e-01
1.520621193787365437e+09 -4.536468982696533203e-01 1.523874998092651367e-01 3.368820250034332275e-01 -2.745432999320966683e-02 2.793855627069247519e-02 6.139346287874396929e-02 9.973447445862887450e-01
1.520621193837368488e+09 -5.002022385597229004e-01 1.590629667043685913e-01 3.334196805953979492e-01 -1.327140799340250678e-02 3.347321931351360941e-02 -6.430599759922347655e-03 9.993308064426862369e-01
1.520621193887368441e+09 -5.437794327735900879e-01 1.658169478178024292e-01 3.293591141700744629e-01 5.098756108055118750e-04 3.449847271053460562e-02 -7.705534373337551146e-02 9.964296610446887748e-01
1.520621193937370539e+09 -5.852526426315307617e-01 1.739348769187927246e-01 3.248320519924163818e-01 1.284062319567373309e-02 3.427919911968483474e-02 -1.474114120824511209e-01 9.883976580767063203e-01
1.520621193987371683e+09 -6.231068372726440430e-01 1.831076741218566895e-01 3.213023543357849121e-01 2.204317070959245853e-02 3.609588486728307344e-02 -2.168434555803992747e-01 9.752897525826195180e-01
1.520621194037374973e+09 -6.591915488243103027e-01 1.946318894624710083e-01 3.177554607391357422e-01 2.625124812897564400e-02 3.918151797680812648e-02 -2.849873208143025582e-01 9.573703084991667112e-01
1.520621194087317944e+09 -6.905174255371093750e-01 2.063793390989303589e-01 3.154493868350982666e-01 2.286595900602552897e-02 3.756812668575445352e-02 -3.458743170150885282e-01 9.372495615391900348e-01
1.520621194137320042e+09 -7.170395851135253906e-01 2.183170914649963379e-01 3.141940832138061523e-01 1.435819148497035139e-02 3.877180370392536990e-02 -3.962224052465284641e-01 9.172231981123682987e-01
1.520621194187320948e+09 -7.402874231338500977e-01 2.308677583932876587e-01 3.119819760322570801e-01 1.789820770778830211e-03 4.479709451449662844e-02 -4.262532114248908099e-01 9.034922338430113609e-01
1.520621194237322807e+09 -7.585670351982116699e-01 2.388797253370285034e-01 3.114039897918701172e-01 -1.183208745010824563e-02 5.393083409696926289e-02 -4.282597020371943786e-01 9.019673466657158745e-01
1.520621194287323952e+09 -7.707213759422302246e-01 2.403365969657897949e-01 3.113353252410888672e-01 -2.575030399419186988e-02 6.031522918843162939e-02 -4.035885991511568571e-01 9.125871123390690842e-01
1.520621194337325811e+09 -7.726597785949707031e-01 2.408620119094848633e-01 3.117204308509826660e-01 -3.847522378106240509e-02 6.221703354876301217e-02 -3.583230410721721659e-01 9.307272941781494779e-01
1.520621194387326956e+09 -7.667687535285949707e-01 2.375091314315795898e-01 3.127029538154602051e-01 -4.396614911318356272e-02 6.125222148353548501e-02 -3.028490360087118249e-01 9.500513693922467695e-01
1.520621194437329054e+09 -7.530515789985656738e-01 2.330880463123321533e-01 3.131164014339447021e-01 -4.103798638039714980e-02 5.237376866250136043e-02 -2.407586633378942520e-01 9.683016771944988887e-01
1.520621194487550974e+09 -7.326551675796508789e-01 2.266067564487457275e-01 3.128494024276733398e-01 -3.020208606005410357e-02 4.167156907298792679e-02 -1.784760597546207750e-01 9.825973796133802285e-01
1.520621194537552118e+09 -7.083503007888793945e-01 2.194178551435470581e-01 3.115051090717315674e-01 -1.733351377968690363e-02 3.581965092379236354e-02 -1.218789730911609970e-01 9.917469525166140443e-01
1.520621194587554216e+09 -6.795805692672729492e-01 2.115701138973236084e-01 3.088968098163604736e-01 -1.132077912917045862e-02 3.173888966816948431e-02 -7.255681025903480685e-02 9.967948596012996543e-01
1.520621194637555122e+09 -6.474671959877014160e-01 2.034027129411697388e-01 3.071003556251525879e-01 -1.717462708482849626e-02 2.830519064505550644e-02 -3.148599986275450735e-02 9.989556948031712569e-01
1.520621194687557220e+09 -6.133443713188171387e-01 1.965659707784652710e-01 3.062466681003570557e-01 -2.915230580663716667e-02 2.454593994185915937e-02 3.542684957612745548e-03 9.992672761988246055e-01
1.520621194737558126e+09 -5.766025781631469727e-01 1.889928877353668213e-01 3.061256110668182373e-01 -4.185641464254482441e-02 1.687596328424430248e-02 3.596500972706985488e-02 9.983334916208270737e-01
1.520621194787559986e+09 -5.377157330513000488e-01 1.825682818889617920e-01 3.065498471260070801e-01 -5.200556147233895143e-02 4.811972710351001409e-03 6.488382634290081052e-02 9.965251404624401177e-01
1.520621194837561131e+09 -4.975829422473907471e-01 1.776963323354721069e-01 3.076568841934204102e-01 -5.713783139357420104e-02 -8.280642236158843733e-03 8.531518928213850661e-02 9.946798568713198785e-01
1.520621194887322903e+09 -4.568098485469818115e-01 1.721239537000656128e-01 3.098839223384857178e-01 -5.319795777020552840e-02 -1.436353573249589226e-02 8.797500314754602702e-02 9.945974386411469137e-01
1.520621194937325239e+09 -4.193668365478515625e-01 1.700168251991271973e-01 3.121474981307983398e-01 -4.405061480808950686e-02 -1.516341122356840328e-02 7.628778286358096905e-02 9.959968817626154713e-01
1.520621194987327099e+09 -3.841715753078460693e-01 1.693993806838989258e-01 3.162927925586700439e-01 -4.527118083212151173e-02 -1.609049614359422606e-02 5.534134381835210253e-02 9.973108601555973340e-01
1.520621195037328243e+09 -3.503220677375793457e-01 1.703146696090698242e-01 3.241097927093505859e-01 -6.925199585059402252e-02 -1.874568593627909743e-02 3.198067686513554608e-02 9.969102249634795854e-01
1.520621195087329149e+09 -3.184083998203277588e-01 1.720875054597854614e-01 3.356768786907196045e-01 -1.124929562503660108e-01 -1.576455951044115553e-02 1.038089419217438046e-02 9.934732258562712914e-01
1.520621195137331009e+09 -2.877706289291381836e-01 1.756962090730667114e-01 3.492769598960876465e-01 -1.567350050609320200e-01 -9.944925215824037754e-03 -4.900286038750317416e-03 9.875784646536900357e-01
1.520621195187333107e+09 -2.584016919136047363e-01 1.798461973667144775e-01 3.626220822334289551e-01 -1.904655852925203063e-01 -4.548594952423162460e-03 -1.465996060751269606e-02 9.815738671430299656e-01
1.520621195237334013e+09 -2.300612181425094604e-01 1.837834417819976807e-01 3.750113844871520996e-01 -2.131088677802270293e-01 -2.169379350921481469e-03 -2.101222468721956546e-02 9.768000771295809459e-01
1.520621195287258625e+09 -2.029675692319869995e-01 1.878623068332672119e-01 3.841015994548797607e-01 -2.292347035127179355e-01 -1.688930970638186958e-03 -2.538264467268370322e-02 9.730387040436946355e-01
1.520621195337259769e+09 -1.773439347743988037e-01 1.909573674201965332e-01 3.902498185634613037e-01 -2.401599745411217846e-01 -6.315542486105949925e-04 -2.821767167295340453e-02 9.703229105679183064e-01
1.520621195387261868e+09 -1.552693545818328857e-01 1.922613680362701416e-01 3.923882842063903809e-01 -2.405498080458766952e-01 2.626954402537587819e-03 -3.071086175911765664e-02 9.701472733197116227e-01
1.520621195437262774e+09 -1.352157592773437500e-01 1.912567466497421265e-01 3.917757272720336914e-01 -2.232495929434394344e-01 4.624814128290737937e-03 -2.976361018109304618e-02 9.742958266634704767e-01
1.520621195487264872e+09 -1.173598244786262512e-01 1.881192773580551147e-01 3.870644271373748779e-01 -1.856373364087860467e-01 3.008548112943494612e-03 -2.557529460285559372e-02 9.822808316745678114e-01
1.520621195537266731e+09 -1.015786677598953247e-01 1.832750439643859863e-01 3.777363300323486328e-01 -1.312062833948463847e-01 -2.188935550655508530e-03 -1.948091864303055226e-02 9.911612449887706733e-01
1.520621195587267637e+09 -8.783482015132904053e-02 1.783269196748733521e-01 3.648495078086853027e-01 -6.739872988743283999e-02 -6.715602724070443563e-03 -1.150298414262183183e-02 9.976372052231352594e-01
1.520621195637268782e+09 -7.517850399017333984e-02 1.741051375865936279e-01 3.498761355876922607e-01 1.265058078629160802e-03 -1.062903749553203298e-02 -3.720833163410139366e-03 9.999357872336336328e-01
1.520621195687228918e+09 -6.373907625675201416e-02 1.709384769201278687e-01 3.337149024009704590e-01 6.972413443988023651e-02 -1.378676189078813577e-02 1.587916616198659352e-03 9.974697733736075378e-01
1.520621195737231016e+09 -5.306349694728851318e-02 1.687108129262924194e-01 3.167201578617095947e-01 1.341957130250652497e-01 -1.629063647048672320e-02 4.885984505902313431e-03 9.908088881941304882e-01
1.520621195787231922e+09 -4.328719154000282288e-02 1.669134050607681274e-01 3.001474738121032715e-01 1.916297619101057226e-01 -1.989901567426424073e-02 5.947747562494455284e-03 9.812475160857246914e-01
1.520621195837234020e+09 -3.471035137772560120e-02 1.652971655130386353e-01 2.847045958042144775e-01 2.406493820941090489e-01 -2.337777047314354081e-02 3.778067335538949027e-03 9.703231837654073821e-01
1.520621195887234926e+09 -2.720729447901248932e-02 1.646704524755477905e-01 2.707782685756683350e-01 2.829525346773512084e-01 -2.672673458491594753e-02 1.581300912066768141e-03 9.587601599281830866e-01
1.520621195937236786e+09 -2.013758011162281036e-02 1.656678169965744019e-01 2.579901814460754395e-01 3.135645468671133251e-01 -2.881795711794083933e-02 1.099220749550594263e-03 9.491288595387424865e-01
1.520621195987237930e+09 -1.390079315751791000e-02 1.665349453687667847e-01 2.488296478986740112e-01 3.289841106669215143e-01 -2.933003745573304483e-02 8.521448448775183074e-04 9.438794826039517138e-01
1.520621196037239790e+09 -8.347729220986366272e-03 1.667206287384033203e-01 2.438125908374786377e-01 3.273015791127819041e-01 -2.985803296179428967e-02 5.870303496579916701e-05 9.444480773085862646e-01
1.520621196087937355e+09 -4.526454024016857147e-03 1.666503548622131348e-01 2.436752319335937500e-01 3.030841277666587175e-01 -3.093340359742130508e-02 -2.668187656533738215e-03 9.524578819099730476e-01
1.520621196137938261e+09 -1.839718432165682316e-03 1.659213155508041382e-01 2.499075829982757568e-01 2.555485046032038299e-01 -3.308511494683331194e-02 -6.173706556177451475e-03 9.662102371178746818e-01
1.520621196187940121e+09 -5.054746870882809162e-04 1.643252819776535034e-01 2.616203129291534424e-01 1.878033954723698495e-01 -3.494526314298571079e-02 -1.001845262478659286e-02 9.815336692339805547e-01
1.520621196237941265e+09 -2.125855680787935853e-04 1.637383103370666504e-01 2.772518992424011230e-01 1.112076916313564923e-01 -3.096090382631915688e-02 -1.630069842216055193e-02 9.931810303198667089e-01
1.520621196287943363e+09 -1.087985234335064888e-03 1.646207571029663086e-01 2.960157990455627441e-01 3.728231672830166488e-02 -2.331335211997055679e-02 -2.324708479553778961e-02 9.987622787834999905e-01
1.520621196337944508e+09 -2.524272305890917778e-03 1.671827733516693115e-01 3.141976296901702881e-01 -3.139221284167439951e-02 -1.508380746508588416e-02 -3.033675055968040879e-02 9.989327751609409223e-01
1.520621196387946367e+09 -4.117910284548997879e-03 1.711929440498352051e-01 3.316454887390136719e-01 -9.723838060986406129e-02 -9.391351257467851765e-03 -3.624051303454622203e-02 9.945567480405143046e-01
1.520621196437947273e+09 -7.094216067343950272e-03 1.757278293371200562e-01 3.467627465724945068e-01 -1.588675533330486389e-01 -6.570394950501960360e-03 -4.035291081338030633e-02 9.864530262496298274e-01
1.520621196487668037e+09 -9.029833599925041199e-03 1.803647130727767944e-01 3.611957728862762451e-01 -2.122173776281968127e-01 -4.228964953333969046e-03 -4.270959685601449785e-02 9.762795659156404682e-01
1.520621196537670135e+09 -1.065449975430965424e-02 1.839958131313323975e-01 3.732691109180450439e-01 -2.524518694104752603e-01 -8.986009142623703960e-04 -4.409411594025565428e-02 9.666038253012453341e-01
1.520621196587671041e+09 -1.184154115617275238e-02 1.851691007614135742e-01 3.822735249996185303e-01 -2.739572400290033460e-01 4.311142758686441374e-03 -4.592850595213666259e-02 9.606349030848346793e-01
1.520621196637673140e+09 -1.255426555871963501e-02 1.838983893394470215e-01 3.878077566623687744e-01 -2.739657651240557379e-01 8.327078675983321313e-03 -4.800797436377700345e-02 9.605043746377222025e-01
1.520621196687675238e+09 -1.426870003342628479e-02 1.775659620761871338e-01 3.878102898597717285e-01 -2.517227425201022384e-01 8.651109981818312991e-03 -4.783874550060571856e-02 9.665776086911848086e-01
1.520621196737676144e+09 -1.557622570544481277e-02 1.677989065647125244e-01 3.827552199363708496e-01 -2.131301968213989151e-01 6.678913902065329415e-03 -4.628605199051683688e-02 9.759039464532829333e-01
1.520621196787678003e+09 -1.640490256249904633e-02 1.576292365789413452e-01 3.739178776741027832e-01 -1.643442269120242161e-01 4.933702013311516699e-03 -4.470232247501511325e-02 9.853772556896533974e-01
1.520621196837679148e+09 -1.646138541400432587e-02 1.476960480213165283e-01 3.612248599529266357e-01 -1.097247642020811320e-01 1.008416310764792849e-03 -4.143003340792622557e-02 9.930976847969992249e-01
1.520621196887681007e+09 -1.537090912461280823e-02 1.390916705131530762e-01 3.466925323009490967e-01 -5.590514098651325897e-02 -5.120924802990992064e-03 -3.652526198122579143e-02 9.977546274398546577e-01
1.520621196937261105e+09 -1.281580328941345215e-02 1.313954740762710571e-01 3.318687379360198975e-01 -9.614797934485065298e-03 -9.968442525235174032e-03 -3.199523958104258381e-02 9.993920604339678881e-01
1.520621196987262964e+09 -9.024142287671566010e-03 1.241016909480094910e-01 3.164493441581726074e-01 2.939288589477275643e-02 -1.431129730388364628e-02 -2.888423663758030863e-02 9.990480198179269022e-01
1.520621197037264109e+09 -3.990748897194862366e-03 1.175330057740211487e-01 3.035497069358825684e-01 6.396409363287068606e-02 -1.702384702326176225e-02 -2.676960427928535072e-02 9.974478290341728393e-01
1.520621197087266207e+09 1.441268948838114738e-03 1.114958599209785461e-01 2.887517809867858887e-01 9.797931311046251257e-02 -1.817337767995239745e-02 -2.399755232187808160e-02 9.947330797900825194e-01
1.520621197137268066e+09 9.533546864986419678e-03 1.062322631478309631e-01 2.764613926410675049e-01 1.344031363771903409e-01 -1.806364540997012005e-02 -2.135274511985665175e-02 9.905319590615557779e-01
1.520621197187269211e+09 1.953278109431266785e-02 1.022861376404762268e-01 2.652831077575683594e-01 1.731229519806499750e-01 -1.910050154110362261e-02 -2.001977463574402746e-02 9.845114641089345309e-01
1.520621197237270117e+09 3.132130578160285950e-02 9.893815964460372925e-02 2.546553611755371094e-01 2.111295626134970516e-01 -1.927301352010600544e-02 -2.101797850108180071e-02 9.770420171723502856e-01
1.520621197287282944e+09 4.522733017802238464e-02 9.609153866767883301e-02 2.452936917543411255e-01 2.421447477099931134e-01 -1.890371058038252394e-02 -2.332760055530108331e-02 9.697754347966797139e-01
1.520621197337572336e+09 6.161409988999366760e-02 9.303933382034301758e-02 2.366042435169219971e-01 2.613209155954629437e-01 -1.800641954226617561e-02 -2.632786115026638715e-02 9.647248269091395212e-01
1.520621197387573242e+09 8.094478398561477661e-02 8.951177448034286499e-02 2.315336167812347412e-01 2.611714068005304146e-01 -1.909849279654881118e-02 -2.855794013870606093e-02 9.646808736042018495e-01
1.520621197437575579e+09 1.030270233750343323e-01 8.475796133279800415e-02 2.315241247415542603e-01 2.393448662927929182e-01 -2.165902789447770108e-02 -3.045852870234642962e-02 9.702150274651695216e-01
1.520621197487576485e+09 1.266576349735260010e-01 8.051627129316329956e-02 2.365018874406814575e-01 1.997065876804347828e-01 -2.391054709021568983e-02 -3.183817546180320313e-02 9.790464213499515678e-01
1.520621197537578344e+09 1.524060815572738647e-01 7.678561657667160034e-02 2.459201216697692871e-01 1.487066534419942132e-01 -2.633632050341413317e-02 -3.154602142081773530e-02 9.880271139887513154e-01
1.520621197587579489e+09 1.794364601373672485e-01 7.434934377670288086e-02 2.585891485214233398e-01 8.837491530590216304e-02 -2.864004941031366575e-02 -2.883344413648571830e-02 9.952578833717808937e-01
1.520621197637581348e+09 2.069006711244583130e-01 7.342226803302764893e-02 2.733279168605804443e-01 2.088091210488744742e-02 -3.119516649422984789e-02 -2.539494893594113067e-02 9.989724448980593641e-01
1.520621197687583208e+09 2.342772334814071655e-01 7.347260415554046631e-02 2.891806364059448242e-01 -4.517976719074384695e-02 -3.319549025930875613e-02 -2.351985943213563690e-02 9.981501211117126404e-01
1.520621197738080025e+09 2.610316574573516846e-01 7.604274153709411621e-02 3.040586709976196289e-01 -1.079852196302439338e-01 -3.425858876170485845e-02 -2.100422582156108442e-02 9.933400041954925097e-01
1.520621197788082123e+09 2.860623300075531006e-01 8.001358807086944580e-02 3.187557160854339600e-01 -1.678530027660778134e-01 -3.378670390479082686e-02 -1.761579565879185447e-02 9.850753838387033001e-01
1.520621197838083029e+09 3.105188310146331787e-01 8.528739959001541138e-02 3.329552114009857178e-01 -2.213973670631967650e-01 -3.263994634083952628e-02 -1.590891719394518095e-02 9.745074376904813152e-01
1.520621197888085127e+09 3.336811363697052002e-01 9.123052656650543213e-02 3.459578156471252441e-01 -2.630361760373996494e-01 -3.178182802970574289e-02 -1.429061787212950081e-02 9.641564519016326829e-01
1.520621197938086033e+09 3.566929697990417480e-01 9.562671929597854614e-02 3.562967777252197266e-01 -2.823722336128880461e-01 -2.921703430527212639e-02 -1.173896517809672191e-02 9.587880283396433834e-01
1.520621197988087893e+09 3.790573477745056152e-01 9.762759506702423096e-02 3.620029985904693604e-01 -2.750651101043493085e-01 -2.613114805800048276e-02 -7.900445321929489007e-03 9.610379447598145219e-01
1.520621198038089037e+09 4.012931287288665771e-01 9.863327443599700928e-02 3.626036643981933594e-01 -2.491539606759973768e-01 -2.486591266326066210e-02 -5.339729697898540020e-05 9.681446107971759529e-01
1.520621198088090897e+09 4.211705327033996582e-01 9.672721475362777710e-02 3.573209643363952637e-01 -2.079712444667812798e-01 -2.473176263782638634e-02 1.044913005876653249e-02 9.777663918711766433e-01
1.520621198137300014e+09 4.384009242057800293e-01 9.405184537172317505e-02 3.481165766716003418e-01 -1.522947800651807682e-01 -2.401143983108383270e-02 1.992500884184376930e-02 9.878424695996771421e-01
1.520621198187300920e+09 4.548302292823791504e-01 9.268201142549514771e-02 3.338957428932189941e-01 -8.098041667958089107e-02 -2.557823326037453326e-02 3.122576566284453181e-02 9.958980257317756601e-01
1.520621198237303019e+09 4.675707221031188965e-01 9.151109308004379272e-02 3.177691400051116943e-01 -9.262624538964056662e-04 -2.704742887343804941e-02 4.192003551900107955e-02 9.987543688271348641e-01
1.520621198287305117e+09 4.774317443370819092e-01 9.087052941322326660e-02 3.007035553455352783e-01 8.005181407849155939e-02 -2.641677014981568677e-02 4.976695594365579400e-02 9.951970214051570895e-01
1.520621198337306023e+09 4.843814074993133545e-01 9.118111431598663330e-02 2.833882868289947510e-01 1.551184102413897259e-01 -2.625466147030922071e-02 5.622798942172269054e-02 9.859449197398675313e-01
1.520621198387308121e+09 4.880128204822540283e-01 9.237107634544372559e-02 2.653493285179138184e-01 2.201193479123470242e-01 -2.414513092191034743e-02 6.167415644340098341e-02 9.732218574171059844e-01
1.520621198437309027e+09 4.904960393905639648e-01 9.534269571304321289e-02 2.494126856327056885e-01 2.703513180850867226e-01 -2.037562597930168626e-02 6.695281654268020466e-02 9.602147254820714295e-01
1.520621198487310886e+09 4.920843541622161865e-01 9.821443259716033936e-02 2.352144420146942139e-01 3.015179093567899038e-01 -1.676378243737218499e-02 7.116774600659013517e-02 9.506529744674681037e-01
1.520621198537610292e+09 4.929855465888977051e-01 9.991812705993652344e-02 2.248775810003280640e-01 3.090432896301372745e-01 -1.578707255120329750e-02 7.331588897521379433e-02 9.480863852511649537e-01
1.520621198587611198e+09 4.904550313949584961e-01 9.941831231117248535e-02 2.236818671226501465e-01 2.935809331571314629e-01 -1.700655463665230044e-02 7.201774767255478271e-02 9.530658197659543918e-01
1.520621198637613297e+09 4.879080057144165039e-01 9.917448461055755615e-02 2.189507186412811279e-01 2.566567003941075398e-01 -1.997232204653190402e-02 6.833764007506130944e-02 9.638767615436375502e-01
1.520621198687614202e+09 4.809256792068481445e-01 9.847682714462280273e-02 2.240866124629974365e-01 2.055567790167321107e-01 -2.352538319946913259e-02 6.390713866653208175e-02 9.762729354914235769e-01
1.520621198737619400e+09 4.722622632980346680e-01 9.871833771467208862e-02 2.345519512891769409e-01 1.435259056745757100e-01 -2.857441674691660674e-02 6.118769243638132876e-02 9.873398013866233613e-01
1.520621198787617445e+09 4.611656963825225830e-01 1.015323922038078308e-01 2.480068057775497437e-01 7.483664990851499055e-02 -3.320070768936601857e-02 5.981965435595038710e-02 9.948461176443974541e-01
1.520621198837619305e+09 4.477348625659942627e-01 1.066217198967933655e-01 2.637793421745300293e-01 2.548571339044393164e-03 -3.674134089420359739e-02 5.763393777540945506e-02 9.976582119493259126e-01
1.520621198887620211e+09 4.305920600891113281e-01 1.139924451708793640e-01 2.805092036724090576e-01 -7.005342073154557925e-02 -3.840931864918500221e-02 5.434741434542759292e-02 9.953208533124788815e-01
1.520621198938076258e+09 4.105682671070098877e-01 1.233224943280220032e-01 2.978359758853912354e-01 -1.391241482100098736e-01 -3.869410041622708962e-02 5.097928765317263911e-02 9.882046094854006757e-01
1.520621198988013268e+09 3.876937925815582275e-01 1.339738517999649048e-01 3.142957687377929688e-01 -1.990552458393469726e-01 -3.749396862145663867e-02 4.766157435609702508e-02 9.781102114540817238e-01
1.520621199038015366e+09 3.626810908317565918e-01 1.447894424200057983e-01 3.280332684516906738e-01 -2.397090509958143267e-01 -3.503828672860734988e-02 4.319634420171627326e-02 9.692502077283331463e-01
1.520621199088016272e+09 3.370174467563629150e-01 1.546532511711120605e-01 3.401468992233276367e-01 -2.527798925072042291e-01 -3.200893741241624124e-02 3.880298379400248798e-02 9.662153395172614623e-01
1.520621199138018131e+09 3.085752725601196289e-01 1.616830676794052124e-01 3.450309336185455322e-01 -2.418965173631313359e-01 -2.969980515011451730e-02 3.476316585859928060e-02 9.692241839539091908e-01
1.520621199188019276e+09 2.783750295639038086e-01 1.664255112409591675e-01 3.447165191173553467e-01 -2.130073753247561652e-01 -2.769456613982128682e-02 3.051995482106633142e-02 9.761810290214134600e-01
1.520621199238021135e+09 2.477763444185256958e-01 1.710150837898254395e-01 3.399668931961059570e-01 -1.666873022279484751e-01 -2.558732476225419883e-02 2.545258101823288585e-02 9.853490742914359224e-01
1.520621199288023233e+09 2.154384702444076538e-01 1.742542982101440430e-01 3.310261964797973633e-01 -1.050635950771943439e-01 -2.461428758704943542e-02 2.027257535730297294e-02 9.939541239536259232e-01
1.520621199338024378e+09 1.821905374526977539e-01 1.783651113510131836e-01 3.188358545303344727e-01 -3.503246911945098740e-02 -2.623199622101502967e-02 1.663655942637570426e-02 9.989033153274183841e-01
1.520621199387363434e+09 1.496940553188323975e-01 1.838033646345138550e-01 3.047554194927215576e-01 3.405772379019138263e-02 -2.904863533537067888e-02 1.362799702704507211e-02 9.989046630847282504e-01
1.520621199437364578e+09 1.153909713029861450e-01 1.906185448169708252e-01 2.892399132251739502e-01 9.712157240637105116e-02 -3.039584073204105313e-02 1.203541903756450392e-02 9.947354631901371702e-01
1.520621199487366438e+09 8.278720825910568237e-02 1.977504491806030273e-01 2.736416757106781006e-01 1.474406130148521177e-01 -3.113399647029494247e-02 1.374860207546427238e-02 9.884851621742042349e-01
1.520621199537367344e+09 5.011358857154846191e-02 2.055555731058120728e-01 2.591035366058349609e-01 1.806511257622656352e-01 -3.032878185059824025e-02 1.458647733616601390e-02 9.829712968501197468e-01
1.520621199587369680e+09 1.771355792880058289e-02 2.129183262586593628e-01 2.471034973859786987e-01 1.915823278833366228e-01 -2.903796633505462826e-02 1.125998176975981716e-02 9.809822735220400380e-01
1.520621199637370348e+09 -1.410866249352693558e-02 2.181225121021270752e-01 2.390393465757369995e-01 1.765609057566526197e-01 -2.900389908462742625e-02 2.434684157885721317e-03 9.838592850145444491e-01
1.520621199687372446e+09 -4.442728683352470398e-02 2.214809209108352661e-01 2.363419681787490845e-01 1.431618728154982478e-01 -2.935104524804616963e-02 -2.024792806638191570e-02 9.890567302858944698e-01
1.520621199737374544e+09 -7.252407073974609375e-02 2.245716601610183716e-01 2.388430535793304443e-01 1.068941649809602157e-01 -2.760845228821743116e-02 -6.251899135651595163e-02 9.919187399051581089e-01
1.520621199787779331e+09 -9.798300266265869141e-02 2.281269431114196777e-01 2.449747473001480103e-01 7.590056022784068268e-02 -2.378070295567350292e-02 -1.194053560726255070e-01 9.896544569016012538e-01
1.520621199837781429e+09 -1.228821650147438049e-01 2.323814779520034790e-01 2.511150836944580078e-01 5.195606157553079446e-02 -1.516731914772721616e-02 -1.829950241861885984e-01 9.816228100541096735e-01
1.520621199887783289e+09 -1.458799391984939575e-01 2.378099709749221802e-01 2.563365697860717773e-01 3.484416976279924860e-02 -4.286994973907247951e-03 -2.461205466430399780e-01 9.686032118611656028e-01
1.520621199937784433e+09 -1.674971282482147217e-01 2.433218508958816528e-01 2.620469927787780762e-01 2.585173129873958447e-02 9.893678032919787924e-03 -3.020722254435812548e-01 9.528830850316322154e-01
1.520621199987786293e+09 -1.865810155868530273e-01 2.476553171873092651e-01 2.661452591419219971e-01 2.326372655216853158e-02 2.399330784019224408e-02 -3.479854807195352229e-01 9.369040641464768671e-01
1.520621200037788153e+09 -2.035555243492126465e-01 2.503315508365631104e-01 2.685795128345489502e-01 2.712167092284413147e-02 3.543110370491589500e-02 -3.859483686516306800e-01 9.214406701420062573e-01
1.520621200087789297e+09 -2.206031382083892822e-01 2.513599395751953125e-01 2.678548693656921387e-01 3.490748668996015991e-02 3.917069405523720960e-02 -4.116483377922838249e-01 9.098311766987714488e-01
1.520621200137790203e+09 -2.378991842269897461e-01 2.517679333686828613e-01 2.644480466842651367e-01 4.255964125963340727e-02 3.756312930182267862e-02 -4.182050419518607565e-01 9.065772063861676777e-01
1.520621200187698126e+09 -2.548231184482574463e-01 2.468854188919067383e-01 2.605096697807312012e-01 4.628037545898777694e-02 3.007212765025983614e-02 -3.980165620727531550e-01 9.157164464514916391e-01
1.520621200237698793e+09 -2.696786522865295410e-01 2.381821572780609131e-01 2.579705417156219482e-01 4.579957083749968544e-02 2.354115745699476153e-02 -3.558722940531995338e-01 9.331147429668010806e-01
1.520621200287700891e+09 -2.802721261978149414e-01 2.294358462095260620e-01 2.555376589298248291e-01 3.855054737278448829e-02 2.078193378549576462e-02 -3.044079472462336566e-01 9.515344282676944099e-01
1.520621200337702990e+09 -2.895953059196472168e-01 2.210289835929870605e-01 2.546587586402893066e-01 2.389523172547471444e-02 1.946521900020272561e-02 -2.480452180496858505e-01 9.682580714627395668e-01
1.520621200387703896e+09 -2.960054874420166016e-01 2.135571837425231934e-01 2.546520233154296875e-01 3.666581479448201546e-03 1.746050962727433917e-02 -1.877424960412544253e-01 9.820562315692569211e-01
1.520621200437705040e+09 -3.009364902973175049e-01 2.053793668746948242e-01 2.562364935874938965e-01 -2.058130863055413623e-02 1.407389706988806249e-02 -1.295457176651735043e-01 9.912599266544246390e-01
1.520621200487706900e+09 -3.043244183063507080e-01 1.976273208856582642e-01 2.583824396133422852e-01 -4.206903004879480878e-02 1.089470390066003304e-02 -7.568680747218899107e-02 9.961842245851609823e-01
1.520621200537711859e+09 -3.074619174003601074e-01 1.911412626504898071e-01 2.594445645809173584e-01 -5.656262201029642334e-02 5.386437948246007752e-03 -2.757406840305405907e-02 9.980036707493884496e-01
1.520621200587625027e+09 -3.122669756412506104e-01 1.846536099910736084e-01 2.584667205810546875e-01 -6.298996005703094703e-02 1.102443463711959065e-03 6.574043014064790032e-03 9.979918995206684684e-01
1.520621200637626886e+09 -3.184528052806854248e-01 1.779114305973052979e-01 2.544814944267272949e-01 -6.439233036387462250e-02 -4.384503801282109772e-03 2.633823049325304325e-02 9.975673919747028995e-01
1.520621200687627792e+09 -3.270801901817321777e-01 1.709489524364471436e-01 2.486169338226318359e-01 -6.424601116043017479e-02 -8.820301496148933579e-03 3.332183747735421864e-02 9.973386122469256598e-01
1.520621200737630129e+09 -3.366060256958007812e-01 1.646875888109207153e-01 2.414350360631942749e-01 -6.281082181745228921e-02 -1.419326442769583939e-02 3.491680613004734257e-02 9.973134755718375821e-01
1.520621200787631035e+09 -3.470183610916137695e-01 1.592070311307907104e-01 2.329303175210952759e-01 -5.952830133653289058e-02 -2.163825145402899913e-02 3.207303898782576379e-02 9.974765599171164787e-01
1.520621200837632895e+09 -3.589968979358673096e-01 1.540123373270034790e-01 2.226612269878387451e-01 -5.844193645085730277e-02 -3.083055252774861282e-02 2.928924720805776982e-02 9.973846585408724374e-01
1.520621200887634993e+09 -3.709316849708557129e-01 1.486397981643676758e-01 2.114431858062744141e-01 -6.131207812430799348e-02 -3.940497999937684487e-02 2.508707477386786996e-02 9.970249321389199615e-01
1.520621200937635899e+09 -3.842868804931640625e-01 1.429664790630340576e-01 1.997008770704269409e-01 -6.830091875350050024e-02 -4.585474424740378779e-02 1.838730489055113992e-02 9.964407829601791278e-01
1.520621200987446785e+09 -3.996589481830596924e-01 1.382948160171508789e-01 1.869733929634094238e-01 -7.604440159763103946e-02 -5.274225673013734073e-02 8.968273941723713463e-03 9.956681542578212918e-01
1.520621201037447691e+09 -4.166452884674072266e-01 1.339539885520935059e-01 1.719538867473602295e-01 -8.099534914959553855e-02 -5.771655452059289149e-02 -1.449616125763624483e-03 9.950409294915936176e-01
1.520621201087449789e+09 -4.360548853874206543e-01 1.294341832399368286e-01 1.554348766803741455e-01 -8.279510095094912148e-02 -5.959430727619863949e-02 -1.135110880732979020e-02 9.947183732733785311e-01
1.520621201137450933e+09 -4.584874808788299561e-01 1.240515932440757751e-01 1.371371895074844360e-01 -7.856837374612093972e-02 -6.069355982561568802e-02 -2.162521812725096138e-02 9.948244329445939949e-01
1.520621201187452793e+09 -4.837511777877807617e-01 1.185334995388984680e-01 1.179617792367935181e-01 -6.750126073439736973e-02 -5.896918752416124149e-02 -3.231591306313603973e-02 9.954505997210022494e-01
1.520621201237453938e+09 -5.121977925300598145e-01 1.128829419612884521e-01 9.830874949693679810e-02 -5.212462060241414979e-02 -5.344206199999755602e-02 -4.453231916636736509e-02 9.962147572114699035e-01
1.520621201287455797e+09 -5.434374213218688965e-01 1.069946959614753723e-01 7.931695878505706787e-02 -3.863687464212291200e-02 -4.789630352729845608e-02 -5.614073236101165681e-02 9.965246380277203997e-01
1.520621201337457657e+09 -5.777323246002197266e-01 1.001771390438079834e-01 6.226663291454315186e-02 -3.134051937370487678e-02 -4.327974267505598632e-02 -6.424252390582685379e-02 9.965026511964614198e-01
1.520621201387450933e+09 -6.148197650909423828e-01 9.259174764156341553e-02 4.762798920273780823e-02 -2.597295896033892382e-02 -3.601716873784135270e-02 -7.086134040441732784e-02 9.964972851920087527e-01
1.520621201437466383e+09 -6.530897617340087891e-01 8.481146395206451416e-02 3.502060100436210632e-02 -1.934711961695671778e-02 -2.762334728205321707e-02 -7.486235917643088711e-02 9.966234328100064266e-01
1.520621201487468719e+09 -6.916846632957458496e-01 7.765635848045349121e-02 2.426104992628097534e-02 -1.167386427769791235e-02 -2.239110199812110319e-02 -7.670950475073638752e-02 9.967336712106361629e-01
1.520621201537469625e+09 -7.300919890403747559e-01 7.033797353506088257e-02 1.482419669628143311e-02 -4.372801887500146235e-03 -1.789731446446294130e-02 -7.733162866458202778e-02 9.968351839430107386e-01
1.520621201587471485e+09 -7.679915428161621094e-01 6.299214065074920654e-02 7.171854376792907715e-03 -1.098917910617675919e-03 -1.655826154292992097e-02 -7.621653357165006359e-02 9.969531866464058645e-01
1.520621201637472630e+09 -8.045160174369812012e-01 5.533875897526741028e-02 1.314523164182901382e-03 -4.177974372936705920e-03 -1.304318704641628870e-02 -7.622697650049360674e-02 9.969964231908780006e-01
1.520621201687474489e+09 -8.405616283416748047e-01 4.608011618256568909e-02 -3.341727424412965775e-03 -1.285488146227176803e-02 -8.976965125875271956e-03 -7.755491063675874763e-02 9.968647861951208666e-01
1.520621201737476349e+09 -8.759101033210754395e-01 3.558042272925376892e-02 -7.237557787448167801e-03 -2.389518141273528143e-02 -4.300338161640463938e-03 -8.191940829673655111e-02 9.963431828146667169e-01
1.520621201787478685e+09 -9.126346707344055176e-01 2.418011985719203949e-02 -1.135362125933170319e-02 -3.542716579380133374e-02 -4.472964633591085259e-03 -8.822175490730570224e-02 9.954606122154107117e-01
1.520621201837656021e+09 -9.482504129409790039e-01 1.155781652778387070e-02 -1.656968705356121063e-02 -4.398864266806783857e-02 -7.058074311373518234e-03 -9.564499033295492669e-02 9.944180301701318614e-01
1.520621201887658119e+09 -9.835342168807983398e-01 -2.052817028015851974e-03 -2.414793334901332855e-02 -4.401181601964711254e-02 -9.615764873939496027e-03 -1.035605809497387175e-01 9.936023868680541327e-01
1.520621201937663078e+09 -1.018729090690612793e+00 -1.738751679658889771e-02 -3.475513309240341187e-02 -3.578683812347883270e-02 -1.088222419471277999e-02 -1.139817709861862538e-01 9.927784421997450925e-01
1.520621201987661123e+09 -1.056353926658630371e+00 -3.562430292367935181e-02 -4.875276237726211548e-02 -2.146782060979824519e-02 -8.349312987354572460e-03 -1.247861174558707459e-01 9.919162497616391683e-01
1.520621202037662983e+09 -1.094741225242614746e+00 -5.594685301184654236e-02 -6.376528739929199219e-02 -6.349808906840772801e-03 -8.492144628579013574e-03 -1.371104845690324647e-01 9.904990047585606749e-01
1.520621202087663889e+09 -1.133736848831176758e+00 -7.743890583515167236e-02 -7.840952277183532715e-02 7.369099138681981312e-03 -1.021985423864736273e-02 -1.475173374704955576e-01 9.889792141915020318e-01
1.520621202137666225e+09 -1.176061153411865234e+00 -1.003529727458953857e-01 -9.059096127748489380e-02 1.693384432969918460e-02 -9.304236056708877628e-03 -1.616059443748396607e-01 9.866662023452180685e-01
1.520621202187685013e+09 -1.217890024185180664e+00 -1.236109584569931030e-01 -9.861855953931808472e-02 2.240896142385484860e-02 -6.432734658413746115e-03 -1.754350001526961411e-01 9.842149252547139904e-01
1.520621202237794399e+09 -1.260416865348815918e+00 -1.475368440151214600e-01 -1.017900854349136353e-01 2.336271661831538018e-02 -2.070907965341318904e-03 -1.920124586978853021e-01 9.811121803938652741e-01
1.520621202287795544e+09 -1.300762295722961426e+00 -1.701879799365997314e-01 -9.975587576627731323e-02 2.023814728554682030e-02 1.643575433146564823e-03 -2.083180915259977284e-01 9.778503406949400345e-01
1.520621202337797403e+09 -1.341005682945251465e+00 -1.930239051580429077e-01 -9.404859691858291626e-02 1.495807674366714246e-02 8.644195061614361533e-03 -2.211170887386516570e-01 9.750942348817422944e-01
1.520621202387798548e+09 -1.380695939064025879e+00 -2.159613519906997681e-01 -8.797613531351089478e-02 1.053005126314549705e-02 1.601983715167052541e-02 -2.332432454634950358e-01 9.722294334588338360e-01
1.520621202437800646e+09 -1.419354200363159180e+00 -2.391761392354965210e-01 -8.348976820707321167e-02 7.887884341608400809e-03 1.620851513337178904e-02 -2.437710566438274773e-01 9.696652707303362595e-01
1.520621202487802505e+09 -1.456796288490295410e+00 -2.636327147483825684e-01 -8.111840486526489258e-02 6.636387409867347195e-03 1.297927876633325935e-02 -2.529301842804035361e-01 9.673747043233728027e-01
1.520621202537803650e+09 -1.491826534271240234e+00 -2.899737358093261719e-01 -8.185791224241256714e-02 5.393299179484689100e-03 7.449613753337578845e-03 -2.594914092771810621e-01 9.657016227024934896e-01
1.520621202587805510e+09 -1.527222156524658203e+00 -3.189232349395751953e-01 -8.686681091785430908e-02 7.439707679550091809e-03 4.539238171866777014e-03 -2.653301885802832882e-01 9.641182173854061510e-01
1.520621202638237000e+09 -1.562603712081909180e+00 -3.511391580104827881e-01 -9.547759592533111572e-02 1.082066452790473622e-02 -6.563065163007130668e-04 -2.682187043831031903e-01 9.632970513294333292e-01
1.520621202688238859e+09 -1.596863865852355957e+00 -3.842153549194335938e-01 -1.051659211516380310e-01 1.529631121092818284e-02 -1.068511453585486125e-02 -2.678003462449457528e-01 9.632937380372518232e-01
1.520621202738239765e+09 -1.630372285842895508e+00 -4.190562367439270020e-01 -1.143462806940078735e-01 2.165916397537771473e-02 -2.107829440442784974e-02 -2.660486496036001958e-01 9.634857041829882895e-01
1.520621202788242102e+09 -1.662959456443786621e+00 -4.543418586254119873e-01 -1.199904829263687134e-01 2.549637094017067132e-02 -2.601594272501346616e-02 -2.649285882171936168e-01 9.635797574348762273e-01
1.520621202838243008e+09 -1.695813775062561035e+00 -4.905466735363006592e-01 -1.204908117651939392e-01 2.466171180640695446e-02 -2.475954724071992644e-02 -2.635606469398953933e-01 9.640096214124814766e-01
1.520621202888244867e+09 -1.727575421333312988e+00 -5.280419588088989258e-01 -1.159284412860870361e-01 2.322646102410568306e-02 -2.381670529967927150e-02 -2.614370738379568349e-01 9.646470610954095415e-01
1.520621202938246965e+09 -1.756731390953063965e+00 -5.653455257415771484e-01 -1.082186251878738403e-01 2.518774879735409186e-02 -2.496408609861497027e-02 -2.583954270830882138e-01 9.653880955234172001e-01
1.520621202988247871e+09 -1.781868219375610352e+00 -6.036120653152465820e-01 -1.001499965786933899e-01 2.951254784851559468e-02 -2.870233635079614404e-02 -2.503427184736778943e-01 9.672816077620330910e-01
1.520621203038747311e+09 -1.805337190628051758e+00 -6.438482999801635742e-01 -9.397294372320175171e-02 3.271162657353284681e-02 -3.328414032307577819e-02 -2.394669785227317160e-01 9.697822857152326170e-01
1.520621203088748217e+09 -1.827464342117309570e+00 -6.847864985466003418e-01 -9.032589197158813477e-02 3.125333659347899473e-02 -3.222319725692576048e-02 -2.301206942517138587e-01 9.721262061005377930e-01
1.520621203138750315e+09 -1.849483966827392578e+00 -7.269644141197204590e-01 -9.063052386045455933e-02 2.593383881092211490e-02 -2.960995892196282078e-02 -2.230679939848524418e-01 9.740078831286441696e-01
1.520621203188752174e+09 -1.873104333877563477e+00 -7.712141871452331543e-01 -9.454909712076187134e-02 1.932981703023709669e-02 -2.831637536054130294e-02 -2.186891479762539392e-01 9.751920824214265204e-01
1.520621203238753080e+09 -1.894849777221679688e+00 -8.156133294105529785e-01 -1.012882068753242493e-01 1.335689159928924070e-02 -3.136266800516207542e-02 -2.145577840414818194e-01 9.761162501513902523e-01
1.520621203288755178e+09 -1.916675090789794922e+00 -8.606053590774536133e-01 -1.090327575802803040e-01 9.616342135527826754e-03 -3.464559752550408489e-02 -2.123004294616654686e-01 9.765427467276718287e-01
1.520621203338756084e+09 -1.939890623092651367e+00 -9.065572619438171387e-01 -1.158685088157653809e-01 1.051671167588269680e-02 -3.353667387425789820e-02 -2.125430846345641445e-01 9.765193943056136305e-01
1.520621203388758183e+09 -1.962785124778747559e+00 -9.528926610946655273e-01 -1.203520074486732483e-01 1.674688927688518236e-02 -2.618218131561774603e-02 -2.159902385976177064e-01 9.759007387596589922e-01
1.520621203439355850e+09 -1.986346483230590820e+00 -1.000921487808227539e+00 -1.207054853439331055e-01 2.355370073220311444e-02 -2.028165538202776272e-02 -2.208199911937553106e-01 9.748191673977140148e-01
1.520621203489356756e+09 -2.009943008422851562e+00 -1.048665642738342285e+00 -1.164282709360122681e-01 2.854553042779593014e-02 -1.923226061364001829e-02 -2.283063077115989326e-01 9.729807309003509763e-01
1.520621203539358854e+09 -2.032994031906127930e+00 -1.094641089439392090e+00 -1.102266609668731689e-01 3.534865967543403958e-02 -1.438936434168006616e-02 -2.379457845011357653e-01 9.705283211174887681e-01
1.520621203589359760e+09 -2.056763648986816406e+00 -1.139909863471984863e+00 -1.028244122862815857e-01 3.694256497418287044e-02 -7.785079285052441157e-03 -2.487372377860175010e-01 9.678349166940795056e-01
1.520621203639361620e+09 -2.078954935073852539e+00 -1.183557152748107910e+00 -9.627183526754379272e-02 3.541629362945352549e-02 3.792691249515085187e-03 -2.576843481232391486e-01 9.655724096984852345e-01
1.520621203689362764e+09 -2.101345777511596680e+00 -1.226777434349060059e+00 -9.128216654062271118e-02 2.811925333697602031e-02 1.205778336152110546e-02 -2.646507775745760016e-01 9.638588503413504371e-01
1.520621203739364624e+09 -2.122484922409057617e+00 -1.270430326461791992e+00 -8.953059464693069458e-02 1.476127364577269757e-02 1.445940778706739441e-02 -2.685897331497065776e-01 9.630330137505003218e-01
1.520621203789365768e+09 -2.143587112426757812e+00 -1.315097332000732422e+00 -9.096776694059371948e-02 1.925307744731084326e-03 1.061270453233571949e-02 -2.737989656915979508e-01 9.617264632310003059e-01
1.520621203839441776e+09 -2.163843154907226562e+00 -1.359539747238159180e+00 -9.462530165910720825e-02 -6.480925611998456480e-03 5.330379500750337569e-03 -2.750752821930786962e-01 9.613860690607014536e-01
1.520621203889507532e+09 -2.182804584503173828e+00 -1.401803970336914062e+00 -9.861689805984497070e-02 -1.245862508810892735e-02 5.933977586616488893e-03 -2.741499209638722512e-01 9.615879530268761632e-01
1.520621203939509630e+09 -2.203138113021850586e+00 -1.446428894996643066e+00 -1.031109467148780823e-01 -1.649892801944338738e-02 9.827295731255816097e-03 -2.699494517523536863e-01 9.626829712482833923e-01
1.520621203989510536e+09 -2.222698926925659180e+00 -1.491025805473327637e+00 -1.070175170898437500e-01 -1.810531136311203243e-02 5.549056934602958520e-03 -2.644083804339874555e-01 9.642248773101931292e-01
1.520621204039512396e+09 -2.242645502090454102e+00 -1.535414934158325195e+00 -1.094874963164329529e-01 -1.913541548275278156e-02 7.227027761832150766e-03 -2.572545995664349827e-01 9.661271536117517211e-01
1.520621204089514494e+09 -2.261391878128051758e+00 -1.579120278358459473e+00 -1.094177663326263428e-01 -1.901233891410569754e-02 1.692211397276346951e-02 -2.510546379946503870e-01 9.676382287658353842e-01
1.520621204139515400e+09 -2.278985738754272461e+00 -1.621782064437866211e+00 -1.052761748433113098e-01 -2.199885027271369919e-02 2.619693758411001730e-02 -2.474614639765285729e-01 9.682936511691514481e-01
1.520621204189517736e+09 -2.295028686523437500e+00 -1.663893342018127441e+00 -9.842068701982498169e-02 -2.882937449234305657e-02 2.939437249263010879e-02 -2.414165222090087770e-01 9.695477816160747997e-01
1.520621204239518642e+09 -2.307779550552368164e+00 -1.705431461334228516e+00 -9.148320555686950684e-02 -3.353606618992786143e-02 2.184343391428137521e-02 -2.338444349729111027e-01 9.714499353500092305e-01
1.520621204289439678e+09 -2.321253776550292969e+00 -1.744100689888000488e+00 -8.396727591753005981e-02 -2.698815517945791359e-02 1.141020708160242828e-02 -2.270246663367541107e-01 9.734481226696417577e-01
1.520621204339440584e+09 -2.334910154342651367e+00 -1.781807780265808105e+00 -7.947330176830291748e-02 -1.419955246232044478e-02 8.120348336642321113e-03 -2.211686280045296327e-01 9.750983902352395871e-01
1.520621204389442444e+09 -2.347699403762817383e+00 -1.819624185562133789e+00 -7.998270541429519653e-02 -7.675366414506269025e-03 9.870960630298639474e-03 -2.181966899925890102e-01 9.758247062679424877e-01
1.520621204439443588e+09 -2.360940933227539062e+00 -1.859020233154296875e+00 -8.386092633008956909e-02 -8.055574092746674297e-03 1.704483629998713307e-02 -2.187678470312488799e-01 9.755947982573784927e-01
1.520621204489445448e+09 -2.374431133270263672e+00 -1.898335933685302734e+00 -8.865902572870254517e-02 -1.188796252133548538e-02 2.410962163497741562e-02 -2.238047940107107392e-01 9.742632173440258780e-01
1.520621204539447308e+09 -2.387890577316284180e+00 -1.937873959541320801e+00 -9.257899969816207886e-02 -1.658699841866206198e-02 2.477160087369782368e-02 -2.347974172835357309e-01 9.715870584309954650e-01
1.520621204589448452e+09 -2.401274442672729492e+00 -1.978335142135620117e+00 -9.594432264566421509e-02 -1.682311686234571127e-02 2.380455123444245175e-02 -2.490954424639442721e-01 9.680401782071106354e-01
1.520621204639450550e+09 -2.415135860443115234e+00 -2.019063472747802734e+00 -9.818628430366516113e-02 -1.707612333601726817e-02 2.269842266815735171e-02 -2.646456334499272534e-01 9.639273190008038616e-01
1.520621204689220428e+09 -2.428652048110961914e+00 -2.059694290161132812e+00 -9.744602441787719727e-02 -1.844207581061000148e-02 2.007155691251670190e-02 -2.790144698730376849e-01 9.598999677280810605e-01
1.520621204739222527e+09 -2.441664934158325195e+00 -2.100436210632324219e+00 -9.306812286376953125e-02 -1.696701461597590818e-02 1.227656513152606751e-02 -2.926894897335055035e-01 9.559781738947457086e-01
1.520621204789224625e+09 -2.455295085906982422e+00 -2.139183521270751953e+00 -8.712334185838699341e-02 -1.271791460672033573e-02 6.163553722483632383e-03 -3.088461717646573956e-01 9.510069965252000435e-01
1.520621204839226484e+09 -2.470265626907348633e+00 -2.176728725433349609e+00 -8.037216961383819580e-02 -1.421415440616768597e-02 3.750511451537767455e-03 -3.240295154952632650e-01 9.459327484373687422e-01
1.520621204889227629e+09 -2.486651420593261719e+00 -2.211921930313110352e+00 -7.278012484312057495e-02 -1.936300597601799817e-02 7.394943156834546394e-03 -3.388849689701010637e-01 9.405994719440434748e-01
1.520621204939228535e+09 -2.505286693572998047e+00 -2.244421005249023438e+00 -6.665792316198348999e-02 -1.811713982705563664e-02 1.700964461932760741e-02 -3.560499024584743433e-01 9.341364505219363901e-01
1.520621204989230394e+09 -2.523869991302490234e+00 -2.276670694351196289e+00 -6.314325332641601562e-02 -1.075242576041373667e-02 1.937234834384479396e-02 -3.639617921405162715e-01 9.311503161798180273e-01
1.520621205039232492e+09 -2.543862819671630859e+00 -2.310340642929077148e+00 -6.296642869710922241e-02 -8.879742404488636526e-03 2.043869863596864747e-02 -3.713649137770073660e-01 9.282195379263968871e-01
1.520621205088907242e+09 -2.566325902938842773e+00 -2.344154119491577148e+00 -6.496836990118026733e-02 -1.139672860698661555e-02 1.948868163597644934e-02 -3.874748381901376715e-01 9.216037953669010685e-01
1.520621205138909340e+09 -2.591003417968750000e+00 -2.376470088958740234e+00 -6.815796345472335815e-02 -9.440730752562128542e-03 1.051966510361384589e-02 -4.067442199726610808e-01 9.134327281019640754e-01
1.520621205188910484e+09 -2.617774486541748047e+00 -2.407346725463867188e+00 -7.204715907573699951e-02 -1.124333936949035648e-02 2.762313635842584061e-03 -4.255099794789083956e-01 9.048796684129104539e-01
1.520621205238912344e+09 -2.646980762481689453e+00 -2.437331438064575195e+00 -7.373404502868652344e-02 -2.448578950436892943e-02 3.502519606329393322e-03 -4.400469410353518573e-01 8.976340391017849640e-01
1.520621205288913250e+09 -2.677600860595703125e+00 -2.465310811996459961e+00 -7.352074980735778809e-02 -4.009722192143184982e-02 1.175995642283064573e-02 -4.528445622841350549e-01 8.906097454153568682e-01
1.520621205338915348e+09 -2.708507776260375977e+00 -2.492418766021728516e+00 -7.051493227481842041e-02 -5.180734723937645281e-02 2.034714241701675655e-02 -4.637601037657216874e-01 8.842106981498739637e-01
1.520621205388916254e+09 -2.739713430404663086e+00 -2.519099473953247070e+00 -6.560140103101730347e-02 -4.469955134028969629e-02 1.793453200956285007e-02 -4.778941053450748710e-01 8.770960761216557433e-01
1.520621205438918352e+09 -2.771339178085327148e+00 -2.545220613479614258e+00 -6.246947124600410461e-02 -2.838064032839237097e-02 6.921078194845872722e-03 -4.983421349888982332e-01 8.664881732752489629e-01
1.520621205488816500e+09 -2.803121805191040039e+00 -2.570025444030761719e+00 -5.847508087754249573e-02 -3.017424870926646921e-02 -1.736498143189809567e-03 -5.135137256016221174e-01 8.575489215827700740e-01
1.520621205538818359e+09 -2.834298610687255859e+00 -2.592273235321044922e+00 -5.267939716577529907e-02 -4.365653224990651698e-02 -9.421856849651549142e-04 -5.230911587106518157e-01 8.511573645083474471e-01
1.520621205588819504e+09 -2.864409923553466797e+00 -2.610771179199218750e+00 -4.616454988718032837e-02 -5.307048274669905891e-02 4.151881449853274050e-03 -5.309105230850827972e-01 8.457542800476876010e-01
1.520621205638821363e+09 -2.896456956863403320e+00 -2.626602172851562500e+00 -4.122913256287574768e-02 -5.279829750504194674e-02 5.457667659610226062e-03 -5.400412704167875111e-01 8.399630824571450161e-01
1.520621205688823462e+09 -2.930013656616210938e+00 -2.643656492233276367e+00 -3.992283716797828674e-02 -5.198812406960771904e-02 7.955792240979614460e-03 -5.506732977495819581e-01 8.330623382863625581e-01
1.520621205738824606e+09 -2.964763164520263672e+00 -2.660932779312133789e+00 -4.047461971640586853e-02 -5.482277127397645194e-02 9.735603556232095765e-03 -5.611952393053755150e-01 8.258084433778934974e-01
1.520621205788826466e+09 -2.999274015426635742e+00 -2.678359746932983398e+00 -4.293647035956382751e-02 -5.446911256606082330e-02 1.026034662402380837e-02 -5.761879315892084463e-01 8.154356556800606004e-01
1.520621205838827372e+09 -3.034671783447265625e+00 -2.695778369903564453e+00 -4.578953981399536133e-02 -5.100383786254525376e-02 9.756099989484923532e-03 -5.903774869288995752e-01 8.054550576933533490e-01
1.520621205889071941e+09 -3.069679975509643555e+00 -2.714026212692260742e+00 -4.937120899558067322e-02 -4.480064549966554510e-02 1.394573471619448175e-02 -6.029412597924740380e-01 7.964045805279520440e-01
1.520621205939072847e+09 -3.105132341384887695e+00 -2.733732223510742188e+00 -5.384566634893417358e-02 -3.817949954294440340e-02 1.480064543203830213e-02 -6.143606523312475920e-01 7.879620901899847540e-01
1.520621205989074945e+09 -3.142003297805786133e+00 -2.755786657333374023e+00 -5.848515778779983521e-02 -3.808252703267796246e-02 1.434976818126562810e-02 -6.233730613196121206e-01 7.808647973298350475e-01
1.520621206039075851e+09 -3.178060770034790039e+00 -2.776276111602783203e+00 -6.215412169694900513e-02 -3.662566313011732244e-02 1.034398612532178713e-02 -6.326117247655997922e-01 7.735334307193265646e-01
1.520621206089077950e+09 -3.215159416198730469e+00 -2.795842409133911133e+00 -6.485880911350250244e-02 -2.772653189006487814e-02 2.050287249027601955e-03 -6.426738268497118600e-01 7.656352839530660148e-01
1.520621206139080048e+09 -3.254932641983032227e+00 -2.814755439758300781e+00 -6.661495566368103027e-02 -2.062480090651628434e-02 -5.378408082009347117e-04 -6.543936535882132199e-01 7.558725252701681274e-01
1.520621206189080954e+09 -3.296005964279174805e+00 -2.830718994140625000e+00 -6.589270383119583130e-02 -2.446823040504739893e-02 -1.735920109309476626e-04 -6.656892387110080467e-01 7.458278038736675386e-01
1.520621206239082813e+09 -3.336396455764770508e+00 -2.840455293655395508e+00 -6.446990370750427246e-02 -2.634603103964836338e-02 -6.343864240894151905e-04 -6.757398706097036412e-01 7.366689293506980540e-01
1.520621206289083958e+09 -3.379079103469848633e+00 -2.848297357559204102e+00 -6.575891375541687012e-02 -1.961975276547862912e-02 -2.713934870798059406e-03 -6.842406702591178336e-01 7.289872461314338414e-01
1.520621206339902401e+09 -3.427540540695190430e+00 -2.856992959976196289e+00 -6.945890188217163086e-02 -1.096989938150229500e-02 -3.825622303537781158e-03 -6.922082766418875543e-01 7.216042735946194275e-01
1.520621206389903307e+09 -3.476415634155273438e+00 -2.862983703613281250e+00 -7.699704915285110474e-02 -6.286109610393428304e-03 -3.401843962432872428e-03 -6.983669788218181962e-01 7.157041813311610934e-01
1.520621206439906120e+09 -3.529010534286499023e+00 -2.868239879608154297e+00 -8.677695691585540771e-02 -1.392550742054472334e-03 -2.570025344957519234e-03 -7.031953211527296466e-01 7.109907144830137637e-01
1.520621206489907265e+09 -3.585855245590209961e+00 -2.872185468673706055e+00 -9.903619438409805298e-02 4.713010216863515109e-03 -4.822155627917636134e-03 -7.072353521352522376e-01 7.069460312074195008e-01
1.520621206539908171e+09 -3.645172357559204102e+00 -2.876022577285766602e+00 -1.106070205569267273e-01 8.558004732338544973e-03 -8.819588086767854787e-03 -7.079638539145381992e-01 7.061417400008694889e-01
1.520621206589911222e+09 -3.707526445388793945e+00 -2.880396604537963867e+00 -1.215833723545074463e-01 8.058111301555499068e-03 -1.657670574365903080e-02 -7.066015704814565535e-01 7.073715432939603476e-01
1.520621206639912367e+09 -3.773398876190185547e+00 -2.884977340698242188e+00 -1.331664621829986572e-01 7.251369620770703635e-03 -2.838842699841506029e-02 -7.023957826220390555e-01 7.111832952242002071e-01
1.520621206689913273e+09 -3.841849565505981445e+00 -2.888835430145263672e+00 -1.470349431037902832e-01 6.624857462477451789e-03 -3.614496830263141947e-02 -6.991384660326555034e-01 7.140413558355770407e-01
1.520621206741336823e+09 -3.917915582656860352e+00 -2.893111228942871094e+00 -1.637048721313476562e-01 5.547320350004338561e-03 -4.273266625190547813e-02 -6.974007336171426097e-01 7.153847658583518676e-01
1.520621206791338921e+09 -3.997451066970825195e+00 -2.897231101989746094e+00 -1.776665449142456055e-01 1.684631377439669165e-03 -4.446014495035989500e-02 -6.972023414332421121e-01 7.154923847450230801e-01
1.520621206841340780e+09 -4.081921100616455078e+00 -2.899094820022583008e+00 -1.798465698957443237e-01 -7.725087656552315392e-03 -3.864835440523387705e-02 -7.007109874649937176e-01 7.123557676949765494e-01
1.520621206891341925e+09 -4.169582366943359375e+00 -2.900351762771606445e+00 -1.683356016874313354e-01 -2.513241965125805402e-02 -3.000930114896390236e-02 -7.006092178938457815e-01 7.124707201908001553e-01
1.520621206941344976e+09 -4.257196426391601562e+00 -2.898915767669677734e+00 -1.492239683866500854e-01 -3.642850702931944851e-02 -3.421497681046001965e-02 -6.936382577426601914e-01 7.185876888962134945e-01
1.520621206991344929e+09 -4.350055217742919922e+00 -2.896606206893920898e+00 -1.318478584289550781e-01 -3.535558753600957088e-02 -3.775855232865962807e-02 -6.899705589009429429e-01 7.219867741212078194e-01
1.520621207041347027e+09 -4.447473526000976562e+00 -2.893147468566894531e+00 -1.227859109640121460e-01 -3.396908388506676701e-02 -4.195737619072469060e-02 -6.953718298192077540e-01 7.166196328716412101e-01
1.520621207091377735e+09 -4.550931453704833984e+00 -2.886566638946533203e+00 -1.233965903520584106e-01 -3.363519489407190005e-02 -4.756380553896778079e-02 -7.079312706518710030e-01 7.038747573967377713e-01
1.520621207141372919e+09 -4.655153751373291016e+00 -2.873460531234741211e+00 -1.313089132308959961e-01 -3.634923046193402202e-02 -3.379224355054921691e-02 -7.264091413385148632e-01 6.854681444826500325e-01
1.520621207191374063e+09 -4.759412288665771484e+00 -2.853663206100463867e+00 -1.415776759386062622e-01 -3.726207548809819942e-02 -1.504793703901149450e-02 -7.413711118686743262e-01 6.698910148731619385e-01
1.520621207241376162e+09 -4.867583274841308594e+00 -2.833230972290039062e+00 -1.510592550039291382e-01 -2.298227460885277421e-02 7.907033840740769265e-04 -7.501128747273410058e-01 6.609098766172633033e-01
1.520621207291378021e+09 -4.978157520294189453e+00 -2.811688661575317383e+00 -1.498034000396728516e-01 -7.660140474024631357e-03 2.019037233813871998e-02 -7.609169209972534986e-01 6.484898691982976526e-01
1.520621207341379166e+09 -5.088944911956787109e+00 -2.791083097457885742e+00 -1.372888982295989990e-01 -2.370856697250434326e-04 1.824309397135844349e-02 -7.636675443320563028e-01 6.453518536787387072e-01
1.520621207391381025e+09 -5.201654911041259766e+00 -2.772947549819946289e+00 -1.224232316017150879e-01 5.120772325207139861e-03 2.675121609599494070e-03 -7.650415185498741222e-01 6.439550421497370891e-01
1.520621207441382170e+09 -5.321510791778564453e+00 -2.757882118225097656e+00 -1.109339147806167603e-01 1.386580573460059274e-03 -9.428008941666779150e-03 -7.640645736032648516e-01 6.450693896056224341e-01
1.520621207491384268e+09 -5.444643497467041016e+00 -2.745193004608154297e+00 -1.050361916422843933e-01 -5.364837770957833936e-03 -6.711209301623216085e-03 -7.582195594007949957e-01 6.519426952788607288e-01
1.520621207540075302e+09 -5.565598964691162109e+00 -2.734498739242553711e+00 -1.100137606263160706e-01 -1.239486440641404154e-02 -1.503313348663960812e-03 -7.488693210043178006e-01 6.626000659853984454e-01
1.520621207590077162e+09 -5.692310333251953125e+00 -2.725820779800415039e+00 -1.225238069891929626e-01 -1.014704842382197977e-02 6.446986500480900682e-03 -7.418278563468930775e-01 6.704825913632064260e-01
1.520621207640079498e+09 -5.820847511291503906e+00 -2.719207525253295898e+00 -1.324164569377899170e-01 -3.392768768882241728e-03 1.231638706661790719e-02 -7.350367855909982762e-01 6.779068664335529126e-01
1.520621207690080404e+09 -5.954868793487548828e+00 -2.716102838516235352e+00 -1.289522200822830200e-01 -9.567642199154997515e-03 1.727664773628731498e-02 -7.248485988545402270e-01 6.886250695439103398e-01
1.520621207740082264e+09 -6.088359355926513672e+00 -2.715301513671875000e+00 -1.131891608238220215e-01 -1.028064010374354215e-02 8.226359640593979700e-03 -7.136070843954631648e-01 7.004224186494369953e-01
1.520621207790083408e+09 -6.229702949523925781e+00 -2.712998390197753906e+00 -9.604375064373016357e-02 -2.992914306180252757e-03 -2.358030589102547668e-03 -7.110549290221400698e-01 7.031261409370412885e-01
1.520621207840085268e+09 -6.379863739013671875e+00 -2.706393718719482422e+00 -8.473137021064758301e-02 -7.558794301546082131e-03 -1.854801248781094464e-04 -7.134903144150852583e-01 7.006242940847062783e-01
1.520621207890086174e+09 -6.527961254119873047e+00 -2.694248437881469727e+00 -8.323995769023895264e-02 -1.477289890412591608e-02 2.174408793362547603e-03 -7.183795306427165350e-01 6.954911094743903011e-01
1.520621207939125061e+09 -6.677024841308593750e+00 -2.677715539932250977e+00 -9.227840602397918701e-02 -2.329854477599911655e-02 1.096613889859006374e-02 -7.274497141001577960e-01 6.856776466128791103e-01
1.520621207989126205e+09 -6.825694084167480469e+00 -2.655965805053710938e+00 -1.071387827396392822e-01 -2.743288700204942962e-02 2.082560406675382919e-02 -7.371095450752472855e-01 6.748949914504845937e-01
1.520621208039128065e+09 -6.974671840667724609e+00 -2.632438659667968750e+00 -1.152981668710708618e-01 -1.984919057073040657e-02 2.654088050487277833e-02 -7.410449317009472070e-01 6.706370109798976964e-01
1.520621208089130163e+09 -7.121465682983398438e+00 -2.606934070587158203e+00 -1.097795367240905762e-01 -6.211909361207033735e-03 3.712726322072548019e-02 -7.474530809806010367e-01 6.632472165342530035e-01
1.520621208139131308e+09 -7.270336627960205078e+00 -2.582605123519897461e+00 -9.831946343183517456e-02 5.807500577609368483e-03 2.015429075155568059e-02 -7.527716477411028340e-01 6.579475084370239868e-01
1.520621208189134121e+09 -7.423789024353027344e+00 -2.561938524246215820e+00 -8.763742446899414062e-02 -1.060813837758094744e-03 6.834299379722118609e-03 -7.518001962362509394e-01 6.593547087608645496e-01
1.520621208239135265e+09 -7.576212882995605469e+00 -2.544721126556396484e+00 -8.242198824882507324e-02 -1.129884381173907812e-02 8.664258158351522202e-03 -7.483010372153549028e-01 6.632064719689541032e-01
1.520621208289136171e+09 -7.731832027435302734e+00 -2.529727935791015625e+00 -8.807400614023208618e-02 -1.429569823914452614e-02 2.088833664434940757e-02 -7.456854145908664577e-01 6.658172218188227465e-01
1.520621208340983868e+09 -7.896816730499267578e+00 -2.519032478332519531e+00 -1.034104675054550171e-01 -1.265381170871069522e-02 3.102198398505365967e-02 -7.397559211478401675e-01 6.720406942184244947e-01
1.520621208390984774e+09 -8.051134109497070312e+00 -2.514220952987670898e+00 -1.154805123805999756e-01 -1.694674409460984743e-02 3.984041865932735904e-02 -7.315938438576309322e-01 6.803646055867821341e-01
1.520621208440986633e+09 -8.205946922302246094e+00 -2.514691829681396484e+00 -1.118498742580413818e-01 -2.567202377900430418e-02 3.422703921579325903e-02 -7.175637389424820434e-01 6.951774863561794859e-01
1.520621208490987778e+09 -8.357615470886230469e+00 -2.521349191665649414e+00 -9.873208403587341309e-02 -2.532531456033093251e-02 1.410530479003309530e-02 -7.048629379598893019e-01 7.087509488598613405e-01
1.520621208540992975e+09 -8.515754699707031250e+00 -2.527706384658813477e+00 -8.669918030500411987e-02 -1.883442756286143882e-02 -4.860081840417549391e-03 -6.996079200834268708e-01 7.142621382233734773e-01
1.520621208590991020e+09 -8.673644065856933594e+00 -2.527811765670776367e+00 -7.760248333215713501e-02 -2.390208523653171782e-02 -9.710463165251696782e-03 -6.993856048343940479e-01 7.142787781930041158e-01
1.520621208640996695e+09 -8.834530830383300781e+00 -2.523730278015136719e+00 -7.824516296386718750e-02 -3.282464628260133022e-02 -1.364958735357183796e-02 -7.020905528568197607e-01 7.111997517931964996e-01
1.520621208690993786e+09 -9.002155303955078125e+00 -2.512650728225708008e+00 -8.941825479269027710e-02 -3.291286525205242008e-02 -7.083538447773250236e-03 -7.117168897068411049e-01 7.016592019563197002e-01
1.520621208741080999e+09 -9.168126106262207031e+00 -2.495424747467041016e+00 -1.056948453187942505e-01 -3.283383945494526557e-02 -1.103811622717515688e-03 -7.245040857682784052e-01 6.884871460612894678e-01
1.520621208794712305e+09 -9.339939117431640625e+00 -2.474164962768554688e+00 -1.144971475005149841e-01 -3.321226155334058849e-02 1.237080280350884645e-02 -7.347920186601650805e-01 6.773659263897384708e-01
1.520621208844714403e+09 -9.502886772155761719e+00 -2.449974060058593750e+00 -1.056523844599723816e-01 -1.676346951652707765e-02 1.160182359816415605e-02 -7.461434145660570394e-01 6.654730563130791809e-01
1.520621208894716263e+09 -9.665324211120605469e+00 -2.425634860992431641e+00 -8.876239508390426636e-02 -3.462513648668116145e-03 -9.615726693308282100e-03 -7.532957733008351919e-01 6.576024838201943723e-01
1.520621208944717407e+09 -9.828676223754882812e+00 -2.406292200088500977e+00 -7.308886200189590454e-02 -1.039563649242303961e-02 -1.926851405164578535e-02 -7.542861489910480666e-01 6.561806615166387857e-01
1.520621208994719267e+09 -9.994679450988769531e+00 -2.389429330825805664e+00 -6.785588711500167847e-02 -2.250833848274390661e-02 -1.635383334972953864e-02 -7.534340126754941469e-01 6.569346355439167340e-01
1.520621209044720173e+09 -1.016290092468261719e+01 -2.374331235885620117e+00 -7.502016425132751465e-02 -2.763395716941678681e-02 2.298507340890695427e-03 -7.557576786618848130e-01 6.542640234788720255e-01
1.520621209094722509e+09 -1.033209323883056641e+01 -2.365937948226928711e+00 -9.005583822727203369e-02 -2.950878960728077829e-02 1.757005095228166697e-02 -7.507478616703987528e-01 6.596955152513708232e-01
1.520621209144723177e+09 -1.049829959869384766e+01 -2.357157468795776367e+00 -1.012564077973365784e-01 -2.699303150584921734e-02 3.032576734818357919e-02 -7.449611138653124964e-01 6.658713561292608496e-01
1.520621209194502354e+09 -1.065499591827392578e+01 -2.362064123153686523e+00 -1.006952226161956787e-01 -4.076780471094491876e-02 1.494807181566756848e-02 -7.294393276403570159e-01 6.826659567750745783e-01
1.520621209244504213e+09 -1.080739974975585938e+01 -2.374338388442993164e+00 -8.561976253986358643e-02 -4.301109092818852786e-02 -1.478722107942592040e-02 -7.168143867437901662e-01 6.957790734903135377e-01
1.520621209294505358e+09 -1.096856117248535156e+01 -2.384952068328857422e+00 -6.910797208547592163e-02 -3.515832258978397740e-02 -3.359838718597375068e-02 -7.172852265584992448e-01 6.950805309401898446e-01
1.520621209344507217e+09 -1.113841915130615234e+01 -2.387563467025756836e+00 -5.954341217875480652e-02 -3.771534129335614438e-02 -3.758553728027002466e-02 -7.217058424105712300e-01 6.901489385987108482e-01
1.520621209394508123e+09 -1.130967140197753906e+01 -2.384228229522705078e+00 -5.885287746787071228e-02 -4.138555610846522681e-02 -3.783046326761990708e-02 -7.239077443420328661e-01 6.876144773608103833e-01
1.520621209444510221e+09 -1.148531913757324219e+01 -2.376692533493041992e+00 -6.818716228008270264e-02 -4.915439759440679707e-02 -2.557791787636294265e-02 -7.303530689804262899e-01 6.808186321959128762e-01
1.520621209494511127e+09 -1.166336441040039062e+01 -2.363207578659057617e+00 -8.313802629709243774e-02 -5.298330287870382793e-02 -1.600483513868745586e-02 -7.406112662745133468e-01 6.696503319908898577e-01
1.520621209544513226e+09 -1.183241176605224609e+01 -2.346361398696899414e+00 -8.629380911588668823e-02 -4.147513980528275135e-02 2.352113638253001526e-03 -7.492339578753008933e-01 6.610013288232308160e-01
1.520621209593272924e+09 -1.199842643737792969e+01 -2.323629140853881836e+00 -7.299696654081344604e-02 -1.496417983826872460e-02 -2.994039748629149546e-03 -7.600161316957294577e-01 6.497250099926977773e-01
1.520621209643274784e+09 -1.216614151000976562e+01 -2.303752183914184570e+00 -5.269715189933776855e-02 -1.352917976165702880e-03 -2.976877967815822965e-02 -7.619638392904278801e-01 6.469336109549528313e-01
1.520621209693277121e+09 -1.234023380279541016e+01 -2.282341480255126953e+00 -3.425259515643119812e-02 -2.241603478928135690e-02 -3.539551512396181543e-02 -7.591150393989063438e-01 6.496068317465818476e-01
1.520621209743278027e+09 -1.251412487030029297e+01 -2.262415170669555664e+00 -2.236319519579410553e-02 -4.471025588730788425e-02 -2.617540939619540999e-02 -7.610990954827202559e-01 6.465632280116292430e-01
1.520621209793279886e+09 -1.268740081787109375e+01 -2.244627714157104492e+00 -2.070236019790172577e-02 -5.135411688655232981e-02 -1.250804568592573870e-02 -7.657475351467331048e-01 6.409656901025391207e-01
1.520621209843281984e+09 -1.286514282226562500e+01 -2.227896213531494141e+00 -2.545667998492717743e-02 -3.981399775334525798e-02 -9.004700976627076766e-04 -7.644409877369273687e-01 6.434625171711952918e-01
1.520621209893283844e+09 -1.303530597686767578e+01 -2.214119195938110352e+00 -2.998752146959304810e-02 -2.470354049284226999e-02 1.306316934014881831e-02 -7.564597334606414369e-01 6.534430046657203617e-01
1.520621209943284750e+09 -1.320432758331298828e+01 -2.210448980331420898e+00 -2.120046503841876984e-02 -2.050549922082393547e-02 -8.864375826852733059e-04 -7.383214802137574306e-01 6.741365815508627568e-01
1.520621209989825726e+09 -1.335768890380859375e+01 -2.216289281845092773e+00 -3.289345884695649147e-03 -1.377509786658106389e-02 -8.929936039616505686e-03 -7.268089509087447553e-01 6.866434677472903481e-01
1.520621210039826632e+09 -1.352680015563964844e+01 -2.221262931823730469e+00 1.608861610293388367e-02 -1.206521809024308292e-02 -8.873622370747992483e-03 -7.239936187357761677e-01 6.896440599094084689e-01
1.520621210089827776e+09 -1.369988441467285156e+01 -2.221748352050781250e+00 2.722422219812870026e-02 -1.527100739951762522e-02 -1.897768156777617996e-02 -7.253362686599376108e-01 6.879636191702251935e-01
1.520621210139829636e+09 -1.387254428863525391e+01 -2.217440128326416016e+00 2.847385965287685394e-02 -2.765959842887091846e-02 -2.028607976600247526e-02 -7.270333792143994778e-01 6.857447681831572162e-01
1.520621210189831495e+09 -1.405160236358642578e+01 -2.209189891815185547e+00 2.085749804973602295e-02 -4.274429297313889903e-02 -7.147616567028013818e-03 -7.302293634680824264e-01 6.818261609271355494e-01
1.520621210239832640e+09 -1.423151397705078125e+01 -2.196916341781616211e+00 7.400717586278915405e-03 -4.778179417513449961e-02 7.844009258031877860e-03 -7.365549038994800846e-01 6.746423090837044834e-01
1.520621210289833546e+09 -1.440011787414550781e+01 -2.181480407714843750e+00 3.816399956122040749e-03 -5.298328752045883272e-02 2.728616802826604529e-02 -7.399556088413509203e-01 6.700103978462448318e-01
1.520621210339835405e+09 -1.457331371307373047e+01 -2.162767887115478516e+00 1.000007893890142441e-02 -4.230020611052964785e-02 1.930413414916845247e-02 -7.487580256775092646e-01 6.612106033264105731e-01
1.520621210389513254e+09 -1.473149394989013672e+01 -2.145972967147827148e+00 2.084383741021156311e-02 -2.760173545421433158e-02 -4.523486329859926873e-03 -7.548013271482876263e-01 6.553568789648299697e-01
1.520621210439515591e+09 -1.489572715759277344e+01 -2.130953788757324219e+00 3.013723157346248627e-02 -2.684489488738164148e-02 -2.204174053620468546e-02 -7.527048766414055070e-01 6.574411623657790971e-01
1.520621210489517450e+09 -1.505823707580566406e+01 -2.118724107742309570e+00 3.111057355999946594e-02 -3.950206685404259593e-02 -2.312851364565781873e-02 -7.495568516326356345e-01 6.603553473254931694e-01
1.520621210539518356e+09 -1.522381687164306641e+01 -2.108126163482666016e+00 2.207371778786182404e-02 -4.341305548011253901e-02 -6.690906558343059224e-03 -7.506747467479834013e-01 6.592101053368033536e-01
1.520621210589520454e+09 -1.540838432312011719e+01 -2.098442316055297852e+00 2.546582603827118874e-03 -3.915407321495437826e-02 4.183820248872201046e-03 -7.472729921849099455e-01 6.633494775379072950e-01
1.520621210639521360e+09 -1.557223129272460938e+01 -2.092761754989624023e+00 -1.572898589074611664e-02 -2.408994557849541279e-02 1.217498821516211152e-02 -7.415052086560114386e-01 6.704039601016618111e-01
1.520621210689523220e+09 -1.573508167266845703e+01 -2.091363668441772461e+00 -2.257771976292133331e-02 -2.693978113645073905e-02 7.094421824790029737e-03 -7.263288431538456047e-01 6.867825922183006249e-01
1.520621210739524364e+09 -1.588336181640625000e+01 -2.100406646728515625e+00 -1.321960426867008209e-02 -3.437254413935778019e-02 -8.935962377462372541e-03 -7.142034428419914427e-01 6.990365648651171160e-01
1.520621210789526463e+09 -1.603247833251953125e+01 -2.111608028411865234e+00 -8.107320754788815975e-04 -3.066948280832075199e-02 -2.261955181939395362e-02 -7.138106478698871271e-01 6.993011494966471231e-01
1.520621210842194557e+09 -1.621065902709960938e+01 -2.115440130233764648e+00 3.434760961681604385e-03 -2.957742733735156671e-02 -3.798438329221151544e-02 -7.176543054055690707e-01 6.947335175093138915e-01
1.520621210892196417e+09 -1.638306999206542969e+01 -2.112963676452636719e+00 -7.733790553174912930e-04 -2.994675391898820455e-02 -3.925513125072630644e-02 -7.237122098447643648e-01 6.883333959076891606e-01
1.520621210942198277e+09 -1.655486297607421875e+01 -2.105015754699707031e+00 -1.093728281557559967e-02 -4.373915915797239179e-02 -2.031803713021185925e-02 -7.308930837845104556e-01 6.807858425373558564e-01
1.520621210992199421e+09 -1.671434974670410156e+01 -2.095317363739013672e+00 -2.096495777368545532e-02 -5.183184075302445237e-02 7.432678611750875505e-03 -7.399775283667322512e-01 6.705903914350915818e-01
1.520621211042201519e+09 -1.688126373291015625e+01 -2.082822799682617188e+00 -2.535201422870159149e-02 -4.789643969150194497e-02 2.653441687922828904e-02 -7.471624993468120035e-01 6.623821067598240075e-01
1.520621211092202425e+09 -1.704261970520019531e+01 -2.067703008651733398e+00 -1.759307086467742920e-02 -3.067246291804739261e-02 9.488835435324798062e-03 -7.545274698116660739e-01 6.554826155743778138e-01
1.520621211142204523e+09 -1.720904922485351562e+01 -2.051121950149536133e+00 -3.111978527158498764e-03 -1.818726009143156394e-02 -2.026067097120642924e-02 -7.562997869093620595e-01 6.536584437632675382e-01
1.520621211192205429e+09 -1.737874031066894531e+01 -2.036031961441040039e+00 1.369982678443193436e-02 -2.509615974358494692e-02 -2.829200599983951528e-02 -7.552808057475244308e-01 6.543092920263320345e-01
1.520621211239849329e+09 -1.752945327758789062e+01 -2.024419069290161133e+00 2.690204419195652008e-02 -3.908774413605432124e-02 -2.442744984577805561e-02 -7.540865720554618123e-01 6.551556225798792488e-01
1.520621211289851189e+09 -1.767967414855957031e+01 -2.013204097747802734e+00 3.201375529170036316e-02 -4.508326056150539080e-02 -1.360535204908755631e-02 -7.548747413462471023e-01 6.541762139440719936e-01
1.520621211339853525e+09 -1.784997940063476562e+01 -2.002777338027954102e+00 2.352329157292842865e-02 -4.276928179884590536e-02 -8.483700204815012441e-03 -7.492458600065371455e-01 6.608550950309078909e-01
1.520621211389854193e+09 -1.801458549499511719e+01 -1.997192502021789551e+00 1.269914582371711731e-02 -3.363668400700275951e-02 1.082769082627181925e-03 -7.439773357226924233e-01 6.673568198730651657e-01
1.520621211439856291e+09 -1.817786598205566406e+01 -1.995045900344848633e+00 1.074318494647741318e-02 -4.166568253717201770e-02 2.880778731168836052e-03 -7.335990333761450710e-01 6.782979656774738020e-01
1.520621211489857435e+09 -1.834106063842773438e+01 -1.998891592025756836e+00 2.269382029771804810e-02 -4.462733725606170265e-02 -7.788633568385572650e-04 -7.235836757064966207e-01 6.887920284036254115e-01
1.520621211539859295e+09 -1.849864578247070312e+01 -2.003723382949829102e+00 3.798714280128479004e-02 -3.576067376408272047e-02 -1.620098350653460459e-02 -7.203987663278034193e-01 6.924480629034488466e-01
1.520621211589860439e+09 -1.866580009460449219e+01 -2.005985736846923828e+00 4.561338201165199280e-02 -3.303632179128811186e-02 -3.495110240083253855e-02 -7.202151502687856865e-01 6.920817576029435481e-01
1.520621211641173124e+09 -1.883927917480468750e+01 -2.000694513320922852e+00 4.615485668182373047e-02 -3.815360213941801359e-02 -3.302292393034436668e-02 -7.220723934811186240e-01 6.899748167225572271e-01
1.520621211691174030e+09 -1.900350952148437500e+01 -1.990146994590759277e+00 3.895941004157066345e-02 -4.581492761472444331e-02 -2.202759121807003687e-02 -7.269790760268207697e-01 6.847752920863727777e-01
1.520621211741176128e+09 -1.917191886901855469e+01 -1.974935412406921387e+00 2.333731204271316528e-02 -4.306462948675184033e-02 -8.187124118769661257e-03 -7.353962908382544184e-01 6.762179412786754051e-01
1.520621211791177988e+09 -1.933161163330078125e+01 -1.956106185913085938e+00 1.263478398323059082e-02 -3.548843428473257011e-02 1.014054198345129033e-02 -7.421885163912863570e-01 6.691740779327912669e-01
1.520621211841178894e+09 -1.949349784851074219e+01 -1.934311389923095703e+00 1.395497377961874008e-02 -2.019888417878968473e-02 2.435095691419866468e-02 -7.499746936459044111e-01 6.607094632786990607e-01
1.520621211891180038e+09 -1.964641380310058594e+01 -1.911600112915039062e+00 2.536012977361679077e-02 -8.459924227051253409e-03 1.204635225791983108e-02 -7.534890331661122653e-01 6.572956655704860207e-01
1.520621211941182137e+09 -1.980612373352050781e+01 -1.888029575347900391e+00 3.746277093887329102e-02 -1.185570908590864204e-02 2.810314463994384969e-03 -7.522999466230958499e-01 6.587080799607447634e-01
1.520621211991219044e+09 -1.996291160583496094e+01 -1.870995044708251953e+00 4.472321271896362305e-02 -2.582543914341577443e-02 -6.649227844406633767e-03 -7.478043472453451690e-01 6.633833678221712216e-01
1.520621212046808481e+09 -2.013685226440429688e+01 -1.854714035987854004e+00 4.304927960038185120e-02 -3.667200185200609336e-02 -7.080073602901177862e-03 -7.448930988003561460e-01 6.661376045514522115e-01
1.520621212096810341e+09 -2.030031967163085938e+01 -1.842358350753784180e+00 3.148668259382247925e-02 -3.711616515914965136e-02 6.797546329433512384e-04 -7.400070816533994567e-01 6.715738584253685417e-01
1.520621212146811247e+09 -2.046198654174804688e+01 -1.834445476531982422e+00 1.890657842159271240e-02 -2.980544571174631799e-02 9.689781706924196006e-03 -7.353007711555554771e-01 6.770158930737457670e-01
1.520621212196813345e+09 -2.062603759765625000e+01 -1.831322431564331055e+00 1.506437920033931732e-02 -2.332590125350457455e-02 5.217464124742543334e-03 -7.252210904731396512e-01 6.881010465998209646e-01
1.520621212246814251e+09 -2.078719329833984375e+01 -1.833559155464172363e+00 2.343207411468029022e-02 -1.985253636393327983e-02 -2.555761552039874460e-03 -7.177404888138716466e-01 6.960229418632928322e-01
1.520621212296816111e+09 -2.093299865722656250e+01 -1.838901638984680176e+00 4.052207991480827332e-02 -1.885004280432076365e-02 -7.654495288885111021e-03 -7.180757885606776636e-01 6.956674826891859897e-01
1.520621212346817493e+09 -2.108682823181152344e+01 -1.838919162750244141e+00 5.374652892351150513e-02 -1.639609518972772254e-02 -1.912318264602996809e-02 -7.212906729885388835e-01 6.921742822496055325e-01
1.520621212396819353e+09 -2.125048065185546875e+01 -1.832310318946838379e+00 5.449691787362098694e-02 -1.508559961783083499e-02 -1.717737423792302723e-02 -7.273583671338841317e-01 6.858769337561884116e-01
1.520621212446821213e+09 -2.142203712463378906e+01 -1.821375846862792969e+00 4.679550975561141968e-02 -2.615525700619798083e-02 -7.879235021503919580e-04 -7.356772256454663372e-01 6.768266405617349157e-01
1.520621212496822357e+09 -2.158307456970214844e+01 -1.804671406745910645e+00 3.947687521576881409e-02 -3.140619733857995255e-02 2.114950096317515932e-02 -7.478218589333361921e-01 6.628188415240080511e-01
1.520621212546824217e+09 -2.174357414245605469e+01 -1.786219239234924316e+00 3.631427511572837830e-02 -3.472886864294224413e-02 4.285813353245227636e-02 -7.583484993963832688e-01 6.495110773005716709e-01
1.520621212596825123e+09 -2.190405654907226562e+01 -1.769571065902709961e+00 4.432475939393043518e-02 -2.140560472741657658e-02 4.878716344602777866e-02 -7.700876875973285962e-01 6.357094982617009782e-01
1.520621212646827459e+09 -2.205886268615722656e+01 -1.753551244735717773e+00 6.000952795147895813e-02 -1.347940486565499946e-02 2.911936258561951749e-02 -7.775559896162699269e-01 6.279944676340216692e-01
1.520621212696828365e+09 -2.222356605529785156e+01 -1.737468957901000977e+00 7.218512892723083496e-02 -3.318191032167771420e-02 2.407348319896734576e-02 -7.780275862745380522e-01 6.268911414511211255e-01
1.520621212746830225e+09 -2.237857246398925781e+01 -1.725579619407653809e+00 8.649145066738128662e-02 -4.590914928088141167e-02 1.595962158960276614e-02 -7.765265338861864208e-01 6.282071176465032769e-01
1.520621212796831369e+09 -2.254281044006347656e+01 -1.714296936988830566e+00 8.545762300491333008e-02 -5.186262059701506749e-02 1.028851547518268988e-02 -7.782378946809798137e-01 6.257397177074849326e-01
1.520621212845879316e+09 -2.270107460021972656e+01 -1.705606460571289062e+00 7.507470250129699707e-02 -5.668367820218308401e-02 9.520602721873206581e-03 -7.734485359353289180e-01 6.312477176265907097e-01
1.520621212895881414e+09 -2.285456657409667969e+01 -1.701176524162292480e+00 6.690220534801483154e-02 -5.417527723228269393e-02 1.976857790914381477e-02 -7.670812806079064794e-01 6.389526990358440628e-01
1.520621212945882320e+09 -2.300305175781250000e+01 -1.700361967086791992e+00 7.180029153823852539e-02 -5.576101721229622526e-02 2.151656577709022342e-02 -7.546129956179199461e-01 6.534424023593503605e-01
1.520621212995884418e+09 -2.315325736999511719e+01 -1.705029010772705078e+00 8.487479388713836670e-02 -5.535101456530449465e-02 1.610423792885473659e-02 -7.428980387154940912e-01 6.669178530973621788e-01
1.520621213045886278e+09 -2.330935478210449219e+01 -1.715836524963378906e+00 1.034912392497062683e-01 -4.699591511209494366e-02 6.931264282183796643e-03 -7.374360516309541591e-01 6.737443219005085915e-01
1.520621213095887184e+09 -2.346129417419433594e+01 -1.722406029701232910e+00 1.147078275680541992e-01 -3.713672255231611347e-02 -1.113249926191142193e-03 -7.358748355649381567e-01 6.760975158177623401e-01
1.520621213145889282e+09 -2.362368011474609375e+01 -1.722318649291992188e+00 1.114040911197662354e-01 -3.487242961923681106e-02 -7.030297661602535365e-03 -7.365058303833794673e-01 6.754951149923508202e-01
1.520621213195891380e+09 -2.378209686279296875e+01 -1.717492580413818359e+00 1.000762432813644409e-01 -4.622310267263012723e-02 2.020688669466764661e-03 -7.398242737972497984e-01 6.712074087023983671e-01
1.520621213245892525e+09 -2.393623352050781250e+01 -1.707734346389770508e+00 8.410953730344772339e-02 -4.761136168453965894e-02 1.802477368237850874e-02 -7.481490130427372875e-01 6.615748786459632047e-01
1.520621213292091846e+09 -2.408023262023925781e+01 -1.696154236793518066e+00 7.304102182388305664e-02 -3.861531734542839045e-02 2.691392982825410382e-02 -7.553268771730627940e-01 6.536557245733420896e-01
1.520621213342093945e+09 -2.423795890808105469e+01 -1.681537389755249023e+00 7.423783838748931885e-02 -2.706978164338723000e-02 1.763743084304966735e-02 -7.631390353960166850e-01 6.454261852527158894e-01
1.520621213392095804e+09 -2.439825439453125000e+01 -1.664885759353637695e+00 8.233232796192169189e-02 -1.479960823211405596e-02 -5.412459954134070904e-03 -7.675573988919280888e-01 6.407864825975018164e-01
1.520621213442098856e+09 -2.455911636352539062e+01 -1.648189067840576172e+00 8.840490877628326416e-02 -1.656565393136312514e-02 -1.557258190578397934e-02 -7.675108680057733945e-01 6.406326102343201656e-01
1.520621213492098808e+09 -2.472349929809570312e+01 -1.636623859405517578e+00 9.361387044191360474e-02 -2.814913926474488237e-02 -1.828283452404005568e-02 -7.646548186922063062e-01 6.435653596731336634e-01
1.520621213542099714e+09 -2.488445472717285156e+01 -1.625738978385925293e+00 8.871286362409591675e-02 -3.783498662278157038e-02 -2.358500260658635481e-02 -7.626013074783777324e-01 6.453305410962432154e-01
1.520621213592101812e+09 -2.504757118225097656e+01 -1.616335511207580566e+00 7.157509773969650269e-02 -4.159527012007596669e-02 -2.091577332124408897e-02 -7.574308041186260665e-01 6.512533615285404087e-01
1.520621213642190933e+09 -2.519564819335937500e+01 -1.611677169799804688e+00 6.243644282221794128e-02 -4.831642636391526857e-02 -3.915633989140308684e-03 -7.462917533667055014e-01 6.638514966547354179e-01
1.520621213689566612e+09 -2.534133338928222656e+01 -1.611887812614440918e+00 6.475967168807983398e-02 -5.083457291679142204e-02 -2.410315167869627167e-03 -7.291568390235144692e-01 6.824517130774861995e-01
1.520621213739567757e+09 -2.547881507873535156e+01 -1.619399905204772949e+00 8.273398131132125854e-02 -3.756824676959451964e-02 -1.875094036326451635e-02 -7.180576530826967563e-01 6.947159390135811963e-01
1.520621213789569616e+09 -2.562857437133789062e+01 -1.628832101821899414e+00 9.878422319889068604e-02 -2.483092612727274412e-02 -2.723827762801920085e-02 -7.188082313521747535e-01 6.942306733931303819e-01
1.520621213839570761e+09 -2.577905845642089844e+01 -1.632389783859252930e+00 1.108677238225936890e-01 -2.618311691520106704e-02 -2.833051391981617970e-02 -7.236946747729291474e-01 6.890412499081228770e-01
1.520621213889572620e+09 -2.593086433410644531e+01 -1.629361152648925781e+00 1.132753938436508179e-01 -3.561435463021789954e-02 -3.064120222476768296e-02 -7.270781632848822840e-01 6.849453109152408015e-01
1.520621213939573526e+09 -2.608303833007812500e+01 -1.621421337127685547e+00 1.054174676537513733e-01 -5.288307761626791226e-02 -1.996096603800130362e-02 -7.306875614616906711e-01 6.803680088465576814e-01
1.520621213989575863e+09 -2.623582649230957031e+01 -1.609532594680786133e+00 9.376323223114013672e-02 -5.975335858621857316e-02 4.236132387917107382e-03 -7.389802364161955905e-01 6.710587168842397920e-01
1.520621214039576769e+09 -2.639464950561523438e+01 -1.594641089439392090e+00 8.552971482276916504e-02 -5.345183427934865200e-02 2.098521704658824413e-02 -7.482130867407548180e-01 6.609687578906831007e-01
1.520621214090558767e+09 -2.654188537597656250e+01 -1.573699593544006348e+00 9.043602645397186279e-02 -3.137461533690800303e-02 1.476147987781455465e-02 -7.604848900312538573e-01 6.484292284115743543e-01
1.520621214140560627e+09 -2.668791198730468750e+01 -1.551173210144042969e+00 9.580937772989273071e-02 -1.079505885142204025e-02 -1.010698846866919971e-02 -7.658653910434938261e-01 6.428308628949646053e-01
1.520621214190561533e+09 -2.683826637268066406e+01 -1.529627561569213867e+00 1.025693640112876892e-01 -1.210623321086781029e-02 -1.869560395487746690e-02 -7.627356607140644007e-01 6.463267172145108486e-01
1.520621214240563869e+09 -2.698004722595214844e+01 -1.510299324989318848e+00 1.046120151877403259e-01 -2.109431612312939047e-02 -1.802740576409418011e-02 -7.552214088177234830e-01 6.548821772899968696e-01
1.520621214290564775e+09 -2.712689399719238281e+01 -1.498117923736572266e+00 9.552273154258728027e-02 -2.181078597282277987e-02 -1.783378168475661940e-02 -7.513051344616402671e-01 6.593533504712362214e-01
1.520621214340566635e+09 -2.727585792541503906e+01 -1.491485714912414551e+00 7.932610064744949341e-02 -2.013552969040158583e-02 -1.700028649502794212e-02 -7.467297947126729785e-01 6.646052696086176548e-01
1.520621214390567780e+09 -2.742640876770019531e+01 -1.487547636032104492e+00 6.771653145551681519e-02 -2.172032842714756787e-02 -8.234549914356207798e-03 -7.404889762999030678e-01 6.716669528114708188e-01
1.520621214440569639e+09 -2.757598495483398438e+01 -1.488394975662231445e+00 7.214429229497909546e-02 -4.130690081781750872e-02 -2.200422946565494184e-02 -7.258595069107580677e-01 6.862488834655550152e-01
1.520621214491317272e+09 -2.771643638610839844e+01 -1.497981548309326172e+00 9.494182467460632324e-02 -4.772781975378118102e-02 -4.270892982645364128e-02 -7.148281369023892218e-01 6.963610681444567518e-01
1.520621214541318178e+09 -2.786144447326660156e+01 -1.508314251899719238e+00 1.140341088175773621e-01 -3.556422432689439889e-02 -5.299505466201109849e-02 -7.155599425077879827e-01 6.956296994864781258e-01
1.520621214591320276e+09 -2.801009941101074219e+01 -1.514027595520019531e+00 1.248165816068649292e-01 -2.937287051674889252e-02 -5.335416571183949908e-02 -7.186317344677916052e-01 6.927185559046423746e-01
1.520621214641322374e+09 -2.815785789489746094e+01 -1.511616349220275879e+00 1.253575980663299561e-01 -2.629193545638879373e-02 -4.906418699437827685e-02 -7.209229145858733201e-01 6.907760787039078920e-01
1.520621214691323280e+09 -2.830615234375000000e+01 -1.507115840911865234e+00 1.158154457807540894e-01 -3.003372948974947915e-02 -3.668000117840680002e-02 -7.246740344407909262e-01 6.874591598151821303e-01
1.520621214741324186e+09 -2.846135330200195312e+01 -1.496996045112609863e+00 1.003179401159286499e-01 -2.978042436767553217e-02 -2.013844945050671104e-02 -7.340901305786903253e-01 6.780997340842804810e-01
1.520621214791326284e+09 -2.861381721496582031e+01 -1.484405398368835449e+00 9.290254861116409302e-02 -2.499271351309479208e-02 -7.403501718355654307e-03 -7.436574640480874132e-01 6.680524894041831585e-01
1.520621214841328144e+09 -2.876201248168945312e+01 -1.463461995124816895e+00 9.924272447824478149e-02 -1.646337450146195813e-02 -1.227763651477908544e-02 -7.550665040370740932e-01 6.553264769737803253e-01
1.520621214889595032e+09 -2.890475654602050781e+01 -1.443619847297668457e+00 1.095400452613830566e-01 -1.407649471602105337e-02 -2.912003748379839857e-02 -7.620343714234092403e-01 6.467282988108541408e-01
1.520621214939596891e+09 -2.905188369750976562e+01 -1.422467827796936035e+00 1.205025240778923035e-01 -2.243888621468831737e-02 -3.280909543068779438e-02 -7.654025709983258707e-01 6.423230993445717685e-01
1.520621214989597797e+09 -2.919990158081054688e+01 -1.402777910232543945e+00 1.253384202718734741e-01 -2.728823394656624407e-02 -3.212691853545020237e-02 -7.649465823225970462e-01 6.427129527140965637e-01
1.520621215039599895e+09 -2.935276794433593750e+01 -1.386545538902282715e+00 1.173134222626686096e-01 -2.758068886350214383e-02 -3.206767424199081368e-02 -7.642345809670897383e-01 6.435499010368823658e-01
1.520621215089601994e+09 -2.951927757263183594e+01 -1.370687127113342285e+00 9.918260574340820312e-02 -2.466485591352978596e-02 -2.160546132785329948e-02 -7.616025030351742942e-01 6.472143974712959436e-01
1.520621215139602900e+09 -2.967964172363281250e+01 -1.359042286872863770e+00 8.245541155338287354e-02 -2.199501196048999838e-02 -4.916502266530702568e-03 -7.558449546365598737e-01 6.543626303547428469e-01
1.520621215189604044e+09 -2.982335853576660156e+01 -1.352870702743530273e+00 8.369647711515426636e-02 -3.195930250983790299e-02 6.441757971214310576e-03 -7.418770144477299100e-01 6.697429373807892716e-01
1.520621215239605904e+09 -2.996293830871582031e+01 -1.356782197952270508e+00 9.926506131887435913e-02 -4.113174843044174744e-02 8.358375949093362848e-04 -7.269200449579250600e-01 6.854886788889646976e-01
1.520621215290770531e+09 -3.010303115844726562e+01 -1.366964101791381836e+00 1.170072034001350403e-01 -3.778067884644391999e-02 -2.383018599793438122e-02 -7.201592151575566536e-01 6.923694442744117161e-01
1.520621215340771437e+09 -3.025075531005859375e+01 -1.376803278923034668e+00 1.258437633514404297e-01 -3.597632714454436498e-02 -4.269228406847334900e-02 -7.205164270066750642e-01 6.911867701133609376e-01
1.520621215390773296e+09 -3.039710617065429688e+01 -1.388284802436828613e+00 1.260135024785995483e-01 -4.145027625093756357e-02 -5.051475303055751737e-02 -7.226948016531032915e-01 6.880714773833924713e-01
1.520621215440774441e+09 -3.054282379150390625e+01 -1.385439157485961914e+00 1.173108518123626709e-01 -4.445688569477500990e-02 -4.233497889897751276e-02 -7.266184921310571143e-01 6.842929940961940405e-01
1.520621215490776300e+09 -3.068953132629394531e+01 -1.380828499794006348e+00 1.030793040990829468e-01 -4.172389927537829835e-02 -2.853342499889241490e-02 -7.327918363249010802e-01 6.785728291809731694e-01
1.520621215540777206e+09 -3.083091926574707031e+01 -1.370218992233276367e+00 9.182973206043243408e-02 -3.748853360946308166e-02 -9.744379295879316769e-03 -7.410189821370298802e-01 6.703659635098953018e-01
1.520621215590779543e+09 -3.097469520568847656e+01 -1.355600118637084961e+00 8.957073837518692017e-02 -3.335975121634970203e-02 -1.731930189942951790e-03 -7.498363877459947036e-01 6.607794783652400916e-01
1.520621215640780449e+09 -3.111833763122558594e+01 -1.336853861808776855e+00 9.721877425909042358e-02 -2.567356101516621997e-02 -1.955440328843428138e-02 -7.563537470469660073e-01 6.533662854057040725e-01
1.520621215690782309e+09 -3.126202964782714844e+01 -1.317188858985900879e+00 1.064770221710205078e-01 -2.330539621839366679e-02 -4.108348266279737010e-02 -7.604572361079449117e-01 6.476679689551312347e-01
1.520621215743358850e+09 -3.141344070434570312e+01 -1.297094941139221191e+00 1.103964000940322876e-01 -2.716888954742950960e-02 -4.680236644073178243e-02 -7.624833923397149604e-01 6.447406194295712822e-01
1.520621215793359756e+09 -3.156916046142578125e+01 -1.279253482818603516e+00 1.033629253506660461e-01 -2.911494381751206229e-02 -4.707493393056326469e-02 -7.609238242787095263e-01 6.464759889485455213e-01
1.520621215843361855e+09 -3.171261405944824219e+01 -1.264562964439392090e+00 9.283477067947387695e-02 -2.332007167777956982e-02 -4.126830075804031883e-02 -7.583942503923338796e-01 6.500701981950389730e-01
1.520621215893362761e+09 -3.185929489135742188e+01 -1.254598379135131836e+00 7.773333042860031128e-02 -1.014186561196897887e-02 -3.139268399617677063e-02 -7.532292107094924472e-01 6.569302840388621112e-01
1.520621215943364620e+09 -3.200635147094726562e+01 -1.247724294662475586e+00 7.301146537065505981e-02 -8.666175967235550254e-03 -2.060816346240345112e-02 -7.421148092526539397e-01 6.698998513813155808e-01
1.520621215993366957e+09 -3.214855194091796875e+01 -1.244026660919189453e+00 8.355106413364410400e-02 -5.580020344627512063e-03 -1.970939805813370568e-02 -7.273249289655818739e-01 6.859875004009553523e-01
1.520621216043367863e+09 -3.228429794311523438e+01 -1.247299313545227051e+00 1.055177971720695496e-01 6.488096542442540159e-03 -3.408784231291519390e-02 -7.161724768465019819e-01 6.970601889487393343e-01
1.520621216093369722e+09 -3.242549896240234375e+01 -1.253687739372253418e+00 1.265516281127929688e-01 7.933436575913572347e-03 -3.633375693212448354e-02 -7.135181737932838608e-01 6.996490079732768930e-01
1.520621216144752741e+09 -3.257594299316406250e+01 -1.261282563209533691e+00 1.391938775777816772e-01 -8.527143347573127447e-03 -3.359715066759413199e-02 -7.137026955322518518e-01 6.995905814712963799e-01
1.520621216194754601e+09 -3.271679306030273438e+01 -1.264104485511779785e+00 1.447873860597610474e-01 -2.482128228230950570e-02 -2.591752713896903690e-02 -7.174896900961074131e-01 6.956441118407130642e-01
1.520621216244756460e+09 -3.286087417602539062e+01 -1.266610264778137207e+00 1.414328217506408691e-01 -2.916383517175961948e-02 -2.054218547292231342e-02 -7.262527843431774155e-01 6.865015532159066680e-01
1.520621216294757843e+09 -3.300748825073242188e+01 -1.261639475822448730e+00 1.345587372779846191e-01 -3.290780389568178504e-02 -2.242585105235331971e-02 -7.365340044094343952e-01 6.752272343411099831e-01
1.520621216344759703e+09 -3.315319442749023438e+01 -1.252451062202453613e+00 1.334196180105209351e-01 -3.485358530750773398e-02 -1.055511373937930569e-02 -7.449303321343646589e-01 6.661475943297748836e-01
1.520621216394760609e+09 -3.329981231689453125e+01 -1.232099533081054688e+00 1.425351798534393311e-01 -2.074337443523315005e-02 -1.360297310054891726e-02 -7.546162165520494680e-01 6.556973671264327841e-01
1.520621216444762707e+09 -3.344242477416992188e+01 -1.212198019027709961e+00 1.530145704746246338e-01 -3.716139306395264009e-03 -3.327588692884340255e-02 -7.595703501111763511e-01 6.495627674749678837e-01
1.520621216494764566e+09 -3.358575820922851562e+01 -1.191944956779479980e+00 1.595888137817382812e-01 -3.697936574415975697e-04 -3.472867322961273318e-02 -7.613037420221668850e-01 6.474645896814802404e-01
1.520621216545743942e+09 -3.373572540283203125e+01 -1.174707531929016113e+00 1.579123884439468384e-01 -4.570149527881400831e-03 -3.269905723592157754e-02 -7.578567559929306752e-01 6.515850081033528474e-01
1.520621216595745087e+09 -3.388267517089843750e+01 -1.164116621017456055e+00 1.476856768131256104e-01 -5.637803645823610994e-03 -3.285253932180699776e-02 -7.556139886113216741e-01 6.541684997346245423e-01
1.520621216645746946e+09 -3.402909469604492188e+01 -1.152529001235961914e+00 1.291969716548919678e-01 -2.907632717969281955e-03 -3.177866567790175317e-02 -7.561741127637171545e-01 6.535919011628853470e-01
1.520621216695747852e+09 -3.417143249511718750e+01 -1.146263957023620605e+00 1.171823740005493164e-01 -8.297457923496594570e-03 -2.751978178605906170e-02 -7.530821228216315610e-01 6.572983569802379744e-01
1.520621216745750189e+09 -3.431285476684570312e+01 -1.147788286209106445e+00 1.187012866139411926e-01 -2.258553774851581458e-02 -3.014156408203147453e-02 -7.440846101567489823e-01 6.670228425827546825e-01
1.520621216795752048e+09 -3.445113754272460938e+01 -1.155083060264587402e+00 1.307763606309890747e-01 -2.042659257905036704e-02 -4.032912997465969845e-02 -7.390777651577508101e-01 6.721014600791470617e-01
1.520621216845752954e+09 -3.459234237670898438e+01 -1.164186954498291016e+00 1.416313648223876953e-01 -1.123660488042806105e-02 -4.124683011757723783e-02 -7.393806343782448609e-01 6.719290998479205967e-01
1.520621216895786047e+09 -3.473675155639648438e+01 -1.172267198562622070e+00 1.448683142662048340e-01 -7.099683080944068150e-03 -5.185508870065435455e-02 -7.346920044491993540e-01 6.763788161041228708e-01
1.520621216942623615e+09 -3.486688232421875000e+01 -1.175260066986083984e+00 1.423066556453704834e-01 -1.373781439348584731e-02 -4.618069493415925125e-02 -7.325897755548206325e-01 6.789630598372974335e-01
1.520621216992625475e+09 -3.501007843017578125e+01 -1.176740288734436035e+00 1.319796293973922729e-01 -2.847762968944608786e-02 -2.632114681779815918e-02 -7.342987783387416867e-01 6.777178808085989603e-01
1.520621217042626619e+09 -3.514960479736328125e+01 -1.175206303596496582e+00 1.209831461310386658e-01 -3.849288200442856772e-02 -7.234893738291592845e-03 -7.410612820490477537e-01 6.702940627779798710e-01
1.520621217092628479e+09 -3.528644943237304688e+01 -1.168038010597229004e+00 1.212204173207283020e-01 -4.243790460613452997e-02 -5.193971698069187876e-03 -7.467138291777334347e-01 6.637699181383313052e-01
1.520621217142629385e+09 -3.541503906250000000e+01 -1.156613469123840332e+00 1.338783353567123413e-01 -2.250009792536858053e-02 -2.690296827170170560e-02 -7.524719296388935330e-01 6.576898744826779053e-01
1.520621217192631721e+09 -3.555043792724609375e+01 -1.150477170944213867e+00 1.460785120725631714e-01 -1.861544618526663614e-02 -3.578429515454399634e-02 -7.533849154202129084e-01 6.563414649409974322e-01
1.520621217242632627e+09 -3.566945266723632812e+01 -1.142734408378601074e+00 1.619769334793090820e-01 -2.824620990744459298e-02 -2.776103929168678708e-02 -7.508783675828770710e-01 6.592519650477983717e-01
1.520621217292634487e+09 -3.577441024780273438e+01 -1.133403778076171875e+00 1.764746159315109253e-01 -3.588316716514002025e-02 -3.210318241324407185e-02 -7.476291144765688790e-01 6.623688482863020477e-01
1.520621217339955807e+09 -3.588934707641601562e+01 -1.125019907951354980e+00 1.699229478836059570e-01 -4.151643536897881015e-02 -2.724182611063542467e-02 -7.465999226577672010e-01 6.634175336783217913e-01
1.520621217389956713e+09 -3.600988388061523438e+01 -1.117229580879211426e+00 1.531076878309249878e-01 -4.295360358576692100e-02 -1.153319524937818433e-02 -7.437449155324686867e-01 6.669823640591540093e-01
1.520621217439958572e+09 -3.612683486938476562e+01 -1.110186219215393066e+00 1.388534158468246460e-01 -3.953923559910697827e-02 7.812929146798886990e-03 -7.366426405221326856e-01 6.750801634998359058e-01
1.520621217489959717e+09 -3.623702621459960938e+01 -1.107713341712951660e+00 1.382908225059509277e-01 -3.941243705398502634e-02 1.628997288112121050e-02 -7.231152916645360307e-01 6.894095818524070829e-01
1.520621217539961576e+09 -3.633431625366210938e+01 -1.111560940742492676e+00 1.502150595188140869e-01 -3.841849321330501749e-02 1.135786222099853006e-02 -7.102119150669671255e-01 7.028471057363038232e-01
1.520621217589962482e+09 -3.643164062500000000e+01 -1.118611812591552734e+00 1.634432971477508545e-01 -3.998870725790820008e-02 9.163830316310246638e-03 -7.002002510508787969e-01 7.127668173631972470e-01
1.520621217639964819e+09 -3.652035522460937500e+01 -1.126832246780395508e+00 1.767742335796356201e-01 -4.479615078534960465e-02 5.367091949027039295e-03 -6.939405315953325326e-01 7.186174488613634725e-01
1.520621217689966679e+09 -3.661326217651367188e+01 -1.130729556083679199e+00 1.802472472190856934e-01 -5.115734471913324644e-02 3.231896587722401289e-03 -6.907871537753069724e-01 7.212389265040707320e-01
1.520621217739967585e+09 -3.670620346069335938e+01 -1.134562611579895020e+00 1.751900017261505127e-01 -5.910633560306095824e-02 1.390220150387703330e-02 -6.937819943724298222e-01 7.176208707733753300e-01
1.520621217789757013e+09 -3.679153442382812500e+01 -1.135615944862365723e+00 1.658128201961517334e-01 -6.797512917586534531e-02 1.982280481300426750e-02 -7.003216281748235739e-01 7.103070148417753860e-01
1.520621217839759111e+09 -3.686439514160156250e+01 -1.133274555206298828e+00 1.584283560514450073e-01 -6.499066908140584131e-02 3.899987017496735209e-02 -7.075579122047435110e-01 7.025788382346507266e-01
1.520621217889760017e+09 -3.692518615722656250e+01 -1.126129388809204102e+00 1.669895946979522705e-01 -5.753736336647296418e-02 4.538896789292307110e-02 -7.132071428562385407e-01 6.971118022163236283e-01
1.520621217939762115e+09 -3.697978973388671875e+01 -1.111469745635986328e+00 1.775258779525756836e-01 -4.821730861302436777e-02 3.006584017172081458e-02 -7.134717871503702957e-01 6.983760773002908318e-01
1.520621217989763260e+09 -3.703127670288085938e+01 -1.104920387268066406e+00 1.876179724931716919e-01 -4.587586156448140995e-02 2.437213586103770604e-02 -7.127839817825116775e-01 6.994572178722266997e-01
1.520621218039765120e+09 -3.707652282714843750e+01 -1.097230195999145508e+00 2.026154249906539917e-01 -4.402455367245138723e-02 1.407050518401849540e-02 -7.145662383940193374e-01 6.980393617162499176e-01
1.520621218089766979e+09 -3.711604690551757812e+01 -1.092232465744018555e+00 2.138977050781250000e-01 -4.463158372449840122e-02 2.856773968722319326e-04 -7.185777739369028083e-01 6.940129126511649371e-01
1.520621218139768124e+09 -3.715159606933593750e+01 -1.088053584098815918e+00 2.181375324726104736e-01 -5.701909213982278568e-02 -3.167878836240062713e-03 -7.203718423494795964e-01 6.912330984734788020e-01
1.520621218191467285e+09 -3.718741607666015625e+01 -1.083515167236328125e+00 2.182823568582534790e-01 -7.076371999670905133e-02 2.079040915559641871e-03 -7.191732315918258900e-01 6.912148989155750822e-01
1.520621218241469383e+09 -3.722513961791992188e+01 -1.077440619468688965e+00 2.131425440311431885e-01 -6.933651983990238299e-02 8.908189986645593736e-03 -7.197249059702622853e-01 6.907308816708209731e-01
1.520621218291471243e+09 -3.725499343872070312e+01 -1.070792317390441895e+00 2.034788876771926880e-01 -5.971765824938533862e-02 1.225220491652374323e-02 -7.197326342459154924e-01 6.915696783183373775e-01
1.520621218341472387e+09 -3.727472686767578125e+01 -1.064359545707702637e+00 1.961416453123092651e-01 -4.996485746349245416e-02 1.565843924785513194e-02 -7.181693535228571568e-01 6.938956016286135231e-01
1.520621218391473293e+09 -3.728900146484375000e+01 -1.061240792274475098e+00 1.914369016885757446e-01 -4.552562573806132745e-02 1.532765644998301639e-02 -7.166779112280743380e-01 6.957479801671535569e-01
1.520621218441478252e+09 -3.729850769042968750e+01 -1.060633659362792969e+00 1.929312646389007568e-01 -4.488908824929680602e-02 9.099565350942652106e-03 -7.155430837926983756e-01 6.970654652921819405e-01
1.520621218491477251e+09 -3.730413818359375000e+01 -1.064014673233032227e+00 1.953656375408172607e-01 -3.995973442951000071e-02 3.352355997415752860e-03 -7.177239940172418509e-01 6.951721008106753752e-01
1.520621218541555405e+09 -3.730490493774414062e+01 -1.066390633583068848e+00 1.973213851451873779e-01 -3.712471075278397231e-02 3.991523272067127909e-05 -7.204702846618712408e-01 6.924913885222967469e-01
1.520621218592033863e+09 -3.730253219604492188e+01 -1.067026853561401367e+00 1.979247778654098511e-01 -4.035532519661388928e-02 -1.025363603311173211e-03 -7.200109374534656714e-01 6.927875910444254437e-01
1.520621218642034769e+09 -3.729516220092773438e+01 -1.067913770675659180e+00 1.960634589195251465e-01 -4.158753081866748552e-02 5.556076548718979829e-04 -7.184182276264172717e-01 6.943669194270833955e-01
1.520621218692036867e+09 -3.728477478027343750e+01 -1.071988701820373535e+00 1.918388754129409790e-01 -3.557405134270312519e-02 1.733406740564814603e-03 -7.190619476649821040e-01 6.940327064284368408e-01
1.520621218742037773e+09 -3.727246093750000000e+01 -1.074940800666809082e+00 1.876925975084304810e-01 -2.691800859277273042e-02 1.151500604867403523e-03 -7.207202226771253217e-01 6.927022848843442659e-01
1.520621218792039871e+09 -3.725535964965820312e+01 -1.080015778541564941e+00 1.833925545215606689e-01 -2.221509038693251711e-02 -1.185251034350018069e-03 -7.213446994891306030e-01 6.922188306150173220e-01
1.520621218842041016e+09 -3.723445510864257812e+01 -1.085577845573425293e+00 1.801080554723739624e-01 -2.098957971416935339e-02 -4.673853900797977391e-03 -7.216850989472992639e-01 6.918874262411214282e-01
1.520621218892042875e+09 -3.721190643310546875e+01 -1.094067931175231934e+00 1.780842393636703491e-01 -1.803683230553324371e-02 -9.719069655166287861e-03 -7.221824831574266135e-01 6.913990695582353796e-01
1.520621218942044735e+09 -3.718493652343750000e+01 -1.103230118751525879e+00 1.772027909755706787e-01 -1.638654521273688602e-02 -1.436526801047854907e-02 -7.232855721077940947e-01 6.902051154487910400e-01
1.520621218992210865e+09 -3.715942382812500000e+01 -1.114216208457946777e+00 1.766832172870635986e-01 -1.478028475596542858e-02 -1.775707182866263778e-02 -7.252819637444885004e-01 6.880641704445470408e-01
1.520621219042212725e+09 -3.713375854492187500e+01 -1.127433300018310547e+00 1.763684153556823730e-01 -1.175683136509952584e-02 -2.220670614240477514e-02 -7.286631207764681095e-01 6.844112035456869636e-01
1.520621219092213869e+09 -3.710916519165039062e+01 -1.139943480491638184e+00 1.734002828598022461e-01 -1.112343289678632656e-02 -2.638161024353990677e-02 -7.315685827294685639e-01 6.811664177311925750e-01
1.520621219142215729e+09 -3.708275604248046875e+01 -1.148486733436584473e+00 1.723733544349670410e-01 -9.738571622396312993e-03 -3.115063431002881855e-02 -7.332589385779902935e-01 6.791657582654747616e-01
1.520621219192216635e+09 -3.705453872680664062e+01 -1.155105710029602051e+00 1.716915071010589600e-01 -1.029158555908175204e-02 -3.495719236387307555e-02 -7.343283195993598467e-01 6.778156069338442391e-01
1.520621219242218733e+09 -3.702546310424804688e+01 -1.162944555282592773e+00 1.719361990690231323e-01 -1.080834725167185116e-02 -3.709158884190355554e-02 -7.371840750626562633e-01 6.745865646015243300e-01
1.520621219292220831e+09 -3.699980926513671875e+01 -1.169445633888244629e+00 1.746952533721923828e-01 -1.039549976137778275e-02 -3.946003646233435525e-02 -7.416199362788411520e-01 6.695780083163350715e-01
1.520621219342221737e+09 -3.697272109985351562e+01 -1.171034932136535645e+00 1.762308031320571899e-01 -1.327806125577688998e-02 -4.102254948588632266e-02 -7.434865682122213659e-01 6.673593982338000830e-01
1.520621219392391920e+09 -3.694551467895507812e+01 -1.168692708015441895e+00 1.779000908136367798e-01 -1.681460944782385211e-02 -3.926910333485791882e-02 -7.437081097381837980e-01 6.671382569917955196e-01
1.520621219442392826e+09 -3.691271209716796875e+01 -1.164806127548217773e+00 1.787609457969665527e-01 -1.936411085244214847e-02 -3.520865316219901064e-02 -7.437866225275527876e-01 6.672082449299123752e-01
1.520621219492395163e+09 -3.688462066650390625e+01 -1.161535024642944336e+00 1.805506497621536255e-01 -2.135850278211584921e-02 -3.204573281357837172e-02 -7.444710049493065140e-01 6.665431780140851359e-01
1.520621219542397022e+09 -3.685540390014648438e+01 -1.158512830734252930e+00 1.825227737426757812e-01 -2.450592416402372353e-02 -2.874692125303256185e-02 -7.461790956469752656e-01 6.646727250450412683e-01
1.520621219592397928e+09 -3.682617568969726562e+01 -1.156036496162414551e+00 1.838647723197937012e-01 -2.862720607722422927e-02 -2.577085292162738239e-02 -7.483028396873929733e-01 6.622380284517704885e-01
1.520621219642400026e+09 -3.679504776000976562e+01 -1.151724219322204590e+00 1.842562407255172729e-01 -3.052113573565665150e-02 -2.152483107429156023e-02 -7.515443415829501372e-01 6.586245095312494024e-01
1.520621219692402124e+09 -3.676360321044921875e+01 -1.145351409912109375e+00 1.832606345415115356e-01 -2.990057067637288957e-02 -1.904134715512458692e-02 -7.542660540994641227e-01 6.556112435010319484e-01
1.520621219742403984e+09 -3.673206710815429688e+01 -1.138125300407409668e+00 1.810054779052734375e-01 -2.503568261859828725e-02 -1.872550476432488856e-02 -7.560170753901089835e-01 6.538048269825854630e-01
1.520621219792104721e+09 -3.669619369506835938e+01 -1.132001757621765137e+00 1.774182766675949097e-01 -1.830650774313124368e-02 -1.859884615936612320e-02 -7.582875110274467367e-01 6.513977320467049248e-01
1.520621219842105627e+09 -3.666392898559570312e+01 -1.125047087669372559e+00 1.741453111171722412e-01 -8.676663467389104240e-03 -1.964756359535017524e-02 -7.596507226320268202e-01 6.499765136991334513e-01
1.520621219892106771e+09 -3.663254547119140625e+01 -1.118246197700500488e+00 1.707714349031448364e-01 4.770221868808450366e-03 -2.278792738132739970e-02 -7.599129276682669021e-01 6.496078029947216503e-01
1.520621219942108870e+09 -3.660100555419921875e+01 -1.114267110824584961e+00 1.681059896945953369e-01 1.811997452647977694e-02 -2.318309813687027821e-02 -7.613357314179105551e-01 6.476898289693078237e-01
1.520621219992109776e+09 -3.656630325317382812e+01 -1.109700441360473633e+00 1.667480319738388062e-01 2.746430224433152670e-02 -2.082580930865724975e-02 -7.630403116950346121e-01 6.454312360718343911e-01
1.520621220042111874e+09 -3.653606796264648438e+01 -1.105497837066650391e+00 1.663740277290344238e-01 3.241283339694395887e-02 -2.052988975614125286e-02 -7.628511534970359165e-01 6.454347755319853608e-01
1.520621220092113733e+09 -3.650727844238281250e+01 -1.102316498756408691e+00 1.665213853120803833e-01 3.358927460412130389e-02 -1.915080711142650924e-02 -7.623574940940049949e-01 6.460000452145950867e-01
1.520621220142115593e+09 -3.648049926757812500e+01 -1.096158266067504883e+00 1.654457896947860718e-01 3.191062735806716316e-02 -1.708188428062683631e-02 -7.612069076853039684e-01 6.474982353514291411e-01
1.520621220192116737e+09 -3.645283889770507812e+01 -1.096948266029357910e+00 1.651433408260345459e-01 3.144939056711799907e-02 -1.460418936299880815e-02 -7.598665804705899696e-01 6.491536284809159563e-01
1.520621220241387606e+09 -3.642614364624023438e+01 -1.098514914512634277e+00 1.649078577756881714e-01 3.171128220680759918e-02 -1.317739688617320694e-02 -7.577912361936869345e-01 6.515928123760639235e-01
1.520621220291389704e+09 -3.639955139160156250e+01 -1.100336551666259766e+00 1.644397526979446411e-01 3.058286110161614196e-02 -1.343627596902622831e-02 -7.539348846210197630e-01 6.560993406843305120e-01
1.520621220341390610e+09 -3.637131500244140625e+01 -1.101884841918945312e+00 1.632999926805496216e-01 2.895046052052085983e-02 -1.299988127301751270e-02 -7.496370259585870555e-01 6.610878937285887824e-01
1.520621220391392708e+09 -3.634383392333984375e+01 -1.105817794799804688e+00 1.612661331892013550e-01 2.979693988255350742e-02 -1.115622577893005465e-02 -7.448409334534584758e-01 6.664830566880043383e-01
1.520621220441393852e+09 -3.631662750244140625e+01 -1.109953403472900391e+00 1.588038504123687744e-01 3.461642534125158877e-02 -7.821398721184169914e-03 -7.410212692657569544e-01 6.705430689481505224e-01
1.520621220491395712e+09 -3.628949356079101562e+01 -1.109539270401000977e+00 1.567323654890060425e-01 3.922532860246595587e-02 -2.093574957575514497e-03 -7.353286722320173663e-01 6.765713076486646882e-01
1.520621220541397810e+09 -3.626177978515625000e+01 -1.110086202621459961e+00 1.558311432600021362e-01 4.236706054751809836e-02 3.819367455703155494e-03 -7.301469584835429405e-01 6.819647084930662295e-01
1.520621220591398716e+09 -3.623497390747070312e+01 -1.109201669692993164e+00 1.550801247358322144e-01 4.484349858774487607e-02 5.008021831924732749e-03 -7.271885867076560706e-01 6.849530930756234648e-01
1.520621220640558958e+09 -3.620898056030273438e+01 -1.108169436454772949e+00 1.545792967081069946e-01 4.502075922244490325e-02 4.720586829954558777e-03 -7.249122876848277386e-01 6.873521822636231571e-01
1.520621220690559864e+09 -3.618175125122070312e+01 -1.106583595275878906e+00 1.550835818052291870e-01 4.231902396592172877e-02 6.041622452489381866e-03 -7.222395814749835719e-01 6.903206399634548296e-01
1.520621220740561962e+09 -3.615777587890625000e+01 -1.102554559707641602e+00 1.557121127843856812e-01 4.071282957569829358e-02 5.302408230974231702e-03 -7.175078373779112395e-01 6.953393799262092001e-01
1.520621220790562868e+09 -3.613582992553710938e+01 -1.095727086067199707e+00 1.556273847818374634e-01 4.385021822057672686e-02 1.346964428115844182e-03 -7.108653971441195596e-01 7.019584967731141711e-01
1.520621220840564728e+09 -3.611420440673828125e+01 -1.086655139923095703e+00 1.559575498104095459e-01 4.752391049730027989e-02 -3.200604941947219999e-03 -7.011814485512672945e-01 7.113900549393397110e-01
1.520621220890567064e+09 -3.609350585937500000e+01 -1.076701760292053223e+00 1.578364670276641846e-01 4.967513992140058093e-02 -5.403167967625107163e-03 -6.908125792762791484e-01 7.213051826816145873e-01
1.520621220940567970e+09 -3.607403945922851562e+01 -1.069288492202758789e+00 1.616873741149902344e-01 4.979849135116581199e-02 -5.888337617899553136e-03 -6.838909847529948127e-01 7.278588865383347484e-01
1.520621220990569830e+09 -3.605577850341796875e+01 -1.062850236892700195e+00 1.650536358356475830e-01 4.631089353547691856e-02 -8.516589059035377038e-03 -6.777189278001235495e-01 7.338118449249754205e-01
1.520621221040087700e+09 -3.603905868530273438e+01 -1.055900812149047852e+00 1.688416749238967896e-01 4.118834687953399493e-02 -1.173598843746590827e-02 -6.705584925905785365e-01 7.406193993350281835e-01
1.520621221090088606e+09 -3.602383041381835938e+01 -1.048777103424072266e+00 1.718158125877380371e-01 3.742119536834287441e-02 -1.315724802910171916e-02 -6.622360113192323761e-01 7.482446166017492351e-01
1.520621221140090704e+09 -3.600967025756835938e+01 -1.041926264762878418e+00 1.737688034772872925e-01 3.653109585158739736e-02 -1.283843453855584675e-02 -6.521822393241962779e-01 7.570726387504427279e-01
1.520621221190092564e+09 -3.599703979492187500e+01 -1.035901546478271484e+00 1.749958097934722900e-01 3.774197577995544450e-02 -1.214595635339777054e-02 -6.405674485661529971e-01 7.668776713700403702e-01
1.520621221240093470e+09 -3.598489761352539062e+01 -1.029957652091979980e+00 1.752362996339797974e-01 4.044775666728299413e-02 -1.226661614438146961e-02 -6.278129240814681600e-01 7.772158268236870615e-01
1.520621221290095806e+09 -3.597434234619140625e+01 -1.023917555809020996e+00 1.751752346754074097e-01 4.348796056132935017e-02 -1.404820697816776091e-02 -6.134050834290065701e-01 7.884450829261151483e-01
1.520621221340096712e+09 -3.596530532836914062e+01 -1.018204092979431152e+00 1.756864786148071289e-01 4.489100039427495331e-02 -1.501798277313295439e-02 -5.970699270931792979e-01 8.007913338929016911e-01
1.520621221390097618e+09 -3.595785903930664062e+01 -1.012739896774291992e+00 1.761215925216674805e-01 4.427410861742200193e-02 -1.585748916010352658e-02 -5.795596611586891767e-01 8.135717193347462572e-01
1.520621221439969540e+09 -3.595131683349609375e+01 -1.006594538688659668e+00 1.758013516664505005e-01 4.363115874764701002e-02 -1.696401833652617930e-02 -5.597938296422688698e-01 8.273085351685053324e-01
1.520621221489970446e+09 -3.594618225097656250e+01 -1.000580310821533203e+00 1.752419471740722656e-01 4.541830533335822206e-02 -1.586513529106898732e-02 -5.367639441983547144e-01 8.423597469202024346e-01
1.520621221539974451e+09 -3.594245529174804688e+01 -9.940057992935180664e-01 1.743102371692657471e-01 4.999562165310775241e-02 -1.250820653148064336e-02 -5.118372248295386395e-01 8.575352108594034295e-01
1.520621221589974642e+09 -3.593971252441406250e+01 -9.857658147811889648e-01 1.736083924770355225e-01 5.485352726769567033e-02 -8.140817066372801197e-03 -4.856712985986786912e-01 8.723807697108282300e-01
1.520621221639976501e+09 -3.593809890747070312e+01 -9.777614474296569824e-01 1.731518357992172241e-01 5.879706218830097614e-02 -3.554615244768845935e-03 -4.590832954402139787e-01 8.864382652143576458e-01
1.520621221689977407e+09 -3.593758392333984375e+01 -9.706102609634399414e-01 1.714967042207717896e-01 6.171856419812827427e-02 1.565477221560078241e-03 -4.324440936327731966e-01 8.995445925558774869e-01
1.520621221739978552e+09 -3.593731307983398438e+01 -9.648070335388183594e-01 1.712599843740463257e-01 6.341296237934870850e-02 4.835820607028046975e-03 -4.063478582371521930e-01 9.115025118711473917e-01
1.520621221789995670e+09 -3.593807601928710938e+01 -9.600667953491210938e-01 1.703071892261505127e-01 6.315093314327542562e-02 6.655253287442471598e-03 -3.816212311046343619e-01 9.221349701735624960e-01
1.520621221840135336e+09 -3.593913269042968750e+01 -9.562612175941467285e-01 1.679962575435638428e-01 6.291096623372677277e-02 6.379561464139182556e-03 -3.583805243593074508e-01 9.314316460605212011e-01
1.520621221890137196e+09 -3.594032287597656250e+01 -9.533409476280212402e-01 1.643044352531433105e-01 6.358927998977484397e-02 4.754384804345955680e-03 -3.356583590752251767e-01 9.398229967810117769e-01
1.520621221940138102e+09 -3.594187545776367188e+01 -9.506198167800903320e-01 1.591446995735168457e-01 6.604770882523915143e-02 2.154288672067414170e-03 -3.116230760115782927e-01 9.479051206193244150e-01
1.520621221990140200e+09 -3.594141387939453125e+01 -9.486485123634338379e-01 1.546619385480880737e-01 6.994730523542697087e-02 3.628028553192555938e-04 -2.858393304108636235e-01 9.557212564627090012e-01
1.520621222040141106e+09 -3.594028854370117188e+01 -9.493791460990905762e-01 1.526991575956344604e-01 7.273332955313878412e-02 -2.138426580500976410e-03 -2.593183581872574028e-01 9.630468726967236215e-01
1.520621222090143442e+09 -3.593888473510742188e+01 -9.529766440391540527e-01 1.489798277616500854e-01 7.319639364941334103e-02 -3.255866353091581636e-03 -2.340494758768731365e-01 9.694599167231062742e-01
1.520621222140145302e+09 -3.593761825561523438e+01 -9.584500789642333984e-01 1.427284330129623413e-01 7.198879459464226083e-02 -3.719123800742828775e-03 -2.058211895308624251e-01 9.759310526420735821e-01
1.520621222190146208e+09 -3.593618774414062500e+01 -9.646817445755004883e-01 1.369847804307937622e-01 7.367005906720405783e-02 -6.135395696794558769e-03 -1.732690176481173072e-01 9.820961902176053027e-01
1.520621222240148306e+09 -3.593449020385742188e+01 -9.726690053939819336e-01 1.332171410322189331e-01 7.760639653770677604e-02 -6.665659570240672384e-03 -1.403096511409000491e-01 9.870390154374065750e-01
1.520621222290794849e+09 -3.593169403076171875e+01 -9.814974665641784668e-01 1.275586038827896118e-01 8.164261538207376323e-02 -5.756487725570643733e-03 -1.065943102854752800e-01 9.909283522119064491e-01
1.520621222340796709e+09 -3.592891693115234375e+01 -9.937524199485778809e-01 1.246324554085731506e-01 8.102373486338075581e-02 -9.557250542154973466e-03 -7.184690722748179881e-02 9.940733550763286575e-01
1.520621222390797615e+09 -3.592674255371093750e+01 -1.007863759994506836e+00 1.239030882716178894e-01 7.722082141227085139e-02 -1.404583295547342722e-02 -4.021823112947531947e-02 9.961034851870648188e-01
1.520621222440799952e+09 -3.592433929443359375e+01 -1.023151636123657227e+00 1.197789013385772705e-01 7.466534045565483002e-02 -1.623251533107372344e-02 -1.195063484481472503e-02 9.970049020478652935e-01
1.520621222490801811e+09 -3.592087936401367188e+01 -1.039133667945861816e+00 1.157347187399864197e-01 7.402460073502011018e-02 -1.738190044343617194e-02 1.821041243360940060e-02 9.969386184224148240e-01
1.520621222540802717e+09 -3.591838836669921875e+01 -1.054769396781921387e+00 1.188076809048652649e-01 7.323725031422470555e-02 -1.469513675570604909e-02 4.555735059662676528e-02 9.961650896958589296e-01
1.520621222590804815e+09 -3.591638183593750000e+01 -1.069500803947448730e+00 1.209817454218864441e-01 6.733569406007500202e-02 -1.398520151532772239e-02 7.146431402920475073e-02 9.950694298712822183e-01
1.520621222640805721e+09 -3.591399765014648438e+01 -1.083106398582458496e+00 1.214294359087944031e-01 5.720575428228816955e-02 -1.587468544730287132e-02 9.743861686935072208e-02 9.934692808444213208e-01
1.520621222691697598e+09 -3.591088867187500000e+01 -1.095318198204040527e+00 1.181100532412528992e-01 4.813979511261991945e-02 -1.572282221885116724e-02 1.247465447282859879e-01 9.908953792234289626e-01
1.520621222741699696e+09 -3.590807342529296875e+01 -1.105303645133972168e+00 1.144500523805618286e-01 4.880480473004385200e-02 -6.744724239241900281e-03 1.541152448956101817e-01 9.868237385779513593e-01
1.520621222791701555e+09 -3.590545654296875000e+01 -1.113777756690979004e+00 1.178861334919929504e-01 5.353350095047503671e-02 2.964349669103103022e-03 1.826683122549304372e-01 9.817115995061684863e-01
1.520621222841702461e+09 -3.590177154541015625e+01 -1.120532751083374023e+00 1.196499168872833252e-01 4.984360661744097892e-02 6.346691054029987740e-03 2.123503271280863802e-01 9.759009544828949334e-01
1.520621222891704559e+09 -3.589704895019531250e+01 -1.125924587249755859e+00 1.185357645153999329e-01 4.439394229511046258e-02 4.061920617302296199e-03 2.452608972545013144e-01 9.684316036593983990e-01
1.520621222941705465e+09 -3.589242935180664062e+01 -1.130425572395324707e+00 1.164150983095169067e-01 4.496415928043554638e-02 2.688114907937490944e-03 2.781624701846190928e-01 9.594772736231097499e-01
1.520621222991707563e+09 -3.588813018798828125e+01 -1.134321451187133789e+00 1.161710694432258606e-01 4.973590270663055812e-02 2.915615155323588500e-03 3.104018802527647725e-01 9.492989581295088186e-01
1.520621223041708708e+09 -3.588452911376953125e+01 -1.137527942657470703e+00 1.154111698269844055e-01 5.311977765311252930e-02 3.993242439717188154e-03 3.415214356357744729e-01 9.383631771538037958e-01
1.520621223092839003e+09 -3.588164138793945312e+01 -1.139551401138305664e+00 1.145414859056472778e-01 5.414852522694630493e-02 4.280076845822650480e-03 3.726660922913890839e-01 9.263744393139344835e-01
1.520621223142840862e+09 -3.587918090820312500e+01 -1.140843391418457031e+00 1.131724193692207336e-01 5.372638865919472650e-02 4.167003452771019315e-03 4.021441537798658983e-01 9.139891634065149262e-01
1.520621223192842007e+09 -3.587643432617187500e+01 -1.141096353530883789e+00 1.098799183964729309e-01 5.490808668200018727e-02 5.409730802142928216e-03 4.301649421855678335e-01 9.010626833600743346e-01
1.520621223242845058e+09 -3.587294006347656250e+01 -1.140936374664306641e+00 1.064961105585098267e-01 5.875487509220332638e-02 1.165107521433718027e-02 4.566190152322634477e-01 8.876436176910005305e-01
1.520621223292845964e+09 -3.586812973022460938e+01 -1.140161752700805664e+00 1.039311736822128296e-01 6.216732740928237327e-02 2.113575473309402264e-02 4.823012913762804721e-01 8.735410509022581982e-01
1.520621223342847109e+09 -3.586190795898437500e+01 -1.137933254241943359e+00 1.023197621107101440e-01 6.653416495416504539e-02 2.910537653701024755e-02 5.068955707867397464e-01 8.589429330678935992e-01
1.520621223392848969e+09 -3.585352706909179688e+01 -1.134915828704833984e+00 1.005340814590454102e-01 6.769845958766336491e-02 3.005896135504100911e-02 5.284678011324461799e-01 8.457157681975375763e-01
1.520621223442909002e+09 -3.584225463867187500e+01 -1.132282376289367676e+00 9.680557250976562500e-02 6.984926438195263043e-02 2.559029565500813702e-02 5.477573023052875190e-01 8.333235594922436817e-01
1.520621223494982719e+09 -3.582715225219726562e+01 -1.130187511444091797e+00 9.035059064626693726e-02 7.602160244233494013e-02 2.375102545783759969e-02 5.650333628561178267e-01 8.212148949034639989e-01
1.520621223544983625e+09 -3.580906677246093750e+01 -1.128631114959716797e+00 8.494993299245834351e-02 8.279325569244204430e-02 2.333233809307049336e-02 5.808011718422493308e-01 8.094880342522836614e-01
1.520621223594985485e+09 -3.578752899169921875e+01 -1.127774834632873535e+00 8.056750893592834473e-02 8.524347169214362141e-02 2.264513653413766439e-02 5.950642874806363336e-01 7.988236614487477238e-01
1.520621223644986629e+09 -3.576235580444335938e+01 -1.128860354423522949e+00 7.413785159587860107e-02 8.628758984604364968e-02 2.397972565433106884e-02 6.069340916067299530e-01 7.896900867059288842e-01
1.520621223694988728e+09 -3.573341369628906250e+01 -1.129678726196289062e+00 6.783079355955123901e-02 8.783941513791272693e-02 2.718654771163562384e-02 6.178743697058689532e-01 7.808818041370456653e-01
1.520621223744990587e+09 -3.570016479492187500e+01 -1.131081342697143555e+00 6.316711753606796265e-02 8.554354150226418929e-02 2.876501104142097434e-02 6.280396463368057569e-01 7.729301904287201319e-01
1.520621223794991732e+09 -3.566275787353515625e+01 -1.132377982139587402e+00 5.762008577585220337e-02 8.196349880238650021e-02 2.912799346186882229e-02 6.366769433104608744e-01 7.662088584177324524e-01
1.520621223844993591e+09 -3.562099456787109375e+01 -1.133901715278625488e+00 5.118379369378089905e-02 7.905132793694216731e-02 2.969489143355484237e-02 6.432600989788888057e-01 7.609767053174660845e-01
1.520621223896676779e+09 -3.557341384887695312e+01 -1.135206222534179688e+00 4.434335976839065552e-02 7.846778354093818242e-02 3.025814970266466411e-02 6.487618455652204297e-01 7.563301653785551304e-01
1.520621223946678638e+09 -3.552365493774414062e+01 -1.137157440185546875e+00 3.883345797657966614e-02 7.738070203407480807e-02 2.942262967576400948e-02 6.517627846606319775e-01 7.538911117310611587e-01
1.520621223996679783e+09 -3.547095870971679688e+01 -1.139344096183776855e+00 3.427348658442497253e-02 7.676511778133202069e-02 2.792985283000302965e-02 6.508667874460446479e-01 7.547843831271140447e-01
1.520621224046681643e+09 -3.541588973999023438e+01 -1.142676234245300293e+00 2.994749322533607483e-02 7.892775442016999876e-02 2.830512974383975547e-02 6.478980106795004801e-01 7.570980101479065638e-01
1.520621224096683979e+09 -3.535877227783203125e+01 -1.147368550300598145e+00 2.775531448423862457e-02 8.279926220937153247e-02 2.994546068557622093e-02 6.454229269959584903e-01 7.587336798046346864e-01
1.520621224146684885e+09 -3.529997253417968750e+01 -1.152914881706237793e+00 2.820754051208496094e-02 8.097887701901838875e-02 3.189938482988854962e-02 6.419845158148668185e-01 7.617615979938633375e-01
1.520621224196686745e+09 -3.523999786376953125e+01 -1.159550786018371582e+00 2.870137244462966919e-02 7.891637050590331881e-02 3.265784665830500505e-02 6.396763295331547861e-01 7.638847196749052326e-01
1.520621224246688843e+09 -3.517807769775390625e+01 -1.168243050575256348e+00 2.893995493650436401e-02 7.492155206718212335e-02 3.646189909469868540e-02 6.367119828066737375e-01 7.665866825745450974e-01
1.520621224297191381e+09 -3.511225891113281250e+01 -1.178363800048828125e+00 2.739612944424152374e-02 7.097536805008372585e-02 3.593767299923080610e-02 6.342476369109892875e-01 7.690259526585441208e-01
1.520621224347193241e+09 -3.504247283935546875e+01 -1.187478423118591309e+00 2.288914658129215240e-02 6.505572060743584906e-02 3.420248260356199138e-02 6.325109014632531723e-01 7.710563552232373441e-01
1.520621224397194386e+09 -3.496819686889648438e+01 -1.196232080459594727e+00 1.550000719726085663e-02 6.077389258210273010e-02 3.431641219617837663e-02 6.312019657902466774e-01 7.724720035165866250e-01
1.520621224447196245e+09 -3.489034271240234375e+01 -1.204344153404235840e+00 7.033259142190217972e-03 6.037526892986046917e-02 3.408725317060347371e-02 6.324071433974398637e-01 7.715271162135652894e-01
1.520621224497198105e+09 -3.480957794189453125e+01 -1.209893107414245605e+00 -2.084597945213317871e-03 6.215813885178451265e-02 3.153404842545742132e-02 6.367054332381664183e-01 7.679506239657480915e-01
1.520621224547199249e+09 -3.472608566284179688e+01 -1.212139725685119629e+00 -1.103932503610849380e-02 6.597576272646331341e-02 2.880731589804413906e-02 6.440335494860940369e-01 7.616023400829037282e-01
1.520621224597201347e+09 -3.464015579223632812e+01 -1.212724208831787109e+00 -1.695536635816097260e-02 6.249463634696245801e-02 2.893865702707132045e-02 6.525577982673004263e-01 7.546027395112370195e-01
1.520621224647202492e+09 -3.455252075195312500e+01 -1.210022211074829102e+00 -1.827164366841316223e-02 5.807344190116813659e-02 2.563316351705656471e-02 6.634877859811337819e-01 7.454893521222906161e-01
1.520621224697204351e+09 -3.446583938598632812e+01 -1.205060601234436035e+00 -1.287769898772239685e-02 5.778087902992284225e-02 2.397077842952424417e-02 6.743101308279905171e-01 7.357938700904963492e-01
1.520621224747205257e+09 -3.437850189208984375e+01 -1.199843406677246094e+00 6.691573071293532848e-04 6.159299981555398790e-02 2.273557755307353823e-02 6.833521903136752229e-01 7.271307859529478890e-01
1.520621224797207355e+09 -3.429116439819335938e+01 -1.195814251899719238e+00 1.494039688259363174e-02 7.010761764308839905e-02 2.257007770297167829e-02 6.875924581703842797e-01 7.223518014154188815e-01
1.520621224847208261e+09 -3.419791793823242188e+01 -1.194772243499755859e+00 3.061283193528652191e-02 7.707045105528088913e-02 2.078458447700045481e-02 6.851146708968286481e-01 7.240483646443682808e-01
1.520621224897210121e+09 -3.409978485107421875e+01 -1.198231935501098633e+00 4.005003347992897034e-02 7.454706026559583532e-02 1.684936332026812020e-02 6.787348428921101684e-01 7.303956789341525813e-01
1.520621224947211266e+09 -3.399660873413085938e+01 -1.203956604003906250e+00 3.883288800716400146e-02 7.695459223246600700e-02 1.229572426290426353e-02 6.673693352339552520e-01 7.406382222708832730e-01
1.520621224997213364e+09 -3.389233398437500000e+01 -1.214249372482299805e+00 3.130299597978591919e-02 6.712882629449146155e-02 5.358674294967122678e-03 6.517320544797933213e-01 7.554537275397298357e-01
1.520621225047214270e+09 -3.378845214843750000e+01 -1.226595282554626465e+00 2.599958516657352448e-02 5.041380848790123770e-02 -6.698826164640897009e-03 6.425738774079455817e-01 7.645340971563528987e-01
1.520621225097216368e+09 -3.368304824829101562e+01 -1.241204142570495605e+00 2.598989568650722504e-02 3.374323586383879553e-02 -5.073748010656299948e-03 6.336132818288640056e-01 7.728970566670688713e-01
1.520621225146143913e+09 -3.358095169067382812e+01 -1.256385445594787598e+00 3.152558207511901855e-02 3.340690240571479730e-02 1.460920008028256632e-02 6.268798169370356499e-01 7.782623241951635018e-01
1.520621225196145773e+09 -3.347978973388671875e+01 -1.270219087600708008e+00 4.020876064896583557e-02 4.224854457367031857e-02 4.257357240766074941e-02 6.203612913644472870e-01 7.820194496241712478e-01
1.520621225246147633e+09 -3.337695693969726562e+01 -1.281817793846130371e+00 4.949619248509407043e-02 4.254292175365277651e-02 4.813844542194568171e-02 6.166228436298576421e-01 7.846330725854279153e-01
1.520621225296148777e+09 -3.327104568481445312e+01 -1.288263797760009766e+00 5.463169887661933899e-02 4.786310227190161692e-02 3.596823574036790705e-02 6.203174438464974516e-01 7.820624516740221077e-01
1.520621225346150637e+09 -3.316547012329101562e+01 -1.292023062705993652e+00 5.052478238940238953e-02 5.026624936410969274e-02 2.229071337386141771e-02 6.236507097570921365e-01 7.797667731390104384e-01
1.520621225396151543e+09 -3.305860900878906250e+01 -1.293093562126159668e+00 3.912940621376037598e-02 4.878609488703485042e-02 9.361343191992764837e-03 6.306609928017760103e-01 7.744669097886577314e-01
1.520621225446153879e+09 -3.295321273803710938e+01 -1.290796875953674316e+00 2.760216780006885529e-02 4.954413797600151770e-02 3.711484168814065294e-03 6.411174183706593865e-01 7.658329185528788274e-01
1.520621225496154785e+09 -3.284895706176757812e+01 -1.285567522048950195e+00 2.303655073046684265e-02 5.323219391976355408e-02 -5.551004956135414774e-03 6.528527989471900606e-01 7.555916508149661537e-01
1.520621225543653250e+09 -3.275093460083007812e+01 -1.278557538986206055e+00 3.122071363031864166e-02 5.629648222462120544e-02 -1.449976663426224069e-02 6.627736037740107333e-01 7.465598522537194581e-01
1.520621225593654156e+09 -3.264498138427734375e+01 -1.271985173225402832e+00 4.718857631087303162e-02 6.338007498626559155e-02 -1.027354930131780739e-02 6.659778690431382708e-01 7.432031338902231887e-01
1.520621225643656254e+09 -3.253512191772460938e+01 -1.268181562423706055e+00 6.153013557195663452e-02 6.356008050414568844e-02 -1.012828618842622885e-03 6.583623574914927445e-01 7.500120642914613889e-01
1.520621225693658113e+09 -3.241871643066406250e+01 -1.268637537956237793e+00 6.636615097522735596e-02 6.494556102337753489e-02 6.252460392195386026e-03 6.419437265662794045e-01 7.639707015092926934e-01
1.520621225743659258e+09 -3.230265426635742188e+01 -1.273715972900390625e+00 5.991252139210700989e-02 6.657814844642596930e-02 6.934962094864541814e-03 6.189260953418449507e-01 7.825916846958481665e-01
1.520621225793661356e+09 -3.218610382080078125e+01 -1.282567143440246582e+00 4.654734209179878235e-02 5.865493971675699719e-02 -1.096744520421782249e-03 5.980941459340104460e-01 7.992757895731278373e-01
1.520621225843663216e+09 -3.206372070312500000e+01 -1.293514370918273926e+00 3.874038532376289368e-02 4.946886161499645940e-02 -8.129911145462185781e-03 5.849808201398207785e-01 8.094962485050970491e-01
1.520621225893664360e+09 -3.194205856323242188e+01 -1.306699037551879883e+00 4.056713730096817017e-02 3.464477625100070152e-02 -8.138745420164380032e-03 5.713833743178973190e-01 8.199112999920158407e-01
1.520621225942250729e+09 -3.182797241210937500e+01 -1.320466876029968262e+00 5.049495398998260498e-02 3.906213467076482398e-02 -1.172471783978334091e-03 5.643269383439301068e-01 8.246259040342142077e-01
1.520621225992251635e+09 -3.170921516418457031e+01 -1.333689332008361816e+00 6.652220338582992554e-02 4.406671841638409165e-02 1.625487856826545938e-02 5.574434111060242447e-01 8.288852433631703764e-01
1.520621226042253971e+09 -3.158981132507324219e+01 -1.344400763511657715e+00 7.844949513673782349e-02 4.109110493437254791e-02 2.000841587367652857e-02 5.572502264872934985e-01 8.290858637495627237e-01
1.520621226092255831e+09 -3.146854209899902344e+01 -1.351900100708007812e+00 8.078324049711227417e-02 5.025070625143069486e-02 1.553952979713313018e-02 5.656249803429121981e-01 8.229834573957101052e-01
1.520621226142256737e+09 -3.134676742553710938e+01 -1.356869339942932129e+00 7.325530797243118286e-02 5.313939575544145144e-02 1.233464653098373387e-02 5.709923282476407902e-01 8.191409049705922207e-01
1.520621226192257881e+09 -3.122347831726074219e+01 -1.358351349830627441e+00 6.290781497955322266e-02 4.733432076569372288e-02 -1.512703480672373873e-03 5.799290667968420854e-01 8.132892789714949444e-01
1.520621226242260933e+09 -3.109767150878906250e+01 -1.356633782386779785e+00 5.995849147439002991e-02 3.703476469193123927e-02 -2.005521011279349716e-02 5.916433899409457853e-01 8.050989466461443422e-01
1.520621226292261839e+09 -3.097006416320800781e+01 -1.351611852645874023e+00 6.640203297138214111e-02 3.679412522878438424e-02 -3.140489315822923844e-02 6.073952184349170613e-01 7.929255788891969026e-01
1.520621226340752125e+09 -3.084963989257812500e+01 -1.343781232833862305e+00 7.974746078252792358e-02 4.786978460094754723e-02 -2.743876423431454437e-02 6.263980005211501334e-01 7.775481611338670440e-01
1.520621226390753031e+09 -3.072682571411132812e+01 -1.335634469985961914e+00 9.580852091312408447e-02 5.328876411629155513e-02 -1.045067027297232228e-02 6.370009048167297738e-01 7.689479425633904963e-01
1.520621226440755129e+09 -3.059877395629882812e+01 -1.331059813499450684e+00 1.086037680506706238e-01 4.533870295615925056e-02 -7.452723204274497130e-03 6.377827212017651570e-01 7.688446263501912403e-01
1.520621226490757227e+09 -3.046928215026855469e+01 -1.330743312835693359e+00 1.109283268451690674e-01 4.581904763091089461e-02 -1.814616874566855539e-02 6.347510269835001662e-01 7.711436086601780593e-01
1.520621226540758133e+09 -3.033700561523437500e+01 -1.333445906639099121e+00 1.029671505093574524e-01 4.589387277344138955e-02 -2.267244024117579665e-02 6.293631025160325576e-01 7.754236249217323351e-01
1.520621226590759993e+09 -3.020660209655761719e+01 -1.339734315872192383e+00 8.905417472124099731e-02 3.993625222169010225e-02 -1.902727796226110282e-02 6.242086931647123915e-01 7.800042088536666141e-01
1.520621226640762091e+09 -3.007360649108886719e+01 -1.347308278083801270e+00 8.120949566364288330e-02 3.334649910244556759e-02 -1.652706171435129948e-02 6.219671154986975425e-01 7.821584075281237114e-01
1.520621226690762997e+09 -2.994059181213378906e+01 -1.360430479049682617e+00 8.721163868904113770e-02 4.356580028195529419e-02 -5.160283526755014491e-03 6.166332081824899003e-01 7.860272762991664663e-01
1.520621226739821672e+09 -2.980685997009277344e+01 -1.375621914863586426e+00 1.025181412696838379e-01 6.134405943157228425e-02 7.726839074435883775e-03 6.086916763246751350e-01 7.909940868953638793e-01
1.520621226789823532e+09 -2.966824340820312500e+01 -1.389138936996459961e+00 1.178331971168518066e-01 6.136346697131211253e-02 5.040751071349182204e-03 6.047862488467334874e-01 7.940042247720059398e-01
1.520621226839825392e+09 -2.953363418579101562e+01 -1.398872733116149902e+00 1.218732520937919617e-01 6.185046916850159282e-02 -4.713419329385909982e-03 6.083344182664982558e-01 7.912531445082684467e-01
1.520621226889826536e+09 -2.939728546142578125e+01 -1.407502055168151855e+00 1.160582453012466431e-01 6.351194277076055439e-02 -9.401846301580727566e-03 6.099565381590684732e-01 7.898296398392565809e-01
1.520621226939828634e+09 -2.925792503356933594e+01 -1.413590550422668457e+00 1.016051843762397766e-01 5.637095426222973188e-02 -1.428656169209491927e-02 6.141514106006247253e-01 7.870427272568156774e-01
1.520621226989829540e+09 -2.912110519409179688e+01 -1.415831923484802246e+00 8.873432129621505737e-02 4.935830139641760039e-02 -2.171609574108543730e-02 6.190607614449433749e-01 7.834895933630717790e-01
1.520621227039831638e+09 -2.898401069641113281e+01 -1.415000081062316895e+00 8.885087072849273682e-02 5.189182982414837497e-02 -3.571332991512818356e-02 6.294654608459550049e-01 7.744708062063180298e-01
1.520621227089832544e+09 -2.884728622436523438e+01 -1.411318302154541016e+00 1.009566634893417358e-01 5.727709966127389474e-02 -4.064581375585136352e-02 6.429691645585292603e-01 7.626650018883940341e-01
1.520621227139834404e+09 -2.871101188659667969e+01 -1.407207608222961426e+00 1.149803698062896729e-01 5.623950282447853083e-02 -2.246341792717320568e-02 6.460541905575616362e-01 7.608853369858683546e-01
1.520621227191663027e+09 -2.856857490539550781e+01 -1.405259490013122559e+00 1.225176453590393066e-01 5.924943209477297190e-02 -1.202262700514451950e-02 6.481798014934819774e-01 7.590835963003101927e-01
1.520621227241664886e+09 -2.842645263671875000e+01 -1.407570004463195801e+00 1.215906217694282532e-01 5.800284686193771938e-02 -1.465520043197853645e-02 6.490264387672064483e-01 7.584099001446162891e-01
1.520621227291666746e+09 -2.828272628784179688e+01 -1.414206385612487793e+00 1.110312417149543762e-01 4.532120033285186311e-02 -2.510906193065487457e-02 6.448094356044812292e-01 7.625852841255083003e-01
1.520621227341667891e+09 -2.814153671264648438e+01 -1.425924062728881836e+00 9.755458682775497437e-02 3.351421800366381071e-02 -2.985555663197597687e-02 6.360795664271831074e-01 7.703169659975072081e-01
1.520621227391669750e+09 -2.800014686584472656e+01 -1.441025137901306152e+00 8.708724379539489746e-02 3.188786892910348836e-02 -2.322515746766880967e-02 6.288040013574290876e-01 7.765624789755480872e-01
1.520621227441670895e+09 -2.786202430725097656e+01 -1.460371613502502441e+00 9.076085686683654785e-02 3.387074531806853056e-02 -1.572349847677128459e-02 6.213383650372175104e-01 7.826520173998959828e-01
1.520621227491672993e+09 -2.772497940063476562e+01 -1.479124784469604492e+00 1.053852066397666931e-01 5.161152482109054168e-02 -7.374685530433725119e-04 6.157620789776585557e-01 7.862396382394409855e-01
1.520621227541674852e+09 -2.758379364013671875e+01 -1.496419429779052734e+00 1.211719214916229248e-01 5.786864004193224137e-02 7.165853355469540436e-05 6.123471768509054503e-01 7.884682304110151030e-01
1.520621227592082500e+09 -2.744024467468261719e+01 -1.514337658882141113e+00 1.306420266628265381e-01 7.260959426471386147e-02 -9.133914273017637933e-03 6.162590241073152564e-01 7.841359790476816194e-01
1.520621227642083406e+09 -2.729344940185546875e+01 -1.530504107475280762e+00 1.287656873464584351e-01 8.064169929522103930e-02 -7.797468209758389585e-03 6.160584495497379853e-01 7.835228794123817453e-01
1.520621227692086458e+09 -2.714812469482421875e+01 -1.543398976325988770e+00 1.181242987513542175e-01 7.175452045031706361e-02 -1.128924231342277873e-02 6.219334414156924007e-01 7.796939375497076163e-01
1.520621227742087603e+09 -2.700190162658691406e+01 -1.551919460296630859e+00 1.110440269112586975e-01 5.072678308087420762e-02 -2.069457118327062625e-02 6.307893596662643709e-01 7.740176431668924772e-01
1.520621227792089462e+09 -2.685783004760742188e+01 -1.556187391281127930e+00 1.132517904043197632e-01 4.036320963698605824e-02 -3.076900237532086482e-02 6.462694754739535252e-01 7.614196246953771618e-01
1.520621227842090368e+09 -2.671657752990722656e+01 -1.556515097618103027e+00 1.266538351774215698e-01 4.551026660604961388e-02 -3.607380889865284546e-02 6.602838186345280080e-01 7.487675038317270770e-01
1.520621227892092466e+09 -2.657206916809082031e+01 -1.555094480514526367e+00 1.452080011367797852e-01 5.289724185971788478e-02 -3.276802051460295240e-02 6.653792501878150745e-01 7.439076502192257800e-01
1.520621227942093372e+09 -2.642306327819824219e+01 -1.556271791458129883e+00 1.588492244482040405e-01 5.116732758749434340e-02 -2.869093772529479267e-02 6.626063543431865988e-01 7.466669631529364581e-01
1.520621227990364552e+09 -2.627787971496582031e+01 -1.560479044914245605e+00 1.618954986333847046e-01 5.692772051419123930e-02 -1.945562425447169841e-02 6.601008010613360621e-01 7.487640788393290503e-01
1.520621228040366411e+09 -2.612187957763671875e+01 -1.570088148117065430e+00 1.536688655614852905e-01 5.787834674956180564e-02 -1.543330161742434425e-02 6.500592400051727893e-01 7.575189071321061229e-01
1.520621228090368271e+09 -2.596807861328125000e+01 -1.583748579025268555e+00 1.412039548158645630e-01 4.155352269574860008e-02 -1.903629829899312204e-02 6.365255010842000294e-01 7.699001302559661530e-01
1.520621228140369415e+09 -2.581608581542968750e+01 -1.602997779846191406e+00 1.347192078828811646e-01 1.614327306550328994e-02 -3.578869888341842248e-02 6.221400903972800212e-01 7.819208858237697291e-01
1.520621228190371513e+09 -2.566698455810546875e+01 -1.627045989036560059e+00 1.378576755523681641e-01 4.015845002030452721e-03 -4.224663715554065335e-02 6.091445313437248155e-01 7.919229978804768200e-01
1.520621228240372658e+09 -2.552158737182617188e+01 -1.652149319648742676e+00 1.496658623218536377e-01 2.291506817559150685e-02 -2.131151516263204634e-02 6.000550169787295385e-01 7.993464177505504864e-01
1.520621228290374517e+09 -2.537269020080566406e+01 -1.676789402961730957e+00 1.634163856506347656e-01 3.388637233348691657e-02 1.295052092412623656e-03 5.924599642671413147e-01 8.048858474036749699e-01
1.520621228340410471e+09 -2.521913528442382812e+01 -1.698079943656921387e+00 1.717198193073272705e-01 4.059285858332130348e-02 6.622935460324220732e-04 5.935905901688273145e-01 8.037424913878304933e-01
1.520621228391736269e+09 -2.506439781188964844e+01 -1.716541171073913574e+00 1.712931990623474121e-01 4.955485498179480752e-02 -1.237445333408536234e-02 5.952044767501213363e-01 8.019493874983820714e-01
1.520621228441737413e+09 -2.490984344482421875e+01 -1.732744574546813965e+00 1.616703420877456665e-01 4.788776270384319245e-02 -1.953730084988174881e-02 5.991207686121075016e-01 7.989864583810912801e-01
1.520621228491739273e+09 -2.475988197326660156e+01 -1.743234157562255859e+00 1.500855982303619385e-01 3.707876407187509632e-02 -2.436845176512875827e-02 6.025459134957404927e-01 7.968499017651043959e-01
1.520621228541741133e+09 -2.460970115661621094e+01 -1.749255299568176270e+00 1.473748534917831421e-01 2.249255490688362516e-02 -3.293933473999914596e-02 6.151979803061669028e-01 7.873630231525101664e-01
1.520621228591742277e+09 -2.445962524414062500e+01 -1.748882532119750977e+00 1.562847942113876343e-01 2.605133379181840195e-02 -3.400139720675358218e-02 6.341567332486575115e-01 7.720171440266381246e-01
1.520621228641744137e+09 -2.431574058532714844e+01 -1.743180632591247559e+00 1.732149720191955566e-01 3.683068242647201396e-02 -2.861659424311511005e-02 6.460735818755017901e-01 7.618487501915880422e-01
1.520621228691745281e+09 -2.416680145263671875e+01 -1.738805532455444336e+00 1.866976767778396606e-01 3.821322788743798660e-02 -2.251389119466536484e-02 6.490821402547566343e-01 7.594242879444941252e-01
1.520621228741747379e+09 -2.401406478881835938e+01 -1.738050937652587891e+00 1.903485506772994995e-01 4.500371751370590284e-02 -2.360642217961874192e-02 6.482166939443082532e-01 7.597581983326900934e-01
1.520621228796445370e+09 -2.384555816650390625e+01 -1.742077946662902832e+00 1.805967837572097778e-01 4.690252095774184032e-02 -3.502507396758631347e-02 6.414791142223734699e-01 7.649038787572284281e-01
1.520621228846447229e+09 -2.369404411315917969e+01 -1.751138806343078613e+00 1.646348088979721069e-01 3.269402518830794024e-02 -5.175801107017192343e-02 6.301503461503056291e-01 7.740560381869624473e-01
1.520621228896449089e+09 -2.354623794555664062e+01 -1.765210866928100586e+00 1.504978537559509277e-01 5.439363140404391249e-03 -7.680073730741544813e-02 6.187484542358545614e-01 7.818071440313173470e-01
1.520621228946450233e+09 -2.339626884460449219e+01 -1.780189752578735352e+00 1.468897461891174316e-01 4.849884827566306768e-03 -8.917530079691747547e-02 6.141704540658854405e-01 7.841038819553457495e-01
1.520621228996452093e+09 -2.325115585327148438e+01 -1.798157334327697754e+00 1.529847979545593262e-01 2.331735025948197468e-02 -6.010572924849781618e-02 6.040167969955743121e-01 7.943596864365600752e-01
1.520621229046452999e+09 -2.310902214050292969e+01 -1.814393281936645508e+00 1.622308641672134399e-01 4.104109703473123039e-02 -2.076660020729387268e-02 5.985327144210035311e-01 7.997768228936381618e-01
1.520621229096455336e+09 -2.296383666992187500e+01 -1.826707482337951660e+00 1.705377995967864990e-01 4.978581189155571740e-02 -4.679527290334433744e-03 6.007310947431483417e-01 7.978857228747334718e-01
1.520621229146456242e+09 -2.281027412414550781e+01 -1.834529638290405273e+00 1.724448502063751221e-01 4.876629253769650119e-02 -1.555414774253185452e-02 6.064861405135073547e-01 7.934446915602634265e-01
1.520621229197344303e+09 -2.264990234375000000e+01 -1.840682625770568848e+00 1.640137583017349243e-01 3.431126983086729004e-02 -3.008029960669110839e-02 6.102520401412814266e-01 7.908921290805522863e-01
1.520621229247346163e+09 -2.249306297302246094e+01 -1.843608856201171875e+00 1.491162478923797607e-01 2.532928424599528369e-02 -3.647103887830492608e-02 6.070523828363931784e-01 7.934202513015280456e-01
1.520621229297347069e+09 -2.233831596374511719e+01 -1.842693090438842773e+00 1.404190361499786377e-01 2.319140945060221837e-02 -4.346621854693689946e-02 6.160329751990786251e-01 7.861782366870098127e-01
1.520621229347350359e+09 -2.217995071411132812e+01 -1.840850591659545898e+00 1.437817215919494629e-01 3.302866261510571666e-02 -4.707051499555989227e-02 6.297222454109338008e-01 7.746892071653780354e-01
1.520621229397351265e+09 -2.202709770202636719e+01 -1.835389733314514160e+00 1.557596325874328613e-01 4.420206441094221700e-02 -4.372250781845419404e-02 6.364284387077072669e-01 7.688259635417797888e-01
1.520621229447353125e+09 -2.187122917175292969e+01 -1.832368493080139160e+00 1.658111512660980225e-01 4.839837854957427382e-02 -4.043916182941943022e-02 6.333258658170847211e-01 7.713109741416532827e-01
1.520621229497354269e+09 -2.171820831298828125e+01 -1.831613063812255859e+00 1.695572435855865479e-01 5.940028216476409689e-02 -4.049868211862403533e-02 6.304633750608583664e-01 7.728825240178952560e-01
1.520621229547355175e+09 -2.156504821777343750e+01 -1.836905479431152344e+00 1.626297235488891602e-01 6.012074017607133697e-02 -4.124063820660524987e-02 6.259493557955065901e-01 7.764483951559069119e-01
1.520621229597357512e+09 -2.141102409362792969e+01 -1.847253799438476562e+00 1.468618959188461304e-01 4.499354658538371604e-02 -4.412411976704648520e-02 6.168122476349907624e-01 7.845835162606483726e-01
1.520621229647358418e+09 -2.125579452514648438e+01 -1.862992763519287109e+00 1.325006037950515747e-01 1.907733759147982669e-02 -4.278452540385110220e-02 6.038360974359199274e-01 7.957308005913469318e-01
1.520621229697360277e+09 -2.110659217834472656e+01 -1.880778312683105469e+00 1.288293600082397461e-01 4.638502194375720457e-03 -3.494966267089029410e-02 5.907413134323199477e-01 8.060903832578831807e-01
1.520621229747361422e+09 -2.095399856567382812e+01 -1.900697350502014160e+00 1.353956460952758789e-01 1.307213853805101050e-02 -1.726917534887193253e-02 5.810818025389867802e-01 8.135569024566466911e-01
1.520621229797363281e+09 -2.080656623840332031e+01 -1.919412732124328613e+00 1.469413042068481445e-01 2.702206816223208519e-02 -1.597211045693083288e-03 5.760901323475110525e-01 8.169378288223274609e-01
1.520621229847364187e+09 -2.065997314453125000e+01 -1.934872746467590332e+00 1.551401168107986450e-01 2.995540170707369776e-02 -8.725666739605597230e-03 5.764453589140313694e-01 8.165398244023317487e-01
1.520621229897366285e+09 -2.050764274597167969e+01 -1.947014808654785156e+00 1.535761803388595581e-01 3.105179352725636818e-02 -1.697451778051978916e-02 5.783197183216335358e-01 8.150423027458427727e-01
1.520621229947367191e+09 -2.035391235351562500e+01 -1.956245779991149902e+00 1.414081603288650513e-01 3.274203889486770880e-02 -1.809264003476766802e-02 5.767640564060634301e-01 8.160538208375734959e-01
1.520621229997443199e+09 -2.020050621032714844e+01 -1.961215734481811523e+00 1.266383528709411621e-01 2.907752440169323466e-02 -2.320419109853399248e-02 5.814945937816486943e-01 8.126992681754100500e-01
1.520621230044345617e+09 -2.006505775451660156e+01 -1.962177872657775879e+00 1.209846585988998413e-01 1.956000937437194984e-02 -4.015279588638429042e-02 5.929701964724756191e-01 8.039847667158716016e-01
1.520621230094346523e+09 -1.990732002258300781e+01 -1.958570122718811035e+00 1.297487318515777588e-01 1.912205569939838881e-02 -5.043016983733361602e-02 6.125415851564592895e-01 7.885961903344568258e-01
1.520621230144348621e+09 -1.974535369873046875e+01 -1.951646566390991211e+00 1.491585075855255127e-01 3.407335761619988829e-02 -4.236044868633961902e-02 6.264254648835033690e-01 7.775832660450824330e-01
1.520621230194349766e+09 -1.958864021301269531e+01 -1.945990204811096191e+00 1.672739535570144653e-01 4.272082346212636994e-02 -3.532127951860410120e-02 6.306958048268325179e-01 7.740478927235191486e-01
1.520621230244351625e+09 -1.943452644348144531e+01 -1.944273114204406738e+00 1.775416284799575806e-01 4.413050385707722317e-02 -3.714289120599842398e-02 6.309419831167998316e-01 7.736828279100032013e-01
1.520621230294352531e+09 -1.927703666687011719e+01 -1.948909759521484375e+00 1.782504767179489136e-01 3.987181216208951495e-02 -4.255346240330021984e-02 6.263084458011564104e-01 7.773912606599986397e-01
1.520621230344354630e+09 -1.911588096618652344e+01 -1.959613323211669922e+00 1.694947034120559692e-01 2.466133676740254327e-02 -5.249707892670398002e-02 6.178411543415910367e-01 7.841608146132132973e-01
1.520621230394355536e+09 -1.895968437194824219e+01 -1.974601864814758301e+00 1.594939380884170532e-01 7.597071372868147328e-03 -6.484517274620284211e-02 6.056407521482879419e-01 7.930552738714538030e-01
1.520621230440477133e+09 -1.881458091735839844e+01 -1.990096211433410645e+00 1.596304178237915039e-01 -1.027508618556549277e-02 -7.317501907431947505e-02 5.958883644965426996e-01 7.996604881104152351e-01
1.520621230490478992e+09 -1.865254592895507812e+01 -2.010679483413696289e+00 1.713520139455795288e-01 -5.836412223446696065e-03 -5.695308287331832253e-02 5.808901104014982941e-01 8.119661090718738317e-01
1.520621230540480137e+09 -1.849768257141113281e+01 -2.034387111663818359e+00 1.901992410421371460e-01 2.418362210451921457e-02 -2.772196968211398591e-02 5.669078501485449451e-01 8.229593758253226365e-01
1.520621230590481997e+09 -1.834858131408691406e+01 -2.056227207183837891e+00 2.071371525526046753e-01 4.069296963062912775e-02 -2.234501735292736269e-02 5.559490847245283085e-01 8.299189102653927730e-01
1.520621230640482903e+09 -1.819888305664062500e+01 -2.074618577957153320e+00 2.157420068979263306e-01 4.312445613804841843e-02 -3.778418169246636898e-02 5.528394006844941089e-01 8.313129578849578483e-01
1.520621230690485001e+09 -1.804586410522460938e+01 -2.089722394943237305e+00 2.115311473608016968e-01 3.980356219473493024e-02 -4.376815782799964305e-02 5.521862697136253884e-01 8.316191125369261083e-01
1.520621230740485907e+09 -1.788709259033203125e+01 -2.101841449737548828e+00 1.984506100416183472e-01 3.224132707894285244e-02 -3.754728744657997996e-02 5.598786640086417243e-01 8.270952663517614489e-01
1.520621230790488005e+09 -1.773262786865234375e+01 -2.108816623687744141e+00 1.863305568695068359e-01 1.460406033641006678e-02 -3.711737783113491784e-02 5.736506721572381950e-01 8.181283077966317041e-01
1.520621230840572357e+09 -1.757237052917480469e+01 -2.109261274337768555e+00 1.855826377868652344e-01 1.015943583072734073e-02 -4.360626302031177237e-02 5.978149907232502835e-01 8.003827312952004336e-01
1.520621230890574455e+09 -1.741304588317871094e+01 -2.103231668472290039e+00 2.027061879634857178e-01 1.686964638979407058e-02 -3.067552295714528685e-02 6.185422158898329359e-01 7.849713080642402030e-01
1.520621230940577269e+09 -1.726050186157226562e+01 -2.094996929168701172e+00 2.260185331106185913e-01 1.233941730512772526e-02 -1.948326558115703530e-02 6.277900074869577907e-01 7.780410321071694613e-01
1.520621230990577221e+09 -1.710659980773925781e+01 -2.089551448822021484e+00 2.415527552366256714e-01 1.175562602472105846e-02 -2.256131044907641603e-02 6.292528078580544859e-01 7.767842019057427105e-01
1.520621231040579319e+09 -1.695172309875488281e+01 -2.087982416152954102e+00 2.454703003168106079e-01 2.530979459007188029e-02 -2.935526256389849042e-02 6.258065336652484101e-01 7.790146759076489458e-01
1.520621231090581417e+09 -1.677511024475097656e+01 -2.091478586196899414e+00 2.332549393177032471e-01 2.099641143809256177e-02 -3.857135248761664470e-02 6.138103363361422371e-01 7.882311034721418697e-01
1.520621231140582323e+09 -1.662099647521972656e+01 -2.100230932235717773e+00 2.194537818431854248e-01 3.700970281862290927e-03 -5.040341028815131796e-02 6.003026110964411188e-01 7.981745261288988313e-01
1.520621231190584421e+09 -1.645967483520507812e+01 -2.113913297653198242e+00 2.139085978269577026e-01 -1.688239656891531507e-02 -5.659667551923949769e-02 5.880219108519036952e-01 8.066858331248512037e-01
1.520621231242117882e+09 -1.628549003601074219e+01 -2.135364532470703125e+00 2.199679911136627197e-01 -6.769346451183338824e-03 -4.456807615205986978e-02 5.696880147520956283e-01 8.206238044223088668e-01
1.520621231292119980e+09 -1.612812614440917969e+01 -2.157442092895507812e+00 2.341221719980239868e-01 2.828071465272405383e-02 -2.972739752367954333e-02 5.559488789570542489e-01 8.302031841673426227e-01
1.520621231342120886e+09 -1.596667003631591797e+01 -2.177695035934448242e+00 2.467988431453704834e-01 4.261755010046382186e-02 -2.968995700799570425e-02 5.447937605609504130e-01 8.369599807219909593e-01
1.520621231392122984e+09 -1.581316184997558594e+01 -2.194894313812255859e+00 2.531572580337524414e-01 4.031090196026217848e-02 -3.631219794602768419e-02 5.379998360496519583e-01 8.411971420981091407e-01
1.520621231442124844e+09 -1.563226127624511719e+01 -2.212045431137084961e+00 2.450511902570724487e-01 3.485332277963509862e-02 -3.836496007631109983e-02 5.358249312269380837e-01 8.427366248153740358e-01
1.520621231492125750e+09 -1.546798038482666016e+01 -2.225065469741821289e+00 2.311169356107711792e-01 3.395968993664377766e-02 -2.887718519437329837e-02 5.400115760959054434e-01 8.404762610074558715e-01
1.520621231542126894e+09 -1.531423759460449219e+01 -2.232521057128906250e+00 2.190796285867691040e-01 2.718945547214047034e-02 -2.362863493720422300e-02 5.476542619756583630e-01 8.359289625692063463e-01
1.520621231592128754e+09 -1.515095424652099609e+01 -2.236429691314697266e+00 2.193672508001327515e-01 1.832579710032338979e-02 -3.873149442845497115e-02 5.671962751134609348e-01 8.224672771590315623e-01
1.520621231639947653e+09 -1.500763225555419922e+01 -2.234940767288208008e+00 2.318173795938491821e-01 2.817919241512986672e-02 -3.732402928945730003e-02 5.861801400990184208e-01 8.088298296340993288e-01
1.520621231689949512e+09 -1.485373973846435547e+01 -2.232338428497314453e+00 2.429871410131454468e-01 4.112662659741568583e-02 -5.552457992711977951e-03 5.952547065551204719e-01 8.024647064631149629e-01
1.520621231739951372e+09 -1.469219207763671875e+01 -2.230987071990966797e+00 2.480375319719314575e-01 5.680571652068057420e-02 1.252882507278104199e-02 5.984673271499404423e-01 7.990325384155979593e-01
1.520621231789952517e+09 -1.450847625732421875e+01 -2.232132673263549805e+00 2.410560101270675659e-01 6.016522298042593919e-02 2.067442863838219336e-03 5.954046501141060377e-01 8.011673821656868366e-01
1.520621231839954615e+09 -1.435066127777099609e+01 -2.237733125686645508e+00 2.329351454973220825e-01 4.754440196374955241e-02 -2.294156932941112531e-02 5.860855221820518990e-01 8.085276587273960702e-01
1.520621231889955521e+09 -1.419479656219482422e+01 -2.247528553009033203e+00 2.214308828115463257e-01 2.961038643013582175e-02 -3.409163847829447397e-02 5.714977084299739385e-01 8.193603324915186281e-01
1.520621231939957619e+09 -1.403080844879150391e+01 -2.262380838394165039e+00 2.103165090084075928e-01 9.570982279758550107e-03 -2.522795081357100469e-02 5.594071729835984330e-01 8.284537172410099126e-01
1.520621231989958525e+09 -1.387324714660644531e+01 -2.282066345214843750e+00 2.100714445114135742e-01 4.626265402846951175e-03 -2.065555022888068779e-03 5.491544176249926190e-01 8.357055442880733098e-01
1.520621232039960384e+09 -1.371570682525634766e+01 -2.306182146072387695e+00 2.199304103851318359e-01 1.943553032759643209e-02 4.299241073708478210e-03 5.474358144459696707e-01 8.366109046318683795e-01
1.520621232091159344e+09 -1.355081653594970703e+01 -2.326444864273071289e+00 2.354705184698104858e-01 2.078768133363382425e-02 -5.349991572713392457e-03 5.477138480888656957e-01 8.363903338194613735e-01
1.520621232141160250e+09 -1.338839149475097656e+01 -2.343676567077636719e+00 2.448250204324722290e-01 1.271847085562863473e-02 -1.266902693979829464e-02 5.456543602760128842e-01 8.378180323717485667e-01
1.520621232191162348e+09 -1.322929191589355469e+01 -2.358561277389526367e+00 2.464094161987304688e-01 1.405524297272849749e-02 -1.764639004004999595e-02 5.465368944357796854e-01 8.371310996994588693e-01
1.520621232241163254e+09 -1.306680393218994141e+01 -2.372043609619140625e+00 2.353085279464721680e-01 1.990253564848647183e-02 -2.417843481472484179e-02 5.547747334077399728e-01 8.314110220204214974e-01
1.520621232291165352e+09 -1.289972019195556641e+01 -2.377806425094604492e+00 2.204093486070632935e-01 1.857324911282841329e-02 -3.340029072647828640e-02 5.665541427064135771e-01 8.231378125071039387e-01
1.520621232341166496e+09 -1.273597049713134766e+01 -2.378751993179321289e+00 2.173985093832015991e-01 1.460540296549762800e-02 -4.602766122013807887e-02 5.864725938679626882e-01 8.085283132015868013e-01
1.520621232391168356e+09 -1.258143424987792969e+01 -2.373586416244506836e+00 2.287060618400573730e-01 2.454156863412041562e-02 -4.844316963162020873e-02 6.062953626067081325e-01 7.933832012379762322e-01
1.520621232441169262e+09 -1.243135070800781250e+01 -2.366661787033081055e+00 2.483212798833847046e-01 3.186717334325923218e-02 -4.176870719228400336e-02 6.171053076523083103e-01 7.851247656455282442e-01
1.520621232496532679e+09 -1.225844573974609375e+01 -2.369406700134277344e+00 2.701857686042785645e-01 3.261445047596978758e-02 -3.688094344271319880e-02 6.199712672359540822e-01 7.830783622555096413e-01
1.520621232546534538e+09 -1.210014820098876953e+01 -2.373347043991088867e+00 2.761264443397521973e-01 4.193839870484000754e-02 -3.524043154406010514e-02 6.198861743632080312e-01 7.827773716274690763e-01
1.520621232596536636e+09 -1.193450546264648438e+01 -2.381832361221313477e+00 2.682966589927673340e-01 4.271153504690173436e-02 -3.838671128307108438e-02 6.166762917649853959e-01 7.851194408150865556e-01
1.520621232646537542e+09 -1.177100563049316406e+01 -2.393010854721069336e+00 2.521811127662658691e-01 3.377542525206848889e-02 -4.799973422289549596e-02 6.104879759265277039e-01 7.898478824512381591e-01
1.520621232696539402e+09 -1.161274337768554688e+01 -2.410118341445922852e+00 2.428513169288635254e-01 7.690175914194649284e-03 -4.701027654055267568e-02 5.953771481342196026e-01 8.020330084064827281e-01
1.520621232746540546e+09 -1.146164131164550781e+01 -2.432004213333129883e+00 2.450356036424636841e-01 -1.569726813859377221e-02 -3.589105089377554042e-02 5.779930717034257315e-01 8.151008755372332049e-01
1.520621232796542645e+09 -1.131499862670898438e+01 -2.458155870437622070e+00 2.576678693294525146e-01 -1.060808499622187435e-02 -1.470286711372609245e-02 5.638217098809287231e-01 8.256975073828762834e-01
1.520621232846544504e+09 -1.116326427459716797e+01 -2.483451128005981445e+00 2.687526345252990723e-01 -5.514103450349837733e-04 -9.094721248274359460e-03 5.552463293764585694e-01 8.316360355985165098e-01
1.520621232897250891e+09 -1.099637413024902344e+01 -2.507052183151245117e+00 2.746354639530181885e-01 -6.699416702697847314e-04 -1.797125931165747051e-02 5.493462922776655155e-01 8.354012426239819655e-01
1.520621232947252035e+09 -1.083878898620605469e+01 -2.528931856155395508e+00 2.795958220958709717e-01 7.725149311802241743e-03 -2.266075810789618811e-02 5.466601791085964335e-01 8.370122225434005747e-01
1.520621232997253895e+09 -1.068152236938476562e+01 -2.548434019088745117e+00 2.694887518882751465e-01 1.418126850176586358e-02 -2.176672837738459140e-02 5.479405797308135595e-01 8.361137615442565396e-01
1.520621233047255993e+09 -1.053122043609619141e+01 -2.560000419616699219e+00 2.552605867385864258e-01 9.810434147345371836e-03 -2.429681518276114935e-02 5.580622265415156047e-01 8.293852973505990711e-01
1.520621233097257137e+09 -1.038101005554199219e+01 -2.566248178482055664e+00 2.469117492437362671e-01 -7.052435654698544637e-03 -3.808081333257777590e-02 5.740276885745898561e-01 8.179195116617401506e-01
1.520621233147258043e+09 -1.023059082031250000e+01 -2.568068027496337891e+00 2.489938139915466309e-01 2.902889237487763906e-03 -4.536455629138647777e-02 6.011408248686288536e-01 7.978491956145754571e-01
1.520621233197260141e+09 -1.008717632293701172e+01 -2.567275762557983398e+00 2.622321546077728271e-01 2.635875225141907918e-02 -3.397268648380097344e-02 6.246314958543232043e-01 7.797349338971626409e-01
1.520621233247261047e+09 -9.937862396240234375e+00 -2.564715147018432617e+00 2.687581181526184082e-01 3.775663711138477208e-02 -2.584132763913367728e-02 6.321801605623522669e-01 7.734693961180653110e-01
1.520621233293254137e+09 -9.801612854003906250e+00 -2.564727783203125000e+00 2.729603946208953857e-01 3.886472831497640723e-02 -2.857291530690959924e-02 6.306242387593664622e-01 7.745877554499791540e-01
1.520621233343256235e+09 -9.653253555297851562e+00 -2.571778059005737305e+00 2.718785405158996582e-01 3.832040405419133433e-02 -3.618862527908239812e-02 6.211128317217636807e-01 7.819467886653833633e-01
1.520621233393257380e+09 -9.502663612365722656e+00 -2.581923961639404297e+00 2.624519765377044678e-01 3.099666054916526067e-02 -4.636682035286683601e-02 6.119121695129279281e-01 7.889567933715677661e-01
1.520621233443259239e+09 -9.354018211364746094e+00 -2.598865509033203125e+00 2.510328590869903564e-01 1.457372299615107038e-02 -5.193541210521215173e-02 5.990926802991939359e-01 7.988606136112987866e-01
1.520621233493260145e+09 -9.205845832824707031e+00 -2.620591163635253906e+00 2.478594779968261719e-01 -1.001310955515186292e-02 -4.891509798246125584e-02 5.821998995717021508e-01 8.115111384109910952e-01
1.520621233543262243e+09 -9.051313400268554688e+00 -2.651602745056152344e+00 2.619901895523071289e-01 -1.236636963419309246e-02 -2.300356205013841596e-02 5.629208977861510643e-01 8.260980401082607116e-01
1.520621233593263149e+09 -8.917325019836425781e+00 -2.686069488525390625e+00 2.796479463577270508e-01 1.395142523267003942e-02 2.000372157652688203e-04 5.543890512807021498e-01 8.321406717251432772e-01
1.520621233643265009e+09 -8.772642135620117188e+00 -2.713950395584106445e+00 2.841438651084899902e-01 2.394806368654028156e-02 -3.645318734166820909e-03 5.541703611377594152e-01 8.320507272597248427e-01
1.520621233691418648e+09 -8.633006095886230469e+00 -2.736172437667846680e+00 2.941094040870666504e-01 1.512130031384761007e-02 -2.067678182015748878e-02 5.586600755266458718e-01 8.290010476368184777e-01
1.520621233741419792e+09 -8.485043525695800781e+00 -2.753957033157348633e+00 2.951996624469757080e-01 5.875551143708700880e-03 -2.541437171972301887e-02 5.602132831907906674e-01 8.279375972532256878e-01
1.520621233791421890e+09 -8.334342002868652344e+00 -2.770109891891479492e+00 2.826180160045623779e-01 6.643065105037386855e-03 -2.475714442718559768e-02 5.611864204733154615e-01 8.272924240933002826e-01
1.520621233841423035e+09 -8.189696311950683594e+00 -2.780318975448608398e+00 2.712326049804687500e-01 3.736916272124485988e-03 -3.038503449328017539e-02 5.662756028517639262e-01 8.236472101273023538e-01
1.520621233891424894e+09 -8.032920837402343750e+00 -2.784472703933715820e+00 2.639943659305572510e-01 9.458434244917379718e-03 -5.369624943594388661e-02 5.772158780346552387e-01 8.147693421839272698e-01
1.520621233941425800e+09 -7.891431808471679688e+00 -2.782773971557617188e+00 2.759118974208831787e-01 1.759895024345896689e-02 -7.344273808895082634e-02 5.894603397002158296e-01 8.042592549003289015e-01
1.520621233991427898e+09 -7.757526874542236328e+00 -2.778850793838500977e+00 3.000057935714721680e-01 2.500079145897263211e-02 -6.100679057746562911e-02 5.951782933009962528e-01 8.008844680184373788e-01
1.520621234041428804e+09 -7.615274906158447266e+00 -2.777073860168457031e+00 3.117134571075439453e-01 2.459511484490036620e-02 -3.892925304277922854e-02 5.942878605013564020e-01 8.029330809251900014e-01
1.520621234091430664e+09 -7.469217300415039062e+00 -2.778527259826660156e+00 3.127036094665527344e-01 2.984208483516702023e-02 -3.154229235209142501e-02 5.946781972039385522e-01 8.027903683628369036e-01
1.520621234139794827e+09 -7.329054355621337891e+00 -2.781869649887084961e+00 3.066154420375823975e-01 2.839261115250225204e-02 -3.943003466664776052e-02 5.952458604187964575e-01 8.020732495554356856e-01
1.520621234189795971e+09 -7.183009624481201172e+00 -2.787329435348510742e+00 2.935697734355926514e-01 1.258941306060672345e-02 -4.445373423336806268e-02 5.856050564248239665e-01 8.092787468364512904e-01
1.520621234239798784e+09 -7.025275707244873047e+00 -2.795796871185302734e+00 2.791201174259185791e-01 -4.165256859646745274e-03 -5.172364038787047313e-02 5.697856542780046496e-01 8.201534148190237072e-01
1.520621234289799690e+09 -6.878569602966308594e+00 -2.812067747116088867e+00 2.829857468605041504e-01 -1.546924232043121739e-02 -5.514762745505891878e-02 5.522643745890074563e-01 8.316991657371805013e-01
1.520621234339800835e+09 -6.740252017974853516e+00 -2.835285902023315430e+00 3.013572990894317627e-01 -2.186161100572401803e-03 -4.742059941686622287e-02 5.367218526646205801e-01 8.424227919060861547e-01
1.520621234389802933e+09 -6.597401618957519531e+00 -2.857772827148437500e+00 3.151539266109466553e-01 1.793784336484565908e-02 -3.114205194804896271e-02 5.302675591656882403e-01 8.470683101570656293e-01
1.520621234439804792e+09 -6.451619625091552734e+00 -2.880929946899414062e+00 3.223245441913604736e-01 1.621875815009707344e-02 -2.381464137845269724e-02 5.313377062784517824e-01 8.466699809411208921e-01
1.520621234489805937e+09 -6.307711601257324219e+00 -2.900361299514770508e+00 3.205482065677642822e-01 1.028137223008095819e-02 -2.674529549217884508e-02 5.382134608008408705e-01 8.423213479230383660e-01
1.520621234541031837e+09 -6.155794620513916016e+00 -2.914605617523193359e+00 3.042202591896057129e-01 6.039376016528939621e-03 -2.941752797747953369e-02 5.434386411583889132e-01 8.389115437761891503e-01
1.520621234591033697e+09 -6.007300853729248047e+00 -2.923464059829711914e+00 2.852377891540527344e-01 -4.299952885733988872e-03 -2.425334101178648963e-02 5.478228635535525859e-01 8.362316640877288654e-01
1.520621234641035557e+09 -5.861270904541015625e+00 -2.930621147155761719e+00 2.771690785884857178e-01 -9.605088876855962313e-03 -2.627641432302228741e-02 5.640041040879526513e-01 8.252979237159988601e-01
1.520621234691036701e+09 -5.715805530548095703e+00 -2.933310747146606445e+00 2.833021879196166992e-01 3.765559642776911912e-03 -2.753154292413909424e-02 5.914985956876690487e-01 8.058270571309381625e-01
1.520621234741037607e+09 -5.575160980224609375e+00 -2.923331975936889648e+00 2.996772229671478271e-01 1.752349578720766715e-02 -1.743280359330383680e-02 6.100810873028945647e-01 7.919533391365876085e-01
1.520621234791039467e+09 -5.434629440307617188e+00 -2.911744832992553711e+00 3.129042983055114746e-01 1.882202327061143626e-02 -9.411732478964131288e-03 6.144228455384922460e-01 7.886962137680940677e-01
1.520621234841041803e+09 -5.291936397552490234e+00 -2.903555154800415039e+00 3.173872828483581543e-01 2.465280501105095515e-02 -1.027723487900807954e-02 6.163276987913989258e-01 7.870367115648593259e-01
1.520621234891065598e+09 -5.149181365966796875e+00 -2.901469230651855469e+00 3.112905323505401611e-01 2.436145959610826889e-02 -1.765066203190105917e-02 6.131543531652302592e-01 7.893900889995458803e-01
1.520621234941852808e+09 -4.997561454772949219e+00 -2.893849849700927734e+00 2.912839651107788086e-01 1.051366650244493425e-02 -3.241771300853894811e-02 6.022427979280891019e-01 7.975852098952926905e-01
1.520621234991853952e+09 -4.855003356933593750e+00 -2.897613048553466797e+00 2.758810222148895264e-01 -1.228041594467063451e-02 -3.503091797541408453e-02 5.835253845365383496e-01 8.112460488480117693e-01
1.520621235041855812e+09 -4.718056201934814453e+00 -2.910571813583374023e+00 2.756039500236511230e-01 -2.610767627163404145e-02 -2.268131096905062760e-02 5.708733973675362838e-01 8.203093998915701457e-01
1.520621235091856718e+09 -4.582077026367187500e+00 -2.929184436798095703e+00 2.849525213241577148e-01 -1.871366738296794188e-02 -3.820506033673980260e-03 5.561258612845049187e-01 8.308785884816709544e-01
1.520621235141858816e+09 -4.442111968994140625e+00 -2.954113721847534180e+00 3.033854961395263672e-01 -1.434117272909315750e-03 -1.477246587009085422e-03 5.500408815769273208e-01 8.351351924354796230e-01
1.520621235191859722e+09 -4.303014278411865234e+00 -2.977458000183105469e+00 3.250196576118469238e-01 1.121767939674492374e-03 -1.346401296888426018e-02 5.478330412379989189e-01 8.364785836585345580e-01
1.520621235241861820e+09 -4.171313762664794922e+00 -2.997041702270507812e+00 3.405040502548217773e-01 -3.631325093052430262e-03 -3.069342018742663228e-02 5.481541582639130050e-01 8.358060458104187296e-01
1.520621235291863918e+09 -4.034208297729492188e+00 -3.010000467300415039e+00 3.394327759742736816e-01 -1.220999103251798473e-02 -3.903065709260757077e-02 5.468712645627702429e-01 8.362172827210772041e-01
1.520621235340320349e+09 -3.899974584579467773e+00 -3.020651102066040039e+00 3.259618878364562988e-01 -2.185231990261312512e-02 -4.791742901235791080e-02 5.468505581537108640e-01 8.355721771090123262e-01
1.520621235390322447e+09 -3.761598348617553711e+00 -3.030467271804809570e+00 3.107756972312927246e-01 -3.792054092396199283e-02 -5.823418695904004211e-02 5.534103942823693778e-01 8.300046671829540701e-01
1.520621235440323353e+09 -3.621637344360351562e+00 -3.034041166305541992e+00 3.074854314327239990e-01 -4.281429886346647257e-02 -5.983005007595968566e-02 5.755819597542389809e-01 8.144278412027718961e-01
1.520621235490325451e+09 -3.492443561553955078e+00 -3.028548002243041992e+00 3.179510533809661865e-01 -2.064502291236409645e-02 -3.999212857501473206e-02 5.973631294058165953e-01 8.007070027840876847e-01
1.520621235540326595e+09 -3.372308254241943359e+00 -3.012521505355834961e+00 3.329890370368957520e-01 -2.776505420292111302e-03 -1.880104463697225906e-02 6.008673298852711397e-01 7.991228088440189836e-01
1.520621235590328455e+09 -3.248016595840454102e+00 -2.997831344604492188e+00 3.399659693241119385e-01 7.608266867065112231e-03 -1.645283183193128190e-02 5.978594903723764009e-01 8.013959373316488222e-01
1.520621235640329361e+09 -3.119365930557250977e+00 -2.984645843505859375e+00 3.394417762756347656e-01 2.239530370247268948e-02 -3.001370684280077125e-02 5.944370688344811082e-01 8.032696925498302720e-01
1.520621235690331459e+09 -2.992480278015136719e+00 -2.978240013122558594e+00 3.304434418678283691e-01 1.854815122465950858e-02 -5.258000197667073161e-02 5.860080042853473836e-01 8.083847650666015072e-01
1.520621235741435289e+09 -2.864583969116210938e+00 -2.975728988647460938e+00 3.148969709873199463e-01 3.818269046077350706e-03 -6.994542661673786021e-02 5.774318111159650879e-01 8.134282768801627261e-01
1.520621235791436434e+09 -2.740350008010864258e+00 -2.994266748428344727e+00 3.020482361316680908e-01 -1.767457055843371649e-02 -7.060403239102215622e-02 5.666639694310416919e-01 8.207281071794471083e-01
1.520621235841438293e+09 -2.622688770294189453e+00 -3.008046150207519531e+00 3.006162941455841064e-01 -3.175865337346627654e-02 -5.611100529778069446e-02 5.574865079778861254e-01 8.276785224004540309e-01
1.520621235891440153e+09 -2.511387586593627930e+00 -3.024875402450561523e+00 3.108402788639068604e-01 -1.961968362954345790e-02 -3.145758268884579073e-02 5.487483449852983419e-01 8.351650988765916273e-01
1.520621235941441298e+09 -2.404893159866333008e+00 -3.040224313735961914e+00 3.253929615020751953e-01 -6.308346824163791298e-03 -1.708141670304645296e-02 5.428080418860167233e-01 8.396593711902649027e-01
1.520621235991443396e+09 -2.292870044708251953e+00 -3.033980607986450195e+00 3.342449665069580078e-01 -1.198900597313916176e-02 -2.972785744013420675e-02 5.404286024192592741e-01 8.407790696223125249e-01
1.520621236041445255e+09 -2.191173315048217773e+00 -3.041007518768310547e+00 3.389598131179809570e-01 -1.768603372736666027e-02 -5.828827654466275238e-02 5.454094442611703286e-01 8.359534790520155578e-01
1.520621236091446400e+09 -2.086876153945922852e+00 -3.047819852828979492e+00 3.323325216770172119e-01 -2.118295517441897216e-02 -7.442970967735745846e-02 5.502361991632193083e-01 8.314154351813761723e-01
1.520621236147006750e+09 -1.965533137321472168e+00 -3.054306983947753906e+00 3.104880750179290771e-01 -2.589202890656443559e-02 -7.226156758296960192e-02 5.562214520302748433e-01 8.274814590012795623e-01
1.520621236197007895e+09 -1.863990902900695801e+00 -3.055816411972045898e+00 2.973836958408355713e-01 -3.661601610498291248e-02 -6.233575554947289737e-02 5.636821973800498764e-01 8.228219134791406875e-01
1.520621236247009993e+09 -1.769484281539916992e+00 -3.052672147750854492e+00 2.956254780292510986e-01 -3.728903186738215247e-02 -5.125987902575516314e-02 5.761492430010275445e-01 8.148828153139575647e-01
1.520621236297011137e+09 -1.679212450981140137e+00 -3.047405004501342773e+00 3.029814660549163818e-01 -2.339938324239873926e-02 -4.624448057563494002e-02 5.922596087634347528e-01 8.040786483345696567e-01
1.520621236347016096e+09 -1.583076119422912598e+00 -3.039589166641235352e+00 3.097904920578002930e-01 -1.102778298198296182e-02 -3.759648164201524756e-02 6.009377654118150947e-01 7.983349514285956738e-01
1.520621236397013903e+09 -1.490854501724243164e+00 -3.033138751983642578e+00 3.160771727561950684e-01 -5.059249098277928368e-03 -2.939356226169378278e-02 6.046250897030552851e-01 7.959515835763515401e-01
1.520621236447015047e+09 -1.402910947799682617e+00 -3.029781341552734375e+00 3.191308379173278809e-01 -4.609453450366961073e-03 -2.783423078332532621e-02 6.081259195890345026e-01 7.933390665154342880e-01
1.520621236497016907e+09 -1.304511070251464844e+00 -3.026496410369873047e+00 3.104674518108367920e-01 -1.104176772012260832e-02 -3.487736676459521346e-02 6.039186024264535657e-01 7.962059848408966634e-01
1.520621236547074795e+09 -1.216195225715637207e+00 -3.026814222335815430e+00 3.001772463321685791e-01 -2.078108612734963848e-02 -4.688235650294111934e-02 5.963135715255913905e-01 8.011119244665455552e-01
1.520621236597460747e+09 -1.130900740623474121e+00 -3.030616521835327148e+00 2.907915413379669189e-01 -2.672039753498019199e-02 -4.913411355765519989e-02 5.891351183293065397e-01 8.060965646816702357e-01
1.520621236647462845e+09 -1.050318002700805664e+00 -3.036359071731567383e+00 2.868974506855010986e-01 -1.926886397143940874e-02 -3.494371329740111887e-02 5.811422227666438456e-01 8.128230832721740073e-01
1.520621236697463751e+09 -9.758200049400329590e-01 -3.045709848403930664e+00 2.897448241710662842e-01 -4.324595009780221426e-03 -1.884805052316298329e-02 5.777317327668806124e-01 8.159976065060824402e-01
1.520621236747465849e+09 -9.041877388954162598e-01 -3.053927898406982422e+00 2.929957509040832520e-01 5.459300796283140383e-03 -1.065033786878377860e-02 5.777849155590336627e-01 8.161013158245346011e-01
1.520621236797466755e+09 -8.311350941658020020e-01 -3.058946609497070312e+00 2.979587018489837646e-01 8.959427241903468453e-03 -8.271044835470286669e-03 5.700912922721007581e-01 8.214908623693590872e-01
1.520621236847468615e+09 -7.572620511054992676e-01 -3.065671443939208984e+00 3.032618463039398193e-01 9.906143427518570091e-03 -1.585651675233809565e-02 5.597972017348714635e-01 8.284186937344448776e-01
1.520621236897470713e+09 -6.874980330467224121e-01 -3.074466705322265625e+00 3.034482002258300781e-01 8.920110939880029899e-03 -3.046491802844844554e-02 5.516831984787313736e-01 8.334494399221928917e-01
1.520621236947471619e+09 -6.186605691909790039e-01 -3.085490703582763672e+00 2.966686487197875977e-01 6.441564885922673213e-03 -4.390265557768323335e-02 5.456219023669955925e-01 8.368559032070385095e-01
1.520621236996881962e+09 -5.545552372932434082e-01 -3.095651626586914062e+00 2.869231998920440674e-01 2.445251693859365211e-03 -5.039712068304126602e-02 5.477856426636654730e-01 8.350958272333587340e-01
1.520621237046883106e+09 -4.839691817760467529e-01 -3.105626821517944336e+00 2.774519324302673340e-01 -6.759903226886897990e-04 -4.139007755804655769e-02 5.516590149908250362e-01 8.330418571093382019e-01
1.520621237096885204e+09 -4.189818799495697021e-01 -3.111112594604492188e+00 2.743155062198638916e-01 7.115422284334282184e-04 -2.153769216621503196e-02 5.570659961612600686e-01 8.301885914927241705e-01
1.520621237146885872e+09 -3.633799850940704346e-01 -3.117096900939941406e+00 2.784974873065948486e-01 4.513569084470087436e-03 -7.787560885834315418e-03 5.662580613453144229e-01 8.241788577432783702e-01
1.520621237196888208e+09 -3.099895715713500977e-01 -3.120374202728271484e+00 2.869603633880615234e-01 8.287131587460009122e-03 -1.320669302686509547e-02 5.833148816306586992e-01 8.120964570650192060e-01
1.520621237246889114e+09 -2.597060203552246094e-01 -3.122232675552368164e+00 2.995316088199615479e-01 4.821001816756043112e-03 -2.205772233454810979e-02 5.936912646784608949e-01 8.043760918074234212e-01
1.520621237296890974e+09 -2.097928225994110107e-01 -3.119776248931884766e+00 3.125115633010864258e-01 -2.135481468915429761e-03 -2.942143403162603144e-02 5.961420581673012586e-01 8.023368777654884543e-01
1.520621237346893072e+09 -1.573511511087417603e-01 -3.118766069412231445e+00 3.211531043052673340e-01 -9.351663650808037312e-03 -3.384696112683635572e-02 5.983731976741480940e-01 8.004476534506521634e-01
1.520621237397485733e+09 -1.071320846676826477e-01 -3.120301246643066406e+00 3.240723013877868652e-01 -1.505203277787696067e-02 -3.420863116379951191e-02 6.009396587116793143e-01 7.984201478235900540e-01
1.520621237447487831e+09 -5.389546602964401245e-02 -3.122835397720336914e+00 3.179459571838378906e-01 -1.787847819165836946e-02 -3.223396056359888878e-02 6.027283600654693707e-01 7.970946341412196157e-01
1.520621237497489691e+09 -2.189925638958811760e-03 -3.125019311904907227e+00 3.076609075069427490e-01 -2.073231368455056775e-02 -3.230545424742393978e-02 6.023145457194548635e-01 7.973353853993436768e-01
1.520621237547490597e+09 4.845508188009262085e-02 -3.127730131149291992e+00 2.950329482555389404e-01 -2.068263313346455079e-02 -3.206427800481553153e-02 6.007239879665451365e-01 7.985454282908810431e-01
1.520621237597492933e+09 9.557362645864486694e-02 -3.129722595214843750e+00 2.857547700405120850e-01 -1.746265291303782802e-02 -2.814823952573831251e-02 5.996476025086318051e-01 7.995783170962618147e-01
1.520621237647494793e+09 1.377874165773391724e-01 -3.129538536071777344e+00 2.815099954605102539e-01 -1.761956943833753800e-02 -2.386884218061047919e-02 5.969599648153421922e-01 8.017222895450956122e-01
1.520621237697495699e+09 1.762511730194091797e-01 -3.130399942398071289e+00 2.833289206027984619e-01 -2.355666499290497498e-02 -2.280990638434119908e-02 5.902740590562042255e-01 8.065366246553608010e-01
1.520621237747497797e+09 2.092390954494476318e-01 -3.134450912475585938e+00 2.908111512660980225e-01 -2.423957923066474146e-02 -2.186335252089946155e-02 5.850509408761109809e-01 8.103393321289820150e-01
1.520621237797595024e+09 2.369215637445449829e-01 -3.140616655349731445e+00 3.004492223262786865e-01 -1.884798632285380679e-02 -1.764356450691197120e-02 5.823420039179334484e-01 8.125338445356657946e-01
1.520621237847596884e+09 2.621402442455291748e-01 -3.145349502563476562e+00 3.094224631786346436e-01 -1.979590847661921726e-02 -1.993518403499399197e-02 5.785267643022399264e-01 8.151794240724288265e-01
1.520621237897598028e+09 2.823922932147979736e-01 -3.144176006317138672e+00 3.189756572246551514e-01 -2.529022650322584886e-02 -3.011245424038891741e-02 5.722386997885149373e-01 8.191437694369566591e-01
1.520621237947598934e+09 2.978577315807342529e-01 -3.143932104110717773e+00 3.266993761062622070e-01 -2.957119600777405322e-02 -4.463087850229154052e-02 5.658013453432890749e-01 8.228015961691539371e-01
1.520621237997600794e+09 3.094819188117980957e-01 -3.147999763488769531e+00 3.309624195098876953e-01 -2.920844655361255759e-02 -5.642813206401796344e-02 5.634325505343373841e-01 8.237150560479404859e-01
1.520621238047601938e+09 3.163498938083648682e-01 -3.152834415435791016e+00 3.320660591125488281e-01 -2.831347175488456783e-02 -6.040647016122998453e-02 5.640525596316371404e-01 8.230395589841621451e-01
1.520621238097609043e+09 3.150069713592529297e-01 -3.178812026977539062e+00 3.289318680763244629e-01 -2.616081494868851068e-02 -5.771688982840884191e-02 5.654915804804249158e-01 8.223160248928065297e-01
1.520621238147605896e+09 3.106721937656402588e-01 -3.183526277542114258e+00 3.266482651233673096e-01 -2.314878430722303038e-02 -5.122382130552120827e-02 5.677660816685121681e-01 8.212684886337368040e-01
1.520621238197084427e+09 3.008998930454254150e-01 -3.185675859451293945e+00 3.241108953952789307e-01 -1.721953637153853314e-02 -4.659507522429977983e-02 5.700410725336795270e-01 8.201131398512302439e-01
1.520621238247001410e+09 2.877478897571563721e-01 -3.181064605712890625e+00 3.226050436496734619e-01 -1.087594294371699820e-02 -4.419725317933911879e-02 5.714625029195754546e-01 8.193649519190949748e-01
1.520621238297002554e+09 2.714175283908843994e-01 -3.179289102554321289e+00 3.205668628215789795e-01 -6.309430307283052722e-03 -4.401522636494117902e-02 5.719284589611191016e-01 8.190974842884087836e-01
1.520621238347004414e+09 2.526271641254425049e-01 -3.181289434432983398e+00 3.184655308723449707e-01 -3.817718841723283414e-03 -4.472726366578046175e-02 5.733729800408586819e-01 8.180637644260270180e-01
1.520621238397005558e+09 2.325565814971923828e-01 -3.188133239746093750e+00 3.161547482013702393e-01 -2.407194155590128976e-03 -4.403261169128073332e-02 5.771791435713493623e-01 8.154260056867120854e-01
1.520621238447007656e+09 2.106875479221343994e-01 -3.194622278213500977e+00 3.131571114063262939e-01 -9.751308342634265125e-04 -4.237662790851638717e-02 5.834244796637352293e-01 8.110605076417291004e-01
1.520621238497009516e+09 1.861845403909683228e-01 -3.201960802078247070e+00 3.099641799926757812e-01 -1.317360936029090017e-03 -3.987782565408611035e-02 5.896378973608105145e-01 8.066815812804880581e-01
1.520621238547010660e+09 1.591373980045318604e-01 -3.207947015762329102e+00 3.067432045936584473e-01 -9.124192797284167876e-04 -3.976980681777613630e-02 5.963381097707179945e-01 8.017470853029785571e-01
1.520621238597012520e+09 1.311955899000167847e-01 -3.212577342987060547e+00 3.042261302471160889e-01 1.753947760745413337e-03 -3.819431993636574624e-02 6.025343354401494489e-01 7.971765753003211552e-01
1.520621238647165537e+09 1.016116067767143250e-01 -3.216393947601318359e+00 3.013685345649719238e-01 6.934936390091153875e-03 -3.438586253166490969e-02 6.077002081921655252e-01 7.933914393780773233e-01
1.520621238697167397e+09 7.183115929365158081e-02 -3.219421863555908203e+00 2.990425229072570801e-01 1.068696678105641312e-02 -3.193340507439976217e-02 6.123110761101699939e-01 7.898994825002612075e-01
1.520621238747168541e+09 4.160752519965171814e-02 -3.222742557525634766e+00 2.984299361705780029e-01 1.426351025533166735e-02 -2.978318463449733736e-02 6.174707218472603731e-01 7.859003892667610902e-01
1.520621238797170639e+09 1.214861683547496796e-02 -3.222903728485107422e+00 2.989362180233001709e-01 1.900824839688775372e-02 -2.546439233102606309e-02 6.224209454219661319e-01 7.820373507167799332e-01
1.520621238847171307e+09 -1.831705681979656219e-02 -3.222448348999023438e+00 3.005472719669342041e-01 2.038974811432928136e-02 -2.171710253473457808e-02 6.258271741417893441e-01 7.793926954591199330e-01
1.520621238897173643e+09 -4.888194426894187927e-02 -3.222551822662353516e+00 3.033252656459808350e-01 2.070744013072672862e-02 -2.249858939064073096e-02 6.296242657083158667e-01 7.762978161955162992e-01
1.520621238947175503e+09 -7.976537197828292847e-02 -3.222239971160888672e+00 3.065986931324005127e-01 2.222228522909214590e-02 -2.506340570479166988e-02 6.347747795163706241e-01 7.719708381950816101e-01
1.520621238997176409e+09 -1.113578230142593384e-01 -3.219785451889038086e+00 3.095104694366455078e-01 2.009441713618562511e-02 -2.498750028603649587e-02 6.391660603099208471e-01 7.684000172939267070e-01
1.520621239047634125e+09 -1.432596743106842041e-01 -3.215231657028198242e+00 3.117370009422302246e-01 1.580334337178301504e-02 -2.380826241410522945e-02 6.416666190488524713e-01 7.664511536800695524e-01
1.520621239097634792e+09 -1.745754331350326538e-01 -3.209367036819458008e+00 3.127648234367370605e-01 1.335151083642265556e-02 -2.220061545507413803e-02 6.435939489432548344e-01 7.649285579159845749e-01
1.520621239147637129e+09 -2.072083503007888794e-01 -3.202607393264770508e+00 3.129460513591766357e-01 1.150680835701829892e-02 -2.048853850083039857e-02 6.444418039623036609e-01 7.642922048911311439e-01
1.520621239197638988e+09 -2.415928691625595093e-01 -3.196320533752441406e+00 3.120095729827880859e-01 8.711752149847611440e-03 -2.199644374201969316e-02 6.441325988506028111e-01 7.645478774642907593e-01
1.520621239247639894e+09 -2.770797908306121826e-01 -3.189795255661010742e+00 3.099549412727355957e-01 6.435962296934266171e-03 -2.295975911305406236e-02 6.420227788537663516e-01 7.663146738016118897e-01
1.520621239297641993e+09 -3.140421807765960693e-01 -3.183201789855957031e+00 3.069297075271606445e-01 7.389275588164481365e-03 -2.381403668606495508e-02 6.388031041445436653e-01 7.689661139467018902e-01
1.520621239347644091e+09 -3.518749773502349854e-01 -3.175930500030517578e+00 3.043194115161895752e-01 6.849630569899525789e-03 -2.571052995631729898e-02 6.363297546747104239e-01 7.709581665214033652e-01
1.520621239397644997e+09 -3.915299475193023682e-01 -3.171832084655761719e+00 3.026247322559356689e-01 7.793338684191639457e-03 -2.786528775954878398e-02 6.361602908059976746e-01 7.710141853506067289e-01
1.520621239447665215e+09 -4.313386678695678711e-01 -3.166905879974365234e+00 3.019172847270965576e-01 1.178313663086496925e-02 -2.258749238087322253e-02 6.373296783896986728e-01 7.701700097528892952e-01
1.520621239497667074e+09 -4.713520407676696777e-01 -3.162259578704833984e+00 3.024590015411376953e-01 1.789574750208237572e-02 -1.068461810906462008e-02 6.366226264179318806e-01 7.708937752310233149e-01
1.520621239547668219e+09 -5.114609003067016602e-01 -3.155679941177368164e+00 3.036845326423645020e-01 2.162644381047389500e-02 -2.323944975229994079e-03 6.344355132674274200e-01 7.726697067395360552e-01
1.520621239597669125e+09 -5.514022707939147949e-01 -3.152696609497070312e+00 3.053318560123443604e-01 2.334525724391810914e-02 -9.989584068289367354e-04 6.335482278017497970e-01 7.733502725774259456e-01
1.520621239647671461e+09 -5.913121700286865234e-01 -3.151640653610229492e+00 3.059711158275604248e-01 2.218313637317043466e-02 -7.368424345051831663e-04 6.344345624607466982e-01 7.726578489079864998e-01
1.520621239697672367e+09 -6.297688484191894531e-01 -3.154112339019775391e+00 3.038557469844818115e-01 1.992449314543724703e-02 9.447836611549717371e-04 6.367257718080008289e-01 7.708322862155144728e-01
1.520621239747674227e+09 -6.673541069030761719e-01 -3.154592514038085938e+00 2.996106147766113281e-01 1.982035197268706972e-02 5.767766624623154974e-03 6.405383017120611644e-01 7.676487286224547013e-01
1.520621239797678232e+09 -7.054769992828369141e-01 -3.154657840728759766e+00 2.945917844772338867e-01 2.101677941886115342e-02 1.043681477856028827e-02 6.459073157526339370e-01 7.630551142200439063e-01
1.520621239847677231e+09 -7.440536022186279297e-01 -3.152513504028320312e+00 2.904889881610870361e-01 1.919267985082630593e-02 1.379954287006586455e-02 6.523549858533073120e-01 7.575448409758014368e-01
1.520621239897678137e+09 -7.842409610748291016e-01 -3.153335571289062500e+00 2.875384390354156494e-01 1.877044002887890903e-02 1.482908597769143529e-02 6.596841325712735626e-01 7.511621755811954682e-01
1.520621239947680235e+09 -8.253905177116394043e-01 -3.154717683792114258e+00 2.853995561599731445e-01 1.815607842438579991e-02 1.129855330184998535e-02 6.657394940797806138e-01 7.458777550858657346e-01
1.520621239997681141e+09 -8.680833578109741211e-01 -3.156723737716674805e+00 2.828574776649475098e-01 1.650400584860783199e-02 4.545976239334785680e-03 6.714662660636826486e-01 7.408373677329433971e-01
1.520621240047683239e+09 -9.127484560012817383e-01 -3.162217140197753906e+00 2.792064845561981201e-01 1.565498469730099498e-02 1.411603748883644757e-03 6.774822998465376278e-01 7.353711051051906589e-01
1.520621240097685337e+09 -9.569014906883239746e-01 -3.164991855621337891e+00 2.761991918087005615e-01 1.412618883702401219e-02 2.492718127618737296e-03 6.810930267123574966e-01 7.320563681227537645e-01
1.520621240147686243e+09 -1.001624345779418945e+00 -3.166756629943847656e+00 2.731448709964752197e-01 1.149489857729556370e-02 4.122378558200600653e-03 6.839414483146347701e-01 7.294346910992102195e-01
1.520621240197688341e+09 -1.046525120735168457e+00 -3.169748544692993164e+00 2.714497447013854980e-01 1.122504353643627439e-02 5.997672538350623528e-03 6.878731091699967770e-01 7.257193755182023143e-01
1.520621240247689247e+09 -1.092587709426879883e+00 -3.172973394393920898e+00 2.725016772747039795e-01 1.231181757491982449e-02 1.092047944731429701e-02 6.926960065946312639e-01 7.210418883286137115e-01
1.520621240297691345e+09 -1.139371633529663086e+00 -3.176064491271972656e+00 2.755879163742065430e-01 1.518389858541789421e-02 1.748104389465415104e-02 6.991446598200501406e-01 7.146052105695895884e-01
1.520621240347692490e+09 -1.186105966567993164e+00 -3.174619674682617188e+00 2.805270552635192871e-01 1.647797608398192393e-02 2.422682022815747516e-02 7.038090267318733995e-01 7.097847500309805158e-01
1.520621240397694349e+09 -1.231704473495483398e+00 -3.168046951293945312e+00 2.860479950904846191e-01 1.195681069665323164e-02 2.585440632787038354e-02 7.050772159181034615e-01 7.085581867035155579e-01
1.520621240447695255e+09 -1.276552796363830566e+00 -3.161858558654785156e+00 2.890658676624298096e-01 4.976754013466499517e-03 2.082956742073740000e-02 7.060464530769641200e-01 7.078416257454718252e-01
1.520621240497697353e+09 -1.320780634880065918e+00 -3.156819581985473633e+00 2.899952232837677002e-01 2.921644251828806223e-03 1.718548804763936344e-02 7.077123247617754798e-01 7.062856280398980280e-01
1.520621240547699213e+09 -1.363255977630615234e+00 -3.149904727935791016e+00 2.890594005584716797e-01 8.696793534493461181e-03 1.713659233111441971e-02 7.103908622028054509e-01 7.035449707618199877e-01
1.520621240597700119e+09 -1.406413555145263672e+00 -3.143840312957763672e+00 2.873926162719726562e-01 1.490678247026182290e-02 1.736337747589317831e-02 7.147334874087117873e-01 6.990224194799441459e-01
1.520621240647702456e+09 -1.450063228607177734e+00 -3.136643648147583008e+00 2.860311567783355713e-01 1.688795370944227298e-02 1.526043861959182173e-02 7.199714867046267397e-01 6.936302865107426552e-01
1.520621240697703362e+09 -1.494579315185546875e+00 -3.128342390060424805e+00 2.848096489906311035e-01 1.564251805260923750e-02 1.110198898681136540e-02 7.236581386903558899e-01 6.898919884856758999e-01
1.520621240747705221e+09 -1.539404630661010742e+00 -3.118572711944580078e+00 2.821509838104248047e-01 1.279322852722755005e-02 7.133772820203483286e-03 7.264334312833674590e-01 6.870807176038874475e-01
1.520621240797707319e+09 -1.584365725517272949e+00 -3.108648061752319336e+00 2.789050936698913574e-01 9.849991892944940861e-03 5.857877024278979050e-03 7.282941428921703153e-01 6.851688145015329967e-01
1.520621240847708225e+09 -1.629308104515075684e+00 -3.099050760269165039e+00 2.749689519405364990e-01 1.016433732090162544e-02 6.832737069257801936e-03 7.291794482557196755e-01 6.842129289866228925e-01
1.520621240897710085e+09 -1.673825383186340332e+00 -3.088654279708862305e+00 2.714078128337860107e-01 1.308990041048310390e-02 1.224252355502163450e-02 7.304901243017862811e-01 6.826880352121379447e-01
1.520621240947712421e+09 -1.717793703079223633e+00 -3.080092430114746094e+00 2.694684565067291260e-01 1.641483575636917130e-02 2.291200082870450266e-02 7.311583627019742071e-01 6.816252944514934464e-01
1.520621240997713327e+09 -1.761121034622192383e+00 -3.072482585906982422e+00 2.693850994110107422e-01 1.912964947005561800e-02 2.993525191052356579e-02 7.320249218557030035e-01 6.803509763249835363e-01
1.520621241047715187e+09 -1.802797675132751465e+00 -3.065987825393676758e+00 2.710998952388763428e-01 2.118703397397973809e-02 3.110119309696694409e-02 7.342811340147972210e-01 6.778016240827945404e-01
1.520621241097716331e+09 -1.844001650810241699e+00 -3.063814878463745117e+00 2.736173570156097412e-01 2.167576194889733396e-02 3.014806307728479587e-02 7.357614690668374813e-01 6.762220909384962786e-01
1.520621241147718191e+09 -1.881380200386047363e+00 -3.059093475341796875e+00 2.760065793991088867e-01 2.138391741411905383e-02 2.877304513585686105e-02 7.372688761790922030e-01 6.746476444539435402e-01
1.520621241197719336e+09 -1.915897369384765625e+00 -3.054453134536743164e+00 2.761071026325225830e-01 2.241037860560142481e-02 2.616989668392107407e-02 7.406785714961507949e-01 6.709755324635375828e-01
1.520621241247721195e+09 -1.949827551841735840e+00 -3.046338796615600586e+00 2.765656113624572754e-01 2.052926558313140221e-02 2.719489929405871295e-02 7.454837843063762959e-01 6.656522470804463465e-01
1.520621241297722101e+09 -1.982210159301757812e+00 -3.042383909225463867e+00 2.758829891681671143e-01 1.577703053911111777e-02 3.115047617656245896e-02 7.498593726517892577e-01 6.606751504238725925e-01
1.520621241347724438e+09 -2.013570070266723633e+00 -3.040795087814331055e+00 2.746881544589996338e-01 1.100425580688442137e-02 3.430949809998824762e-02 7.538042474315986841e-01 6.561104489705559262e-01
1.520621241397725344e+09 -2.043882608413696289e+00 -3.040038824081420898e+00 2.739043831825256348e-01 8.395282941680964547e-03 3.538626204265066938e-02 7.564624656273868375e-01 6.530251677997658266e-01
1.520621241447727203e+09 -2.073558092117309570e+00 -3.039312124252319336e+00 2.724121809005737305e-01 9.647924694251987926e-03 3.490744653999876962e-02 7.575425559834301215e-01 6.517803798820912542e-01
1.520621241497728348e+09 -2.103136062622070312e+00 -3.037948131561279297e+00 2.709115743637084961e-01 1.240507176888795519e-02 3.371643865159482112e-02 7.570749173392931075e-01 6.523395477010148769e-01
1.520621241547730207e+09 -2.132834672927856445e+00 -3.036589384078979492e+00 2.685611248016357422e-01 1.479218610450288435e-02 3.173176549510028921e-02 7.550895161213754259e-01 6.546862675605782389e-01
1.520621241597731113e+09 -2.162658929824829102e+00 -3.036703824996948242e+00 2.648831009864807129e-01 1.690881413457073421e-02 2.827305552712803746e-02 7.532857808799239274e-01 6.568677634500309503e-01
1.520621241647733450e+09 -2.192945003509521484e+00 -3.037068367004394531e+00 2.603513896465301514e-01 2.117714208180092317e-02 2.744410272615034618e-02 7.519678197676806786e-01 6.582877394518635850e-01
1.520621241697735310e+09 -2.223479747772216797e+00 -3.037060976028442383e+00 2.558387219905853271e-01 2.863713417570446298e-02 3.171265195813740417e-02 7.510362434548686350e-01 6.588769105600711384e-01
1.520621241747736454e+09 -2.253819704055786133e+00 -3.036616802215576172e+00 2.518681287765502930e-01 3.449812341123922876e-02 3.557978746674768378e-02 7.503408375625590931e-01 6.591908568016106029e-01
1.520621241797738314e+09 -2.283715486526489258e+00 -3.034818172454833984e+00 2.470682710409164429e-01 4.067560675841315476e-02 3.784236328642441582e-02 7.511292133159716000e-01 6.578133135313262159e-01
1.520621241847739220e+09 -2.311521768569946289e+00 -3.031910657882690430e+00 2.463676184415817261e-01 4.629236659067324788e-02 4.017946346282334075e-02 7.517265992254852369e-01 6.566199414639806164e-01
1.520621241897035122e+09 -2.336769104003906250e+00 -3.027841567993164062e+00 2.469275295734405518e-01 4.970803305548369966e-02 4.237935912185856330e-02 7.521121231429522824e-01 6.557899477664903554e-01
1.520621241947036028e+09 -2.358675003051757812e+00 -3.022265434265136719e+00 2.487562745809555054e-01 5.112281676086765508e-02 4.424026116403525360e-02 7.543651853822731512e-01 6.529643359186944052e-01
1.520621241997037888e+09 -2.378126859664916992e+00 -3.016885995864868164e+00 2.519361078739166260e-01 5.084186463786469212e-02 4.613053873066327165e-02 7.581888543305750350e-01 6.484109340267587562e-01
1.520621242047039986e+09 -2.394832849502563477e+00 -3.011040449142456055e+00 2.568315565586090088e-01 4.622178106058499880e-02 4.551547725984408932e-02 7.631357813051586891e-01 6.429740800196854789e-01
1.520621242097040892e+09 -2.408103227615356445e+00 -3.004509687423706055e+00 2.610134780406951904e-01 3.980603134401237281e-02 4.191925798208548382e-02 7.694025041948868715e-01 6.361430988523792962e-01
1.520621242147043228e+09 -2.419654369354248047e+00 -3.002081155776977539e+00 2.624782621860504150e-01 3.429287501379617992e-02 3.966004949129735280e-02 7.771701425974686384e-01 6.271025822404706629e-01
1.520621242197044134e+09 -2.427385091781616211e+00 -2.993289470672607422e+00 2.649244964122772217e-01 3.139645221762920463e-02 4.043768703399251013e-02 7.860626548318476736e-01 6.160231805169305019e-01
1.520621242247045994e+09 -2.433673858642578125e+00 -2.983584880828857422e+00 2.670899629592895508e-01 2.942317776163113491e-02 4.058024474486788408e-02 7.957123154713635627e-01 6.035970769926370938e-01
1.520621242296133280e+09 -2.438504219055175781e+00 -2.971263408660888672e+00 2.694283723831176758e-01 2.589423971767873880e-02 3.872631237506116153e-02 8.057913850406612788e-01 5.903642984408231653e-01
1.520621242346135139e+09 -2.443198204040527344e+00 -2.957252740859985352e+00 2.710255384445190430e-01 2.214997542048955867e-02 3.640417975575385018e-02 8.165649431635141342e-01 5.756785629859336728e-01
1.520621242396136999e+09 -2.447308063507080078e+00 -2.941307783126831055e+00 2.711570858955383301e-01 1.928978819137612891e-02 3.689535770861215869e-02 8.271348023002491612e-01 5.604593254419210080e-01
1.520621242446138144e+09 -2.450799942016601562e+00 -2.923134088516235352e+00 2.698587775230407715e-01 1.824475313525754372e-02 3.934450922491988106e-02 8.382119158518318569e-01 5.436174414980493586e-01
1.520621242496140242e+09 -2.454249858856201172e+00 -2.902506589889526367e+00 2.680681645870208740e-01 1.739894479804456398e-02 4.273078298575882367e-02 8.494977370436588293e-01 5.255710719427408861e-01
1.520621242546140909e+09 -2.457660913467407227e+00 -2.880441904067993164e+00 2.658687829971313477e-01 1.631254889698208199e-02 4.644900562165001079e-02 8.605505827397883500e-01 5.069803597492256175e-01
1.520621242596143246e+09 -2.460630655288696289e+00 -2.856158018112182617e+00 2.634985744953155518e-01 1.489775002316857770e-02 4.838086005324682137e-02 8.710176502985882419e-01 4.886364725366716399e-01
1.520621242646145105e+09 -2.463559389114379883e+00 -2.830215215682983398e+00 2.633477449417114258e-01 1.254178934595496890e-02 4.759420726125107581e-02 8.806667234436205138e-01 4.711725980723543983e-01
1.520621242692972660e+09 -2.466090202331542969e+00 -2.804331541061401367e+00 2.631085813045501709e-01 1.013188310364811391e-02 4.637094435458938985e-02 8.891874857063447601e-01 4.550743848291907145e-01
1.520621242742974758e+09 -2.468430757522583008e+00 -2.774759292602539062e+00 2.642148435115814209e-01 8.014210967790156084e-03 4.668545080512362389e-02 8.978532033609709639e-01 4.377394959563614685e-01
1.520621242792975664e+09 -2.470633983612060547e+00 -2.743906497955322266e+00 2.656070888042449951e-01 7.072518420546600008e-03 4.679689451078095780e-02 9.058165942490674638e-01 4.210182035617439089e-01
1.520621242842977524e+09 -2.472810268402099609e+00 -2.712674140930175781e+00 2.655467092990875244e-01 6.319478410636383305e-03 4.583486390368628899e-02 9.130313690239818536e-01 4.052566453764100407e-01
1.520621242892978668e+09 -2.473616600036621094e+00 -2.680463790893554688e+00 2.680009007453918457e-01 6.159115336052402648e-03 4.385879832699941111e-02 9.196742404757000111e-01 3.901765786320768870e-01
1.520621242942980766e+09 -2.474317550659179688e+00 -2.648697376251220703e+00 2.701730728149414062e-01 8.749768449138847423e-03 3.989927560438041171e-02 9.258571206998905678e-01 3.756595285729357747e-01
1.520621242992981911e+09 -2.475612163543701172e+00 -2.617606401443481445e+00 2.752159237861633301e-01 1.054493839501617798e-02 3.320976911767086620e-02 9.318399520239744049e-01 3.611927730746472553e-01
1.520621243042983770e+09 -2.476590871810913086e+00 -2.587205171585083008e+00 2.776349782943725586e-01 1.077930448005838537e-02 2.822206869988458725e-02 9.377274342746941826e-01 3.460557475925292170e-01
1.520621243090598822e+09 -2.477086067199707031e+00 -2.558533430099487305e+00 2.792654931545257568e-01 1.107749244513077554e-02 2.897907965991897497e-02 9.432433202666354877e-01 3.306501790042848388e-01
1.520621243140573740e+09 -2.476785659790039062e+00 -2.529451370239257812e+00 2.798715829849243164e-01 1.089414310665393591e-02 3.466024725288518321e-02 9.479164339990527877e-01 3.164402298394753399e-01
1.520621243190574884e+09 -2.476261854171752930e+00 -2.503018379211425781e+00 2.821542322635650635e-01 1.177847504894846860e-02 3.740878859423573538e-02 9.524335478280823164e-01 3.022121556672482945e-01
1.520621243240576744e+09 -2.475500345230102539e+00 -2.473332643508911133e+00 2.816818356513977051e-01 1.263091103722377949e-02 3.601570548482535550e-02 9.571957313905347098e-01 2.869140304212033921e-01
1.520621243290578842e+09 -2.473800182342529297e+00 -2.441982746124267578e+00 2.806819081306457520e-01 1.388216526816415247e-02 3.673201292834200882e-02 9.612325079177415077e-01 2.729287643980909395e-01
1.520621243340579987e+09 -2.471405029296875000e+00 -2.408441305160522461e+00 2.799867689609527588e-01 1.618580987395018544e-02 3.963964208264793287e-02 9.642249992479066112e-01 2.616044134942266397e-01
1.520621243390581846e+09 -2.468296527862548828e+00 -2.373401880264282227e+00 2.766826152801513672e-01 1.845573455238761623e-02 4.164974036069165469e-02 9.664825836849219032e-01 2.526580701733802670e-01
1.520621243440582752e+09 -2.464196681976318359e+00 -2.337281703948974609e+00 2.717863321304321289e-01 2.104375457755086262e-02 4.296116048833226175e-02 9.683517566793390374e-01 2.449619856606607693e-01
1.520621243490584850e+09 -2.459029912948608398e+00 -2.300020456314086914e+00 2.657044231891632080e-01 2.538350681881691023e-02 4.452536449771994642e-02 9.699742406533385930e-01 2.377459609896735993e-01
1.520621243539563894e+09 -2.453102827072143555e+00 -2.261566877365112305e+00 2.600174248218536377e-01 2.923040173995005570e-02 4.517042848283490258e-02 9.714138161352700029e-01 2.312150813124222992e-01
1.520621243589565754e+09 -2.445937395095825195e+00 -2.221119165420532227e+00 2.561593651771545410e-01 3.090381654764677924e-02 4.435008916057000400e-02 9.726489894273551151e-01 2.259025610305993859e-01
1.520621243639567614e+09 -2.438376188278198242e+00 -2.179567813873291016e+00 2.530314326286315918e-01 3.283420452896194247e-02 4.540984532561972986e-02 9.746576177314735245e-01 2.165695942612033686e-01
1.520621243689568758e+09 -2.431126117706298828e+00 -2.137083292007446289e+00 2.520025074481964111e-01 3.510519361882319389e-02 5.124833620833386949e-02 9.772452356395388007e-01 2.028126791812696894e-01
1.520621243739570856e+09 -2.423832893371582031e+00 -2.094488859176635742e+00 2.539509534835815430e-01 3.518726876111825941e-02 6.122526970283730802e-02 9.787234778482429842e-01 1.926491016734502848e-01
1.520621243789571762e+09 -2.416828393936157227e+00 -2.052796602249145508e+00 2.550612688064575195e-01 3.556484910264641475e-02 6.533068812123848934e-02 9.799557993163983127e-01 1.848071267134208939e-01
1.520621243839573860e+09 -2.410280942916870117e+00 -2.011087656021118164e+00 2.583493292331695557e-01 3.859165195770140194e-02 5.975272328278530276e-02 9.817691152563605694e-01 1.762659944181233507e-01
1.520621243889574766e+09 -2.403407812118530273e+00 -1.968929886817932129e+00 2.636761367321014404e-01 3.996558380035716146e-02 5.233476542884293869e-02 9.836454127193478003e-01 1.676470294254816529e-01
1.520621243939388037e+09 -2.396473407745361328e+00 -1.926138162612915039e+00 2.667756378650665283e-01 3.856604358996935239e-02 4.920779674666305586e-02 9.851243017475718178e-01 1.600667458515811215e-01
1.520621243989388943e+09 -2.389309406280517578e+00 -1.881226539611816406e+00 2.669630646705627441e-01 3.520666433026210795e-02 5.077280100793356982e-02 9.862464063779926571e-01 1.532991825517681650e-01
1.520621244039390802e+09 -2.381382703781127930e+00 -1.835447311401367188e+00 2.630989551544189453e-01 3.047270935311381657e-02 5.397161225236796894e-02 9.869569690560010544e-01 1.485746286798403926e-01
1.520621244089392900e+09 -2.372514724731445312e+00 -1.788108944892883301e+00 2.572644352912902832e-01 2.750240046111721015e-02 5.630188357036654268e-02 9.873301788372075283e-01 1.457835170127022018e-01
1.520621244139393806e+09 -2.362750530242919922e+00 -1.739570617675781250e+00 2.503415644168853760e-01 2.574521342238554958e-02 5.555981079955677610e-02 9.876066477669090959e-01 1.445109016523024037e-01
1.520621244189395905e+09 -2.351865053176879883e+00 -1.688941955566406250e+00 2.440693825483322144e-01 2.454998500389888802e-02 5.291514033857992044e-02 9.876704691125155477e-01 1.452732962464882704e-01
1.520621244239398003e+09 -2.339816093444824219e+00 -1.637516260147094727e+00 2.391168475151062012e-01 2.255269345190151833e-02 5.185806794757415183e-02 9.871748172609124961e-01 1.492916507132710513e-01
1.520621244289398909e+09 -2.326462030410766602e+00 -1.586431741714477539e+00 2.358051836490631104e-01 1.901275425005009151e-02 5.282806457007803436e-02 9.862980566101556823e-01 1.551252858067861118e-01
1.520621244339476109e+09 -2.311690092086791992e+00 -1.536759495735168457e+00 2.358547598123550415e-01 1.595486779352267223e-02 5.878113186872403056e-02 9.851902059842139181e-01 1.602824967446700444e-01
1.520621244389477253e+09 -2.295087337493896484e+00 -1.488541364669799805e+00 2.402720898389816284e-01 1.450406630000342610e-02 6.722789086985521412e-02 9.839865315337474883e-01 1.644401061485343540e-01
1.520621244439480066e+09 -2.276027441024780273e+00 -1.441915869712829590e+00 2.470478415489196777e-01 1.480313627744928896e-02 6.573402280916240681e-02 9.823876913683310397e-01 1.742823262688343311e-01
1.520621244489480257e+09 -2.254440307617187500e+00 -1.397158741950988770e+00 2.529109120368957520e-01 2.233186590166172381e-02 5.524493107131200897e-02 9.810489590648318048e-01 1.843698057548631697e-01
1.520621244539482117e+09 -2.230792999267578125e+00 -1.352730870246887207e+00 2.589998543262481689e-01 3.186460246885405162e-02 4.541847159699757136e-02 9.797304976349449079e-01 1.924836656739418450e-01
1.520621244589483023e+09 -2.205518960952758789e+00 -1.308817625045776367e+00 2.643137276172637939e-01 4.137577578264400868e-02 4.318936991034572070e-02 9.776520655752874989e-01 2.015419613418151235e-01
1.520621244639486313e+09 -2.178484439849853516e+00 -1.265190482139587402e+00 2.656870782375335693e-01 4.937354556929453298e-02 4.405776484171680663e-02 9.752753538282810108e-01 2.108533864328246410e-01
1.520621244689486265e+09 -2.150135278701782227e+00 -1.222085356712341309e+00 2.634924948215484619e-01 5.606908461878948313e-02 4.114723286802519919e-02 9.734366132277529893e-01 2.181383116396511945e-01
1.520621244740218401e+09 -2.120063066482543945e+00 -1.177824020385742188e+00 2.612966001033782959e-01 6.062045133790600754e-02 3.668178504752341723e-02 9.723474083282678260e-01 2.225311776866712166e-01
1.520621244790159464e+09 -2.088625431060791016e+00 -1.134178519248962402e+00 2.581347823143005371e-01 6.333012570334703439e-02 3.449959884876457189e-02 9.714769247703501920e-01 2.259018758142926631e-01
1.520621244840161324e+09 -2.055615186691284180e+00 -1.091362595558166504e+00 2.555489540100097656e-01 6.382315310956170051e-02 3.355301389023938180e-02 9.712762383821138545e-01 2.267669930574683912e-01
1.520621244890163183e+09 -2.021066665649414062e+00 -1.050146102905273438e+00 2.541721463203430176e-01 6.120289979662552060e-02 3.258186442987353465e-02 9.719706368753795456e-01 2.246457393738566233e-01
1.520621244940164328e+09 -1.985234618186950684e+00 -1.008476376533508301e+00 2.548088729381561279e-01 5.998046963388455055e-02 3.528195185098442072e-02 9.732461400789880202e-01 2.189736923866298368e-01
1.520621244990166426e+09 -1.948777079582214355e+00 -9.678291082382202148e-01 2.608737051486968994e-01 5.688405806108540880e-02 4.647308980265961453e-02 9.735797684950473485e-01 2.162102917065399643e-01
1.520621245040167332e+09 -1.911494135856628418e+00 -9.281101226806640625e-01 2.668468356132507324e-01 5.362274621675216374e-02 5.317578590746429440e-02 9.728235151366645406e-01 2.188866036979898455e-01
1.520621245090169430e+09 -1.873936176300048828e+00 -8.899152278900146484e-01 2.720656394958496094e-01 5.333997823661101867e-02 4.817524307998351241e-02 9.724514743150194374e-01 2.217478811137718331e-01
1.520621245140170813e+09 -1.836328744888305664e+00 -8.523935675621032715e-01 2.788464426994323730e-01 5.685355985895750031e-02 4.022527665142212189e-02 9.722027311022248819e-01 2.235429477461894354e-01
1.520621245190172911e+09 -1.798328042030334473e+00 -8.162471055984497070e-01 2.859765291213989258e-01 5.853953988786438078e-02 3.326176497202775612e-02 9.718900374760995886e-01 2.256025982017242359e-01
1.520621245240175009e+09 -1.759235501289367676e+00 -7.799157500267028809e-01 2.906229496002197266e-01 5.647230118840938784e-02 2.602195539899984297e-02 9.716639468023904325e-01 2.280414688605988671e-01
1.520621245290175915e+09 -1.719081878662109375e+00 -7.426036000251770020e-01 2.912987768650054932e-01 5.144692409981483500e-02 2.247856294690177975e-02 9.716139701520177807e-01 2.298134487229676892e-01
1.520621245340178013e+09 -1.678705215454101562e+00 -7.048516869544982910e-01 2.884542047977447510e-01 4.735466487827158510e-02 2.344502147237607567e-02 9.716692016937883425e-01 2.303623866046334290e-01
1.520621245390178919e+09 -1.638035297393798828e+00 -6.672046184539794922e-01 2.835894823074340820e-01 4.339791445413902077e-02 2.526104626937561784e-02 9.708892070294488086e-01 2.342064222777328897e-01
1.520621245440180779e+09 -1.595754146575927734e+00 -6.293619871139526367e-01 2.784017026424407959e-01 4.039148386709481148e-02 2.571550984636500337e-02 9.692664197499887280e-01 2.413086159452135226e-01
1.520621245490181923e+09 -1.552865266799926758e+00 -5.914123654365539551e-01 2.738080918788909912e-01 3.795313738197329811e-02 2.490388352139873834e-02 9.671964994373506430e-01 2.499405677847285068e-01
1.520621245540184021e+09 -1.509881854057312012e+00 -5.542338490486145020e-01 2.714711129665374756e-01 3.703983799407763872e-02 2.595275588833384148e-02 9.648543404230819354e-01 2.588640697932267365e-01
1.520621245589938641e+09 -1.466579079627990723e+00 -5.189512372016906738e-01 2.723764181137084961e-01 3.829325728721644923e-02 3.294814744660600619e-02 9.618023616758574201e-01 2.690432364898155959e-01
1.520621245639939785e+09 -1.422399282455444336e+00 -4.860075116157531738e-01 2.773756682872772217e-01 4.199794983493696648e-02 4.128335721103133099e-02 9.576267442920166628e-01 2.819270743361149134e-01
1.520621245689941645e+09 -1.377627491950988770e+00 -4.561776220798492432e-01 2.822829484939575195e-01 4.245336960299183476e-02 4.033838825912226117e-02 9.537326382304099903e-01 2.948975764838868141e-01
1.520621245739943504e+09 -1.331282377243041992e+00 -4.276038706302642822e-01 2.883580625057220459e-01 4.266483523129983857e-02 3.224109345123289672e-02 9.506662073342938557e-01 3.055715725658793569e-01
1.520621245789944649e+09 -1.284021019935607910e+00 -4.019561707973480225e-01 2.950022220611572266e-01 4.287018903320794633e-02 2.396358309591936284e-02 9.470733191777986892e-01 3.172381151107307451e-01
1.520621245839946508e+09 -1.236801743507385254e+00 -3.777768611907958984e-01 2.981832921504974365e-01 4.467780924556885580e-02 1.914814343073201197e-02 9.436567908031121554e-01 3.273363761260636440e-01
1.520621245889947414e+09 -1.189551353454589844e+00 -3.551729917526245117e-01 2.982975542545318604e-01 4.988631180141004512e-02 1.895434202813932323e-02 9.403649467837650322e-01 3.359551393765237703e-01
1.520621245939949751e+09 -1.141884207725524902e+00 -3.331643044948577881e-01 2.959453463554382324e-01 6.036845210048244481e-02 2.352225589520595336e-02 9.369463901864295563e-01 3.434149318029304232e-01
1.520621245989576578e+09 -1.093582749366760254e+00 -3.115296959877014160e-01 2.903925180435180664e-01 7.423518746192397932e-02 3.224917565554144550e-02 9.333877749704420079e-01 3.496232102532075836e-01
1.520621246039576769e+09 -1.043854475021362305e+00 -2.902577519416809082e-01 2.830563187599182129e-01 8.740416280442805941e-02 4.343086911228115354e-02 9.296649020327588664e-01 3.552427928347454689e-01
1.520621246089578629e+09 -9.935616254806518555e-01 -2.704014480113983154e-01 2.755770385265350342e-01 9.560226887629984238e-02 5.386636493343371912e-02 9.275082454455803038e-01 3.573332835673481700e-01
1.520621246139580488e+09 -9.434501528739929199e-01 -2.526321709156036377e-01 2.701027393341064453e-01 1.015681085185614480e-01 5.696740274770473872e-02 9.267747240809820486e-01 3.571095702452710685e-01
1.520621246189581633e+09 -8.921804428100585938e-01 -2.353020459413528442e-01 2.691502273082733154e-01 1.022853300199927234e-01 5.297450940606829306e-02 9.259879917359840062e-01 3.595520153978378208e-01
1.520621246239583492e+09 -8.412591218948364258e-01 -2.177964001893997192e-01 2.718881964683532715e-01 9.802473622238540296e-02 4.737141133921707326e-02 9.239847227147846009e-01 3.666051454439027135e-01
1.520621246289585590e+09 -7.909860014915466309e-01 -2.007927596569061279e-01 2.759058773517608643e-01 9.542804223601739078e-02 4.057293017935326152e-02 9.219079029448132845e-01 3.732735519422171744e-01
1.520621246339586735e+09 -7.430642843246459961e-01 -1.839094310998916626e-01 2.810047864913940430e-01 9.578233571746072594e-02 3.478214275259496058e-02 9.229041088327214482e-01 3.713003536353364775e-01
1.520621246389536381e+09 -6.975831985473632812e-01 -1.669561266899108887e-01 2.877621650695800781e-01 9.480597721785753718e-02 3.314083406410984339e-02 9.251570005945984887e-01 3.660574217962371812e-01
1.520621246439450502e+09 -6.538347005844116211e-01 -1.499434709548950195e-01 2.939738631248474121e-01 9.015412649021420366e-02 3.234079965263714912e-02 9.265226573041922542e-01 3.638434713672804022e-01
1.520621246489452362e+09 -6.113045215606689453e-01 -1.330393552780151367e-01 2.973602116107940674e-01 8.148048871984402142e-02 2.911186796303345814e-02 9.280608357755547599e-01 3.622382009137868342e-01
1.520621246539453506e+09 -5.698506236076354980e-01 -1.165370196104049683e-01 2.974023818969726562e-01 7.181290208773767614e-02 2.256888979301230336e-02 9.312334230934002921e-01 3.565639690448210719e-01
1.520621246589455366e+09 -5.280706286430358887e-01 -9.905093163251876831e-02 2.960418164730072021e-01 6.516492787361435890e-02 1.330379237298803981e-02 9.335502517280193091e-01 3.522221866695439685e-01
1.520621246639456272e+09 -4.858252406120300293e-01 -8.022558689117431641e-02 2.928071618080139160e-01 6.139814719694230982e-02 7.857093416071833994e-03 9.351312314069266662e-01 3.488525672131406186e-01
1.520621246689458609e+09 -4.423369169235229492e-01 -6.176720187067985535e-02 2.880837321281433105e-01 6.244573380050436745e-02 8.233064799348622023e-03 9.355940834410695350e-01 3.474139576991564504e-01
1.520621246739459515e+09 -3.989917337894439697e-01 -4.144521430134773254e-02 2.835538387298583984e-01 6.641003159992900362e-02 1.552870885721221311e-02 9.355502260462934538e-01 3.465463049129999806e-01
1.520621246789280176e+09 -3.568850457668304443e-01 -2.123633958399295807e-02 2.797147929668426514e-01 7.139634855612191078e-02 2.501008578875672447e-02 9.359228904949231653e-01 3.439845927789784708e-01
1.520621246839281082e+09 -3.152070045471191406e-01 -1.117746229283511639e-03 2.786459028720855713e-01 7.307176877073763566e-02 3.128654068779173486e-02 9.367145094899572699e-01 3.409510180238442545e-01
1.520621246889283180e+09 -2.737632691860198975e-01 1.855700090527534485e-02 2.814586758613586426e-01 6.890624339439876955e-02 3.409703612054553606e-02 9.358294628936381088e-01 3.439658967532549516e-01
1.520621246939285040e+09 -2.331833243370056152e-01 3.660304099321365356e-02 2.862161993980407715e-01 6.211836047442959030e-02 3.535255666773953753e-02 9.347623857520342971e-01 3.480097530417622931e-01
1.520621246989286184e+09 -1.928634047508239746e-01 5.335315316915512085e-02 2.912289500236511230e-01 5.441441845500113311e-02 3.240273349747606335e-02 9.343248113799047516e-01 3.507510238987203155e-01
1.520621247039288044e+09 -1.535870581865310669e-01 6.821601837873458862e-02 2.965248227119445801e-01 4.836467007945571134e-02 2.731551075746530000e-02 9.338786670853989058e-01 3.532497087372654110e-01
1.520621247089290142e+09 -1.165496110916137695e-01 8.232197910547256470e-02 3.008286654949188232e-01 4.781932644991702952e-02 2.455405461256067456e-02 9.335389516006858956e-01 3.544226802339993099e-01
1.520621247139291286e+09 -8.123196661472320557e-02 9.661207348108291626e-02 3.037385046482086182e-01 4.945433060121187663e-02 2.721851461485214063e-02 9.331814496368540102e-01 3.549447896513017731e-01
1.520621247189226151e+09 -4.663980379700660706e-02 1.110349372029304504e-01 3.029425144195556641e-01 5.021802779946185624e-02 3.348573717427654611e-02 9.329760207339597988e-01 3.548416545802556277e-01
1.520621247239227057e+09 -1.268502511084079742e-02 1.263950616121292114e-01 3.005433082580566406e-01 5.307982670575443762e-02 3.903443598049403940e-02 9.339954516233766046e-01 3.511571459495257397e-01
1.520621247289229155e+09 2.085632272064685822e-02 1.425692141056060791e-01 2.976668775081634521e-01 5.327343530593019877e-02 4.342222928145642036e-02 9.361322456069347542e-01 3.448664521664162597e-01
1.520621247339230061e+09 5.416230484843254089e-02 1.599462777376174927e-01 2.944467663764953613e-01 5.054519393895568619e-02 4.591533976343816631e-02 9.384248383676653260e-01 3.386676655346693154e-01
1.520621247389231920e+09 8.710867911577224731e-02 1.789088994264602661e-01 2.914148569107055664e-01 4.647236249946481296e-02 4.752898147264306150e-02 9.410297734055541596e-01 3.317292284502267874e-01
1.520621247439234257e+09 1.188137903809547424e-01 1.991505324840545654e-01 2.889054119586944580e-01 4.181945722461346410e-02 4.916736886657444017e-02 9.442527352838445687e-01 3.228319605385358004e-01
1.520621247489234924e+09 1.488143950700759888e-01 2.204826921224594116e-01 2.882318198680877686e-01 3.773638114553939937e-02 4.797951353301483507e-02 9.479955135881907857e-01 3.123754760473942405e-01
1.520621247539237022e+09 1.770718246698379517e-01 2.426007241010665894e-01 2.894672751426696777e-01 3.438966938360152326e-02 4.247525514869594093e-02 9.521191285770185253e-01 3.008028728876746549e-01
1.520621247589275599e+09 2.031818032264709473e-01 2.663836777210235596e-01 2.929209172725677490e-01 3.073211225629305168e-02 3.577588527804828611e-02 9.568128067896602973e-01 2.868534051952857378e-01
1.520621247639275312e+09 2.267287969589233398e-01 2.904130220413208008e-01 2.986459136009216309e-01 2.398112226043530235e-02 3.059402610571540157e-02 9.619868230688730648e-01 2.703151190437367291e-01
1.520621247689281464e+09 2.463025152683258057e-01 3.137224912643432617e-01 3.068129122257232666e-01 1.636204472685159547e-02 2.850311022569614744e-02 9.670377831791383549e-01 2.525030338506767391e-01
1.520621247739279509e+09 2.611069977283477783e-01 3.355624377727508545e-01 3.170455992221832275e-01 1.221811249218773821e-02 2.943346923889330474e-02 9.713141613253193363e-01 2.356548081932191008e-01
1.520621247789281368e+09 2.713959217071533203e-01 3.561571836471557617e-01 3.287599384784698486e-01 1.238974422328062604e-02 2.997049590437706953e-02 9.748580134231180638e-01 2.204543428423646478e-01
1.520621247839282274e+09 2.791875898838043213e-01 3.753866553306579590e-01 3.413624167442321777e-01 1.383275839004767353e-02 2.845836282234972051e-02 9.776117291351514860e-01 2.080242376219013367e-01
1.520621247889284372e+09 2.835238277912139893e-01 3.923158347606658936e-01 3.541815876960754395e-01 1.335138107765108766e-02 2.530381876421393395e-02 9.798195547473095290e-01 1.978259273049198519e-01
1.520621247939285278e+09 2.850233912467956543e-01 4.091979265213012695e-01 3.685382902622222900e-01 9.380981049470349734e-03 2.053846730821350802e-02 9.818215080651903071e-01 1.884587351538105637e-01
1.520621247989289284e+09 2.841897606849670410e-01 4.250890612602233887e-01 3.850857615470886230e-01 4.123870619049416729e-03 1.504779745894085745e-02 9.835701870858470919e-01 1.798506173430151622e-01
1.520621248039219618e+09 2.799329757690429688e-01 4.392170608043670654e-01 4.055549502372741699e-01 -5.009918532627488695e-04 7.525580499140928706e-03 9.852535749821091926e-01 1.709342201850970744e-01
1.520621248089221478e+09 2.724262475967407227e-01 4.516125321388244629e-01 4.297512769699096680e-01 -4.842654981360546701e-03 -2.768843969601435164e-03 9.865220202096319779e-01 1.635334395079789671e-01
1.520621248139222383e+09 2.615944445133209229e-01 4.616739153861999512e-01 4.566795229911804199e-01 -9.082031104825392248e-03 -1.403673407618846389e-02 9.872877237508621562e-01 1.580614985957263796e-01
1.520621248189224482e+09 2.474356144666671753e-01 4.690289199352264404e-01 4.853764474391937256e-01 -1.155380396175268234e-02 -2.633840493060651475e-02 9.878027668916798953e-01 1.530310156826602264e-01
1.520621248239225388e+09 2.301672250032424927e-01 4.733161628246307373e-01 5.143124461174011230e-01 -1.300458260319677962e-02 -3.880152641466912133e-02 9.884616793987968109e-01 1.458383719715724003e-01
1.520621248289227247e+09 2.110988646745681763e-01 4.754589200019836426e-01 5.436198115348815918e-01 -1.537137094531895558e-02 -4.436416145666995103e-02 9.889770076007765587e-01 1.404279906945952450e-01
1.520621248339228392e+09 1.901379227638244629e-01 4.753528237342834473e-01 5.695757269859313965e-01 -1.370878857877444804e-02 -4.197025200247311155e-02 9.900783067271698989e-01 1.333998261273660335e-01
1.520621248389230490e+09 1.683700978755950928e-01 4.737842082977294922e-01 5.917748808860778809e-01 -8.178131994500993651e-03 -3.392285608195665797e-02 9.916260717122902246e-01 1.243386178657900215e-01
1.520621248439041138e+09 1.456456780433654785e-01 4.704679250717163086e-01 6.098740100860595703e-01 -2.217484308590006014e-03 -2.470822152064883898e-02 9.932335182144385044e-01 1.134538005004516181e-01
1.520621248489042997e+09 1.229200139641761780e-01 4.652891457080841064e-01 6.249315142631530762e-01 3.561394461622482705e-03 -1.823015666411345603e-02 9.945086668305818112e-01 1.029926670027992014e-01
1.520621248539044857e+09 1.008128747344017029e-01 4.586282670497894287e-01 6.356863379478454590e-01 1.038614559926822299e-02 -1.655461813567850327e-02 9.955366182515676954e-01 9.233046256899749005e-02
1.520621248589046001e+09 8.019237965345382690e-02 4.501084685325622559e-01 6.430603861808776855e-01 1.400612290561499725e-02 -1.767615782494916937e-02 9.966053337399157774e-01 7.917822129128193609e-02
1.520621248639048100e+09 6.077117472887039185e-02 4.395704269409179688e-01 6.473352313041687012e-01 1.396233347769888951e-02 -1.727293736961059076e-02 9.979624955288318722e-01 5.981267755542567233e-02
1.520621248689049006e+09 4.176351800560951233e-02 4.266857206821441650e-01 6.487587094306945801e-01 1.812958138434638336e-02 -1.418866760185067202e-02 9.994745739653495553e-01 2.281613436354683680e-02
1.520621248739051104e+09 2.321341075003147125e-02 4.120073914527893066e-01 6.510284543037414551e-01 2.206215681919558927e-02 -7.220576061420755018e-03 9.994032348049248782e-01 -2.557926463521465604e-02
1.520621248789052010e+09 5.075414665043354034e-03 3.953499794006347656e-01 6.520921587944030762e-01 2.493733231864564068e-02 3.129432290368724424e-03 9.966800917157934148e-01 -7.744114466978763156e-02
1.520621248838954449e+09 -1.163774821907281876e-02 3.789435327053070068e-01 6.515053510665893555e-01 2.784012491639300396e-02 1.137206460405031268e-02 9.911102157913362909e-01 -1.295999372890738188e-01
1.520621248888956308e+09 -2.635105885565280914e-02 3.637748062610626221e-01 6.518910527229309082e-01 2.859553059085748195e-02 1.480435540230933857e-02 9.833764169594684246e-01 -1.787007254022967562e-01
1.520621248938957453e+09 -3.869828581809997559e-02 3.494542539119720459e-01 6.510581374168395996e-01 2.929285760595655083e-02 1.306234511258064224e-02 9.737724152848199477e-01 -2.252522738260487323e-01
1.520621248988959312e+09 -4.902144148945808411e-02 3.344869613647460938e-01 6.497220993041992188e-01 3.135625952701460994e-02 7.103818320707247676e-03 9.609517850886865054e-01 -2.748417499009339626e-01
1.520621249038961172e+09 -5.685611069202423096e-02 3.196388185024261475e-01 6.515520811080932617e-01 3.206920445463545127e-02 -1.370934809697877408e-03 9.471357534196899186e-01 -3.192233563784305783e-01
1.520621249088962317e+09 -6.170437484979629517e-02 3.065677285194396973e-01 6.554740071296691895e-01 3.235091932474380705e-02 -7.667292647383811520e-03 9.356667163399685627e-01 -3.513152808744361422e-01
1.520621249138964415e+09 -6.356508284807205200e-02 2.968564033508300781e-01 6.592731475830078125e-01 3.394203953497100523e-02 -8.330920583277889868e-03 9.291971183240133048e-01 -3.679283204821170439e-01
1.520621249188965321e+09 -6.236752867698669434e-02 2.909473776817321777e-01 6.643525362014770508e-01 3.609864346034549060e-02 -3.375075228542035941e-03 9.301328484609409086e-01 -3.654290369161444230e-01
1.520621249239031076e+09 -5.718659982085227966e-02 2.885423898696899414e-01 6.678126454353332520e-01 3.557272773180775866e-02 3.563625510320823746e-03 9.392175670355952244e-01 -3.414560636255831727e-01
1.520621249289032936e+09 -4.733678698539733887e-02 2.883696854114532471e-01 6.677279472351074219e-01 3.323628702829387049e-02 1.009766462720197190e-02 9.527796957890223295e-01 -3.016690863940609812e-01
1.520621249339034319e+09 -3.303207457065582275e-02 2.892926931381225586e-01 6.672828197479248047e-01 3.160451595216397930e-02 1.581808673390952200e-02 9.675015409464718941e-01 -2.503831283647324768e-01
1.520621249389034986e+09 -1.346301566809415817e-02 2.897485494613647461e-01 6.661082506179809570e-01 2.867578710811197196e-02 1.878789064467603978e-02 9.806564435645035438e-01 -1.927113232123989772e-01
1.520621249439037085e+09 8.552323095500469208e-03 2.879351675510406494e-01 6.632107496261596680e-01 2.176556572919833427e-02 2.022844587480563880e-02 9.904641957985602652e-01 -1.345278668792805055e-01
1.520621249489038229e+09 3.324188292026519775e-02 2.838192284107208252e-01 6.616024971008300781e-01 9.482094397993658802e-03 2.059376291378206200e-02 9.969218913502843060e-01 -7.505151138684995615e-02
1.520621249539040089e+09 5.962976440787315369e-02 2.781247198581695557e-01 6.588150262832641602e-01 -3.100182062021961723e-03 1.820423208723736738e-02 9.996702942785380408e-01 -1.784089522298996922e-02
1.520621249589041948e+09 8.674713969230651855e-02 2.684071958065032959e-01 6.578305363655090332e-01 -1.174411064799649879e-02 1.468537164428523022e-02 9.992692898947949098e-01 3.327614758215110408e-02
1.520621249639064074e+09 1.149213165044784546e-01 2.580840587615966797e-01 6.582993268966674805e-01 -2.253056041508152973e-02 1.113695326448990892e-02 9.960723945814710101e-01 8.490068828991513550e-02
1.520621249689066410e+09 1.435165107250213623e-01 2.464810460805892944e-01 6.579390168190002441e-01 -3.374051841664373746e-02 5.165733651866210793e-03 9.901649844401121392e-01 1.356768078985003401e-01
1.520621249739067316e+09 1.720189452171325684e-01 2.341175228357315063e-01 6.572571396827697754e-01 -4.359435374080092296e-02 -4.637749093021378832e-03 9.819535559160169624e-01 1.839707521025060188e-01
1.520621249789069176e+09 1.995267271995544434e-01 2.206183969974517822e-01 6.568189859390258789e-01 -5.218587835665981778e-02 -1.723811658966453719e-02 9.718925892241371267e-01 2.289198035290687105e-01
1.520621249839070320e+09 2.255712300539016724e-01 2.060213834047317505e-01 6.557557582855224609e-01 -5.954750452821400142e-02 -3.083752377882840318e-02 9.605976657772544725e-01 2.697318415295872907e-01
1.520621249889072180e+09 2.502607405185699463e-01 1.918717473745346069e-01 6.538460850715637207e-01 -6.428936056163998825e-02 -4.250685825896127756e-02 9.492506880958699877e-01 3.049314287984192795e-01
1.520621249939073324e+09 2.748276591300964355e-01 1.785874068737030029e-01 6.511222720146179199e-01 -6.859539649468632261e-02 -4.721645635869028967e-02 9.398343412682823583e-01 3.313256537026352255e-01
1.520621249989075184e+09 2.982833683490753174e-01 1.686555445194244385e-01 6.473709940910339355e-01 -7.048166679542516855e-02 -4.273663543852299768e-02 9.359675826825332168e-01 3.423019117746043394e-01
1.520621250039099693e+09 3.197030425071716309e-01 1.613055318593978882e-01 6.443454623222351074e-01 -7.037974663078916393e-02 -3.189331188440595877e-02 9.389253546620914825e-01 3.353336939436530884e-01
1.520621250089076757e+09 3.377621471881866455e-01 1.564240455627441406e-01 6.419823169708251953e-01 -6.772430894547398772e-02 -2.081939549891501443e-02 9.476376643728837701e-01 3.113885479763558450e-01
1.520621250139078856e+09 3.526650965213775635e-01 1.540686637163162231e-01 6.399605870246887207e-01 -6.380704331725606249e-02 -1.528216788597129734e-02 9.593581463759024430e-01 2.744577627796438990e-01
1.520621250189080000e+09 3.642700910568237305e-01 1.535062491893768311e-01 6.394905447959899902e-01 -6.000999417395961461e-02 -1.496380768049009914e-02 9.710301840918281746e-01 2.308143553627739486e-01
1.520621250239081860e+09 3.729974329471588135e-01 1.536761820316314697e-01 6.390727758407592773e-01 -5.437080225018791485e-02 -1.585963378751454808e-02 9.812396828702014684e-01 1.842850309699176070e-01
1.520621250289082766e+09 3.793338835239410400e-01 1.548120677471160889e-01 6.386494636535644531e-01 -4.495756061898841666e-02 -1.509855598215215956e-02 9.894789467467707267e-01 1.366830834278513207e-01
1.520621250339084864e+09 3.822523951530456543e-01 1.552516818046569824e-01 6.367280483245849609e-01 -3.401636131544336777e-02 -1.228087695489692328e-02 9.953097709790946768e-01 8.972472913092545410e-02
1.520621250389085770e+09 3.849805891513824463e-01 1.558004021644592285e-01 6.349713802337646484e-01 -2.412119764495653310e-02 -7.683232651018066621e-03 9.989429407972020281e-01 3.836843483439261737e-02
1.520621250439087629e+09 3.861176371574401855e-01 1.561185270547866821e-01 6.322988867759704590e-01 -1.691967178147874354e-02 -3.033938690781407682e-03 9.997139751000163610e-01 -1.662792568395736470e-02
1.520621250489121199e+09 3.856175541877746582e-01 1.557609885931015015e-01 6.283383369445800781e-01 -1.141758257902251127e-02 -2.170600918463594636e-03 9.971669866846083474e-01 -7.431640442084189169e-02
1.520621250539122105e+09 3.831689953804016113e-01 1.541100740432739258e-01 6.234065890312194824e-01 -4.129332099730616441e-03 -6.478350462507258094e-03 9.911218540292401347e-01 -1.327345096700044413e-01
1.520621250589124203e+09 3.793378174304962158e-01 1.527240276336669922e-01 6.195593476295471191e-01 1.967475505541117862e-03 -1.304549157656751529e-02 9.822377506705686212e-01 -1.871762414070828884e-01
1.520621250639126062e+09 3.738608062267303467e-01 1.511640399694442749e-01 6.158723831176757812e-01 1.052251241314140252e-02 -1.751209558302111932e-02 9.718652085066660229e-01 -2.346499941084610186e-01
1.520621250689126968e+09 3.682588040828704834e-01 1.496001034975051880e-01 6.158036589622497559e-01 1.813688312267621242e-02 -1.998412791857090420e-02 9.623859507834336968e-01 -2.703423197292557090e-01
1.520621250739129066e+09 3.609827458858489990e-01 1.497360765933990479e-01 6.136982440948486328e-01 2.524197629485166669e-02 -1.864054589995499389e-02 9.564719083042348968e-01 -2.901324892288641433e-01
1.520621250789129972e+09 3.529337644577026367e-01 1.517923176288604736e-01 6.119021177291870117e-01 2.822674765525374010e-02 -1.432288879343267783e-02 9.554434230698579666e-01 -2.934722659570576653e-01
1.520621250839132071e+09 3.449172675609588623e-01 1.558190733194351196e-01 6.109107732772827148e-01 2.798657098714510058e-02 -9.846203232831978944e-03 9.586295373104147810e-01 -2.831063657396267197e-01
1.520621250889163017e+09 3.377912044525146484e-01 1.619461029767990112e-01 6.104782819747924805e-01 2.183983799032588463e-02 -8.143150066923144151e-03 9.660215759477490671e-01 -2.574082853891291878e-01
1.520621250939167976e+09 3.312446475028991699e-01 1.694508939981460571e-01 6.099639534950256348e-01 1.344719627742557710e-02 -7.217628444971220698e-03 9.749926964281667718e-01 -2.217122474371660823e-01
1.520621250989165068e+09 3.247233629226684570e-01 1.764902025461196899e-01 6.106598377227783203e-01 5.517642316402813357e-03 -5.998918609441295825e-03 9.836319394424665186e-01 -1.800049341196992836e-01
1.520621251039167166e+09 3.191235959529876709e-01 1.828097254037857056e-01 6.117293238639831543e-01 -3.444068198104292301e-03 -2.506486017520724932e-03 9.913907161932791201e-01 -1.308675046291783994e-01
1.520621251089169264e+09 3.146058022975921631e-01 1.874070614576339722e-01 6.106199622154235840e-01 -9.269533130725343684e-03 3.084884308389793713e-03 9.965901977565329029e-01 -8.193007372105028108e-02
1.520621251139170170e+09 3.096896111965179443e-01 1.901516467332839966e-01 6.093205809593200684e-01 -9.135559529751827168e-03 1.094696132875666930e-02 9.991530712777637602e-01 -3.859851999697794939e-02
1.520621251189171076e+09 3.024465441703796387e-01 1.913124620914459229e-01 6.086394190788269043e-01 -2.727435446612531088e-03 1.820793040692448780e-02 9.998295684274314254e-01 -1.366186077173762526e-03
1.520621251239173174e+09 2.936753630638122559e-01 1.919945627450942993e-01 6.087038516998291016e-01 6.226091865283827666e-03 2.237104163577494087e-02 9.991277657506296705e-01 3.470561888759016167e-02
1.520621251289178133e+09 2.843818962574005127e-01 1.930657923221588135e-01 6.093783378601074219e-01 1.583100681231365200e-02 2.208841795283962572e-02 9.970082717137338513e-01 7.236012126885020546e-02
1.520621251339155197e+09 2.735324203968048096e-01 1.950690895318984985e-01 6.093456149101257324e-01 2.702411135753517157e-02 1.584513223865785872e-02 9.939165835106922309e-01 1.055862406382020308e-01
1.520621251389157295e+09 2.625173032283782959e-01 1.983660608530044556e-01 6.111512780189514160e-01 3.569529171816987478e-02 6.050179655280409075e-03 9.910921360739084474e-01 1.281624722286167917e-01
1.520621251439158201e+09 2.502239644527435303e-01 2.018940597772598267e-01 6.119673252105712891e-01 3.903126328052328176e-02 -5.114214706647996368e-04 9.896898229000998803e-01 1.378054911198199339e-01
1.520621251489160299e+09 2.368039488792419434e-01 2.056182473897933960e-01 6.133388876914978027e-01 3.636994844665523280e-02 -6.804126685010573839e-04 9.899016310466882684e-01 1.370092140685963411e-01
1.520621251539161205e+09 2.222310155630111694e-01 2.100727111101150513e-01 6.160070300102233887e-01 2.416631469732451881e-02 4.911742881563123907e-03 9.915906336935134124e-01 1.270428242251877560e-01
1.520621251589163065e+09 2.070226520299911499e-01 2.143432199954986572e-01 6.193260550498962402e-01 4.376583013740880149e-04 1.314010074966115091e-02 9.933953106721765680e-01 1.139864156030427206e-01
1.520621251639164209e+09 1.915855705738067627e-01 2.189994305372238159e-01 6.239724755287170410e-01 -3.469462505070938091e-02 2.078797928303416712e-02 9.938430844599754899e-01 1.031506974334205351e-01
1.520621251689147711e+09 1.766052693128585815e-01 2.234230488538742065e-01 6.281065344810485840e-01 -7.638685212275132808e-02 2.579800160619767635e-02 9.922505962511841693e-01 9.454240411092237895e-02
1.520621251739149809e+09 1.620655953884124756e-01 2.268353700637817383e-01 6.315122842788696289e-01 -1.195965018673185581e-01 2.658421506039531854e-02 9.888450353888328381e-01 8.470804116246186122e-02
1.520621251789150715e+09 1.475838422775268555e-01 2.294590324163436890e-01 6.337829828262329102e-01 -1.597770832034941801e-01 2.416435713309397770e-02 9.842083634390742519e-01 7.225832037839648170e-02
1.520621251839152813e+09 1.335725486278533936e-01 2.312975525856018066e-01 6.357432007789611816e-01 -1.963830904080102469e-01 2.069253892914019871e-02 9.786728552760806110e-01 5.661221582157742460e-02
1.520621251889153957e+09 1.204470694065093994e-01 2.318198531866073608e-01 6.368383169174194336e-01 -2.271451441517511882e-01 2.002028376567873552e-02 9.727970056106163277e-01 4.086878516961796326e-02
1.520621251939155817e+09 1.093335077166557312e-01 2.313404232263565063e-01 6.369887590408325195e-01 -2.531936050895634560e-01 2.376521640738804217e-02 9.667172578316024500e-01 2.803491111823318976e-02
1.520621251989156961e+09 9.959669411182403564e-02 2.300296127796173096e-01 6.358198523521423340e-01 -2.719440446050560567e-01 3.216039372632587684e-02 9.616459558024931242e-01 1.578611313530729754e-02
1.520621252039158821e+09 9.274300187826156616e-02 2.279097884893417358e-01 6.337684392929077148e-01 -2.855672774260942792e-01 4.269213509193268280e-02 9.573675782105582899e-01 8.719624762037964452e-03
1.520621252089162111e+09 8.805382251739501953e-02 2.254289835691452026e-01 6.319866776466369629e-01 -2.943424576818651772e-01 5.196977769270967606e-02 9.542760830640100167e-01 4.337868644892373809e-03
1.520621252139163256e+09 8.484297990798950195e-02 2.222383916378021240e-01 6.291208267211914062e-01 -2.972923259092352666e-01 5.835227374048944371e-02 9.529976376607062205e-01 2.790648294802640372e-03
1.520621252189165115e+09 8.269993215799331665e-02 2.193156778812408447e-01 6.257036924362182617e-01 -2.909634037015226826e-01 6.138133469202133874e-02 9.547596323472195001e-01 2.583388869895482734e-03
1.520621252239166260e+09 8.041816949844360352e-02 2.172984331846237183e-01 6.219623684883117676e-01 -2.683785829174893389e-01 5.950768232980550854e-02 9.614686870664775897e-01 3.120218838378606245e-03
1.520621252289168119e+09 7.834953814744949341e-02 2.164387553930282593e-01 6.189305186271667480e-01 -2.337582267624899457e-01 5.157945693645647062e-02 9.709248572918125486e-01 1.254007922651971876e-03
1.520621252339170218e+09 7.774564623832702637e-02 2.166991829872131348e-01 6.173058748245239258e-01 -1.917727476016277133e-01 3.885012564294133830e-02 9.806623043945328355e-01 3.914812186396765363e-03
1.520621252389172077e+09 7.815658301115036011e-02 2.176841497421264648e-01 6.150795221328735352e-01 -1.421564246529999076e-01 2.703417512914942089e-02 9.894150074512930715e-01 1.089253575252496775e-02
1.520621252439173222e+09 7.861375808715820312e-02 2.186111509799957275e-01 6.119450926780700684e-01 -8.774354431995218251e-02 1.936354350889954792e-02 9.958042392646119234e-01 1.732168223871270729e-02
1.520621252489175081e+09 8.021105080842971802e-02 2.199739366769790649e-01 6.082424521446228027e-01 -3.103721078264930211e-02 1.681154373138341040e-02 9.990685973643060880e-01 2.481937357628345719e-02
1.520621252539245844e+09 8.217316120862960815e-02 2.210200130939483643e-01 6.040949821472167969e-01 2.586692605603170547e-02 1.686591863425334487e-02 9.990065228977937917e-01 3.213113961088529674e-02
1.520621252589246750e+09 8.446036279201507568e-02 2.221627682447433472e-01 6.001283526420593262e-01 8.121629622761583622e-02 1.718540451244602793e-02 9.956890718015942721e-01 4.137447756396830240e-02
1.520621252639251709e+09 8.774624019861221313e-02 2.231034040451049805e-01 5.959877371788024902e-01 1.368067134885223857e-01 1.646157936181220915e-02 9.892223617206956643e-01 4.951826553013718296e-02
1.520621252689250946e+09 9.169199317693710327e-02 2.239500135183334351e-01 5.930507779121398926e-01 1.898279368714843318e-01 1.243191972428828868e-02 9.801791886025016387e-01 5.531328941245290676e-02
1.520621252739251852e+09 9.411969035863876343e-02 2.252389043569564819e-01 5.925810933113098145e-01 2.324515519921763196e-01 5.386737033442081518e-03 9.704684359591128073e-01 6.425164470762158297e-02
1.520621252789252758e+09 9.602724760770797729e-02 2.251884043216705322e-01 5.949667096138000488e-01 2.648309966946628125e-01 -4.037948641022209677e-03 9.614688397120683128e-01 7.366076583373928899e-02
1.520621252839254856e+09 9.870155155658721924e-02 2.247172296047210693e-01 5.959119796752929688e-01 2.884629289584058065e-01 -1.463886962127833140e-02 9.539079404240655702e-01 8.145233765133130799e-02
1.520621252889256716e+09 1.026281565427780151e-01 2.235824614763259888e-01 5.980888605117797852e-01 3.035243536166080669e-01 -2.405528927554614546e-02 9.484689164726225474e-01 8.775548019775926412e-02
1.520621252939222097e+09 1.057255864143371582e-01 2.225365489721298218e-01 5.997053980827331543e-01 3.105639941894854372e-01 -2.981548591753075891e-02 9.455192759163187910e-01 9.302871160698225617e-02
1.520621252989167929e+09 1.093904972076416016e-01 2.227511405944824219e-01 6.011035442352294922e-01 3.094742913762934533e-01 -3.277107348921163427e-02 9.454315960650092610e-01 9.649257422970379527e-02
1.520621253039169073e+09 1.119138896465301514e-01 2.232781350612640381e-01 6.022363901138305664e-01 2.943140814224550761e-01 -3.494758471904598623e-02 9.499280886918001210e-01 9.896723757438669056e-02
1.520621253089170933e+09 1.140882447361946106e-01 2.250883281230926514e-01 6.042498946189880371e-01 2.643112538816862478e-01 -3.620084745715985292e-02 9.584122294969275035e-01 1.013659610796611293e-01
1.520621253139172077e+09 1.168487146496772766e-01 2.280883789062500000e-01 6.066486239433288574e-01 2.238323544597670689e-01 -3.447729872528169925e-02 9.682247016197905731e-01 1.060722402086068800e-01
1.520621253189174175e+09 1.189708262681961060e-01 2.309920042753219604e-01 6.075035333633422852e-01 1.760613554344601928e-01 -3.257845965207965128e-02 9.777630201369300611e-01 1.091811318039329626e-01
1.520621253239175081e+09 1.207210943102836609e-01 2.344053834676742554e-01 6.074293255805969238e-01 1.254179320336541725e-01 -3.059349933775771732e-02 9.855704241990538295e-01 1.094774820078057154e-01
1.520621253289177179e+09 1.218523755669593811e-01 2.377420216798782349e-01 6.066377162933349609e-01 7.592143106121120033e-02 -2.645348008175444493e-02 9.909530266017892997e-01 1.074627785139379010e-01
1.520621253339153767e+09 1.218238025903701782e-01 2.408544719219207764e-01 6.057510375976562500e-01 3.297882400027752486e-02 -1.766311309221402920e-02 9.941034529981334078e-01 1.017778774618449261e-01
1.520621253389154673e+09 1.213129311800003052e-01 2.445199936628341675e-01 6.050245761871337891e-01 -1.093057098522173982e-02 -3.429431475218606799e-03 9.955308377742918546e-01 9.373960026643059218e-02
1.520621253439156532e+09 1.215471029281616211e-01 2.476761639118194580e-01 6.035448312759399414e-01 -5.270794578276600389e-02 1.234427513096534104e-02 9.948989369957930151e-01 8.512106958616730279e-02
1.520621253489157677e+09 1.212616264820098877e-01 2.497467547655105591e-01 6.030047535896301270e-01 -9.246041404403791686e-02 2.715861546055187148e-02 9.925393820630655783e-01 7.469308197509844094e-02
1.520621253539159536e+09 1.210901960730552673e-01 2.517087757587432861e-01 6.034137010574340820e-01 -1.360963151784681524e-01 4.009017328493744148e-02 9.876829015251642474e-01 6.597770104860981033e-02
1.520621253589160681e+09 1.207027062773704529e-01 2.542454004287719727e-01 6.049855947494506836e-01 -1.795956547624873445e-01 4.821579278982751626e-02 9.808134520331585060e-01 5.852871455004626106e-02
1.520621253639162779e+09 1.203619688749313354e-01 2.568831443786621094e-01 6.077508330345153809e-01 -2.209187044555102342e-01 5.055568094409631369e-02 9.725767565830919503e-01 5.228290064916807367e-02
1.520621253689164639e+09 1.195870339870452881e-01 2.588406801223754883e-01 6.108120083808898926e-01 -2.574089310479558690e-01 4.999541186246630325e-02 9.639560588187705559e-01 4.505349793338878084e-02
1.520621253739192724e+09 1.179723739624023438e-01 2.604478895664215088e-01 6.131841540336608887e-01 -2.822238047444400322e-01 4.898227102041166625e-02 9.573170001959896425e-01 3.866034527790389308e-02
1.520621253789194584e+09 1.156224533915519714e-01 2.610352337360382080e-01 6.137204170227050781e-01 -2.888134907107856031e-01 4.873124326376959692e-02 9.556130406688615464e-01 3.187083332815674602e-02
1.520621253839195490e+09 1.130906641483306885e-01 2.608841657638549805e-01 6.122118234634399414e-01 -2.779476529617511682e-01 4.784465386680834126e-02 9.589652029252250243e-01 2.901259878055090918e-02
1.520621253889197588e+09 1.094657704234123230e-01 2.601914703845977783e-01 6.101805567741394043e-01 -2.523038790222766892e-01 4.753143537971729615e-02 9.660567446871407560e-01 2.859862453931417622e-02
1.520621253939198494e+09 1.052439138293266296e-01 2.598413825035095215e-01 6.081784367561340332e-01 -2.207121076191143894e-01 4.568315239802078764e-02 9.739336844747633615e-01 2.554199253621007581e-02
1.520621253989201546e+09 1.012568175792694092e-01 2.605499029159545898e-01 6.057317256927490234e-01 -1.835884509987933122e-01 4.139573294620935151e-02 9.818591585440475944e-01 2.311421071299490579e-02
1.520621254039202690e+09 9.644790738821029663e-02 2.618358135223388672e-01 6.024655103683471680e-01 -1.318856555849984014e-01 3.875401035233763669e-02 9.902857009680446909e-01 2.094113155382886296e-02
1.520621254089204550e+09 9.124246984720230103e-02 2.625269591808319092e-01 5.988833308219909668e-01 -7.028366986719984666e-02 3.752494026034594587e-02 9.967038683429668700e-01 1.528016487547940484e-02
1.520621254139276981e+09 8.661651611328125000e-02 2.628264427185058594e-01 5.955119132995605469e-01 -9.106072959958806667e-03 3.379907993042337300e-02 9.993125172362450348e-01 1.221452111481143021e-02
1.520621254189278841e+09 8.322893083095550537e-02 2.628199756145477295e-01 5.910660624504089355e-01 4.909315207397121905e-02 2.625356547543798713e-02 9.984007818836931891e-01 9.823006326931581211e-03
1.520621254239279985e+09 8.099082112312316895e-02 2.621466219425201416e-01 5.907229185104370117e-01 9.805377731479392178e-02 1.633243847996132189e-02 9.949278992515546705e-01 1.540076291901047029e-02
1.520621254289281845e+09 7.983370870351791382e-02 2.600621581077575684e-01 5.921115875244140625e-01 1.325708532922733884e-01 4.626421858422125402e-03 9.906996376342763755e-01 3.029509975986161008e-02
1.520621254339282751e+09 7.976509630680084229e-02 2.568371593952178955e-01 5.952267646789550781e-01 1.445795309157561770e-01 -6.140900657530014295e-03 9.879021897315944933e-01 5.575223854532665446e-02
1.520621254389288902e+09 7.943031936883926392e-02 2.521506845951080322e-01 5.977858304977416992e-01 1.365018135531393673e-01 -1.223093223387928738e-02 9.868856878286410561e-01 8.528949731581297877e-02
1.520621254439285755e+09 7.942323386669158936e-02 2.466154396533966064e-01 6.004574894905090332e-01 1.203826048342166721e-01 -1.474631830803074806e-02 9.870499196282521703e-01 1.049906220171500926e-01
1.520621254489287853e+09 7.840751856565475464e-02 2.416388988494873047e-01 6.056302189826965332e-01 9.959900314311578851e-02 -1.832879930698604401e-02 9.884061605640666048e-01 1.131253970064298037e-01
1.520621254539202213e+09 7.715631276369094849e-02 2.385881245136260986e-01 6.141111254692077637e-01 6.911744015862812673e-02 -2.516296260875450566e-02 9.907671577724153078e-01 1.138861003733055433e-01
1.520621254589293242e+09 7.496973127126693726e-02 2.374370694160461426e-01 6.227161288261413574e-01 3.021169187837981912e-02 -3.604414591406512186e-02 9.930184221377958975e-01 1.081780315689545996e-01
1.520621254639204979e+09 7.026115059852600098e-02 2.375741750001907349e-01 6.324177384376525879e-01 -1.427179340094805217e-02 -4.824077115952817713e-02 9.942554545646231645e-01 9.447346177392534905e-02
1.520621254689207077e+09 6.253541260957717896e-02 2.380708903074264526e-01 6.424438357353210449e-01 -6.122336900806758103e-02 -5.785979715626814873e-02 9.938730575210850127e-01 7.155619116490041787e-02
1.520621254739207983e+09 5.228346586227416992e-02 2.377776801586151123e-01 6.516512036323547363e-01 -1.050788241418449537e-01 -6.032314167449479014e-02 9.919143941360747396e-01 3.775439048839046574e-02
1.520621254789209843e+09 3.834191337227821350e-02 2.367583960294723511e-01 6.574262380599975586e-01 -1.469663208205981009e-01 -5.611392390109126022e-02 9.875452354782366937e-01 -2.556554930751816709e-03
1.520621254839210987e+09 2.183309569954872131e-02 2.346098870038986206e-01 6.600735783576965332e-01 -1.824499958776059638e-01 -4.844315334289456959e-02 9.808625546957301378e-01 -4.768551870562037082e-02
1.520621254889213085e+09 5.717485211789608002e-03 2.315160483121871948e-01 6.618891358375549316e-01 -2.055130495055696727e-01 -3.830332484210543370e-02 9.727005457453801185e-01 -1.007516257715026092e-01
1.520621254939214945e+09 -1.263151131570339203e-02 2.279547899961471558e-01 6.605574488639831543e-01 -2.118141394896582985e-01 -2.407645854144980016e-02 9.639787267984397667e-01 -1.590600790154984845e-01
1.520621254989156961e+09 -3.153752535581588745e-02 2.247718423604965210e-01 6.563568711280822754e-01 -2.034922413863940460e-01 -3.903575697731498286e-03 9.553703668705054719e-01 -2.141100929382576956e-01
1.520621255039159060e+09 -5.093409866094589233e-02 2.229228019714355469e-01 6.494502425193786621e-01 -1.822291440771927340e-01 1.969303352288366213e-02 9.473117471209403506e-01 -2.626883652662062030e-01
1.520621255089159966e+09 -7.312563806772232056e-02 2.229304462671279907e-01 6.405902504920959473e-01 -1.434714386854172019e-01 4.474553125018532196e-02 9.415598390560480091e-01 -3.014611968254359842e-01
1.520621255139162064e+09 -9.527254104614257812e-02 2.241687774658203125e-01 6.308500766754150391e-01 -9.302756967519380804e-02 6.227818898035607925e-02 9.378917249679271650e-01 -3.283693205741671783e-01
1.520621255189163208e+09 -1.148336827754974365e-01 2.279205471277236938e-01 6.220748424530029297e-01 -3.482594243420931990e-02 6.727019508866284581e-02 9.387466048319763612e-01 -3.361795450391649176e-01
1.520621255239165068e+09 -1.313821524381637573e-01 2.327212244272232056e-01 6.148731112480163574e-01 2.306226734245528029e-02 6.041164080182112595e-02 9.440351344105766263e-01 -3.234443236154583845e-01
1.520621255289166927e+09 -1.441726386547088623e-01 2.398109436035156250e-01 6.084102392196655273e-01 7.535543265562297255e-02 4.599947093215554783e-02 9.513382877344825905e-01 -2.952305365873735821e-01
1.520621255339168072e+09 -1.527307927608489990e-01 2.483373135328292847e-01 6.022496819496154785e-01 1.193189429536429536e-01 3.319184736613631920e-02 9.590007321802125340e-01 -2.549095659222397892e-01
1.520621255389440775e+09 -1.567589044570922852e-01 2.580640316009521484e-01 5.970134139060974121e-01 1.510691014176274716e-01 2.858831858153833283e-02 9.662174374369509877e-01 -2.068446234020183128e-01
1.520621255439441681e+09 -1.547012478113174438e-01 2.701656818389892578e-01 5.916838645935058594e-01 1.678706099256624673e-01 3.508718662855977305e-02 9.734884440963930130e-01 -1.513558616917838051e-01
1.520621255489443779e+09 -1.478825807571411133e-01 2.821712791919708252e-01 5.835661292076110840e-01 1.750466321043008255e-01 4.584616649823022860e-02 9.789340185683801376e-01 -9.457797257247976819e-02
1.520621255539445877e+09 -1.371955722570419312e-01 2.930885553359985352e-01 5.770232677459716797e-01 1.742849346778906072e-01 5.317257625408656346e-02 9.825965500053601698e-01 -3.607573417673455574e-02
1.520621255589447737e+09 -1.227244585752487183e-01 3.035502731800079346e-01 5.715147256851196289e-01 1.617430544305489271e-01 5.186093427902331576e-02 9.852293405490817335e-01 2.174337509231064058e-02
1.520621255639448643e+09 -1.051840856671333313e-01 3.141513466835021973e-01 5.689626336097717285e-01 1.372386812587437777e-01 4.191923512248166978e-02 9.865430589347715662e-01 7.836526629018092382e-02
1.520621255689449787e+09 -8.645369857549667358e-02 3.244019746780395508e-01 5.697383284568786621e-01 1.038152306670023645e-01 2.642986249321579995e-02 9.855744408605634499e-01 1.310224475902289631e-01
1.520621255739451647e+09 -6.799882650375366211e-02 3.346981406211853027e-01 5.738827586174011230e-01 6.344034859727276654e-02 7.787388714130438067e-03 9.821749293794427293e-01 1.767684554589936397e-01
1.520621255789279222e+09 -5.136211216449737549e-02 3.449911773204803467e-01 5.805988311767578125e-01 1.721392459573669112e-02 -1.123840288482369498e-02 9.762482601992744646e-01 2.156773366826020277e-01
1.520621255839281559e+09 -3.689607977867126465e-02 3.561236262321472168e-01 5.897288322448730469e-01 -3.115987036077707065e-02 -2.883773686652019858e-02 9.687420157387671704e-01 2.444102173680699763e-01
1.520621255889282465e+09 -2.542335540056228638e-02 3.686260282993316650e-01 6.017729640007019043e-01 -7.715500615630344061e-02 -4.065784294224938228e-02 9.614552512083969216e-01 2.607639636838315345e-01
1.520621255939284325e+09 -1.681570336222648621e-02 3.817244172096252441e-01 6.152541041374206543e-01 -1.189857717320875335e-01 -4.597173327843277063e-02 9.568590486468169232e-01 2.610550648568314980e-01
1.520621255989285469e+09 -1.256860326975584030e-02 3.952303826808929443e-01 6.286919713020324707e-01 -1.594890148179922140e-01 -4.526507314845310687e-02 9.547205214943168539e-01 2.470284460196255361e-01
1.520621256039288521e+09 -1.327249594032764435e-02 4.083170294761657715e-01 6.409808397293090820e-01 -1.940959735826331689e-01 -4.030818646260624777e-02 9.555861432058910809e-01 2.180759639575064190e-01
1.520621256089289427e+09 -1.803002133965492249e-02 4.208210706710815430e-01 6.516673564910888672e-01 -2.224679495115025329e-01 -3.088138494324506669e-02 9.580871653371105801e-01 1.778295113878316236e-01
1.520621256139290571e+09 -2.635346539318561554e-02 4.329272806644439697e-01 6.600203514099121094e-01 -2.410646120152412364e-01 -1.687959132180444008e-02 9.618118563183370995e-01 1.285335959048242160e-01
1.520621256189174414e+09 -3.846732899546623230e-02 4.433282017707824707e-01 6.652485132217407227e-01 -2.479146587877042451e-01 -1.419113842777826534e-03 9.659479926272799277e-01 7.403231465654508403e-02
1.520621256239175320e+09 -5.402592942118644714e-02 4.525218307971954346e-01 6.678466796875000000e-01 -2.463201128252216487e-01 1.073422186688371797e-02 9.689567060975332602e-01 1.827786112490468323e-02
1.520621256289177418e+09 -7.145044207572937012e-02 4.604097902774810791e-01 6.696579456329345703e-01 -2.380036043990098604e-01 1.683898591961685565e-02 9.703482097305223819e-01 -3.866632538849398837e-02
1.520621256339178324e+09 -9.211722761392593384e-02 4.686642289161682129e-01 6.712527275085449219e-01 -2.183274188470019639e-01 1.648945069194319643e-02 9.708878966402380017e-01 -9.714900078219222690e-02
1.520621256389180183e+09 -1.136978939175605774e-01 4.772189557552337646e-01 6.725582480430603027e-01 -1.896789568567845141e-01 1.056111826901014010e-02 9.693927246551357069e-01 -1.555252439069688408e-01
1.520621256439181328e+09 -1.360309273004531860e-01 4.846860170364379883e-01 6.734157204627990723e-01 -1.553130103333144885e-01 9.565243094646310503e-04 9.657016703391576584e-01 -2.080798831857850473e-01
1.520621256489183426e+09 -1.589594930410385132e-01 4.921796619892120361e-01 6.735654473304748535e-01 -1.148855143276852619e-01 -1.068078427265608393e-02 9.615887820666169095e-01 -2.490667654437751233e-01
1.520621256539185286e+09 -1.821240484714508057e-01 4.996204078197479248e-01 6.724216341972351074e-01 -6.750771349919329478e-02 -2.228316274542460271e-02 9.578837676581064553e-01 -2.782172836710233299e-01
1.520621256589282513e+09 -2.054704129695892334e-01 5.073817968368530273e-01 6.700320839881896973e-01 -1.464495313475845314e-02 -2.910393233088787862e-02 9.547023585779106369e-01 -2.957733811490382836e-01
1.520621256639284611e+09 -2.276069670915603638e-01 5.142707228660583496e-01 6.646115779876708984e-01 4.167869163498783697e-02 -2.981267388895912293e-02 9.521667612220132693e-01 -3.012516389385581084e-01
1.520621256689285517e+09 -2.489733844995498657e-01 5.218359827995300293e-01 6.590967178344726562e-01 9.233049629735851083e-02 -2.402253898841389193e-02 9.528178140658514206e-01 -2.881600428109462042e-01
1.520621256739287376e+09 -2.683310508728027344e-01 5.287466049194335938e-01 6.508128643035888672e-01 1.325121907057759119e-01 -1.320526035257776724e-02 9.563723951672021828e-01 -2.600345788073681330e-01
1.520621256789288521e+09 -2.848280668258666992e-01 5.348772406578063965e-01 6.406226158142089844e-01 1.608160004778642072e-01 6.977745218877816520e-04 9.621667064092382926e-01 -2.199385281814418003e-01
1.520621256839290380e+09 -2.987868189811706543e-01 5.406613945960998535e-01 6.309228539466857910e-01 1.793433156360716985e-01 1.561408662741380418e-02 9.690219694432692377e-01 -1.690816316804974462e-01
1.520621256889292479e+09 -3.087923526763916016e-01 5.457319021224975586e-01 6.192920804023742676e-01 1.893193630458135657e-01 2.819918146318866475e-02 9.753555185042921405e-01 -1.097478813643208706e-01
1.520621256939293623e+09 -3.147627413272857666e-01 5.486990213394165039e-01 6.085691452026367188e-01 1.900190399949254760e-01 3.429252630764754312e-02 9.801494411870780299e-01 -4.498733176689827945e-02
1.520621256989232540e+09 -3.175466060638427734e-01 5.484341382980346680e-01 5.993145108222961426e-01 1.835011424575806460e-01 3.063919199406594032e-02 9.823371736275180455e-01 2.005611976961201373e-02
1.520621257039233446e+09 -3.178178369998931885e-01 5.465646982192993164e-01 5.923446416854858398e-01 1.667681863819106547e-01 2.126035193032801973e-02 9.825062943484931255e-01 8.011086700491508450e-02
1.520621257089235544e+09 -3.169845044612884521e-01 5.430883765220642090e-01 5.883511900901794434e-01 1.445557113698504037e-01 1.061450177839404901e-02 9.806416796911480160e-01 1.316543759807348724e-01
1.520621257139237404e+09 -3.164848685264587402e-01 5.384879708290100098e-01 5.874203443527221680e-01 1.180868004555167272e-01 2.467142970807984642e-03 9.765146990060199483e-01 1.801900757226174710e-01
1.520621257189239502e+09 -3.170604705810546875e-01 5.339543223381042480e-01 5.891311764717102051e-01 8.709837064963739384e-02 -1.790415210881500258e-03 9.704469791936815026e-01 2.250407270193759690e-01
1.520621257239240646e+09 -3.175733089447021484e-01 5.275037288665771484e-01 5.921235084533691406e-01 5.002424167307732011e-02 -2.773199721819234655e-03 9.623422711951823416e-01 2.671839023579725692e-01
1.520621257289242506e+09 -3.182105422019958496e-01 5.202257633209228516e-01 5.962567925453186035e-01 9.542438294835699567e-03 -4.526478748288688403e-03 9.530574772488213942e-01 3.026051848888957618e-01
1.520621257339243412e+09 -3.198423981666564941e-01 5.128639936447143555e-01 6.019738912582397461e-01 -3.573320348772820315e-02 -5.127256148929096660e-03 9.436002149964638486e-01 3.291131776023488165e-01
1.520621257389245510e+09 -3.218328356742858887e-01 5.052618980407714844e-01 6.084724664688110352e-01 -8.352472203224370340e-02 -7.762420173742569937e-04 9.349299784106775979e-01 3.448607744101622741e-01
1.520621257439370394e+09 -3.248224854469299316e-01 4.984309077262878418e-01 6.149628758430480957e-01 -1.276738444879111090e-01 9.194315052840653507e-03 9.297384853432762997e-01 3.452552720466063318e-01
1.520621257489371538e+09 -3.293867111206054688e-01 4.920558333396911621e-01 6.213609576225280762e-01 -1.632116835053388781e-01 2.291035210933889746e-02 9.297302682565669052e-01 3.293003043137852637e-01
1.520621257539372444e+09 -3.362323343753814697e-01 4.857414364814758301e-01 6.268731951713562012e-01 -1.875944909485911249e-01 3.952715661030446054e-02 9.354508506076110175e-01 2.969471618883408603e-01
1.520621257589378357e+09 -3.454885482788085938e-01 4.801401793956756592e-01 6.300442218780517578e-01 -2.062494560219484130e-01 6.180787322483276280e-02 9.423939377512468019e-01 2.559972944930723471e-01
1.520621257639375448e+09 -3.559300005435943604e-01 4.744534194469451904e-01 6.316027045249938965e-01 -2.236652033820329954e-01 8.539153473534220884e-02 9.475291191621549869e-01 2.118271251077331330e-01
1.520621257689377308e+09 -3.690036833286285400e-01 4.703791141510009766e-01 6.324234008789062500e-01 -2.329199451217767725e-01 1.017689550679052451e-01 9.536468337881610635e-01 1.610872290241252280e-01
1.520621257739378214e+09 -3.839427828788757324e-01 4.680712521076202393e-01 6.323849558830261230e-01 -2.332798792848067848e-01 1.060259626195380334e-01 9.603509697147576407e-01 1.098408309299911817e-01
1.520621257789380550e+09 -4.016671180725097656e-01 4.673843979835510254e-01 6.319700479507446289e-01 -2.192072734054418548e-01 9.935259885741926089e-02 9.691052501900025984e-01 5.396523362870785101e-02
1.520621257839359999e+09 -4.202441871166229248e-01 4.680641591548919678e-01 6.307753324508666992e-01 -1.938541980121335218e-01 8.417262143552156628e-02 9.774047143989165187e-01 -3.942586019008783790e-03
1.520621257889358282e+09 -4.391609430313110352e-01 4.693624377250671387e-01 6.283559203147888184e-01 -1.585698599819851118e-01 6.434412542589150463e-02 9.834853237858214303e-01 -5.892411158743993127e-02
1.520621257939359426e+09 -4.576257765293121338e-01 4.715269207954406738e-01 6.275098919868469238e-01 -1.146298958181215660e-01 4.445256800259613644e-02 9.865083763172571851e-01 -1.080980094108593415e-01
1.520621257989361286e+09 -4.744874238967895508e-01 4.739130437374114990e-01 6.268163919448852539e-01 -6.508167567797072672e-02 2.756091094919176435e-02 9.866519168161238529e-01 -1.467063963215882449e-01
1.520621258039362192e+09 -4.899281859397888184e-01 4.761243760585784912e-01 6.243741512298583984e-01 -1.070472196189377161e-02 1.802256653950285933e-02 9.843875495834399914e-01 -1.747619759792104766e-01
1.520621258089364290e+09 -5.031049847602844238e-01 4.804999530315399170e-01 6.203953027725219727e-01 4.289762068223235830e-02 1.840700108300040785e-02 9.811318575275380649e-01 -1.876199738713783260e-01
1.520621258139366150e+09 -5.146820545196533203e-01 4.851206839084625244e-01 6.149078607559204102e-01 9.078880827392543651e-02 2.563035771129223636e-02 9.781395451290761933e-01 -1.853200132486390317e-01
1.520621258189367056e+09 -5.242471694946289062e-01 4.899889230728149414e-01 6.084669828414916992e-01 1.284390429705745684e-01 3.186912560836036024e-02 9.771586959264140226e-01 -1.662788442621352392e-01
1.520621258239450693e+09 -5.314683318138122559e-01 4.931180775165557861e-01 6.024565696716308594e-01 1.563954583032030055e-01 3.620877703793123209e-02 9.783988167580579542e-01 -1.302502992471820109e-01
1.520621258289451599e+09 -5.345712900161743164e-01 4.962416291236877441e-01 5.954855680465698242e-01 1.736095389099165942e-01 3.818453499580098942e-02 9.808253942092776123e-01 -7.989502713470886253e-02
1.520621258339453459e+09 -5.344850420951843262e-01 4.982456564903259277e-01 5.880808234214782715e-01 1.812777031505940217e-01 3.590175056347226501e-02 9.824434894364545423e-01 -2.557828592471541457e-02
1.520621258389454603e+09 -5.302286744117736816e-01 4.984376728534698486e-01 5.832083225250244141e-01 1.793178256864803310e-01 3.159612306097243917e-02 9.828277480647875652e-01 2.994027442238088657e-02
1.520621258439456701e+09 -5.238996148109436035e-01 4.980776309967041016e-01 5.783651471138000488e-01 1.690954530498183506e-01 2.780830242957380016e-02 9.816999825351042652e-01 8.305763278855257670e-02
1.520621258489458561e+09 -5.161138176918029785e-01 4.970529377460479736e-01 5.752370357513427734e-01 1.552978485406165121e-01 2.623133224710573821e-02 9.788263625347877195e-01 1.307419116202369058e-01
1.520621258539459705e+09 -5.073147416114807129e-01 4.942423701286315918e-01 5.740785002708435059e-01 1.292421187655768133e-01 2.565104632990718517e-02 9.752190451977650332e-01 1.777253849137072350e-01
1.520621258589461565e+09 -4.972188472747802734e-01 4.907186627388000488e-01 5.745943784713745117e-01 9.038477464918379112e-02 2.054383622518713565e-02 9.707641680948529972e-01 2.214169669376693517e-01
1.520621258639407635e+09 -4.873156845569610596e-01 4.851580262184143066e-01 5.780171751976013184e-01 4.187316743725410378e-02 6.347338553342750204e-03 9.646835747413128326e-01 2.599845183205774513e-01
1.520621258689409733e+09 -4.780157804489135742e-01 4.797046780586242676e-01 5.840264558792114258e-01 -9.419978446798848645e-03 -1.368281596049489637e-02 9.575753656078550557e-01 2.877037777548911990e-01
1.520621258739410877e+09 -4.701260328292846680e-01 4.738462567329406738e-01 5.912638306617736816e-01 -5.950725881730888067e-02 -3.235260971301267413e-02 9.509891961177221464e-01 3.017146725967694287e-01
1.520621258789412737e+09 -4.640412926673889160e-01 4.688151180744171143e-01 5.997503399848937988e-01 -1.078029836243986073e-01 -4.541406261590996002e-02 9.464133076831670044e-01 3.010281227370675827e-01
1.520621258839414597e+09 -4.606891274452209473e-01 4.650741815567016602e-01 6.083264946937561035e-01 -1.512639456664401638e-01 -5.207213160075625097e-02 9.448958223749109875e-01 2.856214220089497990e-01
1.520621258889415741e+09 -4.605286419391632080e-01 4.626864194869995117e-01 6.159742474555969238e-01 -1.825995017443905188e-01 -5.382083346372790178e-02 9.474693459382004246e-01 2.570264156763047425e-01
1.520621258939417601e+09 -4.650950729846954346e-01 4.614430367946624756e-01 6.231060028076171875e-01 -1.962637689503316241e-01 -5.342815306058918551e-02 9.550822796780882307e-01 2.155082469485827545e-01
1.520621258989418745e+09 -4.742412269115447998e-01 4.616639614105224609e-01 6.285135746002197266e-01 -1.923441250583270701e-01 -5.006736784652769667e-02 9.666708505412308083e-01 1.613829698151591774e-01
1.520621259039252520e+09 -4.878979623317718506e-01 4.615679979324340820e-01 6.327692866325378418e-01 -1.807781360739089960e-01 -4.513313751236814469e-02 9.770683717108535893e-01 1.030517463133654027e-01
1.520621259089253664e+09 -5.059555172920227051e-01 4.614312648773193359e-01 6.364187598228454590e-01 -1.624597409180411622e-01 -4.325947030083861916e-02 9.849056889288051453e-01 4.118537028860722732e-02
1.520621259139255762e+09 -5.252760052680969238e-01 4.622435271739959717e-01 6.389967203140258789e-01 -1.433769103665767375e-01 -4.629134184006562097e-02 9.883933230419412741e-01 -1.946309868673214497e-02
1.520621259189257622e+09 -5.458865165710449219e-01 4.635650515556335449e-01 6.419824361801147461e-01 -1.223372669255610029e-01 -5.449144920214847587e-02 9.880840788266881392e-01 -7.585597045881671552e-02
1.520621259239258766e+09 -5.658650398254394531e-01 4.658302366733551025e-01 6.450765132904052734e-01 -9.981452147626117266e-02 -6.120453824894839939e-02 9.849393444726093350e-01 -1.272224567836368891e-01
1.520621259289260626e+09 -5.848581790924072266e-01 4.692143499851226807e-01 6.485179066658020020e-01 -7.403833602432979832e-02 -6.525562208532006969e-02 9.803044648304896080e-01 -1.710648555911276902e-01
1.520621259339261532e+09 -6.016211509704589844e-01 4.719493091106414795e-01 6.520693302154541016e-01 -3.834742257542839844e-02 -6.617768022350455082e-02 9.746059051924930161e-01 -2.104597809225747795e-01
1.520621259389263630e+09 -6.163250207901000977e-01 4.744273722171783447e-01 6.552572250366210938e-01 2.888086844901804114e-03 -6.056520494105274710e-02 9.682013038755049594e-01 -2.427133084084935333e-01
1.520621259439270735e+09 -6.273846626281738281e-01 4.766760468482971191e-01 6.563341021537780762e-01 4.480851099722327202e-02 -4.977351461101731794e-02 9.617526000915177509e-01 -2.656063455617800884e-01
1.520621259489310741e+09 -6.341453790664672852e-01 4.795401990413665771e-01 6.550847887992858887e-01 8.187283141921808394e-02 -3.791476585333313637e-02 9.574981420763732931e-01 -2.739646289687416858e-01
1.520621259539273500e+09 -6.354624629020690918e-01 4.827948212623596191e-01 6.505711078643798828e-01 1.151791627052048267e-01 -2.765089927265658790e-02 9.554629058154850973e-01 -2.702958080669600194e-01
1.520621259589275837e+09 -6.306524872779846191e-01 4.867843985557556152e-01 6.429047584533691406e-01 1.414722238347529693e-01 -2.310253362972849653e-02 9.553287855846526178e-01 -2.584546270750240349e-01
1.520621259639276743e+09 -6.200075149536132812e-01 4.915567040443420410e-01 6.320132017135620117e-01 1.568028285253008358e-01 -2.328337661340943582e-02 9.579279740536400523e-01 -2.392587592240497385e-01
1.520621259689278841e+09 -6.024821996688842773e-01 4.968673586845397949e-01 6.177161931991577148e-01 1.595552860111971727e-01 -2.598166463188798792e-02 9.621710767763540506e-01 -2.193031755900330948e-01
1.520621259739280701e+09 -5.791915059089660645e-01 5.021669864654541016e-01 6.010358929634094238e-01 1.506227129272762200e-01 -2.785550287458584892e-02 9.677838833586550615e-01 -1.998279870820708071e-01
1.520621259789281607e+09 -5.519329309463500977e-01 5.061095356941223145e-01 5.848849415779113770e-01 1.372529179450402981e-01 -2.645049073008140864e-02 9.727508392306107865e-01 -1.849805742013261867e-01
1.520621259839283705e+09 -5.206437706947326660e-01 5.087579488754272461e-01 5.690439343452453613e-01 1.225956451883826875e-01 -1.996466763776953007e-02 9.772635676617841272e-01 -1.718360822060337745e-01
1.520621259889309645e+09 -4.859118759632110596e-01 5.081256628036499023e-01 5.536351203918457031e-01 1.103088991201783137e-01 -1.048219399666916116e-02 9.808738044678726453e-01 -1.600270292564103525e-01
1.520621259939311743e+09 -4.480045437812805176e-01 5.050956606864929199e-01 5.390810370445251465e-01 9.892728209405025896e-02 -2.258442349064343664e-03 9.840703040114634481e-01 -1.476953928138121097e-01
1.520621259989312649e+09 -4.067452847957611084e-01 5.002168416976928711e-01 5.241180658340454102e-01 9.019973447677565037e-02 2.813378215945584390e-03 9.867459665166197214e-01 -1.348647113462802527e-01
1.520621260039314508e+09 -3.621822595596313477e-01 4.934929609298706055e-01 5.091066360473632812e-01 8.159164879853525454e-02 5.612486832728564787e-03 9.891963353171472351e-01 -1.216631128691647579e-01
1.520621260089316607e+09 -3.151811957359313965e-01 4.855076670646667480e-01 4.930860400199890137e-01 7.405169168926262202e-02 8.021103067355445787e-03 9.914327077386331233e-01 -1.072995568004981165e-01
1.520621260139317513e+09 -2.637646496295928955e-01 4.764555096626281738e-01 4.760810434818267822e-01 6.807602183180826161e-02 1.374789790267322634e-02 9.934489110906649101e-01 -9.075192343738652800e-02
1.520621260189319611e+09 -2.098608911037445068e-01 4.671498239040374756e-01 4.579941332340240479e-01 6.541997700535118199e-02 2.277205615063607191e-02 9.948839182071402831e-01 -7.353672116772795586e-02
1.520621260239320755e+09 -1.534371972084045410e-01 4.576027989387512207e-01 4.406595230102539062e-01 6.441239303982002062e-02 3.344731424275815268e-02 9.957993682859276330e-01 -5.582059578844903586e-02
1.520621260289389610e+09 -9.478966891765594482e-02 4.475558400154113770e-01 4.249306321144104004e-01 6.305157402355325569e-02 4.411038390234554157e-02 9.963268056050756938e-01 -3.757219021997412756e-02
1.520621260339390516e+09 -3.438761830329895020e-02 4.373368322849273682e-01 4.105692505836486816e-01 6.303732910866474692e-02 5.218949970822768514e-02 9.964491833500034312e-01 -1.978828593289981910e-02
1.520621260389392853e+09 2.706340886652469635e-02 4.264631271362304688e-01 3.983566761016845703e-01 6.476307977359706258e-02 5.642778425988777269e-02 9.962949690371303291e-01 -4.240676014732585458e-03
1.520621260439394712e+09 8.874752372503280640e-02 4.150611162185668945e-01 3.881101608276367188e-01 6.850620268111932976e-02 5.770669800815309697e-02 9.959533678216000441e-01 7.329824283135767844e-03
1.520621260489396572e+09 1.516350656747817993e-01 4.032091200351715088e-01 3.778676390647888184e-01 7.137275926737009224e-02 5.745323501472341526e-02 9.956414273377832691e-01 1.741273067863557261e-02
1.520621260539397717e+09 2.138624340295791626e-01 3.915707170963287354e-01 3.695036172866821289e-01 7.218113028426315081e-02 5.622219847451995212e-02 9.954477868386024664e-01 2.669555220830518993e-02
1.520621260589399576e+09 2.769040763378143311e-01 3.808826506137847900e-01 3.622036278247833252e-01 7.143866901414044901e-02 5.563155845108541664e-02 9.951775510652227652e-01 3.772649108541013124e-02
1.520621260639401674e+09 3.394848704338073730e-01 3.707756698131561279e-01 3.566703200340270996e-01 7.131229769126050388e-02 5.597052101867839441e-02 9.946767841739502236e-01 4.898930495791344042e-02
1.520621260689657211e+09 4.012792408466339111e-01 3.612496852874755859e-01 3.546441793441772461e-01 6.964521007076433790e-02 5.759142999129655827e-02 9.940283747556150074e-01 6.115849970745746572e-02
1.520621260739658117e+09 4.621380567550659180e-01 3.513903021812438965e-01 3.553355038166046143e-01 6.582085484516107809e-02 5.872112986674760116e-02 9.932175416384526612e-01 7.575195678194274196e-02
1.520621260789660215e+09 5.224237442016601562e-01 3.406056761741638184e-01 3.596401810646057129e-01 6.009328422827479865e-02 5.527049355941570513e-02 9.924004768917799035e-01 9.206119267816380292e-02
1.520621260839661121e+09 5.821888446807861328e-01 3.284960985183715820e-01 3.691879212856292725e-01 5.619580245520378048e-02 4.882369144284144646e-02 9.915162231142227167e-01 1.065544848498495567e-01
1.520621260889662981e+09 6.391803622245788574e-01 3.150388598442077637e-01 3.825543522834777832e-01 5.176347414403738301e-02 4.448531499537948519e-02 9.902012195672817985e-01 1.218324433875046381e-01
1.520621260939664125e+09 6.940211057662963867e-01 3.000150322914123535e-01 3.987969160079956055e-01 4.427804484770705290e-02 4.465449285632629162e-02 9.881662027609611210e-01 1.399034907827248486e-01
1.520621260989666224e+09 7.461833357810974121e-01 2.845768034458160400e-01 4.170444607734680176e-01 4.044813738707835754e-02 4.299230185811860755e-02 9.864557258165996823e-01 1.530382670004533374e-01
1.520621261039668083e+09 7.962777614593505859e-01 2.697644233703613281e-01 4.359436929225921631e-01 3.741887582883744734e-02 3.825978188229424426e-02 9.851561184893695700e-01 1.631056069697936761e-01
1.520621261089677811e+09 8.437802195549011230e-01 2.563148438930511475e-01 4.575605690479278564e-01 3.164735766611539991e-02 3.312986672286872408e-02 9.834939109777915967e-01 1.750445193466091676e-01
1.520621261139752865e+09 8.899005055427551270e-01 2.438812702894210815e-01 4.789695441722869873e-01 2.327762009895692832e-02 2.843366407024122341e-02 9.815278156734635884e-01 1.877573599339016075e-01
1.520621261189681053e+09 9.347408413887023926e-01 2.333225458860397339e-01 5.002434253692626953e-01 1.783853982846066860e-02 2.216937054323036768e-02 9.797492773155105361e-01 1.981960118323279618e-01
1.520621261239681959e+09 9.748106598854064941e-01 2.251699566841125488e-01 5.216848254203796387e-01 1.376851762308011450e-02 1.615078476493124471e-02 9.783322299178807135e-01 2.059505474084663834e-01
1.520621261289683819e+09 1.009450435638427734e+00 2.190203219652175903e-01 5.439507961273193359e-01 6.960333006557660636e-03 1.186424625779365812e-02 9.769843965867088809e-01 2.128668181076529553e-01
1.520621261339685917e+09 1.037217259407043457e+00 2.145120203495025635e-01 5.679541826248168945e-01 -1.974570892514512094e-03 3.868202175543424253e-03 9.759282979421636250e-01 2.180483784792524027e-01
1.520621261389686823e+09 1.059528708457946777e+00 2.117545902729034424e-01 5.936940908432006836e-01 -1.072809351357742122e-02 -6.347569470206182105e-03 9.760306817122639256e-01 2.172756883033127306e-01
1.520621261439688683e+09 1.072859525680541992e+00 2.107231765985488892e-01 6.210855841636657715e-01 -1.855859304947391625e-02 -1.055955490562141517e-02 9.766725082077715170e-01 2.136700403317213504e-01
1.520621261489449024e+09 1.080039024353027344e+00 2.106319963932037354e-01 6.475818753242492676e-01 -2.792737024497559534e-02 -8.371715284914846983e-03 9.760464256160812369e-01 2.155999800938298849e-01
1.520621261539450884e+09 1.081303238868713379e+00 2.097935378551483154e-01 6.734302043914794922e-01 -3.502353512538659147e-02 -6.772802870441797275e-03 9.754257406133730601e-01 2.174214931359169101e-01
1.520621261589452028e+09 1.075994968414306641e+00 2.095559984445571899e-01 6.989115476608276367e-01 -3.902772977168298546e-02 -1.031757649556546384e-02 9.755002928914182636e-01 2.162627163726647816e-01
1.520621261639454126e+09 1.064218640327453613e+00 2.095251232385635376e-01 7.241057157516479492e-01 -3.994342177897239332e-02 -1.621064489211804238e-02 9.767800241068141931e-01 2.098631043196025336e-01
1.520621261689455986e+09 1.045847654342651367e+00 2.088105231523513794e-01 7.480328083038330078e-01 -3.967166298575713207e-02 -2.239700208718205937e-02 9.782360740590226866e-01 2.024320055303552857e-01
1.520621261739457130e+09 1.020837783813476562e+00 2.074978053569793701e-01 7.691627740859985352e-01 -3.972173531822283804e-02 -2.960144392887839940e-02 9.794345620490850779e-01 1.955859834557463761e-01
1.520621261789458990e+09 9.897810220718383789e-01 2.057344019412994385e-01 7.874656319618225098e-01 -4.008352142997772399e-02 -3.792164246749029494e-02 9.797207720186693614e-01 1.926200125051472645e-01
1.520621261839460135e+09 9.551029205322265625e-01 2.031346708536148071e-01 8.003599047660827637e-01 -4.163819564865166994e-02 -4.449150327556293527e-02 9.796216239001858117e-01 1.913850589428755244e-01
1.520621261889461994e+09 9.161509275436401367e-01 2.001495808362960815e-01 8.071455359458923340e-01 -4.446441438134823843e-02 -4.804594553221890746e-02 9.793240490886864213e-01 1.914129302011207956e-01
1.520621261939325809e+09 8.729006648063659668e-01 1.963088214397430420e-01 8.074716925621032715e-01 -4.672067447785848565e-02 -5.116075097059811366e-02 9.787959707604253490e-01 1.927646330622271031e-01
1.520621261989326954e+09 8.255450725555419922e-01 1.901996731758117676e-01 8.014367818832397461e-01 -4.757974143955844698e-02 -5.504299895960691053e-02 9.787308855346892322e-01 1.918131647477837598e-01
1.520621262039327860e+09 7.752132415771484375e-01 1.821369528770446777e-01 7.897679209709167480e-01 -4.730826011206386988e-02 -5.841783234472151809e-02 9.791751793665927073e-01 1.885875221262381940e-01
1.520621262089329958e+09 7.232108116149902344e-01 1.729693859815597534e-01 7.719363570213317871e-01 -4.709141391321990111e-02 -5.893074054116875099e-02 9.799381624353521447e-01 1.844742918613558047e-01
1.520621262139331818e+09 6.691189408302307129e-01 1.633851677179336548e-01 7.494105100631713867e-01 -4.582719580069465060e-02 -5.604458236707072355e-02 9.810937602636881083e-01 1.794823291692035361e-01
1.520621262189332724e+09 6.134534478187561035e-01 1.529432982206344604e-01 7.223111987113952637e-01 -4.279628302534314171e-02 -4.936081808251917280e-02 9.827496194708260635e-01 1.730178407777246685e-01
1.520621262239336014e+09 5.571615099906921387e-01 1.423999220132827759e-01 6.915789842605590820e-01 -4.057443491121005830e-02 -3.800670035667286922e-02 9.850037041256829440e-01 1.633306732316933685e-01
1.520621262289336920e+09 5.010321140289306641e-01 1.321865916252136230e-01 6.586633324623107910e-01 -4.175661910886963035e-02 -2.156684000333255677e-02 9.869007860427837509e-01 1.543311202609606858e-01
1.520621262339380503e+09 4.448222815990447998e-01 1.224480345845222473e-01 6.245406270027160645e-01 -4.340074473421268175e-02 -1.661029602032720398e-03 9.887516842947728923e-01 1.431213580896522342e-01
1.520621262389382601e+09 3.875645995140075684e-01 1.133883073925971985e-01 5.893843770027160645e-01 -4.611892045710194732e-02 1.913345705334128233e-02 9.903588445550105535e-01 1.292142213872920498e-01
1.520621262439383507e+09 3.287360668182373047e-01 1.048132330179214478e-01 5.537621974945068359e-01 -4.824616216751767550e-02 3.645958249886962349e-02 9.915274626799874813e-01 1.149621565190020872e-01
1.520621262489385605e+09 2.679740786552429199e-01 9.625200927257537842e-02 5.184925794601440430e-01 -5.091775906054640810e-02 4.670043990956474628e-02 9.924722220876326384e-01 1.011204188526818593e-01
1.520621262539386511e+09 2.058861106634140015e-01 8.814043551683425903e-02 4.844039082527160645e-01 -5.748911172771137973e-02 4.848787536445475777e-02 9.929934093613529411e-01 9.114832384809043453e-02
1.520621262589388371e+09 1.429647058248519897e-01 8.043897151947021484e-02 4.510342180728912354e-01 -6.375398690955948189e-02 4.067953703347104710e-02 9.935722104071251781e-01 8.423103422479032154e-02
1.520621262639390469e+09 7.902735471725463867e-02 7.323602586984634399e-02 4.200403988361358643e-01 -6.532915452721746452e-02 2.705785909866078101e-02 9.944586405439473920e-01 7.779451187095377807e-02
1.520621262689391375e+09 1.384498458355665207e-02 6.618231534957885742e-02 3.914240002632141113e-01 -5.895083101821641663e-02 1.449938790760393545e-02 9.955303169435663069e-01 7.234608018966302845e-02
1.520621262739526033e+09 -5.302991345524787903e-02 5.879119038581848145e-02 3.644285202026367188e-01 -5.384382173303926128e-02 4.901461248870597059e-03 9.963812121506037123e-01 6.558428631997215152e-02
1.520621262789528131e+09 -1.226312369108200073e-01 5.054771155118942261e-02 3.394591510295867920e-01 -5.448542985836191815e-02 -1.167755379702946978e-05 9.970219278019541997e-01 5.457667339494840647e-02
1.520621262839529037e+09 -1.942301541566848755e-01 3.915963321924209595e-02 3.160316646099090576e-01 -5.536723964598900399e-02 -2.949845065980903885e-04 9.977428986767826746e-01 3.799328754103670214e-02
1.520621262889530897e+09 -2.673883140087127686e-01 2.500930614769458771e-02 2.950936853885650635e-01 -5.501975766945519514e-02 3.491025123521922756e-03 9.982576789881689727e-01 2.102963030429329944e-02
1.520621262939533234e+09 -3.420272767543792725e-01 8.671522140502929688e-03 2.756706476211547852e-01 -5.367763564832674084e-02 7.746722335362730798e-03 9.985274396878844883e-01 1.285268307575742003e-03
1.520621262989534140e+09 -4.164600670337677002e-01 -9.707395918667316437e-03 2.597861588001251221e-01 -5.257251764278858541e-02 8.839244795514754338e-03 9.983637749633514913e-01 -2.068262510103790683e-02
1.520621263039535999e+09 -4.908299744129180908e-01 -2.974322438240051270e-02 2.477391362190246582e-01 -5.167558995057931759e-02 8.586896306393271977e-03 9.977113878693895099e-01 -4.275377329335373205e-02
1.520621263089537144e+09 -5.648940205574035645e-01 -4.972525313496589661e-02 2.408320456743240356e-01 -4.689632871418358828e-02 8.699031120432444697e-03 9.967370736925008634e-01 -6.511733361868406178e-02
1.520621263139531851e+09 -6.373614668846130371e-01 -6.863493472337722778e-02 2.391425520181655884e-01 -4.093645609549127068e-02 1.199049794287358056e-02 9.951915665948064538e-01 -8.817131222795041023e-02
1.520621263189532757e+09 -7.081118226051330566e-01 -8.527448028326034546e-02 2.441795319318771362e-01 -3.486251301906885536e-02 2.311011672506595171e-02 9.928950817372659277e-01 -1.113996604702960358e-01
1.520621263239534616e+09 -7.779970169067382812e-01 -9.900347888469696045e-02 2.545834183692932129e-01 -2.669908043584524535e-02 4.120544704945213604e-02 9.898153812421011111e-01 -1.336217845034597396e-01
1.520621263289536953e+09 -8.474263548851013184e-01 -1.093470454216003418e-01 2.687139511108398438e-01 -1.806562524253693680e-02 5.941228757197176968e-02 9.863007955458951148e-01 -1.528219682362321197e-01
1.520621263339537859e+09 -9.139510393142700195e-01 -1.149110570549964905e-01 2.892793416976928711e-01 -7.682996135789976581e-03 7.383907393563744759e-02 9.829565626061370631e-01 -1.681819216212973311e-01
1.520621263389539719e+09 -9.748898148536682129e-01 -1.157930195331573486e-01 3.162254393100738525e-01 2.386015914388504161e-03 8.362402212081021524e-02 9.805715029493753399e-01 -1.774284572891217937e-01
1.520621263439540863e+09 -1.028559565544128418e+00 -1.115116626024246216e-01 3.488197326660156250e-01 1.057200748918931191e-02 9.078359287810740252e-02 9.793900506451702626e-01 -1.801157978053042064e-01
1.520621263489542723e+09 -1.073187232017517090e+00 -1.037568971514701843e-01 3.860832452774047852e-01 2.280013599026703072e-02 9.751387528455901510e-02 9.785647234639635039e-01 -1.799507708172135567e-01
1.520621263539738894e+09 -1.110036492347717285e+00 -9.029826521873474121e-02 4.255731403827667236e-01 3.581970731000932301e-02 1.025561633326175920e-01 9.782598666987829539e-01 -1.766545078315241990e-01
1.520621263589739799e+09 -1.138278126716613770e+00 -7.153954356908798218e-02 4.648280441761016846e-01 4.544827723607207381e-02 1.030110048317560839e-01 9.790838976317913778e-01 -1.694635901247375231e-01
1.520621263639742136e+09 -1.158957600593566895e+00 -4.772628098726272583e-02 5.035228729248046875e-01 5.258223473176802665e-02 9.843362232764475694e-02 9.806361904048647160e-01 -1.609303969245891863e-01
1.520621263689743042e+09 -1.172227025032043457e+00 -1.911547593772411346e-02 5.397377014160156250e-01 5.663865705223190133e-02 9.062189449693773546e-02 9.828256792113972962e-01 -1.504440728236283442e-01
1.520621263739745140e+09 -1.179983258247375488e+00 1.355287153273820877e-02 5.726819634437561035e-01 6.068479065513934789e-02 8.037991551254752842e-02 9.845782783082606127e-01 -1.430455845137457993e-01
1.520621263789746046e+09 -1.183993577957153320e+00 4.905272647738456726e-02 6.027252078056335449e-01 6.290894616231670899e-02 6.761550763004525733e-02 9.860746059827376619e-01 -1.383021296172495251e-01
1.520621263839747906e+09 -1.183744192123413086e+00 8.656744658946990967e-02 6.302258968353271484e-01 6.259567023688424048e-02 5.451325467287643223e-02 9.874599751071710951e-01 -1.342865767450729386e-01
1.520621263889750004e+09 -1.180457472801208496e+00 1.255235075950622559e-01 6.544721722602844238e-01 5.943283863839834286e-02 4.362286392489978654e-02 9.889907304583931413e-01 -1.283047875246513814e-01
1.520621263939842701e+09 -1.174576282501220703e+00 1.664345264434814453e-01 6.766848564147949219e-01 5.586204924232468505e-02 3.626374073412262644e-02 9.901789203256179395e-01 -1.229230584764720441e-01
1.520621263989844561e+09 -1.165837645530700684e+00 2.084638625383377075e-01 6.979550719261169434e-01 5.337590816606328087e-02 3.352430286879225230e-02 9.910040573680992670e-01 -1.180596960210153479e-01
1.520621264039845705e+09 -1.153714179992675781e+00 2.509168088436126709e-01 7.187690734863281250e-01 5.037621115398535632e-02 3.292854554583821147e-02 9.916389144449836435e-01 -1.141499522399336136e-01
1.520621264089847565e+09 -1.138805031776428223e+00 2.945441901683807373e-01 7.385011315345764160e-01 4.523578161349073312e-02 3.140101495165145001e-02 9.927675450089060716e-01 -1.066784978278768475e-01
1.520621264139848471e+09 -1.122588992118835449e+00 3.387225270271301270e-01 7.572144269943237305e-01 3.897812044405214726e-02 2.631254628837738363e-02 9.936818392935687916e-01 -1.019056342535630405e-01
1.520621264189850807e+09 -1.103363871574401855e+00 3.809638619422912598e-01 7.757313251495361328e-01 2.875779805709902104e-02 1.847410979394990480e-02 9.945306355847538526e-01 -9.869402819630791746e-02
1.520621264239852667e+09 -1.083746433258056641e+00 4.220369160175323486e-01 7.930246591567993164e-01 1.611231964798414198e-02 7.397648659335997849e-03 9.955520931125853012e-01 -9.252944314662522873e-02
1.520621264289853573e+09 -1.064006805419921875e+00 4.624470770359039307e-01 8.090212941169738770e-01 8.555898681332543484e-03 -7.282925645578562819e-03 9.963554529152481853e-01 -8.455511242879575062e-02
1.520621264339855671e+09 -1.044345736503601074e+00 5.020150542259216309e-01 8.226185441017150879e-01 4.382819780134959708e-03 -2.137860612621143158e-02 9.966117538461245484e-01 -7.930169094431067933e-02
1.520621264389584780e+09 -1.024522900581359863e+00 5.396007299423217773e-01 8.334247469902038574e-01 5.851528902568403634e-03 -2.966444294195871162e-02 9.963519879111518707e-01 -7.980286097591605954e-02
1.520621264439586878e+09 -1.004047989845275879e+00 5.752629637718200684e-01 8.386812806129455566e-01 7.204881045268713910e-03 -3.104454138930046528e-02 9.961654692280504930e-01 -8.147812011030554358e-02
1.520621264489587784e+09 -9.815875291824340820e-01 6.088181138038635254e-01 8.366804718971252441e-01 6.807399857732395095e-03 -3.058999914982129045e-02 9.961514305735358343e-01 -8.185498534291466011e-02
1.520621264539589643e+09 -9.569170475006103516e-01 6.401654481887817383e-01 8.270435333251953125e-01 8.073468554650714557e-03 -3.255712185304560080e-02 9.963031240934303590e-01 -7.908816500472042044e-02
1.520621264589590788e+09 -9.308392405509948730e-01 6.698507070541381836e-01 8.120232820510864258e-01 1.425940181192852062e-02 -3.746883225706679199e-02 9.960857701787220186e-01 -7.877750006645239944e-02
1.520621264639592886e+09 -9.034124612808227539e-01 6.989006996154785156e-01 7.946608662605285645e-01 1.829343262005272627e-02 -4.328505630668637305e-02 9.956890792992155736e-01 -7.996881634601774036e-02
1.520621264689594030e+09 -8.735657334327697754e-01 7.260932326316833496e-01 7.758420705795288086e-01 1.777568008970892288e-02 -4.783946810819399154e-02 9.955782453397378218e-01 -7.886296909654086362e-02
1.520621264739595890e+09 -8.404965996742248535e-01 7.494016289710998535e-01 7.551853060722351074e-01 1.576368525985612917e-02 -4.971097830384699906e-02 9.958866335016423044e-01 -7.409546596025964882e-02
1.520621264789453983e+09 -8.043775558471679688e-01 7.685340046882629395e-01 7.342979907989501953e-01 1.350786274355990184e-02 -4.930044432117600822e-02 9.964001211880388897e-01 -6.762989228364429950e-02
1.520621264839456081e+09 -7.661581039428710938e-01 7.841449975967407227e-01 7.128115296363830566e-01 9.729357923350299975e-03 -4.744116372796444020e-02 9.969388387350595071e-01 -6.138100194788837644e-02
1.520621264889457941e+09 -7.265250682830810547e-01 7.970300912857055664e-01 6.896371841430664062e-01 4.268637181464153205e-03 -4.504271373805561474e-02 9.974339110862413538e-01 -5.548446350942314725e-02
1.520621264939458847e+09 -6.858887672424316406e-01 8.065717220306396484e-01 6.650609970092773438e-01 -3.459011993933142721e-04 -4.211676763875992630e-02 9.978196975473674346e-01 -5.081249277985919188e-02
1.520621264989461184e+09 -6.445577740669250488e-01 8.125434517860412598e-01 6.385235786437988281e-01 -4.836143091568089261e-03 -3.758990105620780425e-02 9.979578092121873523e-01 -5.141811053504186102e-02
1.520621265039462090e+09 -6.023578047752380371e-01 8.145664930343627930e-01 6.096308231353759766e-01 -1.040069919945172880e-02 -3.123623429517766517e-02 9.980672355952612262e-01 -5.270594230684470111e-02
1.520621265089463949e+09 -5.590705871582031250e-01 8.133538365364074707e-01 5.790020823478698730e-01 -1.865372739818631914e-02 -2.410387347529880861e-02 9.979024171199545323e-01 -5.711223725081481656e-02
1.520621265139465094e+09 -5.144713521003723145e-01 8.084248304367065430e-01 5.471690297126770020e-01 -2.707959832781735299e-02 -1.584955562080946415e-02 9.973983019071267497e-01 -6.490080349122888392e-02
1.520621265189616442e+09 -4.696665108203887939e-01 7.990933060646057129e-01 5.150901675224304199e-01 -3.166168288161421568e-02 -7.894078534086506477e-03 9.966488234714662164e-01 -7.500895969245428840e-02
1.520621265239617586e+09 -4.231659173965454102e-01 7.852519750595092773e-01 4.832031726837158203e-01 -3.688700810369430205e-02 -4.820288663525161619e-04 9.960552293840650995e-01 -8.070375640568171194e-02
1.520621265289619446e+09 -3.750519454479217529e-01 7.681537270545959473e-01 4.525568187236785889e-01 -4.144943880582496049e-02 5.829338395286334795e-03 9.957398479432381100e-01 -8.215910207963730838e-02
1.520621265339621544e+09 -3.261980414390563965e-01 7.476377487182617188e-01 4.230624437332153320e-01 -4.547046755130122742e-02 1.221431202134223327e-02 9.956010924610216861e-01 -8.100439403471629274e-02
1.520621265389622688e+09 -2.765375673770904541e-01 7.226022481918334961e-01 3.952265381813049316e-01 -4.829726258423347462e-02 1.909046576743510248e-02 9.956445467688926909e-01 -7.742651375994144547e-02
1.520621265439624548e+09 -2.269552350044250488e-01 6.933847665786743164e-01 3.678644299507141113e-01 -4.939024533503347247e-02 2.492250693724238839e-02 9.957988283553653730e-01 -7.296688125300346273e-02
1.520621265489626408e+09 -1.771059036254882812e-01 6.598482728004455566e-01 3.416527807712554932e-01 -4.928214636397947740e-02 3.014835772085414783e-02 9.960006643759722333e-01 -6.815440660086814761e-02
1.520621265539627552e+09 -1.272665262222290039e-01 6.217016577720642090e-01 3.172731697559356689e-01 -4.839761632109015888e-02 3.570033764336819765e-02 9.961411940571232027e-01 -6.392087396958114065e-02
1.520621265589982033e+09 -7.702570408582687378e-02 5.791476368904113770e-01 2.941393554210662842e-01 -4.588138530134172610e-02 4.135502363067576626e-02 9.963392875867781440e-01 -5.909893835262832601e-02
1.520621265639983892e+09 -2.651289105415344238e-02 5.339145660400390625e-01 2.738656997680664062e-01 -4.471678494464150638e-02 4.934594225755779134e-02 9.962815275061424058e-01 -5.466722122950912199e-02
1.520621265689984798e+09 2.520362846553325653e-02 4.859635531902313232e-01 2.560175359249114990e-01 -4.331012760152166963e-02 6.042756435905072970e-02 9.959950320404838964e-01 -4.966526415361186692e-02
1.520621265739985943e+09 7.767420262098312378e-02 4.367054402828216553e-01 2.411640584468841553e-01 -3.985685186372569383e-02 7.413388982734643584e-02 9.953752016274758363e-01 -4.630124969848625760e-02
1.520621265789992094e+09 1.305744498968124390e-01 3.872901499271392822e-01 2.284736335277557373e-01 -3.959472606412153817e-02 8.785113896956506241e-02 9.943243845621425603e-01 -4.509382790109950356e-02
1.520621265839989901e+09 1.834941208362579346e-01 3.385512828826904297e-01 2.180468589067459106e-01 -4.260504746482700333e-02 9.946509749957592461e-02 9.931138456665566938e-01 -4.490427435447803817e-02
1.520621265889991045e+09 2.361708730459213257e-01 2.900415956974029541e-01 2.094691097736358643e-01 -4.637259621339223647e-02 1.093091220580890838e-01 9.918894776084701270e-01 -4.534713182678380694e-02
1.520621265939991951e+09 2.882853150367736816e-01 2.423795163631439209e-01 2.016083002090454102e-01 -4.772132179043744871e-02 1.181903311780740651e-01 9.908551996334762357e-01 -4.426843595491825045e-02
1.520621265990137100e+09 3.406722843647003174e-01 1.961843222379684448e-01 1.944198757410049438e-01 -4.593294423520995901e-02 1.262665271276675050e-01 9.900227442686082568e-01 -4.244872897811113183e-02
1.520621266040154219e+09 3.927703499794006348e-01 1.519647538661956787e-01 1.875260323286056519e-01 -4.012213002431415376e-02 1.335512283989269411e-01 9.894384392648910564e-01 -3.957093605799880814e-02
1.520621266090140343e+09 4.456619322299957275e-01 1.097648590803146362e-01 1.807490885257720947e-01 -3.400001308105434633e-02 1.393215360610985387e-01 9.890947954675115561e-01 -3.354093438092842910e-02
1.520621266140142202e+09 4.994805753231048584e-01 6.944430619478225708e-02 1.740130186080932617e-01 -2.727259359816339504e-02 1.425461639334781039e-01 9.890347852702882081e-01 -2.733112349747777656e-02
1.520621266190143347e+09 5.548731684684753418e-01 3.061621077358722687e-02 1.678346693515777588e-01 -2.089247700813991540e-02 1.427372717595889184e-01 9.893704816231567722e-01 -1.832009137139499477e-02
1.520621266240145206e+09 6.117280721664428711e-01 -6.518674083054065704e-03 1.626298278570175171e-01 -1.202515398977343011e-02 1.387051916208524582e-01 9.902294704596596997e-01 -7.865196890533760962e-03
1.520621266290146112e+09 6.696394085884094238e-01 -4.253061115741729736e-02 1.591501981019973755e-01 -5.288103706798020012e-03 1.281467590319819438e-01 9.917265704528563930e-01 5.371551600877424656e-03
1.520621266340148211e+09 7.279140949249267578e-01 -7.688829302787780762e-02 1.610203534364700317e-01 1.291150021880670693e-03 1.136787259968689012e-01 9.933271023772953789e-01 1.940999407717509603e-02
1.520621266390149117e+09 7.855510115623474121e-01 -1.095135062932968140e-01 1.688789874315261841e-01 -5.413948596656526294e-04 1.037740245405965184e-01 9.938729262159011757e-01 3.804293965107290176e-02
1.520621266440282106e+09 8.414214849472045898e-01 -1.417024284601211548e-01 1.822705715894699097e-01 -1.049108732886522809e-02 1.037944056246414004e-01 9.926407552410794199e-01 6.148975103303757489e-02
1.520621266490284204e+09 8.934644460678100586e-01 -1.714416593313217163e-01 1.996425986289978027e-01 -1.822887327207880354e-02 1.104726249332031035e-01 9.902005011787667899e-01 8.346541070957254338e-02
1.520621266540285110e+09 9.406148791313171387e-01 -1.975613385438919067e-01 2.210349291563034058e-01 -2.039668811912606280e-02 1.180297684096891647e-01 9.873997165387063957e-01 1.034154179134259277e-01
1.520621266590287209e+09 9.820164442062377930e-01 -2.181402295827865601e-01 2.461135834455490112e-01 -2.100286001420764367e-02 1.213656100423886469e-01 9.848851817328683200e-01 1.217803242452468182e-01
1.520621266640288115e+09 1.016391992568969727e+00 -2.328792214393615723e-01 2.754609882831573486e-01 -2.477305296533677606e-02 1.180527243779971869e-01 9.828140394613605890e-01 1.397369455489586298e-01
1.520621266690289974e+09 1.043766021728515625e+00 -2.415960133075714111e-01 3.102232217788696289e-01 -3.014777762556507604e-02 1.101485928892190075e-01 9.811527649386818650e-01 1.558770375711071576e-01
1.520621266740291119e+09 1.063959121704101562e+00 -2.448976486921310425e-01 3.490951955318450928e-01 -3.671409817763681555e-02 9.894895238271901594e-02 9.798046038248418022e-01 1.698355620622782058e-01
1.520621266790292978e+09 1.076071262359619141e+00 -2.433240711688995361e-01 3.919673860073089600e-01 -4.353553608190247753e-02 8.578779912001389951e-02 9.787399333623709730e-01 1.811442890682093410e-01
1.520621266839957237e+09 1.079995870590209961e+00 -2.380609959363937378e-01 4.352192878723144531e-01 -4.828466913308314401e-02 7.285920629800392290e-02 9.782824649549899387e-01 1.879455919832183908e-01
1.520621266889959335e+09 1.075216412544250488e+00 -2.292362302541732788e-01 4.784727394580841064e-01 -5.321358789283426455e-02 6.066845615871714614e-02 9.782914335361090341e-01 1.908756756654815256e-01
1.520621266939961195e+09 1.062405347824096680e+00 -2.173913419246673584e-01 5.200551748275756836e-01 -5.929350645611656395e-02 4.870574005983199090e-02 9.789244786293017642e-01 1.892588072394838505e-01
1.520621266989963293e+09 1.040926814079284668e+00 -2.030253261327743530e-01 5.586356520652770996e-01 -6.667113014570205665e-02 3.826633302070858722e-02 9.797788432873318909e-01 1.847270050879978587e-01
1.520621267039964199e+09 1.012089967727661133e+00 -1.869987100362777710e-01 5.928173065185546875e-01 -7.444991094991505742e-02 3.035795657488859003e-02 9.806565541764031835e-01 1.784609984926956161e-01
1.520621267089966059e+09 9.760056734085083008e-01 -1.700185090303421021e-01 6.218231916427612305e-01 -8.177847208243760324e-02 2.247568163018649062e-02 9.814826597728990576e-01 1.717524783059503901e-01
1.520621267139967442e+09 9.331123232841491699e-01 -1.523408293724060059e-01 6.459718346595764160e-01 -8.761148369050723861e-02 1.299598268667103047e-02 9.827956557951080807e-01 1.620741537377848318e-01
1.520621267189969301e+09 8.836768865585327148e-01 -1.349585950374603271e-01 6.629185676574707031e-01 -8.871619535766242515e-02 3.263565078848983938e-04 9.846815978974728933e-01 1.501048997693623932e-01
1.520621267239810467e+09 8.288918137550354004e-01 -1.182454675436019897e-01 6.734688282012939453e-01 -8.708540860615135437e-02 -1.308839919170631284e-02 9.869417282259470570e-01 1.348734610695487834e-01
1.520621267289811611e+09 7.704463601112365723e-01 -1.023140475153923035e-01 6.776140332221984863e-01 -8.089652573067258878e-02 -2.444363507326940965e-02 9.895862518314576528e-01 1.165217190710749334e-01
1.520621267339813471e+09 7.096493244171142578e-01 -8.716003596782684326e-02 6.741932034492492676e-01 -7.032223787831744233e-02 -2.846408075348881225e-02 9.922406669124664846e-01 9.850399936930501199e-02
1.520621267389814377e+09 6.480451226234436035e-01 -7.256931811571121216e-02 6.632956266403198242e-01 -5.869078126018771602e-02 -2.423250585926492451e-02 9.947375457267351173e-01 8.040766739808520580e-02
1.520621267439816475e+09 5.854644179344177246e-01 -5.833220854401588440e-02 6.464197039604187012e-01 -4.450348862303548508e-02 -1.245566101178688379e-02 9.972624758817676405e-01 5.772218124175229614e-02
1.520621267489817381e+09 5.224161744117736816e-01 -4.320700466632843018e-02 6.257057189941406250e-01 -2.922973813410641511e-02 5.916231930104998323e-03 9.990220137269036904e-01 3.264409130919095070e-02
1.520621267539818287e+09 4.595414996147155762e-01 -2.978929877281188965e-02 6.015466451644897461e-01 -1.363800252143326265e-02 2.687991169726871091e-02 9.995220100869568469e-01 6.872160220875242129e-03
1.520621267589820623e+09 3.973147571086883545e-01 -1.761342957615852356e-02 5.752893090248107910e-01 -4.083867525711366506e-03 4.719327246012067906e-02 9.987374835062228229e-01 -1.671993122577181828e-02
1.520621267639760733e+09 3.382306993007659912e-01 -5.583418998867273331e-03 5.481064915657043457e-01 -7.618221951291236863e-04 6.405044177616679713e-02 9.972831343055968967e-01 -3.637733586761963955e-02
1.520621267689811707e+09 2.815771102905273438e-01 6.830501835793256760e-03 5.206860899925231934e-01 1.658483977084471150e-03 7.748389926609787481e-02 9.955045500528848512e-01 -5.444433496170397041e-02
1.520621267739764929e+09 2.276191115379333496e-01 1.954492367804050446e-02 4.938537776470184326e-01 3.645384634864019639e-03 8.761128664642323094e-02 9.936944111793518664e-01 -6.987410689191650426e-02
1.520621267789765835e+09 1.772034317255020142e-01 3.339159488677978516e-02 4.676860272884368896e-01 5.244216676491534126e-03 9.353992721994733306e-02 9.922520130044776288e-01 -8.160099812930521335e-02
1.520621267839767694e+09 1.302005052566528320e-01 4.858352616429328918e-02 4.431260526180267334e-01 6.262583700250795235e-03 9.699516832546004053e-02 9.911945387974141486e-01 -8.992276477674891744e-02
1.520621267889768839e+09 8.664105832576751709e-02 6.616248190402984619e-02 4.208745658397674561e-01 8.133219104086269677e-03 1.029237824238295185e-01 9.900752949145081860e-01 -9.534912772819041649e-02
1.520621267939770699e+09 4.524033144116401672e-02 8.534813672304153442e-02 4.025825262069702148e-01 1.849131717684149301e-02 1.130149435708359129e-01 9.882108485124144748e-01 -1.016120691705467566e-01
1.520621267989771605e+09 5.179552361369132996e-03 1.061287000775337219e-01 3.887548148632049561e-01 3.403048609795372020e-02 1.262856878300350205e-01 9.853949008592379766e-01 -1.090446716985498388e-01
1.520621268039870739e+09 -3.369561210274696350e-02 1.283140480518341064e-01 3.796605467796325684e-01 4.753562977013030960e-02 1.376118750057835627e-01 9.826297935283311302e-01 -1.150739963250559383e-01
1.520621268089872837e+09 -6.951510161161422729e-02 1.512853205204010010e-01 3.752440512180328369e-01 5.224206148803611782e-02 1.416745741278200299e-01 9.814794974255612869e-01 -1.178858693417012965e-01
1.520621268139873981e+09 -1.024640575051307678e-01 1.751342862844467163e-01 3.763002455234527588e-01 5.313611164335931697e-02 1.377786187010334451e-01 9.817515170490027643e-01 -1.198230555454226354e-01
1.520621268189875841e+09 -1.335464417934417725e-01 1.984404772520065308e-01 3.831499814987182617e-01 5.921510808657194647e-02 1.294557861879849503e-01 9.817614272053710733e-01 -1.260129773016233357e-01
1.520621268239876986e+09 -1.615606844425201416e-01 2.204222083091735840e-01 3.935540616512298584e-01 6.389750499820801011e-02 1.226465619789743611e-01 9.814420280337635694e-01 -1.328400365052462284e-01
1.520621268289878845e+09 -1.855706572532653809e-01 2.415900677442550659e-01 4.052744507789611816e-01 6.010796662872112256e-02 1.179209532065798594e-01 9.815784359046336727e-01 -1.377877182829631841e-01
1.520621268339879751e+09 -2.042627632617950439e-01 2.636420726776123047e-01 4.164371192455291748e-01 4.888826837677516524e-02 1.109406170465412206e-01 9.835695335629013325e-01 -1.337650528027027330e-01
1.520621268389881849e+09 -2.180959880352020264e-01 2.870616316795349121e-01 4.257840216159820557e-01 3.970109275232208690e-02 1.010224589662498812e-01 9.861233771849893248e-01 -1.256143741295373817e-01
1.520621268440059662e+09 -2.288909256458282471e-01 3.098285198211669922e-01 4.333519637584686279e-01 3.612601277144632250e-02 9.227804565336719667e-02 9.877372090490181833e-01 -1.206436046862341960e-01
1.520621268490060806e+09 -2.367290407419204712e-01 3.322551548480987549e-01 4.390181899070739746e-01 2.937214417837008887e-02 8.522361631002754734e-02 9.897052508937841386e-01 -1.111653215831181207e-01
1.520621268540062904e+09 -2.420040369033813477e-01 3.546444773674011230e-01 4.423198401927947998e-01 2.448106914162187508e-02 7.817430744751070748e-02 9.916115340401729927e-01 -9.998010035642118654e-02
1.520621268590063810e+09 -2.455363124608993530e-01 3.757835328578948975e-01 4.443583786487579346e-01 2.221057742079434599e-02 6.960595373426835264e-02 9.932096563840460135e-01 -9.053330835036936530e-02
1.520621268640065908e+09 -2.481282800436019897e-01 3.956977725028991699e-01 4.463560879230499268e-01 2.046706378120112871e-02 5.917993873645994302e-02 9.949241150590174554e-01 -7.877080312752959834e-02
1.520621268690067768e+09 -2.490926235914230347e-01 4.155034720897674561e-01 4.483594000339508057e-01 1.520327296853212634e-02 4.562015565424921981e-02 9.969136133559715063e-01 -6.205569590832753918e-02
1.520621268740069628e+09 -2.489496618509292603e-01 4.353635311126708984e-01 4.505761861801147461e-01 1.184899474766648933e-02 3.018102612919747879e-02 9.985315197683656274e-01 -4.339943564536936915e-02
1.520621268790070772e+09 -2.479962706565856934e-01 4.550487697124481201e-01 4.531052708625793457e-01 9.428284798583236315e-03 1.520263081732227059e-02 9.995795804799617601e-01 -2.281775075445949957e-02
1.520621268840071678e+09 -2.470500618219375610e-01 4.748555719852447510e-01 4.556874036788940430e-01 8.952306757759877567e-03 2.504600027893612389e-03 9.999562696525911010e-01 -1.020766814548434770e-03
1.520621268889868498e+09 -2.457226514816284180e-01 4.942037165164947510e-01 4.574529528617858887e-01 7.260735707363773390e-03 -4.837022381705456155e-03 9.997356619686182944e-01 2.127183865196602061e-02
1.520621268939869165e+09 -2.433028668165206909e-01 5.117256045341491699e-01 4.577679038047790527e-01 4.680498434339279770e-03 -6.733359669997756453e-03 9.991990180940126809e-01 3.916729556557699971e-02
1.520621268989871264e+09 -2.413931041955947876e-01 5.266535878181457520e-01 4.565308392047882080e-01 6.515266979529544741e-03 -4.252554636303924884e-03 9.987967707339566736e-01 4.841980841216735054e-02
1.520621269039872408e+09 -2.390365749597549438e-01 5.389904379844665527e-01 4.538743495941162109e-01 6.907622013038215020e-03 6.566934888541609233e-05 9.981988210568130127e-01 5.959357420435758279e-02
1.520621269089874268e+09 -2.359112501144409180e-01 5.491597652435302734e-01 4.501732587814331055e-01 8.026180553991896574e-03 2.163488354550287870e-03 9.974282092025678059e-01 7.118895441578554362e-02
1.520621269139877319e+09 -2.326523065567016602e-01 5.567792654037475586e-01 4.465145468711853027e-01 7.057434112253535043e-03 3.250456043502671175e-03 9.970629385574796277e-01 7.619136246572824622e-02
1.520621269189877272e+09 -2.303116321563720703e-01 5.620622038841247559e-01 4.430972039699554443e-01 5.239715455681032662e-03 4.607353056969689178e-03 9.971727670206363969e-01 7.481838271547579244e-02
1.520621269239880323e+09 -2.295529097318649292e-01 5.663720965385437012e-01 4.397818744182586670e-01 5.053164255496727687e-03 6.899451588559854520e-03 9.976790188201380971e-01 6.755322719804283949e-02
1.520621269289767027e+09 -2.308986783027648926e-01 5.704752802848815918e-01 4.353803992271423340e-01 2.121379597302661439e-04 1.114755930577785402e-02 9.981026963787100748e-01 6.055323608659360368e-02
1.520621269339848042e+09 -2.322564125061035156e-01 5.752257108688354492e-01 4.307591319084167480e-01 -2.624543319599514837e-03 1.293951055088526925e-02 9.983880872005549412e-01 5.519880592081894549e-02
1.520621269389770031e+09 -2.318922579288482666e-01 5.809016823768615723e-01 4.273990094661712646e-01 -1.994242810420137485e-03 1.401709149294081726e-02 9.984530995799654196e-01 5.376757462310750163e-02
1.520621269439771891e+09 -2.305512726306915283e-01 5.869404673576354980e-01 4.239521026611328125e-01 -4.188467156197860607e-03 1.732208341155021605e-02 9.981289800302441950e-01 5.848881425494257408e-02
1.520621269489772797e+09 -2.283680737018585205e-01 5.927096605300903320e-01 4.201575517654418945e-01 -8.447881298063102812e-03 1.883115696470349931e-02 9.977484958864217823e-01 6.381190943176452690e-02
1.520621269539775133e+09 -2.264573127031326294e-01 5.974527001380920410e-01 4.169163107872009277e-01 -8.864406370225071108e-03 1.820098955377503352e-02 9.977279759616948240e-01 6.425754634551984756e-02
1.520621269589776039e+09 -2.242010086774826050e-01 6.013683080673217773e-01 4.145070314407348633e-01 -8.033019772248727389e-03 1.717369877423495159e-02 9.978645197809401513e-01 6.250547836873346363e-02
1.520621269639777899e+09 -2.222703695297241211e-01 6.055252552032470703e-01 4.133307635784149170e-01 -6.157717737864091927e-03 1.585836167868288904e-02 9.979207629716230210e-01 6.216707896678638767e-02
1.520621269689914465e+09 -2.212372273206710815e-01 6.095557212829589844e-01 4.130389392375946045e-01 -4.036525524351290695e-03 1.673389699719525503e-02 9.979609338530101015e-01 6.146265253149028190e-02
1.520621269739915371e+09 -2.203983813524246216e-01 6.136261820793151855e-01 4.137012958526611328e-01 -3.520469239143183150e-03 1.803680538995216034e-02 9.978172347154665722e-01 6.342748656884354685e-02
1.520621269789917231e+09 -2.197606414556503296e-01 6.177776455879211426e-01 4.157793223857879639e-01 -2.489151882404300881e-03 1.634069707675808031e-02 9.976609879696823890e-01 6.632751182812034185e-02
1.520621269839918375e+09 -2.190867960453033447e-01 6.216455101966857910e-01 4.199193418025970459e-01 -8.778730546402033208e-04 1.199064250127522373e-02 9.976071211897535873e-01 6.808440043650863804e-02
1.520621269889920235e+09 -2.184771299362182617e-01 6.252685189247131348e-01 4.247568845748901367e-01 -2.701723652994828841e-03 7.260937076279345113e-03 9.975457557502386274e-01 6.958767611267543951e-02
1.520621269939921141e+09 -2.174351364374160767e-01 6.290478110313415527e-01 4.298743307590484619e-01 -6.523335574057407410e-03 2.224081345482554171e-03 9.975229724435390466e-01 7.000299281147466524e-02
1.520621269989923477e+09 -2.169369310140609741e-01 6.327770352363586426e-01 4.360859096050262451e-01 -7.913873590287924531e-03 -2.364051080346961983e-03 9.976625517341616289e-01 6.783225438217201086e-02
1.520621270039925337e+09 -2.166097164154052734e-01 6.365186572074890137e-01 4.425181448459625244e-01 -8.396412996950691071e-03 -4.586926562934011756e-03 9.978616023363677812e-01 6.465820084248667665e-02
1.520621270089970112e+09 -2.161058187484741211e-01 6.405736804008483887e-01 4.486086070537567139e-01 -7.130392978706129314e-03 -4.413677650755618194e-03 9.979962267011573962e-01 6.271529666529673808e-02
1.520621270139971972e+09 -2.156085520982742310e-01 6.448959708213806152e-01 4.538271129131317139e-01 -3.986292094677683015e-03 -2.196435141050630431e-03 9.980247125032269961e-01 6.265746867579484458e-02
1.520621270189973116e+09 -2.150711268186569214e-01 6.487061977386474609e-01 4.584783017635345459e-01 2.917057053408606557e-04 3.121657848836272659e-04 9.980783775730144303e-01 6.196264747025845288e-02
1.520621270239974976e+09 -2.146672010421752930e-01 6.521733999252319336e-01 4.624496400356292725e-01 4.201393948623562830e-03 2.332913172838959551e-03 9.980699202577583140e-01 6.191397323455053586e-02
1.520621270289976835e+09 -2.142889797687530518e-01 6.550468206405639648e-01 4.659474194049835205e-01 5.503612063898783574e-03 2.827582154935787215e-03 9.980621611342855859e-01 6.191637542174811826e-02
1.520621270339977980e+09 -2.140593677759170532e-01 6.572808623313903809e-01 4.691248834133148193e-01 4.544699849286203998e-03 1.340365333200182118e-03 9.981015523236101972e-01 6.140716874480442455e-02
1.520621270389980078e+09 -2.143728137016296387e-01 6.589714288711547852e-01 4.719379842281341553e-01 1.852492556808780578e-03 -5.526067652651169828e-04 9.982435041459161162e-01 5.921291520920581725e-02
1.520621270439980984e+09 -2.149743288755416870e-01 6.600364446640014648e-01 4.741683602333068848e-01 -2.433488071070801298e-03 -2.119392557465365427e-03 9.983308606100624871e-01 5.766349854602569047e-02
1.520621270489944220e+09 -2.150894999504089355e-01 6.607420444488525391e-01 4.759936332702636719e-01 -5.960235182120714702e-03 -4.901825294047246900e-03 9.982909241860145055e-01 5.792821759033545820e-02
1.520621270539945364e+09 -2.143718749284744263e-01 6.617221236228942871e-01 4.776977002620697021e-01 -7.388381663637987734e-03 -9.327963225023770330e-03 9.981880630073540761e-01 5.898297879974590679e-02
1.520621270589947224e+09 -2.132784724235534668e-01 6.624991893768310547e-01 4.788741171360015869e-01 -8.363598619566033759e-03 -1.172895495863902036e-02 9.980861141140747739e-01 6.013809646451536567e-02
1.520621270639948130e+09 -2.122770398855209351e-01 6.629676222801208496e-01 4.793774783611297607e-01 -8.224453478750101687e-03 -1.120629586609109447e-02 9.980627532375325739e-01 6.064254198047442507e-02
1.520621270689950228e+09 -2.115345001220703125e-01 6.629040837287902832e-01 4.791168272495269775e-01 -6.554689157564341610e-03 -8.378022557693215119e-03 9.981981249321942862e-01 5.905377354514999844e-02
1.520621270739951134e+09 -2.105731219053268433e-01 6.627277135848999023e-01 4.784387648105621338e-01 -5.582536547469592152e-03 -6.859851972491130302e-03 9.982558447256009160e-01 5.836990823865279010e-02
1.520621270789954185e+09 -2.094561606645584106e-01 6.624601483345031738e-01 4.790863096714019775e-01 -5.207329322158976703e-03 -8.770191704042367906e-03 9.982587906498935348e-01 5.809779986382378192e-02
1.520621270839955330e+09 -2.084011733531951904e-01 6.621919274330139160e-01 4.811047911643981934e-01 -5.975755670509466655e-03 -1.264097314610068343e-02 9.981888807330191460e-01 5.851029416306588460e-02
1.520621270889924049e+09 -2.075681686401367188e-01 6.614824533462524414e-01 4.832484424114227295e-01 -5.040549466172788810e-03 -1.375536936665768678e-02 9.982050843451225619e-01 5.806885793790322187e-02
1.520621270939927816e+09 -2.072344869375228882e-01 6.602407693862915039e-01 4.849660992622375488e-01 -3.521405593252644947e-03 -1.351818522871741680e-02 9.983722474463964103e-01 5.529659934934046117e-02
1.520621270989926815e+09 -2.072968631982803345e-01 6.589940786361694336e-01 4.860143065452575684e-01 -4.211750230534810208e-03 -1.458025031394096643e-02 9.984796962803036413e-01 5.299031587724944981e-02
1.520621271039928913e+09 -2.075841873884201050e-01 6.580225825309753418e-01 4.871970713138580322e-01 -6.329242017452777619e-03 -1.811085420037595456e-02 9.985056922137146573e-01 5.116952484074765301e-02
1.520621271089929819e+09 -2.079381793737411499e-01 6.573399305343627930e-01 4.884245693683624268e-01 -7.669322264008598955e-03 -2.131355630545353139e-02 9.985151969595436050e-01 4.954104615840300430e-02
1.520621271139931679e+09 -2.083223313093185425e-01 6.569061279296875000e-01 4.892762899398803711e-01 -7.775952628793077540e-03 -2.294278396179297297e-02 9.986140200518570653e-01 4.672474912363284993e-02
1.520621271189932823e+09 -2.085540294647216797e-01 6.566020250320434570e-01 4.901980161666870117e-01 -7.432574854695348301e-03 -2.194544109084489020e-02 9.987202263565314597e-01 4.495624442406421367e-02
1.520621271239934921e+09 -2.086149305105209351e-01 6.560253500938415527e-01 4.903133213520050049e-01 -7.018969955530037809e-03 -1.615623034190751331e-02 9.989169972102177608e-01 4.306440486555395547e-02
1.520621271289936781e+09 -2.091886252164840698e-01 6.548990011215209961e-01 4.889146387577056885e-01 -7.965962207882277407e-03 -1.263777601387146461e-02 9.990535134347423574e-01 4.085226257164784047e-02
1.520621271339889288e+09 -2.096770852804183960e-01 6.535500288009643555e-01 4.885385334491729736e-01 -9.224976676253443184e-03 -1.583589099843287981e-02 9.990582155232633488e-01 3.932945915062893705e-02
1.520621271389891386e+09 -2.097640633583068848e-01 6.524538397789001465e-01 4.885108470916748047e-01 -1.032409384099200987e-02 -2.083959494897493978e-02 9.989905965468230953e-01 3.843061773830513256e-02
1.520621271439892292e+09 -2.096757739782333374e-01 6.514909267425537109e-01 4.881428480148315430e-01 -9.455116050726639423e-03 -2.190610670270469809e-02 9.990188637025876339e-01 3.730996161868090077e-02
1.520621271489894152e+09 -2.096268832683563232e-01 6.505662202835083008e-01 4.863772690296173096e-01 -7.764084132816570331e-03 -1.880135056232978136e-02 9.991410201804477031e-01 3.610332404897654418e-02
1.520621271539895296e+09 -2.093314528465270996e-01 6.495651006698608398e-01 4.841705858707427979e-01 -7.316891373859749428e-03 -1.602421844341549162e-02 9.992062778135344381e-01 3.572816678648095545e-02
1.520621271589897394e+09 -2.087913006544113159e-01 6.485612392425537109e-01 4.825660884380340576e-01 -7.120937081690138955e-03 -1.531485741673871588e-02 9.992293081117678000e-01 3.543356047395668229e-02
1.520621271639898539e+09 -2.079016566276550293e-01 6.476026773452758789e-01 4.815990030765533447e-01 -7.270649233881721837e-03 -1.509655951810224064e-02 9.992392876847558947e-01 3.521473409946383054e-02
1.520621271689900398e+09 -2.067888528108596802e-01 6.465570926666259766e-01 4.807092845439910889e-01 -6.971983109185629461e-03 -1.372031190021114587e-02 9.992771558589979009e-01 3.476075763325588153e-02
1.520621271739892483e+09 -2.059160768985748291e-01 6.458522081375122070e-01 4.795897901058197021e-01 -7.626638131185513661e-03 -1.165273390005346944e-02 9.993349116001987165e-01 3.370137446000450593e-02
1.520621271789893627e+09 -2.047111690044403076e-01 6.449803709983825684e-01 4.785706102848052979e-01 -9.805860966023175959e-03 -9.362360497712567467e-03 9.993596114502552030e-01 3.311432165424687407e-02
1.520621271839895725e+09 -2.038676589727401733e-01 6.444449424743652344e-01 4.771133661270141602e-01 -1.093786486858114824e-02 -7.269256266910941247e-03 9.993454196345189500e-01 3.370835624811636955e-02
1.520621271889896631e+09 -2.024979442358016968e-01 6.439870595932006836e-01 4.762520194053649902e-01 -1.098219334526634103e-02 -6.534208163509263971e-03 9.993175282925071956e-01 3.465794570307361572e-02
1.520621271939898729e+09 -2.011441737413406372e-01 6.438562870025634766e-01 4.749254584312438965e-01 -1.051490034981799292e-02 -6.991058296235735242e-03 9.993122468570394545e-01 3.486538765118610966e-02
1.520621271989900589e+09 -1.997856497764587402e-01 6.436544060707092285e-01 4.743620157241821289e-01 -9.395252358601634268e-03 -7.413607584382686348e-03 9.993079906861166428e-01 3.521799833294427667e-02
1.520621272039901495e+09 -1.984045654535293579e-01 6.435266137123107910e-01 4.742702841758728027e-01 -8.104791534657904833e-03 -7.860858604527032681e-03 9.992657492872020208e-01 3.661258742107798697e-02
1.520621272089903593e+09 -1.967562884092330933e-01 6.435489058494567871e-01 4.742241501808166504e-01 -7.577889656255090180e-03 -9.556102051518654272e-03 9.991803226918084535e-01 3.859973118342147763e-02
1.520621272139934301e+09 -1.950759291648864746e-01 6.432979702949523926e-01 4.747566878795623779e-01 -7.949674946351596369e-03 -1.229787635718997130e-02 9.991061671477311501e-01 3.965389858160874720e-02
1.520621272189937353e+09 -1.934946030378341675e-01 6.426520347595214844e-01 4.752177000045776367e-01 -8.878233728576148329e-03 -1.424158439383803668e-02 9.990165105361927811e-01 4.104102722767532380e-02
1.520621272239938498e+09 -1.919609606266021729e-01 6.416947841644287109e-01 4.759047329425811768e-01 -9.787493313201790432e-03 -1.617421197885337072e-02 9.989176914941719776e-01 4.249759359612573228e-02
1.520621272289939404e+09 -1.906007975339889526e-01 6.409384608268737793e-01 4.760401844978332520e-01 -1.196617511806360827e-02 -1.643492301104951953e-02 9.989006698851239374e-01 4.223926682265263105e-02
