# timestamp tx ty tz qx qy qz qw
1.520621175986840725e+09 0.000000000000000000e+00 0.000000000000000000e+00 0.000000000000000000e+00 -5.000749464212066869e-02 4.845589637468553090e-02 0.000000000000000000e+00 9.975726923819355774e-01
1.520621176036842823e+09 6.029814248904585838e-04 4.107526328880339861e-04 5.599949508905410767e-05 -5.000332682422048425e-02 4.394737205374209948e-02 -4.082076202110920468e-03 9.977733372113929411e-01
1.520621176086894035e+09 3.949353471398353577e-03 3.332021413370966911e-03 -1.224955543875694275e-03 -4.089709171947773780e-02 3.784833291430040464e-02 -5.827939319355331972e-03 9.984292497256811449e-01
1.520621176136830807e+09 1.002243626862764359e-02 8.545083925127983093e-03 -4.050006158649921417e-03 -2.751236189460954176e-02 3.563317744771924561e-02 -5.616753379687494489e-03 9.989703692750007136e-01
1.520621176186832666e+09 -4.258565604686737061e-04 1.669473247602581978e-03 1.091179292416200042e-04 1.787535876621100181e-02 -1.840116673697118205e-02 -5.752756449080559286e-07 9.996708801457440119e-01
1.520621176236833811e+09 1.412617624737322330e-03 3.730785101652145386e-03 -2.787272678688168526e-03 1.850172584583504795e-02 -5.418567606442714624e-03 5.639490812606349004e-03 9.997982403511191940e-01
1.520621176286835909e+09 2.451435429975390434e-03 5.279850680381059647e-03 -3.001652192324399948e-03 7.810266957999334111e-03 -2.060506441110623432e-03 4.462945628598417522e-03 9.999574171731349104e-01
1.520621176336837053e+09 3.123519942164421082e-03 7.652146741747856140e-03 -2.252926351502537727e-03 -2.533581177262821961e-04 -3.618476994941160520e-03 8.681698458155976978e-04 9.999930443333193697e-01
1.520621176386838913e+09 3.731874749064445496e-03 1.044550258666276932e-02 -1.767484820447862148e-03 -2.421189362787446592e-03 -6.256869607019645459e-03 -1.390042266570195358e-03 9.999765283281840667e-01
1.520621176436839819e+09 4.043570719659328461e-03 1.379469223320484161e-02 -1.743219327181577682e-03 -2.648246981663897239e-03 -7.598590224671217079e-03 2.563661877599673553e-04 9.999675907202689729e-01
1.520621176486861229e+09 3.906281664967536926e-03 1.641951501369476318e-02 -2.238708082586526871e-03 1.628358582806198589e-03 -7.069363116571480282e-03 1.721493748777281653e-03 9.999722041200569400e-01
1.520621176536863089e+09 2.897636266425251961e-03 1.884209923446178436e-02 -2.635943703353404999e-03 5.776279480873713727e-03 -9.804268155334739526e-03 2.608790937212461872e-03 9.999318502433768296e-01
1.520621176586863995e+09 1.826167106628417969e-03 2.162670716643333435e-02 -2.888864139094948769e-03 7.810115043879213050e-03 -1.115819089763717652e-02 4.676437567459090436e-03 9.998963085293249842e-01
1.520621176636866093e+09 1.596732618054375052e-04 2.397328615188598633e-02 -2.282093279063701630e-03 7.306806506326279406e-03 -1.417783229295273978e-02 7.086677247079558629e-03 9.998476777268362481e-01
1.520621176686866999e+09 -1.925493474118411541e-03 2.637371420860290527e-02 -1.344778691418468952e-03 7.328546307847814967e-03 -1.861845626185110875e-02 8.935558246127938906e-03 9.997598718163623888e-01
1.520621176736868858e+09 -4.389987327158451080e-03 2.861892618238925934e-02 -3.462394233793020248e-04 9.681891443385774038e-03 -2.383492649900692539e-02 9.253196220856439030e-03 9.996261979442934154e-01
1.520621176786870003e+09 -6.382900290191173553e-03 3.090791031718254089e-02 1.022502838168293238e-04 1.572017481274083292e-02 -2.771727419362364497e-02 1.028657468174236540e-02 9.994392503781553971e-01
1.520621176836872101e+09 -8.207627572119235992e-03 3.241237998008728027e-02 -1.537872594781219959e-04 2.337566546296269976e-02 -2.950713696016389262e-02 1.115661849139723549e-02 9.992289212169627177e-01
1.520621176886877298e+09 -1.019765529781579971e-02 3.318847715854644775e-02 -3.451702068559825420e-04 2.863430677504963731e-02 -3.270046656315334088e-02 1.151325973842476716e-02 9.989885889299537913e-01
1.520621176936878204e+09 -1.212832238525152206e-02 3.368506953120231628e-02 -4.187336598988622427e-04 3.012815045805077724e-02 -3.407253616053305262e-02 1.135830926561582840e-02 9.989005684452245681e-01
1.520621176986880302e+09 -1.379340048879384995e-02 3.386873006820678711e-02 -3.481370222289115191e-04 2.842765968879674282e-02 -3.294273219214705756e-02 9.768310376223068858e-03 9.990051174407107437e-01
1.520621177036882162e+09 -1.518641319125890732e-02 3.383142873644828796e-02 -3.593469446059316397e-04 2.582006266231084632e-02 -3.197682554183108733e-02 8.134323862658448742e-03 9.991219343842266953e-01
1.520621177086883068e+09 -1.647826656699180603e-02 3.374186158180236816e-02 -6.999394972808659077e-04 2.466509035220243104e-02 -3.166451198012043555e-02 6.945567901863038823e-03 9.991700311185774952e-01
1.520621177136885405e+09 -1.820166222751140594e-02 3.367200493812561035e-02 -1.461892738007009029e-03 2.545916167428419197e-02 -3.084084803007111630e-02 5.316610659656754827e-03 9.991858720131718830e-01
1.520621177186887264e+09 -1.992023736238479614e-02 3.366496786475181580e-02 -2.202492207288742065e-03 2.814661351484254795e-02 -3.129015131845207937e-02 4.838388900440803407e-03 9.991022392983425204e-01
1.520621177236888170e+09 -2.206674218177795410e-02 3.368536755442619324e-02 -3.078649286180734634e-03 3.084698654625653291e-02 -3.008526340963420254e-02 3.638813460903476266e-03 9.990646122164394960e-01
1.520621177286936760e+09 -2.452475950121879578e-02 3.382644057273864746e-02 -3.636667272076010704e-03 3.217673482965981852e-02 -2.855856174350556581e-02 2.128712706396151694e-03 9.990718366909646653e-01
1.520621177336937904e+09 -2.730164490640163422e-02 3.408877179026603699e-02 -3.474805038422346115e-03 3.164859733592215868e-02 -2.712006012580510730e-02 1.645971721761089242e-04 9.991310432236665262e-01
1.520621177386938810e+09 -3.006036952137947083e-02 3.445263952016830444e-02 -2.887902781367301941e-03 2.983449339164514005e-02 -2.612685568768531932e-02 -2.448972345028123908e-03 9.992103346895447880e-01
1.520621177436940670e+09 -3.277312591671943665e-02 3.465868905186653137e-02 -2.228075405582785606e-03 2.803945347405896807e-02 -2.558928364813371076e-02 -4.625797417378786983e-03 9.992685222749212448e-01
1.520621177486941814e+09 -3.516224026679992676e-02 3.465635702013969421e-02 -2.069835085421800613e-03 2.782378985550550132e-02 -2.516489362986770381e-02 -6.437950023741589867e-03 9.992752962253024229e-01
1.520621177536943674e+09 -3.721613436937332153e-02 3.450345993041992188e-02 -2.092153532430529594e-03 2.963160507260785906e-02 -2.457029720171215528e-02 -7.869536908969253924e-03 9.992278713412066082e-01
1.520621177586948633e+09 -3.868299350142478943e-02 3.452878072857856750e-02 -2.414902672171592712e-03 3.182592910207809878e-02 -2.405976259002850365e-02 -8.942861822664040922e-03 9.991637820113985491e-01
1.520621177636946678e+09 -3.966403752565383911e-02 3.444575518369674683e-02 -2.421966521069407463e-03 3.356647723357611413e-02 -2.369908702924142935e-02 -1.047796339602752660e-02 9.991005240531002363e-01
1.520621177686960220e+09 -4.017976298928260803e-02 3.433056548237800598e-02 -2.251019235700368881e-03 3.476603149504369633e-02 -2.305526353474236789e-02 -1.221840579245647186e-02 9.990547975147909820e-01
1.520621177736958981e+09 -4.028632491827011108e-02 3.394483774900436401e-02 -1.867879298515617847e-03 3.453927085819775977e-02 -2.218916993721500169e-02 -1.408925081967992397e-02 9.990576422396366674e-01
1.520621177786961079e+09 -3.985082358121871948e-02 3.351905569434165955e-02 -1.325879828073084354e-03 3.331907719141319335e-02 -2.138629851565992251e-02 -1.516969633856638487e-02 9.991007685133204141e-01
1.520621177836962223e+09 -3.884919732809066772e-02 3.322218358516693115e-02 -8.368978742510080338e-04 3.269669650091232282e-02 -2.036887881370506512e-02 -1.532881643191675268e-02 9.991401614391228758e-01
1.520621177886964083e+09 -3.753653168678283691e-02 3.290732577443122864e-02 -6.158541073091328144e-04 3.347280469546831672e-02 -1.947800912930911649e-02 -1.481891821840464023e-02 9.991399192150284270e-01
1.520621177936965227e+09 -3.602890297770500183e-02 3.275090828537940979e-02 -9.456305415369570255e-04 3.569016094816494095e-02 -1.859094875551849102e-02 -1.402533093147413819e-02 9.990915269023785683e-01
1.520621177986967087e+09 -3.457430750131607056e-02 3.276844695210456848e-02 -1.346827135421335697e-03 3.777559996618081589e-02 -1.777745864859681807e-02 -1.345030232254164002e-02 9.990375645483130507e-01
1.520621178036968946e+09 -3.340430557727813721e-02 3.274324908852577209e-02 -1.732724136672914028e-03 3.792495856739281496e-02 -1.771398554864659844e-02 -1.275840531119931329e-02 9.990421088860863552e-01
1.520621178086983204e+09 -3.228548914194107056e-02 3.273218125104904175e-02 -1.839104923419654369e-03 3.686713344559910260e-02 -1.792742085453331163e-02 -1.189392405875502878e-02 9.990885629530015244e-01
1.520621178136985064e+09 -3.127042949199676514e-02 3.258810192346572876e-02 -1.578660216182470322e-03 3.606166097371450718e-02 -1.747377854939255459e-02 -1.116399678067585451e-02 9.991344198089187056e-01
1.520621178186985970e+09 -3.007661737501621246e-02 3.208037465810775757e-02 -1.360218739137053490e-03 3.548225512949128996e-02 -1.596522964928458535e-02 -1.104430963544120702e-02 9.991817373420351922e-01
1.520621178236988306e+09 -2.871828339993953705e-02 3.126503527164459229e-02 -8.286302327178418636e-04 3.506433193709904139e-02 -1.455430303564775145e-02 -1.055898230442848910e-02 9.992232847475314150e-01
1.520621178286989212e+09 -2.735354937613010406e-02 3.073100931942462921e-02 -3.175646997988224030e-04 3.499647777031931334e-02 -1.346309406905599193e-02 -9.591872261361676644e-03 9.992507130987102748e-01
1.520621178336991072e+09 -2.612947113811969757e-02 3.067305125296115875e-02 1.925071119330823421e-04 3.448433606850295069e-02 -1.276014531647111025e-02 -8.614713770386833724e-03 9.992866435433185313e-01
1.520621178386992216e+09 -2.525651454925537109e-02 3.066908940672874451e-02 6.725981365889310837e-04 3.342222656229256600e-02 -1.252915099436683645e-02 -7.960983221755747047e-03 9.993310752163778732e-01
1.520621178436994076e+09 -2.486542053520679474e-02 3.048683144152164459e-02 1.063746749423444271e-03 3.236709850215496731e-02 -1.296760957028798150e-02 -7.462371939621165358e-03 9.993640603111655363e-01
1.520621178486996174e+09 -2.497176267206668854e-02 3.030755929648876190e-02 9.173763683065772057e-04 3.251694248610723093e-02 -1.419094461023238593e-02 -6.886022997540476760e-03 9.993467107214102363e-01
1.520621178536998510e+09 -2.527116052806377411e-02 3.030579909682273865e-02 1.553175097797065973e-04 3.439691737880370276e-02 -1.519342545061116122e-02 -6.585326189515959203e-03 9.992710570095033606e-01
1.520621178587000608e+09 -2.584171481430530548e-02 3.041666559875011444e-02 -9.281069505959749222e-04 3.659479458555357084e-02 -1.607342520384966861e-02 -6.480944394117469330e-03 9.991798953998313193e-01
1.520621178637001514e+09 -2.663136459887027740e-02 3.063936717808246613e-02 -1.929455553181469440e-03 3.797116975395441879e-02 -1.690515568106436967e-02 -6.267735749973715048e-03 9.991161701561455111e-01
1.520621178687003374e+09 -2.766988240182399750e-02 3.065078705549240112e-02 -2.702793339267373085e-03 3.814850335360604056e-02 -1.768586393669046089e-02 -6.707360432538592501e-03 9.990930453289728064e-01
1.520621178737005711e+09 -2.881599962711334229e-02 3.044747002422809601e-02 -3.294025780633091927e-03 3.799728087234911095e-02 -1.800989256805234431e-02 -6.971614968653283562e-03 9.990912105512307351e-01
1.520621178787006617e+09 -2.989616431295871735e-02 3.023193962872028351e-02 -3.854233538731932640e-03 3.886800105122011073e-02 -1.783537607649087267e-02 -7.618748746245984985e-03 9.990561208070515287e-01
1.520621178837007523e+09 -3.100058995187282562e-02 3.009651787579059601e-02 -4.391331691294908524e-03 4.061789982419082567e-02 -1.747597667620803472e-02 -8.447425953734320411e-03 9.989861948234525224e-01
1.520621178887009621e+09 -3.213217109441757202e-02 2.994721196591854095e-02 -4.834019113332033157e-03 4.318477440837078379e-02 -1.714715490255619423e-02 -9.482985043839714176e-03 9.988749287737199722e-01
1.520621178937018871e+09 -3.302764892578125000e-02 2.945996634662151337e-02 -5.411928053945302963e-03 4.497732984090660469e-02 -1.704737177956035243e-02 -1.016641970830394447e-02 9.987908043359762233e-01
1.520621178987021923e+09 -3.337556123733520508e-02 2.859367802739143372e-02 -5.870530381798744202e-03 4.534547699542271215e-02 -1.702974521717962736e-02 -9.948068130699009790e-03 9.987766574336640613e-01
1.520621179037021875e+09 -3.281837701797485352e-02 2.737296931445598602e-02 -5.893008317798376083e-03 4.508979563752325143e-02 -1.669495532489089634e-02 -8.899065557751561356e-03 9.988037822456747872e-01
1.520621179087023020e+09 -3.110620006918907166e-02 2.558728493750095367e-02 -5.245887674391269684e-03 4.498247686451851274e-02 -1.527998650224334648e-02 -6.650797385863487822e-03 9.988487701758240744e-01
1.520621179137024879e+09 -2.781404182314872742e-02 2.290331572294235229e-02 -3.749491414055228233e-03 4.421313931520086393e-02 -1.422213509158120996e-02 -3.781876594731000112e-03 9.989137232988410942e-01
1.520621179187026739e+09 -2.307210490107536316e-02 1.936593838036060333e-02 -1.130450284108519554e-03 4.379165190173516659e-02 -1.354963710388249788e-02 -1.178804906165262061e-03 9.989481012430343476e-01
1.520621179237027884e+09 -1.689596660435199738e-02 1.512753311544656754e-02 1.988821197301149368e-03 4.353099335985486512e-02 -1.260355958809742001e-02 1.602739684990785174e-03 9.989712879399066381e-01
1.520621179287029743e+09 -9.257104247808456421e-03 9.652489796280860901e-03 5.456958431750535965e-03 4.223833006179038285e-02 -1.215130491087992697e-02 4.076489494020459937e-03 9.990253507774260466e-01
1.520621179337083817e+09 1.798555604182183743e-05 3.260376630350947380e-03 9.649408049881458282e-03 4.096437499212252087e-02 -1.134767443525712578e-02 5.698798990210026533e-03 9.990799136988417484e-01
1.520621179387059689e+09 1.077101472765207291e-02 -3.791225841268897057e-03 1.440865453332662582e-02 4.158380954923514977e-02 -1.058956503523935180e-02 7.714353417874813927e-03 9.990491162335721764e-01
1.520621179437060595e+09 2.342705614864826202e-02 -1.140234619379043579e-02 1.946563273668289185e-02 4.352580586158036335e-02 -8.718579667447688003e-03 9.056128208223799408e-03 9.989732114198851542e-01
1.520621179487062693e+09 3.788887336850166321e-02 -1.982145570218563080e-02 2.454322949051856995e-02 4.430229715217515185e-02 -6.440868318543637415e-03 9.832484926998327768e-03 9.989490196814369005e-01
1.520621179537063837e+09 5.434393510222434998e-02 -2.932662516832351685e-02 2.978110499680042267e-02 4.237675001879106368e-02 -4.753384829039921169e-03 1.065382940350387969e-02 9.990335891798398649e-01
1.520621179587065697e+09 7.290027290582656860e-02 -3.987799957394599915e-02 3.550539538264274597e-02 3.758444480173661617e-02 -4.052190872261785155e-03 1.015673069727570169e-02 9.992336213717104565e-01
1.520621179637066841e+09 9.307622164487838745e-02 -5.110018327832221985e-02 4.246442764997482300e-02 3.308841097012162752e-02 -5.149872792129227446e-03 8.692917107754655551e-03 9.994013553432148367e-01
1.520621179687068701e+09 1.147051900625228882e-01 -6.240190938115119934e-02 5.051258951425552368e-02 3.055014334261777278e-02 -7.378086590802575978e-03 7.385561851592698825e-03 9.994787171601706710e-01
1.520621179737066984e+09 1.379161179065704346e-01 -7.350698113441467285e-02 5.929971113801002502e-02 2.872940828259452906e-02 -9.849886809641392529e-03 6.250523284400744291e-03 9.995191502858964405e-01
1.520621179787067890e+09 1.624608784914016724e-01 -8.440114557743072510e-02 6.937479227781295776e-02 2.525193681159875955e-02 -1.165617759903638667e-02 5.444312671118664744e-03 9.995983356681731324e-01
1.520621179837070227e+09 1.880404651165008545e-01 -9.514263272285461426e-02 8.048727363348007202e-02 1.905753517995446844e-02 -1.171020989359589613e-02 3.100435733615760064e-03 9.997450018056476262e-01
1.520621179887071133e+09 2.145798057317733765e-01 -1.056899726390838623e-01 9.260402619838714600e-02 1.000332124366084922e-02 -1.235615485970492471e-02 1.178934754876762199e-03 9.998729264831720531e-01
1.520621179937072992e+09 2.421093732118606567e-01 -1.155566051602363586e-01 1.053014546632766724e-01 5.496350783297422474e-04 -1.550086732013047919e-02 1.580032360852093635e-04 9.998796907871375650e-01
1.520621179987074137e+09 2.704568207263946533e-01 -1.248889937996864319e-01 1.180745512247085571e-01 -6.897659434714434150e-03 -2.007717296464151327e-02 -6.349225382932878773e-04 9.997744377075464817e-01
1.520621180037075996e+09 2.991275191307067871e-01 -1.342478841543197632e-01 1.306907236576080322e-01 -1.210553547728141811e-02 -2.409399439601489501e-02 -2.046973171355615136e-03 9.996343058067228560e-01
1.520621180087078094e+09 3.280822038650512695e-01 -1.437934339046478271e-01 1.436563283205032349e-01 -1.552687831789621720e-02 -2.766334393010302581e-02 -3.610405062982127017e-03 9.994901802557079051e-01
1.520621180136997223e+09 3.567391037940979004e-01 -1.527775228023529053e-01 1.572504937648773193e-01 -1.592281058364065915e-02 -3.171849936352123117e-02 -3.680455429357240744e-03 9.993632248332317003e-01
1.520621180186999083e+09 3.851603865623474121e-01 -1.609899103641510010e-01 1.702938526868820190e-01 -1.315608368344398441e-02 -3.351697530002811093e-02 -4.640163155198226766e-03 9.993407820732348457e-01
1.520621180237000227e+09 4.128013253211975098e-01 -1.686036139726638794e-01 1.829920560121536255e-01 -9.339311798630168387e-03 -3.189439599047016322e-02 -4.184351637141842974e-03 9.994388505360934927e-01
1.520621180287002325e+09 4.392583966255187988e-01 -1.751695424318313599e-01 1.945744156837463379e-01 -5.195283145096270261e-03 -2.911911800627319316e-02 -3.042451229987435182e-03 9.995578169821354164e-01
1.520621180337004185e+09 4.643007516860961914e-01 -1.808567792177200317e-01 2.051339447498321533e-01 -2.500968693968710303e-03 -2.676472936592928092e-02 -2.765116741041727193e-04 9.996385936721603471e-01
1.520621180387005329e+09 4.881183207035064697e-01 -1.857296973466873169e-01 2.151231914758682251e-01 -3.429838112865292356e-03 -2.767079049679303446e-02 4.106627923667251039e-03 9.996027706898868992e-01
1.520621180437007189e+09 5.106951594352722168e-01 -1.894031763076782227e-01 2.248833030462265015e-01 -6.672029593616526054e-03 -3.115218385956732006e-02 8.962995960770473239e-03 9.994521950375058195e-01
1.520621180487008333e+09 5.318784117698669434e-01 -1.920467466115951538e-01 2.329934239387512207e-01 -1.103125128054291935e-02 -3.559052905413678802e-02 1.163596926620172334e-02 9.992378245223046962e-01
1.520621180536947966e+09 5.519986152648925781e-01 -1.939468681812286377e-01 2.388106286525726318e-01 -1.709903711892492295e-02 -4.100582965893580928e-02 1.133852874762584714e-02 9.989482382132857108e-01
1.520621180586950064e+09 5.709246993064880371e-01 -1.952256262302398682e-01 2.430028915405273438e-01 -2.513577762542248961e-02 -4.688436488503613941e-02 9.049815030260045454e-03 9.985430135254116379e-01
1.520621180636950970e+09 5.883325934410095215e-01 -1.959578841924667358e-01 2.457836866378784180e-01 -3.426849571032154068e-02 -5.110809730853466126e-02 6.873085832748432843e-03 9.980813560438791532e-01
1.520621180686953068e+09 6.051500439643859863e-01 -1.957821846008300781e-01 2.468238770961761475e-01 -4.284898125216196618e-02 -5.511781115258927721e-02 6.508077859497580879e-03 9.975387895325044108e-01
1.520621180736953974e+09 6.210830807685852051e-01 -1.945983767509460449e-01 2.460354864597320557e-01 -5.014930813746700661e-02 -5.600258128499527310e-02 6.940917317123818098e-03 9.971462186908937042e-01
1.520621180786957979e+09 6.353151798248291016e-01 -1.920334100723266602e-01 2.428105920553207397e-01 -5.413605902182426488e-02 -5.611738429071663065e-02 8.605151592571729652e-03 9.969182903628673875e-01
1.520621180836956978e+09 6.469347476959228516e-01 -1.885634958744049072e-01 2.361090779304504395e-01 -5.271161298761509184e-02 -5.510247820197142210e-02 1.659824311247059397e-02 9.969501998985829117e-01
1.520621180886958838e+09 6.569689512252807617e-01 -1.843726187944412231e-01 2.265636473894119263e-01 -4.477161405290932400e-02 -5.467235503064397928e-02 2.895085611726365069e-02 9.970798784954884031e-01
1.520621180936959743e+09 6.636235713958740234e-01 -1.795516312122344971e-01 2.127313017845153809e-01 -2.971400535509891375e-02 -5.388848535639982618e-02 4.377365899665351667e-02 9.971444107098003107e-01
1.520621180986958027e+09 6.658670306205749512e-01 -1.749144941568374634e-01 1.960225999355316162e-01 -1.020959864913596228e-02 -5.285662449206171565e-02 5.915974866543477484e-02 9.967958996106330849e-01
1.520621181036875963e+09 6.628102660179138184e-01 -1.710450053215026855e-01 1.780136525630950928e-01 1.012403710660873986e-02 -5.064124273658959785e-02 7.423351752257273395e-02 9.959027830481165244e-01
1.520621181086878061e+09 6.538061499595642090e-01 -1.682487875223159790e-01 1.608414798974990845e-01 2.625014217825826293e-02 -4.359802532992823609e-02 8.818811035140394772e-02 9.948029952787641461e-01
1.520621181136878967e+09 6.375390291213989258e-01 -1.671271920204162598e-01 1.465156674385070801e-01 3.513595759755392539e-02 -3.373648899672247042e-02 9.821498185431053185e-02 9.939723995832251413e-01
1.520621181186881065e+09 6.139752864837646484e-01 -1.687453091144561768e-01 1.353922486305236816e-01 3.742086872210316495e-02 -2.495705326228815635e-02 1.064391653401038224e-01 9.933013279756796043e-01
1.520621181236881971e+09 5.856199860572814941e-01 -1.719778776168823242e-01 1.283823698759078979e-01 3.384078914679009703e-02 -1.949339660859015014e-02 1.121434379116962449e-01 9.929242961132174194e-01
1.520621181286883831e+09 5.507606863975524902e-01 -1.767995208501815796e-01 1.256459504365921021e-01 2.900717464166979731e-02 -1.601463484759218375e-02 1.159879811455356707e-01 9.926977906290456177e-01
1.520621181336886168e+09 5.103549361228942871e-01 -1.821846216917037964e-01 1.265713423490524292e-01 2.469995147287813372e-02 -1.343149265973056158e-02 1.174053875689973353e-01 9.926859938429385410e-01
1.520621181387021303e+09 4.639444351196289062e-01 -1.872477084398269653e-01 1.305473595857620239e-01 2.104719867343940454e-02 -9.143548812765392789e-03 1.144532535661241524e-01 9.931635634130149271e-01
1.520621181437023401e+09 4.127881824970245361e-01 -1.920607089996337891e-01 1.361142843961715698e-01 1.941911204816766309e-02 -7.060608882867368090e-03 1.119849691431568650e-01 9.934950490945941848e-01
1.520621181487024546e+09 3.573480844497680664e-01 -1.957627385854721069e-01 1.437209844589233398e-01 1.920032286660712864e-02 -5.101437605243480666e-03 1.091588048941480454e-01 9.938257786203067434e-01
1.520621181537026405e+09 2.985568344593048096e-01 -1.975116282701492310e-01 1.527638435363769531e-01 2.125723998811422655e-02 -3.593348608179439650e-03 1.071802286198311610e-01 9.940058431351742607e-01
1.520621181587027550e+09 2.366135418415069580e-01 -1.979098767042160034e-01 1.624452620744705200e-01 2.355836141373635062e-02 -1.286222961116201225e-03 1.040249829826101202e-01 9.942948014313772731e-01
1.520621181637029409e+09 1.726453602313995361e-01 -1.965026259422302246e-01 1.722369641065597534e-01 2.390821907434816096e-02 4.665004736798077350e-04 1.003989901228177217e-01 9.946598525226194587e-01
1.520621181687031507e+09 1.084175407886505127e-01 -1.937717497348785400e-01 1.817647516727447510e-01 2.106435431212036469e-02 4.332005525094127866e-05 9.902500457734272898e-02 9.948619701090415379e-01
1.520621181737032652e+09 4.478747025132179260e-02 -1.900442838668823242e-01 1.905623376369476318e-01 1.583936431391757757e-02 2.298678494764532041e-03 9.715574194408427289e-02 9.951404887866854843e-01
1.520621181787099838e+09 -1.756756007671356201e-02 -1.863518357276916504e-01 1.983062326908111572e-01 1.193555230239319934e-02 7.530331900794843582e-03 9.415261226749981061e-02 9.954577451082022854e-01
1.520621181837101698e+09 -7.792438566684722900e-02 -1.828905045986175537e-01 2.043930888175964355e-01 1.323287053451196842e-02 1.634026452667676141e-02 8.862732066695322430e-02 9.958429017289887053e-01
1.520621181887102604e+09 -1.360911428928375244e-01 -1.795696318149566650e-01 2.089554667472839355e-01 2.094443288932965053e-02 2.215559366024629287e-02 8.141679162256824920e-02 9.962137152450740718e-01
1.520621181937104702e+09 -1.913511008024215698e-01 -1.769845634698867798e-01 2.125485390424728394e-01 3.149221629447927079e-02 2.327917548687878646e-02 7.123285061354094061e-02 9.966906246649367418e-01
1.520621181987105608e+09 -2.446974962949752808e-01 -1.747775524854660034e-01 2.147382199764251709e-01 3.982343432832023689e-02 2.126938428095547992e-02 6.186408406842666685e-02 9.970629581290149090e-01
1.520621182037106514e+09 -2.968419492244720459e-01 -1.737125068902969360e-01 2.160650640726089478e-01 4.642382715598072224e-02 2.097944410085750624e-02 5.200021012579202073e-02 9.973468149767583668e-01
1.520621182087109804e+09 -3.475404679775238037e-01 -1.727087795734405518e-01 2.157796323299407959e-01 4.902200213680117657e-02 1.706488551616662866e-02 4.567271669189815197e-02 9.976069546363441898e-01
1.520621182137110710e+09 -3.973163366317749023e-01 -1.720522791147232056e-01 2.147139757871627808e-01 4.584796036991026225e-02 1.163181490336359300e-02 4.148630847943273608e-02 9.980188132599115969e-01
1.520621182187082529e+09 -4.448159039020538330e-01 -1.717844158411026001e-01 2.142952531576156616e-01 3.769967127738264173e-02 8.168533000777730702e-03 3.480428640769704651e-02 9.986494237227815374e-01
1.520621182237083435e+09 -4.923739135265350342e-01 -1.727429628372192383e-01 2.137206196784973145e-01 2.791087269160309400e-02 6.875074320199573569e-03 2.522223202102693781e-02 9.992685102366442029e-01
1.520621182287085295e+09 -5.396060347557067871e-01 -1.742954105138778687e-01 2.132853418588638306e-01 1.888406483294814697e-02 7.967092182565931394e-03 1.609086821412662044e-02 9.996604430993832890e-01
1.520621182337086678e+09 -5.859359502792358398e-01 -1.770780980587005615e-01 2.133005559444427490e-01 1.349010564892309978e-02 1.020951823485459140e-02 9.443863063844324182e-03 9.998122804994066248e-01
1.520621182387087345e+09 -6.313667297363281250e-01 -1.807264089584350586e-01 2.138558179140090942e-01 1.385788276153096348e-02 1.301615345744797786e-02 5.054407985398593796e-03 9.998064771716859145e-01
1.520621182437089443e+09 -6.758134365081787109e-01 -1.844539344310760498e-01 2.153761386871337891e-01 1.947565268841896721e-02 1.437749075198524636e-02 1.164214504633577551e-03 9.997062725203956779e-01
1.520621182487091541e+09 -7.196190953254699707e-01 -1.876421719789505005e-01 2.171831279993057251e-01 2.777520529555235762e-02 1.648412622534207658e-02 -3.400378115980767432e-03 9.994724853551723021e-01
1.520621182537092447e+09 -7.628087401390075684e-01 -1.901734322309494019e-01 2.185727953910827637e-01 3.450449623306941355e-02 1.947239614072947961e-02 -1.335956224297979618e-02 9.991255114473440724e-01
1.520621182587069750e+09 -8.059200644493103027e-01 -1.911314576864242554e-01 2.196297943592071533e-01 3.583809517091472718e-02 2.060351396425095377e-02 -2.661842319647468591e-02 9.987905614759176043e-01
1.520621182637070656e+09 -8.479422330856323242e-01 -1.912733018398284912e-01 2.211848795413970947e-01 3.158131541975610357e-02 1.890592233737132741e-02 -3.825879381864175088e-02 9.985897312272311588e-01
1.520621182687072515e+09 -8.872245550155639648e-01 -1.908336728811264038e-01 2.230596244335174561e-01 2.721233586380125344e-02 1.663000460520316914e-02 -4.656803844314769819e-02 9.984059041888845298e-01
1.520621182737073660e+09 -9.243271350860595703e-01 -1.889961957931518555e-01 2.244003564119338989e-01 2.660164623043730775e-02 1.511958329528642619e-02 -5.408134705248455326e-02 9.980676121985906368e-01
1.520621182787075758e+09 -9.597312211990356445e-01 -1.855643242597579956e-01 2.235830873250961304e-01 2.858378381981760766e-02 1.504999407791652449e-02 -6.105589529024505607e-02 9.976114687748448562e-01
1.520621182837076664e+09 -9.939329028129577637e-01 -1.809794008731842041e-01 2.208682149648666382e-01 2.943275152040956272e-02 1.602712746323249962e-02 -6.791936241431864585e-02 9.971277774349921463e-01
1.520621182887078762e+09 -1.026883959770202637e+00 -1.752509921789169312e-01 2.171924263238906860e-01 2.778278928404680909e-02 1.681910389919382201e-02 -7.299349173596419993e-02 9.968034834047370119e-01
1.520621182937080622e+09 -1.058226108551025391e+00 -1.679199337959289551e-01 2.131321430206298828e-01 2.584466931797195499e-02 1.583579203975988073e-02 -7.460446011280338907e-02 9.967524543684832539e-01
1.520621182987081528e+09 -1.088020086288452148e+00 -1.593312323093414307e-01 2.082965970039367676e-01 2.551756079282692727e-02 1.504662817318686702e-02 -7.469183479933237668e-02 9.967665638885120361e-01
1.520621183037202358e+09 -1.116048574447631836e+00 -1.488934904336929321e-01 2.010886371135711670e-01 2.561164442346505754e-02 1.301456140149973885e-02 -6.936334767876305152e-02 9.971777127775408589e-01
1.520621183087203264e+09 -1.141791105270385742e+00 -1.388813853263854980e-01 1.913197636604309082e-01 2.549589089408728707e-02 1.020313627768551154e-02 -6.210090309152060950e-02 9.976920032719683862e-01
1.520621183137205124e+09 -1.165288805961608887e+00 -1.290662586688995361e-01 1.790310144424438477e-01 2.526847048008169436e-02 8.813338500419713034e-03 -5.731761689982215607e-02 9.979972546339992423e-01
1.520621183187206268e+09 -1.186394810676574707e+00 -1.190737709403038025e-01 1.637254804372787476e-01 2.396389737158221775e-02 8.402412389555840438e-03 -5.362557757653131640e-02 9.982381622230156459e-01
1.520621183237208128e+09 -1.204780817031860352e+00 -1.103997901082038879e-01 1.452714651823043823e-01 2.431587246232800800e-02 8.536877796646165709e-03 -5.187930017664590249e-02 9.983207892641835501e-01
1.520621183287209988e+09 -1.221695542335510254e+00 -1.008038446307182312e-01 1.219209358096122742e-01 2.755319588144579390e-02 9.016613111099998704e-03 -5.199318913819180044e-02 9.982265426084219184e-01
1.520621183337211132e+09 -1.235349535942077637e+00 -9.069076180458068848e-02 9.394826740026473999e-02 3.460623928312631103e-02 7.280713582635270180e-03 -5.073562430748087410e-02 9.980858158688244997e-01
1.520621183387213230e+09 -1.244894981384277344e+00 -7.949404418468475342e-02 6.379272788763046265e-02 4.473160662572946145e-02 4.242279292023485096e-03 -5.112062808534370562e-02 9.976811954824291728e-01
1.520621183437263489e+09 -1.251499176025390625e+00 -6.711602956056594849e-02 3.167884424328804016e-02 5.891652170247466125e-02 9.314290436154560844e-05 -5.311846857074779132e-02 9.968486660930934162e-01
1.520621183487265587e+09 -1.254971981048583984e+00 -5.284519493579864502e-02 -1.345309312455356121e-03 7.651969875615155514e-02 -5.026680915183311463e-03 -5.745387699439624685e-02 9.953986739992964905e-01
1.520621183537267447e+09 -1.254607796669006348e+00 -3.615531325340270996e-02 -3.479040786623954773e-02 9.443546525395218882e-02 -1.149542964973197627e-02 -5.947672755384415810e-02 9.936862265720117771e-01
1.520621183587268353e+09 -1.251018285751342773e+00 -1.882538199424743652e-02 -6.758376955986022949e-02 1.080512217109629303e-01 -1.787683863122148734e-02 -6.151270648237940064e-02 9.920794015947181910e-01
1.520621183637270689e+09 -1.244444847106933594e+00 8.678280282765626907e-04 -9.732881188392639160e-02 1.165155536607960923e-01 -2.303338407024557027e-02 -6.460524304554494945e-02 9.908177186265982872e-01
1.520621183687271595e+09 -1.235426306724548340e+00 2.197775989770889282e-02 -1.238097921013832092e-01 1.204363695109102739e-01 -2.652814056167975693e-02 -6.981671119663336589e-02 9.899075540145440000e-01
1.520621183737273455e+09 -1.223828673362731934e+00 4.529011622071266174e-02 -1.464178413152694702e-01 1.223455951925822710e-01 -2.899630149275220573e-02 -7.572048073324784412e-02 9.891699442634920292e-01
1.520621183787274599e+09 -1.210092306137084961e+00 6.995957344770431519e-02 -1.675525903701782227e-01 1.243916060815496993e-01 -2.850951211769192292e-02 -8.150238421968784841e-02 9.884691686753664941e-01
1.520621183837821722e+09 -1.193537712097167969e+00 9.704551845788955688e-02 -1.873704344034194946e-01 1.278385403817299260e-01 -2.490530495534184693e-02 -8.504578443449398173e-02 9.878280457286439109e-01
1.520621183887823820e+09 -1.174139618873596191e+00 1.254980415105819702e-01 -2.056764364242553711e-01 1.342290121658600288e-01 -1.837196662449986848e-02 -8.636885423395515571e-02 9.870083404681235795e-01
1.520621183937824488e+09 -1.150324583053588867e+00 1.556612402200698853e-01 -2.225885987281799316e-01 1.424520325900132667e-01 -1.030628391957552105e-02 -8.651106878459098593e-02 9.859599555258269366e-01
1.520621183987825871e+09 -1.122613906860351562e+00 1.858419477939605713e-01 -2.363537549972534180e-01 1.504039035609745778e-01 -3.395508675099324740e-03 -8.610988393370062888e-02 9.848615253950085968e-01
1.520621184037827730e+09 -1.090918660163879395e+00 2.157985121011734009e-01 -2.471823543310165405e-01 1.554664375044672031e-01 7.967315622663200501e-04 -8.429217347491022028e-02 9.842379699642576085e-01
1.520621184087829590e+09 -1.056605339050292969e+00 2.455111443996429443e-01 -2.522171139717102051e-01 1.570040843210241954e-01 3.478258530236449063e-03 -8.035179030946100476e-02 9.843176362425788417e-01
1.520621184137830734e+09 -1.018265128135681152e+00 2.735537588596343994e-01 -2.562450468540191650e-01 1.571096113197134325e-01 7.283565269931927162e-03 -7.405893180909131623e-02 9.847734736106692477e-01
1.520621184187832594e+09 -9.768303632736206055e-01 3.001471161842346191e-01 -2.592308819293975830e-01 1.564089403409452683e-01 1.278153751020762521e-02 -6.435422041699179196e-02 9.855107356060709423e-01
1.520621184238219261e+09 -9.317914843559265137e-01 3.250011503696441650e-01 -2.606858611106872559e-01 1.556670451481293460e-01 1.776284650020731881e-02 -5.063259761894801231e-02 9.863511506544806462e-01
1.520621184288178205e+09 -8.829318284988403320e-01 3.480331599712371826e-01 -2.616960704326629639e-01 1.573482399829491118e-01 2.329671675491065339e-02 -3.439164043668198334e-02 9.866691489201351306e-01
1.520621184338179350e+09 -8.335348963737487793e-01 3.674765229225158691e-01 -2.606156468391418457e-01 1.610674588341537983e-01 3.087273753717874325e-02 -1.941786188357523188e-02 9.862692808870906491e-01
1.520621184388181448e+09 -7.831252217292785645e-01 3.827289342880249023e-01 -2.571398615837097168e-01 1.643042993544968911e-01 3.179169411629641229e-02 -7.590828380820861809e-03 9.858680260173450227e-01
1.520621184438182354e+09 -7.321531772613525391e-01 3.937575519084930420e-01 -2.511034011840820312e-01 1.691943418665816101e-01 2.546790966690120478e-02 1.993567520902953926e-03 9.852515851020349213e-01
1.520621184488184452e+09 -6.798546314239501953e-01 4.000950753688812256e-01 -2.433617711067199707e-01 1.769910262348572405e-01 1.676230464015544819e-02 8.915287223944440287e-03 9.840293285411757518e-01
1.520621184538186312e+09 -6.275276541709899902e-01 4.018786847591400146e-01 -2.363607883453369141e-01 1.844375691208634815e-01 1.428610615527847218e-02 1.634021814462082237e-02 9.826045428038142626e-01
1.520621184588187218e+09 -5.741696953773498535e-01 3.991096019744873047e-01 -2.284024208784103394e-01 1.860686536838017935e-01 1.648589034022379662e-02 2.683390671544658504e-02 9.820318798218182765e-01
1.520621184638125658e+09 -5.188105106353759766e-01 3.924480080604553223e-01 -2.172457426786422729e-01 1.797900737084677514e-01 1.946905936646352309e-02 3.875306866869861894e-02 9.827485358890380995e-01
1.520621184688126802e+09 -4.615325629711151123e-01 3.829526603221893311e-01 -2.009228914976119995e-01 1.667930001189254496e-01 1.999930063424507770e-02 5.215320252344794738e-02 9.844085364075310096e-01
1.520621184738128662e+09 -4.028958380222320557e-01 3.723664581775665283e-01 -1.791324019432067871e-01 1.493126216652921057e-01 1.920295028569087015e-02 6.782001541767269936e-02 9.862745222403899170e-01
1.520621184788129568e+09 -3.438940048217773438e-01 3.615078032016754150e-01 -1.521691828966140747e-01 1.302392277894095507e-01 2.226792366676239726e-02 7.995813742113805356e-02 9.880023174975510747e-01
1.520621184838131905e+09 -2.860503792762756348e-01 3.515982031822204590e-01 -1.201443970203399658e-01 1.097713582778872959e-01 2.195027516406184917e-02 8.792816286039954743e-02 9.898166863101696133e-01
1.520621184888133764e+09 -2.291141748428344727e-01 3.431867063045501709e-01 -8.542698621749877930e-02 8.771207791629068162e-02 1.169027742361713681e-02 9.662143735142186829e-02 9.913799607847190165e-01
1.520621184938134670e+09 -1.736439466476440430e-01 3.364153504371643066e-01 -5.082158744335174561e-02 6.481621187662379990e-02 3.660449862941224201e-03 1.043066345916290466e-01 9.924240957196343027e-01
1.520621184988136768e+09 -1.198179423809051514e-01 3.307603895664215088e-01 -1.681946963071823120e-02 4.354481113149361732e-02 -4.481556531086242946e-03 1.127173230548976918e-01 9.926623646325667405e-01
1.520621185037559032e+09 -6.746562570333480835e-02 3.256943225860595703e-01 1.457585766911506653e-02 2.634253532531955280e-02 -1.360959183733445772e-02 1.217000406905585502e-01 9.921239589580387319e-01
1.520621185087561131e+09 -1.486456114798784256e-02 3.220993876457214355e-01 4.291732609272003174e-02 1.562508768030077336e-02 -2.411878688761412079e-02 1.311164956774532042e-01 9.909503546168785260e-01
1.520621185137562275e+09 3.799144178628921509e-02 3.189225792884826660e-01 6.651286780834197998e-02 9.958309711061959571e-03 -3.258851431250844172e-02 1.430623035219034112e-01 9.891268867610509830e-01
1.520621185187564135e+09 9.087261557579040527e-02 3.171797692775726318e-01 8.421543240547180176e-02 7.868040679657108127e-03 -3.638615924603481183e-02 1.542712182445421243e-01 9.873269633573927839e-01
1.520621185237565994e+09 1.446203291416168213e-01 3.159561455249786377e-01 9.648197144269943237e-02 7.895247228309726362e-03 -4.042024986668930897e-02 1.679711373531597440e-01 9.849312491175230555e-01
1.520621185287568331e+09 1.989646404981613159e-01 3.157183229923248291e-01 1.021680831909179688e-01 8.908540434149689671e-03 -3.933280854809032001e-02 1.796446489250824174e-01 9.829045570103113194e-01
1.520621185337569237e+09 2.530379891395568848e-01 3.163938224315643311e-01 1.026512756943702698e-01 1.300933280007348508e-02 -3.719276490383104095e-02 1.900758110469213391e-01 9.809784103402890976e-01
1.520621185387571096e+09 3.060926795005798340e-01 3.179416060447692871e-01 9.746178984642028809e-02 2.078119851822126177e-02 -3.529333696063662040e-02 1.992704868482845226e-01 9.790882469040147473e-01
1.520621185437573195e+09 3.577416241168975830e-01 3.201003074645996094e-01 8.710239827632904053e-02 3.157402833977092371e-02 -3.247041510972548117e-02 2.080912217155737043e-01 9.770602828494879821e-01
1.520621185487186670e+09 4.066674411296844482e-01 3.216994404792785645e-01 7.300931215286254883e-02 4.351368575117681159e-02 -2.739250864231270940e-02 2.188377245758890977e-01 9.744055931310513508e-01
1.520621185537187576e+09 4.536840319633483887e-01 3.236421048641204834e-01 5.533763021230697632e-02 5.772321822733214591e-02 -2.135989360672850904e-02 2.317098737439789169e-01 9.708358869717055306e-01
1.520621185587188721e+09 4.981556832790374756e-01 3.257015943527221680e-01 3.527340292930603027e-02 7.555500927522346144e-02 -1.566669482337920000e-02 2.461742384002180706e-01 9.661491808177475882e-01
1.520621185637190819e+09 5.399059057235717773e-01 3.277415931224822998e-01 1.370473857969045639e-02 9.597918306441777236e-02 -8.738217798169906417e-03 2.608291781749408345e-01 9.605622206710942024e-01
1.520621185687195778e+09 5.789041519165039062e-01 3.284220695495605469e-01 -7.390177343040704727e-03 1.168540833458049516e-01 2.031287123249569948e-03 2.745599672163552829e-01 9.544411042490723585e-01
1.520621185737193823e+09 6.145547628402709961e-01 3.271670341491699219e-01 -2.502411603927612305e-02 1.353799173081026153e-01 1.100372643804757578e-02 2.898165411019653637e-01 9.473951490786832741e-01
1.520621185787195683e+09 6.481930613517761230e-01 3.231808245182037354e-01 -3.799778223037719727e-02 1.477436243606055910e-01 1.536433273682040121e-02 3.064372177854844947e-01 9.402297539943288429e-01
1.520621185837198019e+09 6.791687607765197754e-01 3.150045871734619141e-01 -4.509979858994483948e-02 1.529599590896430772e-01 1.599319323987526825e-02 3.216510726601015668e-01 9.342847832122136431e-01
1.520621185887492180e+09 7.073099613189697266e-01 3.023313879966735840e-01 -4.566624015569686890e-02 1.523474766529478996e-01 1.121854047080689948e-02 3.358471721647782182e-01 9.294466459437605854e-01
1.520621185937395096e+09 7.322699427604675293e-01 2.843728065490722656e-01 -4.005591571331024170e-02 1.459466453681305120e-01 6.026445160982615325e-03 3.471193759115526190e-01 9.263754085311660669e-01
1.520621185987397194e+09 7.510755658149719238e-01 2.607342302799224854e-01 -2.581544220447540283e-02 1.344623639952393923e-01 1.144612260807505513e-03 3.557129304594205954e-01 9.248712740892947037e-01
1.520621186037398100e+09 7.640309929847717285e-01 2.320077270269393921e-01 -2.713518915697932243e-03 1.172783279385234412e-01 -6.024135635005221923e-03 3.628831739144223190e-01 9.244053795146318642e-01
1.520621186087399960e+09 7.702646851539611816e-01 1.989640146493911743e-01 2.714709565043449402e-02 9.636267447508713169e-02 -1.525890457180201568e-02 3.675700803898012681e-01 9.248641180203240886e-01
1.520621186137402296e+09 7.719605565071105957e-01 1.622575074434280396e-01 6.055931746959686279e-02 7.576090943011822010e-02 -2.500639889042404959e-02 3.690230895370334996e-01 9.259896997296443999e-01
1.520621186187403202e+09 7.679582834243774414e-01 1.259106099605560303e-01 9.582390636205673218e-02 5.716355544230208863e-02 -3.590306656455787698e-02 3.730070310387524901e-01 9.253696842538721157e-01
1.520621186237405062e+09 7.572597265243530273e-01 9.009062498807907104e-02 1.306439042091369629e-01 3.933001105767499478e-02 -4.117347459160387857e-02 3.722286329445030351e-01 9.263928648454304859e-01
1.520621186287542582e+09 7.410676479339599609e-01 5.461272224783897400e-02 1.637759357690811157e-01 2.266249797225015558e-02 -4.590057564520483302e-02 3.674403117285226505e-01 9.286372626908435679e-01
1.520621186337544680e+09 7.189875841140747070e-01 1.906680315732955933e-02 1.940431892871856689e-01 7.455524054006063342e-03 -5.069699192148087452e-02 3.557348027655890532e-01 9.331811079702165834e-01
1.520621186387545586e+09 6.916003823280334473e-01 -1.635716669261455536e-02 2.205197960138320923e-01 -4.694314404229055389e-03 -5.644185144746268618e-02 3.416713876209799827e-01 9.381113706264361252e-01
1.520621186437547684e+09 6.590667366981506348e-01 -5.133488029241561890e-02 2.413733154535293579e-01 -1.390750897015183979e-02 -6.252983232950105885e-02 3.288335214894052561e-01 9.422128827435796161e-01
1.520621186487549782e+09 6.235601902008056641e-01 -8.491952717304229736e-02 2.572103440761566162e-01 -1.949944051037202572e-02 -6.806119053083382886e-02 3.175762420188829593e-01 9.455859435654020428e-01
1.520621186537550688e+09 5.850484967231750488e-01 -1.172438338398933411e-01 2.666318118572235107e-01 -2.131298621609913069e-02 -6.859366204457245653e-02 3.078213456512205459e-01 9.487289841189311401e-01
1.520621186587552547e+09 5.441859364509582520e-01 -1.473283767700195312e-01 2.693681716918945312e-01 -2.032195700533468569e-02 -6.558421008345786951e-02 2.989871687884249063e-01 9.517838002146727927e-01
1.520621186637553692e+09 5.013160109519958496e-01 -1.744584292173385620e-01 2.660796642303466797e-01 -1.823053894596143518e-02 -6.051664842838459790e-02 2.899749597834822001e-01 9.549449750699268158e-01
1.520621186687119007e+09 4.579658210277557373e-01 -1.992250829935073853e-01 2.560023367404937744e-01 -1.492862575156257178e-02 -5.765706617258814504e-02 2.816198440852926144e-01 9.576758649307786087e-01
1.520621186737120152e+09 4.138856530189514160e-01 -2.221172600984573364e-01 2.407397031784057617e-01 -9.855799424914846521e-03 -5.711803985608916029e-02 2.752012921847759030e-01 9.596377657848421672e-01
1.520621186787122011e+09 3.690749406814575195e-01 -2.427262514829635620e-01 2.210048437118530273e-01 -8.120247410188476860e-04 -6.000025867601439106e-02 2.667239274874551036e-01 9.619031427749354934e-01
1.520621186837123871e+09 3.241760134696960449e-01 -2.636411786079406738e-01 1.979050189256668091e-01 1.199971108132180317e-02 -6.512578406935770614e-02 2.541666858659221151e-01 9.648906336882174806e-01
1.520621186887126207e+09 2.781609892845153809e-01 -2.846983671188354492e-01 1.715651005506515503e-01 2.643665936707510766e-02 -7.388896716168276424e-02 2.403192145006583236e-01 9.675165108229810684e-01
1.520621186937127113e+09 2.306666374206542969e-01 -3.058229982852935791e-01 1.428090333938598633e-01 4.156073380471763529e-02 -7.939432227323489633e-02 2.259480113084477715e-01 9.700086304678656735e-01
1.520621186987128019e+09 1.816849261522293091e-01 -3.246543109416961670e-01 1.121380627155303955e-01 5.665647813696127882e-02 -7.819587502892309805e-02 2.105792846729396262e-01 9.727958745184985823e-01
1.520621187037130117e+09 1.309186667203903198e-01 -3.405855596065521240e-01 8.034899085760116577e-02 7.001435632407201903e-02 -7.441463934418740545e-02 1.906394328610965527e-01 9.763283556254012119e-01
1.520621187087210178e+09 7.819058001041412354e-02 -3.526458740234375000e-01 4.995876923203468323e-02 8.075590985707967184e-02 -7.482204409264618661e-02 1.654207518307025393e-01 9.800592429056106392e-01
1.520621187137211323e+09 2.422450482845306396e-02 -3.593981564044952393e-01 2.358733303844928741e-02 8.938070324172601999e-02 -7.935879324040445715e-02 1.401951899265843626e-01 9.828827908478662279e-01
1.520621187187213182e+09 -3.143493831157684326e-02 -3.624215424060821533e-01 -1.702655688859522343e-03 9.515453347895029557e-02 -8.345619871789045074e-02 1.137994539276041828e-01 9.854087283659215268e-01
1.520621187237214327e+09 -8.823779970407485962e-02 -3.621996641159057617e-01 -2.541432902216911316e-02 9.785764862365967098e-02 -8.430408215071254208e-02 8.373537936554444061e-02 9.880815191982302848e-01
1.520621187287216187e+09 -1.460254043340682983e-01 -3.574562668800354004e-01 -4.756070673465728760e-02 9.976517110660586274e-02 -8.485495045275891213e-02 5.243041209504644556e-02 9.899987878302040079e-01
1.520621187337217093e+09 -2.036355286836624146e-01 -3.478804230690002441e-01 -6.643284112215042114e-02 1.036090907449130905e-01 -8.933462793382500322e-02 2.320010547521106359e-02 9.903263278702008066e-01
1.520621187387219191e+09 -2.613318264484405518e-01 -3.337267339229583740e-01 -8.281625807285308838e-02 1.105990220939186142e-01 -9.190594818429237423e-02 -5.372712194805933511e-03 9.895919800422227075e-01
1.520621187437220097e+09 -3.196215331554412842e-01 -3.164891600608825684e-01 -9.682019054889678955e-02 1.179366071996284793e-01 -9.186103630325830049e-02 -3.252609709521014220e-02 9.882279897368244637e-01
1.520621187487906218e+09 -3.786373436450958252e-01 -2.966046035289764404e-01 -1.071341261267662048e-01 1.234755913843463143e-01 -9.176979593021590553e-02 -5.878633026279650453e-02 9.863448941731518538e-01
1.520621187537907362e+09 -4.374382495880126953e-01 -2.750606238842010498e-01 -1.121843084692955017e-01 1.255628422052669502e-01 -9.400713110190545008e-02 -8.245411967721959223e-02 9.841737397977956547e-01
1.520621187587909222e+09 -4.960618019104003906e-01 -2.523525953292846680e-01 -1.116062551736831665e-01 1.237421735611921453e-01 -9.606219477138130958e-02 -1.046986839663586882e-01 9.820886491522898831e-01
1.520621187637911081e+09 -5.542829632759094238e-01 -2.291160225868225098e-01 -1.045983880758285522e-01 1.182988222737228201e-01 -9.430298298668789159e-02 -1.257166874416292268e-01 9.804629776524793616e-01
1.520621187687912226e+09 -6.110173463821411133e-01 -2.049042880535125732e-01 -9.253830462694168091e-02 1.123245251353804791e-01 -8.559237917144738028e-02 -1.467513548449599359e-01 9.790409519177688535e-01
1.520621187737914324e+09 -6.655304431915283203e-01 -1.831327378749847412e-01 -7.472041249275207520e-02 1.078160898152485253e-01 -7.342745169293768415e-02 -1.659004346313200373e-01 9.774769285788645901e-01
1.520621187787914991e+09 -7.162877321243286133e-01 -1.633008420467376709e-01 -5.290815979242324829e-02 1.047615198000591274e-01 -5.872080500742780929e-02 -1.860300788659415006e-01 9.751767536121814794e-01
1.520621187837917328e+09 -7.596189975738525391e-01 -1.463843882083892822e-01 -2.764949575066566467e-02 9.935575428495707628e-02 -4.783232367996207574e-02 -2.028557001887475730e-01 9.729799935264729083e-01
1.520621187887918234e+09 -7.963626980781555176e-01 -1.332904696464538574e-01 2.055225428193807602e-03 9.015727458840736008e-02 -3.744030171405601098e-02 -2.179195683343021772e-01 9.710720629198136278e-01
1.520621187938206196e+09 -8.255165815353393555e-01 -1.245705261826515198e-01 3.486994281411170959e-02 7.788869418800176136e-02 -2.609527748975157962e-02 -2.312988096881350708e-01 9.694087107341632370e-01
1.520621187988207340e+09 -8.476464152336120605e-01 -1.191752627491950989e-01 6.908749788999557495e-02 6.431240920775409264e-02 -1.589992912897751631e-02 -2.426024966719848297e-01 9.678611134269770044e-01
1.520621188038209438e+09 -8.626238107681274414e-01 -1.170126125216484070e-01 1.040659844875335693e-01 5.063989974123049576e-02 -9.767823549962391730e-03 -2.497757893898792658e-01 9.669292865623408950e-01
1.520621188088211298e+09 -8.708729743957519531e-01 -1.175148114562034607e-01 1.394432038068771362e-01 3.893759501659328076e-02 -5.175526260934371937e-03 -2.528711631341119537e-01 9.667022563734128937e-01
1.520621188138212442e+09 -8.719493150711059570e-01 -1.203671693801879883e-01 1.736858487129211426e-01 3.038782878691747777e-02 -1.102184018285038390e-03 -2.511116762946132286e-01 9.674803827884657093e-01
1.520621188188214302e+09 -8.657664060592651367e-01 -1.245774924755096436e-01 2.063581645488739014e-01 2.315995600058814302e-02 4.484331592724391524e-03 -2.464636355760729813e-01 9.688648943721935858e-01
1.520621188238215208e+09 -8.532004952430725098e-01 -1.290724128484725952e-01 2.373128086328506470e-01 1.405873077635024643e-02 1.219415136562172937e-02 -2.382254627535116132e-01 9.710315564683289491e-01
1.520621188288217545e+09 -8.343459367752075195e-01 -1.340100616216659546e-01 2.662274837493896484e-01 4.231267404927906671e-03 2.015309870044993540e-02 -2.273886541292243213e-01 9.735863335946216557e-01
1.520621188337701797e+09 -8.094663023948669434e-01 -1.387187689542770386e-01 2.926061749458312988e-01 -6.570640505014683705e-03 2.679628137996195245e-02 -2.152148338976244690e-01 9.761769108404365625e-01
1.520621188387703657e+09 -7.783786058425903320e-01 -1.430528163909912109e-01 3.163188695907592773e-01 -1.645234350137474849e-02 3.429075943605337795e-02 -2.029775004960644169e-01 9.784444790088917543e-01
1.520621188437705517e+09 -7.428312897682189941e-01 -1.465705931186676025e-01 3.359389901161193848e-01 -2.564070791707001237e-02 4.073398632417042642e-02 -1.890343014097314867e-01 9.807901556123963527e-01
1.520621188487706661e+09 -7.033714056015014648e-01 -1.496778279542922974e-01 3.501431047916412354e-01 -3.320633227376269120e-02 4.102386881888279296e-02 -1.717207123366097099e-01 9.837308466438687837e-01
1.520621188537708521e+09 -6.598126888275146484e-01 -1.538969576358795166e-01 3.562863171100616455e-01 -3.654847996238002467e-02 3.516156185112730842e-02 -1.533523034925458883e-01 9.868692639829040880e-01
1.520621188587710619e+09 -6.141756772994995117e-01 -1.565584689378738403e-01 3.533582687377929688e-01 -3.821163852896099222e-02 2.906208748253724314e-02 -1.368173756243420691e-01 9.894322975723792712e-01
1.520621188637711763e+09 -5.667493343353271484e-01 -1.588756740093231201e-01 3.423652648925781250e-01 -3.980161082753971846e-02 2.168722732330134739e-02 -1.231408738122344720e-01 9.913535298486204628e-01
1.520621188687713623e+09 -5.169180631637573242e-01 -1.595233529806137085e-01 3.236953616142272949e-01 -3.761140469567239575e-02 1.560100008456388222e-02 -1.117633459086899983e-01 9.929002696869784206e-01
1.520621188737129211e+09 -4.663749933242797852e-01 -1.574853658676147461e-01 2.990135550498962402e-01 -3.095182062815001953e-02 1.117411944993818539e-02 -1.036433898216924387e-01 9.940700033702808414e-01
1.520621188787131310e+09 -4.142578244209289551e-01 -1.533073931932449341e-01 2.686912417411804199e-01 -2.074103598365776777e-02 3.635136146545043644e-03 -9.513384767132790354e-02 9.952417526605128462e-01
1.520621188837133169e+09 -3.614360392093658447e-01 -1.463401168584823608e-01 2.347961366176605225e-01 -7.195836229163087537e-03 -6.397574523563633042e-03 -8.434440741840318334e-02 9.963901404161007447e-01
1.520621188887134314e+09 -3.075087964534759521e-01 -1.365234553813934326e-01 1.987345367670059204e-01 1.155590736433591975e-02 -1.524085650940783070e-02 -7.048552512494261901e-02 9.973294180187946001e-01
1.520621188937136173e+09 -2.534773647785186768e-01 -1.244257614016532898e-01 1.615201383829116821e-01 3.340596344995638844e-02 -2.042159072848022394e-02 -5.727219229390189542e-02 9.975905453781872545e-01
1.520621188987137079e+09 -1.994670480489730835e-01 -1.105527654290199280e-01 1.255357116460800171e-01 5.415453526033445208e-02 -2.456673500269465280e-02 -4.343887601909720425e-02 9.972847265912789805e-01
1.520621189037139177e+09 -1.450266242027282715e-01 -9.539125859737396240e-02 9.216839075088500977e-02 7.102762770437787143e-02 -2.932106833102887319e-02 -2.837038171582000057e-02 9.966395900705100619e-01
1.520621189087140083e+09 -9.026312828063964844e-02 -7.875280827283859253e-02 6.232155486941337585e-02 8.463317995897991219e-02 -3.177584743405798690e-02 -1.361061368514539412e-02 9.958123676501473565e-01
1.520621189137263536e+09 -3.523727878928184509e-02 -6.048960611224174500e-02 3.770624846220016479e-02 9.479122605245053623e-02 -3.279529510664017794e-02 1.709585659478043800e-03 9.949553605057939176e-01
1.520621189187213421e+09 1.911488734185695648e-02 -4.193365201354026794e-02 1.874605193734169006e-02 1.009902631049912902e-01 -3.369853934577035637e-02 1.726418318281931763e-02 9.941666475913261136e-01
1.520621189237214565e+09 7.215496152639389038e-02 -2.300550974905490875e-02 6.204863544553518295e-03 1.040617271366503921e-01 -3.737578803327347432e-02 3.435994210820481065e-02 9.932741825863340424e-01
1.520621189287216425e+09 1.241734549403190613e-01 -3.744911402463912964e-03 1.056337532645557076e-05 1.070374540590037088e-01 -4.113505464217736413e-02 5.567085687166813818e-02 9.918425512163340230e-01
1.520621189337218285e+09 1.747734546661376953e-01 1.619814150035381317e-02 -1.973526814254000783e-04 1.124464037588296245e-01 -4.382232901019096627e-02 7.830472949592374998e-02 9.895977865276371910e-01
1.520621189387219667e+09 2.233276665210723877e-01 3.589565306901931763e-02 5.243826191872358322e-03 1.196078498769215376e-01 -4.647480739357648383e-02 1.011280420225554727e-01 9.865633145633553314e-01
1.520621189437221527e+09 2.676030695438385010e-01 5.482321232557296753e-02 1.577503792941570282e-02 1.254910239597553934e-01 -4.617420989464114667e-02 1.222865888267812701e-01 9.834459494243938948e-01
1.520621189487222433e+09 3.073249459266662598e-01 7.200568914413452148e-02 3.274516388773918152e-02 1.244070796065665369e-01 -4.681415455499143147e-02 1.410265444303351046e-01 9.810417051497380969e-01
1.520621189537683249e+09 3.420540094375610352e-01 8.686890453100204468e-02 5.648074299097061157e-02 1.149350423505175883e-01 -5.173546197448651573e-02 1.590302658442236949e-01 9.791949512531643585e-01
1.520621189587684393e+09 3.705027997493743896e-01 9.930223226547241211e-02 8.449310064315795898e-02 1.006297030597267245e-01 -5.693151428355438387e-02 1.747105007002952015e-01 9.778081133272238379e-01
1.520621189637686253e+09 3.922207057476043701e-01 1.097809225320816040e-01 1.173264458775520325e-01 8.684563673775945458e-02 -5.925944100232832107e-02 1.870289750914041760e-01 9.767119926098807303e-01
1.520621189687688351e+09 4.068800508975982666e-01 1.181531623005867004e-01 1.514444649219512939e-01 7.570998062927798700e-02 -5.944930892952663554e-02 1.970228323727688802e-01 9.756617149528457045e-01
1.520621189737689495e+09 4.141479134559631348e-01 1.243800222873687744e-01 1.855347603559494019e-01 6.639687072821084945e-02 -5.759840546176749065e-02 2.030648470986930187e-01 9.752120523858119894e-01
1.520621189787691355e+09 4.142654538154602051e-01 1.272273212671279907e-01 2.176509350538253784e-01 5.759050022478415243e-02 -5.567955666345780763e-02 2.059678162497645681e-01 9.752745151612048913e-01
1.520621189837692261e+09 4.076873362064361572e-01 1.274629980325698853e-01 2.480886131525039673e-01 4.892005405294823361e-02 -5.393395914332476532e-02 2.064181858795760827e-01 9.757507309250492700e-01
1.520621189887694359e+09 3.950124084949493408e-01 1.256611943244934082e-01 2.766542434692382812e-01 3.833966696280349112e-02 -5.305954805733224117e-02 2.057757970481527698e-01 9.764072283869730251e-01
1.520621189937695265e+09 3.760624527931213379e-01 1.213989481329917908e-01 3.039037883281707764e-01 2.472660954138915582e-02 -5.064302087233437527e-02 2.000882984463284442e-01 9.781556890609822696e-01
1.520621189987427711e+09 3.514480888843536377e-01 1.145524829626083374e-01 3.284750282764434814e-01 8.321701002360595151e-03 -5.089040883874441229e-02 1.923055522482710611e-01 9.799793314938536337e-01
1.520621190037428617e+09 3.212373852729797363e-01 1.058141812682151794e-01 3.504157364368438721e-01 -8.264673523005484565e-03 -4.991485339146551486e-02 1.808915508503853020e-01 9.822008192897262457e-01
1.520621190087431431e+09 2.861842215061187744e-01 9.597586095333099365e-02 3.675802648067474365e-01 -2.202106512852849279e-02 -4.734532634791457223e-02 1.678852789222508857e-01 9.844226865959624373e-01
1.520621190137433767e+09 2.466618716716766357e-01 8.504885435104370117e-02 3.788390457630157471e-01 -3.119520836032405736e-02 -4.284422089980986781e-02 1.532933112521028818e-01 9.867585279267719889e-01
1.520621190187433481e+09 2.039981931447982788e-01 7.354813814163208008e-02 3.827358186244964600e-01 -3.427222621197834052e-02 -3.927451231844087537e-02 1.393134097161085050e-01 9.888754729822635259e-01
1.520621190237435818e+09 1.589334756135940552e-01 6.197547167539596558e-02 3.784444034099578857e-01 -3.110662221498056504e-02 -3.449655621931675686e-02 1.240591305409778078e-01 9.911870145400407672e-01
1.520621190287437677e+09 1.112095117568969727e-01 5.073517188429832458e-02 3.663514256477355957e-01 -2.371162828041785062e-02 -3.051999091416972981e-02 1.080220895293613342e-01 9.933969584272949183e-01
1.520621190337438583e+09 6.252387911081314087e-02 3.838843479752540588e-02 3.474771976470947266e-01 -1.432837962326963602e-02 -2.787280732040802247e-02 9.238614569729614034e-02 9.952299253100506116e-01
1.520621190387228251e+09 1.272783894091844559e-02 2.704804204404354095e-02 3.233907222747802734e-01 -2.917985574391990244e-03 -2.875276193462603450e-02 7.860684151610328185e-02 9.964866925896104233e-01
1.520621190437230349e+09 -3.691722080111503601e-02 1.723240502178668976e-02 2.960044145584106445e-01 8.808622610976823281e-03 -3.275397995035194548e-02 6.752588249545028731e-02 9.971408326602216876e-01
1.520621190487231255e+09 -8.745497465133666992e-02 8.532462641596794128e-03 2.650409042835235596e-01 2.160051281911645749e-02 -3.774577757245629883e-02 5.568332605712168065e-02 9.975008979046676716e-01
1.520621190537232399e+09 -1.386555880308151245e-01 9.578762692399322987e-04 2.314929217100143433e-01 3.651024240980185048e-02 -4.026529016239559222e-02 4.019276621404749977e-02 9.977125087676200765e-01
1.520621190587234497e+09 -1.902254670858383179e-01 -4.728863015770912170e-03 1.960247009992599487e-01 5.354749780967318212e-02 -4.130228606605022140e-02 2.361677026956995537e-02 9.974312180827686891e-01
1.520621190637236357e+09 -2.414613664150238037e-01 -8.097439073026180267e-03 1.588398814201354980e-01 7.274568883192729374e-02 -4.209263655877096277e-02 4.825593010303485912e-03 9.964501936153148387e-01
1.520621190687237501e+09 -2.929071187973022461e-01 -8.572887629270553589e-03 1.221141815185546875e-01 9.146647978144945013e-02 -4.181562431581763856e-02 -1.580259274894031674e-02 9.948043097523650014e-01
1.520621190737238407e+09 -3.444146513938903809e-01 -6.292226258665323257e-03 8.639995008707046509e-02 1.072890489182788398e-01 -3.813624219170982932e-02 -3.872043474078804004e-02 9.927413635721998864e-01
1.520621190787284374e+09 -3.952558934688568115e-01 -1.722338609397411346e-03 5.333315953612327576e-02 1.186494519101113365e-01 -3.525336580288420535e-02 -6.300492880246649774e-02 9.903079756861470351e-01
1.520621190837285519e+09 -4.464030861854553223e-01 5.164083559066057205e-03 2.487891912460327148e-02 1.249926561398460867e-01 -3.063374261757685624e-02 -8.770404402547375688e-02 9.877987701885055927e-01
1.520621190887287378e+09 -4.967462718486785889e-01 1.417994312942028046e-02 1.988778123632073402e-03 1.270946543180865029e-01 -2.541016749085096144e-02 -1.117842851163131784e-01 9.852439016978933317e-01
1.520621190937289238e+09 -5.456089377403259277e-01 2.536682970821857452e-02 -1.332603022456169128e-02 1.288086570248030693e-01 -2.201579048553304122e-02 -1.337494050373613241e-01 9.823618129268439914e-01
1.520621190987290382e+09 -5.918797254562377930e-01 3.909698873758316040e-02 -2.093781903386116028e-02 1.330049926936108518e-01 -1.610543200198643818e-02 -1.565786445136336524e-01 9.785363636885832106e-01
1.520621191037292480e+09 -6.362112164497375488e-01 5.359382182359695435e-02 -2.047085762023925781e-02 1.363151390214567271e-01 -9.838007525715434035e-03 -1.800940061526304092e-01 9.741085901630173183e-01
1.520621191087293386e+09 -6.770837306976318359e-01 6.800217926502227783e-02 -1.109565049409866333e-02 1.361682955350218827e-01 -2.828435158133222032e-03 -2.027520901467854963e-01 9.697122177155205192e-01
1.520621191137295485e+09 -7.127291560173034668e-01 8.209930360317230225e-02 8.224572986364364624e-03 1.310134220579461384e-01 4.232900645795387162e-03 -2.236218879919683045e-01 9.658213173272253149e-01
1.520621191188118458e+09 -7.413730621337890625e-01 9.451461583375930786e-02 3.742556273937225342e-02 1.202607320560369480e-01 1.107288912416230266e-02 -2.421096894988172266e-01 9.627033009720993295e-01
1.520621191238120317e+09 -7.617462277412414551e-01 1.047127544879913330e-01 7.368453592061996460e-02 1.055181638128265126e-01 1.801123928352673861e-02 -2.578572486989137436e-01 9.602349460722972019e-01
1.520621191288122177e+09 -7.737038135528564453e-01 1.128270849585533142e-01 1.156772077083587646e-01 8.711457676953929252e-02 2.549785468020205823e-02 -2.700589497835767516e-01 9.585557227218265419e-01
1.520621191338123322e+09 -7.774271965026855469e-01 1.186120882630348206e-01 1.603407859802246094e-01 6.617382047130067335e-02 3.460189636521937562e-02 -2.765386053750810147e-01 9.580971422509139135e-01
1.520621191388125181e+09 -7.725749611854553223e-01 1.216853484511375427e-01 2.060069441795349121e-01 4.341523035082291843e-02 4.308530376470724038e-02 -2.785694397546537027e-01 9.584664008758293496e-01
1.520621191438126326e+09 -7.596334218978881836e-01 1.221065223217010498e-01 2.514573633670806885e-01 2.377374011184245697e-02 5.131574533389003656e-02 -2.755527396054974765e-01 9.596208580777235708e-01
1.520621191488128424e+09 -7.389818429946899414e-01 1.208352521061897278e-01 2.945994734764099121e-01 9.023254705139557505e-03 5.894687750814957966e-02 -2.696034004628435898e-01 9.611232246519887390e-01
1.520621191538129330e+09 -7.125124335289001465e-01 1.169347986578941345e-01 3.340885043144226074e-01 -2.819896994717356348e-03 6.133597397838636694e-02 -2.596752806618176646e-01 9.637420272512080555e-01
1.520621191587634087e+09 -6.802952885627746582e-01 1.114912927150726318e-01 3.687114715576171875e-01 -1.339892206089636321e-02 6.232473571821488950e-02 -2.474078366354456604e-01 9.668120078777618920e-01
1.520621191637635231e+09 -6.422703266143798828e-01 1.056142747402191162e-01 3.985911011695861816e-01 -2.764379777580384598e-02 6.143033472630626823e-02 -2.319904702792617290e-01 9.703826853976484923e-01
1.520621191687637091e+09 -5.998224020004272461e-01 9.901133924722671509e-02 4.224852025508880615e-01 -4.524204293407765864e-02 6.032930029093259983e-02 -2.134318101748902963e-01 9.740433232064308333e-01
1.520621191737638950e+09 -5.537403821945190430e-01 9.008050709962844849e-02 4.387984275817871094e-01 -6.372939220314986775e-02 6.009117301771634001e-02 -1.936104647342977714e-01 9.771604798804243153e-01
1.520621191787641287e+09 -5.058438181877136230e-01 8.099751174449920654e-02 4.469005465507507324e-01 -7.703114694474780255e-02 6.043982229967163888e-02 -1.708688061935515479e-01 9.804167896108018088e-01
1.520621191837643147e+09 -4.563378095626831055e-01 7.140780240297317505e-02 4.457712471485137939e-01 -7.862030554903876034e-02 5.992245552302311040e-02 -1.433114529321044273e-01 9.847283759179259466e-01
1.520621191887644053e+09 -4.054374396800994873e-01 6.248347833752632141e-02 4.380807876586914062e-01 -7.077077052186883654e-02 5.442537011004128927e-02 -1.032021868318510616e-01 9.906455903910589278e-01
1.520621191937645197e+09 -3.534445464611053467e-01 5.403798446059226990e-02 4.256891310214996338e-01 -5.723199849358696217e-02 4.315173144834019703e-02 -4.749557256394465465e-02 9.962964403270059277e-01
1.520621191987161875e+09 -3.014594316482543945e-01 4.704238101840019226e-02 4.117394089698791504e-01 -4.028228601355413746e-02 3.161248138039188249e-02 1.248251252845648633e-02 9.986101217870133606e-01
1.520621192037162781e+09 -2.490262985229492188e-01 4.294699430465698242e-02 3.966200649738311768e-01 -2.156069179918135639e-02 1.753674302113283553e-02 7.311390510603228698e-02 9.969362848715545011e-01
1.520621192087164879e+09 -1.972799897193908691e-01 4.074758663773536682e-02 3.812724053859710693e-01 -1.396757907413929793e-03 2.567935050523754374e-03 1.333280213010228088e-01 9.910676533480842210e-01
1.520621192137168884e+09 -1.476915329694747925e-01 4.206930845975875854e-02 3.660104274749755859e-01 1.829500790459512305e-02 -6.061752998154599885e-03 1.899727054428074213e-01 9.816001828764603365e-01
1.520621192187167883e+09 -1.004238277673721313e-01 4.616115614771842957e-02 3.518569469451904297e-01 3.088212628371637958e-02 -1.190214647195422283e-02 2.466455594241575566e-01 9.685404489239987091e-01
1.520621192237169743e+09 -5.549157783389091492e-02 5.184967443346977234e-02 3.409914374351501465e-01 3.340006407087971890e-02 -2.224035853839858440e-02 2.976206087520731902e-01 9.538405398273811509e-01
1.520621192287170887e+09 -1.278597861528396606e-02 5.762756615877151489e-02 3.326762318611145020e-01 2.856760691344508926e-02 -3.763062177881616732e-02 3.362548092131660837e-01 9.405852068902614826e-01
1.520621192337172747e+09 2.739278599619865417e-02 6.123131886124610901e-02 3.275898396968841553e-01 1.906890044203171306e-02 -5.094541594930919459e-02 3.544268300082342171e-01 9.335001680771130017e-01
1.520621192387178898e+09 6.437832117080688477e-02 6.229513511061668396e-02 3.255722522735595703e-01 1.296731647386184690e-02 -6.012520525869127774e-02 3.489383219264690639e-01 9.351250482621065174e-01
1.520621192437299967e+09 9.711553901433944702e-02 6.209340319037437439e-02 3.245671987533569336e-01 1.305633275050103841e-02 -6.157338045665416287e-02 3.235585881925683860e-01 9.441123296520811392e-01
1.520621192487300873e+09 1.243506968021392822e-01 5.953051522374153137e-02 3.248356580734252930e-01 1.807115135607019127e-02 -5.629772035719613626e-02 2.868989858991817798e-01 9.561343901676532253e-01
1.520621192537302971e+09 1.467523872852325439e-01 5.812316015362739563e-02 3.254053592681884766e-01 2.401526954863672167e-02 -4.745676985593262620e-02 2.444613403906010785e-01 9.681992433780239882e-01
1.520621192587304115e+09 1.664662808179855347e-01 5.798009037971496582e-02 3.270611166954040527e-01 2.790633476684030445e-02 -4.124401716250736261e-02 2.026474841313636865e-01 9.779847466619346896e-01
1.520621192637305975e+09 1.832895725965499878e-01 5.867167189717292786e-02 3.293267190456390381e-01 2.675941419977670779e-02 -3.892706735847088068e-02 1.571623992597162289e-01 9.864423943837183906e-01
1.520621192687306881e+09 1.970614939928054810e-01 6.042047217488288879e-02 3.325561881065368652e-01 2.064999813473494469e-02 -3.657797130882149694e-02 1.089941197465799372e-01 9.931545254655163024e-01
1.520621192737308979e+09 2.075262218713760376e-01 6.288947165012359619e-02 3.364639282226562500e-01 1.125276821575271063e-02 -3.176556230278386461e-02 5.352217575601392330e-02 9.979978461707282866e-01
1.520621192787309885e+09 2.134190052747726440e-01 6.650320440530776978e-02 3.407153785228729248e-01 -3.015275878908418647e-05 -2.292037679073210404e-02 -5.725545152718508266e-03 9.997208978266314272e-01
1.520621192837384701e+09 2.123631238937377930e-01 7.271426916122436523e-02 3.450451493263244629e-01 -1.391541800687111710e-02 -1.078829564360161107e-02 -6.271622461086637235e-02 9.978760689531338546e-01
1.520621192887387037e+09 2.053665220737457275e-01 7.889081537723541260e-02 3.496232032775878906e-01 -2.834104337522577038e-02 -4.043655617797302197e-03 -9.851776779095959558e-02 9.947234206246149402e-01
1.520621192937387943e+09 1.930647641420364380e-01 8.436428010463714600e-02 3.548288047313690186e-01 -4.286675291950373112e-02 -2.449717936427984761e-03 -1.083240449461465998e-01 9.931879689478096962e-01
1.520621192987390041e+09 1.771006882190704346e-01 8.797265589237213135e-02 3.606185615062713623e-01 -5.457784990677592291e-02 -1.134101070708488099e-03 -1.006909908735285492e-01 9.934189934117536591e-01
1.520621193037390947e+09 1.567458361387252808e-01 8.870887011289596558e-02 3.666485846042633057e-01 -6.376411579256593964e-02 -2.300700105469438012e-03 -7.916696883084060887e-02 9.948172874263663257e-01
1.520621193087392807e+09 1.320901513099670410e-01 8.773423731327056885e-02 3.727680742740631104e-01 -6.847225828395200886e-02 -5.410552919604387327e-03 -4.765832019431718442e-02 9.964993528742785989e-01
1.520621193137393951e+09 1.040389835834503174e-01 8.725742250680923462e-02 3.779171705245971680e-01 -6.389219689181659112e-02 -1.133422953610761438e-02 -1.351700179288708309e-02 9.978008884941379497e-01
1.520621193187396049e+09 7.211928814649581909e-02 8.789920061826705933e-02 3.811249136924743652e-01 -4.961937867469200236e-02 -1.707874552163020018e-02 2.695927489773659869e-02 9.982581986682268482e-01
1.520621193237235546e+09 3.684886917471885681e-02 8.926337212324142456e-02 3.824182152748107910e-01 -2.930472603079335020e-02 -1.763463578004340407e-02 6.388045098322783777e-02 9.973713153261150044e-01
1.520621193287237406e+09 -1.615334651432931423e-03 9.159307926893234253e-02 3.820937871932983398e-01 -8.583389745876489341e-03 -1.451648516484653137e-02 1.033057670355865265e-01 9.945066694477812108e-01
1.520621193337239504e+09 -4.087278991937637329e-02 9.590008109807968140e-02 3.802823424339294434e-01 8.865580223383434655e-03 -1.034892753390713807e-02 1.485116227421031387e-01 9.888167672004292141e-01
1.520621193387241602e+09 -8.097555488348007202e-02 1.019958704710006714e-01 3.767779767513275146e-01 1.941871720384435659e-02 -6.257688275566572998e-03 1.971070655864316512e-01 9.801696585058675693e-01
1.520621193437242508e+09 -1.221946254372596741e-01 1.097537875175476074e-01 3.718753159046173096e-01 2.119909145000811040e-02 2.223986115074159248e-03 2.381345239675827785e-01 9.709982496905886773e-01
1.520621193487244368e+09 -1.653803735971450806e-01 1.182461008429527283e-01 3.650515675544738770e-01 1.380239259894984125e-02 8.371852820410221468e-03 2.678347384262991238e-01 9.633296211219779526e-01
1.520621193537245512e+09 -2.102483659982681274e-01 1.255634278059005737e-01 3.575030565261840820e-01 -2.388945287410466911e-03 1.528524310349280504e-02 2.805305090892175612e-01 9.597204216613426375e-01
1.520621193587246418e+09 -2.569114267826080322e-01 1.319822371006011963e-01 3.514871597290039062e-01 -1.832477230946135890e-02 1.232379982114114279e-02 2.785568598177912136e-01 9.601658203280443171e-01
1.520621193637360573e+09 -3.046596348285675049e-01 1.376655846834182739e-01 3.464251458644866943e-01 -3.163110326253822102e-02 1.047190419161720711e-02 2.501201818098762741e-01 9.676413112204286238e-01
1.520621193687362432e+09 -3.543415069580078125e-01 1.424527764320373535e-01 3.424990475177764893e-01 -3.827988808960986616e-02 1.039264838531853662e-02 1.987627637243502554e-01 9.792446102910365990e-01
1.520621193737363577e+09 -4.046149551868438721e-01 1.465926170349121094e-01 3.394124209880828857e-01 -3.710437023563818715e-02 1.959494411601613723e-02 1.297569215469798198e-01 9.906575822074739079e-01
1.520621193787365437e+09 -4.536470472812652588e-01 1.523877978324890137e-01 3.368818759918212891e-01 -2.745444342127848630e-02 2.793860636541680570e-02 6.139350342471094207e-02 9.973447375647129798e-01
1.520621193837368488e+09 -5.002022385597229004e-01 1.590632498264312744e-01 3.334195911884307861e-01 -1.327153275298434409e-02 3.347326019676721831e-02 -6.430569939361498004e-03 9.993308036083152768e-01
1.520621193887368441e+09 -5.437795519828796387e-01 1.658172309398651123e-01 3.293590247631072998e-01 5.097591381893517085e-04 3.449850629931950491e-02 -7.705530661711482154e-02 9.964296628116203758e-01
1.520621193937370539e+09 -5.852487683296203613e-01 1.739360839128494263e-01 3.248340785503387451e-01 1.284053286324230402e-02 3.427950709538508944e-02 -1.474120635913179767e-01 9.883975514016790642e-01
1.520621193987371683e+09 -6.231069564819335938e-01 1.831079721450805664e-01 3.213023245334625244e-01 2.204304974400815229e-02 3.609591484374011922e-02 -2.168434417253524149e-01 9.752897572876894072e-01
1.520621194037374973e+09 -6.591916680335998535e-01 1.946322172880172729e-01 3.177554011344909668e-01 2.625112734811005724e-02 3.918153331240250420e-02 -2.849872941718391561e-01 9.573703191142162172e-01
1.520621194087317944e+09 -6.905176043510437012e-01 2.063796073198318481e-01 3.154492974281311035e-01 2.286583638101726684e-02 3.756811601850766624e-02 -3.458742918954619827e-01 9.372495742283531994e-01
1.520621194137320042e+09 -7.170397043228149414e-01 2.183155864477157593e-01 3.141945004463195801e-01 1.435804362811168682e-02 3.877187508777546476e-02 -3.962222325982788784e-01 9.172232719900791365e-01
1.520621194187320948e+09 -7.402852177619934082e-01 2.308746874332427979e-01 3.119822144508361816e-01 1.789658893818908388e-03 4.479726438424800478e-02 -4.262537634571747502e-01 9.034919653009242380e-01
1.520621194237322807e+09 -7.585647106170654297e-01 2.388789057731628418e-01 3.114048242568969727e-01 -1.183187129809860211e-02 5.393087841216060579e-02 -4.282599671747099879e-01 9.019672209624883807e-01
1.520621194287323952e+09 -7.707164287567138672e-01 2.403462827205657959e-01 3.113366663455963135e-01 -2.575032369383797870e-02 6.031557442888995507e-02 -4.035898080643866015e-01 9.125865543265073709e-01
1.520621194337325811e+09 -7.726598978042602539e-01 2.408621609210968018e-01 3.117203414440155029e-01 -3.847533620498414658e-02 6.221703089917705876e-02 -3.583229876627727073e-01 9.307273102699998857e-01
1.520621194387326956e+09 -7.667691707611083984e-01 2.375090420246124268e-01 3.127028942108154297e-01 -4.396624410971109592e-02 6.125220172903741295e-02 -3.028488998386389963e-01 9.500514096767377348e-01
1.520621194437329054e+09 -7.530561685562133789e-01 2.330938428640365601e-01 3.131155967712402344e-01 -4.103857911173941497e-02 5.237406720922656994e-02 -2.407582187096084514e-01 9.683017464779402061e-01
1.520621194487550974e+09 -7.326555252075195312e-01 2.266068756580352783e-01 3.128492832183837891e-01 -3.020222051603993485e-02 4.167158072561712168e-02 -1.784759723895747441e-01 9.825973908551377534e-01
1.520621194537552118e+09 -7.083507776260375977e-01 2.194178998470306396e-01 3.115050196647644043e-01 -1.733361082154935215e-02 3.581966248056014240e-02 -1.218788700790704588e-01 9.917469630626124522e-01
1.520621194587554216e+09 -6.795808076858520508e-01 2.115702182054519653e-01 3.088967502117156982e-01 -1.132087697492402227e-02 3.173890100353760069e-02 -7.255672121669545782e-02 9.967948646105121435e-01
1.520621194637555122e+09 -6.474674940109252930e-01 2.034029364585876465e-01 3.071002960205078125e-01 -1.717471836117259731e-02 2.830521673318604076e-02 -3.148591419342688935e-02 9.989556951948900254e-01
1.520621194687557220e+09 -6.133446097373962402e-01 1.965661346912384033e-01 3.062466382980346680e-01 -2.915240057067761473e-02 2.454596553019090799e-02 3.542763387008190674e-03 9.992672725275962842e-01
1.520621194737558126e+09 -5.766026377677917480e-01 1.889929920434951782e-01 3.061256408691406250e-01 -4.185650001486431598e-02 1.687600600035361192e-02 3.596509514293188409e-02 9.983334842422854072e-01
1.520621194787559986e+09 -5.377159118652343750e-01 1.825684159994125366e-01 3.065498471260070801e-01 -5.200563915511612761e-02 4.812012240824283318e-03 6.488392251634790553e-02 9.965251299556647790e-01
1.520621194837561131e+09 -4.975831210613250732e-01 1.776964813470840454e-01 3.076568543910980225e-01 -5.713791634319587143e-02 -8.280600220551945570e-03 8.531528504662090617e-02 9.946798441274253832e-01
1.520621194887322903e+09 -4.568086564540863037e-01 1.721230447292327881e-01 3.098840415477752686e-01 -5.319807377234665735e-02 -1.436334580809044657e-02 8.797496804148227656e-02 9.945974382845600426e-01
1.520621194937325239e+09 -4.193702340126037598e-01 1.700168550014495850e-01 3.121473193168640137e-01 -4.405076485380528262e-02 -1.516388434034955483e-02 7.628839660109168475e-02 9.959968209143751361e-01
1.520621194987327099e+09 -3.841718137264251709e-01 1.693976521492004395e-01 3.162935376167297363e-01 -4.527110207003359060e-02 -1.609024209654277837e-02 5.534128811854845120e-02 9.973108709204061562e-01
1.520621195037328243e+09 -3.503194451332092285e-01 1.703180521726608276e-01 3.241091966629028320e-01 -6.925222342160139433e-02 -1.874592545211798203e-02 3.198008269063504910e-02 9.969102237118487864e-01
1.520621195087329149e+09 -3.184086084365844727e-01 1.720877885818481445e-01 3.356769680976867676e-01 -1.124930150565434106e-01 -1.576454077209585997e-02 1.038096024238986496e-02 9.934732188047040724e-01
1.520621195137331009e+09 -2.877707779407501221e-01 1.756964325904846191e-01 3.492769896984100342e-01 -1.567350778223586538e-01 -9.944905547368061011e-03 -4.900213806712989430e-03 9.875784536624528931e-01
1.520621195187333107e+09 -2.584019303321838379e-01 1.798465549945831299e-01 3.626220524311065674e-01 -1.904656716791053028e-01 -4.548592551986009591e-03 -1.465988121262551229e-02 9.815738515773814177e-01
1.520621195237334013e+09 -2.300613969564437866e-01 1.837838143110275269e-01 3.750113844871520996e-01 -2.131089392207702049e-01 -2.169376060089418454e-03 -2.101215360447988845e-02 9.768000630797530892e-01
1.520621195287258625e+09 -2.029677778482437134e-01 1.878625750541687012e-01 3.841015696525573730e-01 -2.292347887013176932e-01 -1.688923256147711058e-03 -2.538256224921119769e-02 9.730386861378954588e-01
1.520621195337259769e+09 -1.773441433906555176e-01 1.909576207399368286e-01 3.902496993541717529e-01 -2.401600870501538199e-01 -6.315579764453998352e-04 -2.821760360681897783e-02 9.703228846983221745e-01
1.520621195387261868e+09 -1.552696079015731812e-01 1.922616064548492432e-01 3.923882246017456055e-01 -2.405498787754945522e-01 2.626956922436342323e-03 -3.071078863385246979e-02 9.701472580901877585e-01
1.520621195437262774e+09 -1.352158486843109131e-01 1.912569850683212280e-01 3.917756974697113037e-01 -2.232496501343160800e-01 4.624814078287430887e-03 -2.976352604026166401e-02 9.742958161294225095e-01
1.520621195487264872e+09 -1.173600628972053528e-01 1.881195306777954102e-01 3.870644271373748779e-01 -1.856374230358703581e-01 3.008562969051810365e-03 -2.557522902729297137e-02 9.822808169651203736e-01
1.520621195537266731e+09 -1.015788987278938293e-01 1.832753270864486694e-01 3.777363300323486328e-01 -1.312063645875299334e-01 -2.188922158036303058e-03 -1.948083581683550392e-02 9.911612358982708759e-01
1.520621195587267637e+09 -8.783493936061859131e-02 1.783272027969360352e-01 3.648494780063629150e-01 -6.739884179824075228e-02 -6.715574144937747764e-03 -1.150292397288242043e-02 9.976371985487678673e-01
1.520621195637268782e+09 -7.517875730991363525e-02 1.741054207086563110e-01 3.498762845993041992e-01 1.265015238578666565e-03 -1.062901049377181460e-02 -3.720758194256435815e-03 9.999357878538147615e-01
1.520621195687228918e+09 -6.373929977416992188e-02 1.709387749433517456e-01 3.337150216102600098e-01 6.972409739701379561e-02 -1.378672374809393301e-02 1.587986819420691672e-03 9.974697763783758608e-01
1.520621195737231016e+09 -5.306376889348030090e-02 1.687110960483551025e-01 3.167203366756439209e-01 1.341956838117747131e-01 -1.629058997586378676e-02 4.886059964476251356e-03 9.908088925431340899e-01
1.520621195787231922e+09 -4.328745976090431213e-02 1.669136136770248413e-01 3.001475930213928223e-01 1.916297476450776194e-01 -1.989896917419331501e-02 5.947825347671556809e-03 9.812475193430666431e-01
1.520621195837234020e+09 -3.471049293875694275e-02 1.652974784374237061e-01 2.847047150135040283e-01 2.406493261506685299e-01 -2.337772240003851976e-02 3.778136776544929569e-03 9.703231985277450677e-01
1.520621195887234926e+09 -2.720761485397815704e-02 1.646707057952880859e-01 2.707785665988922119e-01 2.829524801692224756e-01 -2.672668850018785486e-02 1.581362873498625863e-03 9.587601771972811271e-01
1.520621195937236786e+09 -2.013780176639556885e-02 1.656679809093475342e-01 2.579904198646545410e-01 3.135645203293567218e-01 -2.881791830242277572e-02 1.099276291099946607e-03 9.491288694202546505e-01
1.520621195987237930e+09 -1.390099618583917618e-02 1.665351539850234985e-01 2.488296926021575928e-01 3.289840845576492701e-01 -2.932998749356142618e-02 8.522081261713259064e-04 9.438794931995836412e-01
1.520621196037239790e+09 -8.348047733306884766e-03 1.667208820581436157e-01 2.438126653432846069e-01 3.273014813306850956e-01 -2.985798376900315049e-02 5.877058708783615838e-05 9.444481127462784897e-01
1.520621196087937355e+09 -4.526664502918720245e-03 1.666505783796310425e-01 2.436751723289489746e-01 3.030840741122827198e-01 -3.093335763858970008e-02 -2.668140211465567114e-03 9.524579006090061473e-01
1.520621196137938261e+09 -1.840119250118732452e-03 1.659218221902847290e-01 2.499076128005981445e-01 2.555484067025290962e-01 -3.308507659427602221e-02 -6.173662113160448793e-03 9.662102646084144153e-01
1.520621196187940121e+09 -5.059059476479887962e-04 1.643254905939102173e-01 2.616204917430877686e-01 1.878033814412226332e-01 -3.494522977726072233e-02 -1.001838654729722035e-02 9.815336737810098633e-01
1.520621196237941265e+09 -2.128501655533909798e-04 1.637385487556457520e-01 2.772521376609802246e-01 1.112076771616035270e-01 -3.096087041881363106e-02 -1.630062584223617578e-02 9.931810341727138614e-01
1.520621196287943363e+09 -1.088410615921020508e-03 1.646209806203842163e-01 2.960159182548522949e-01 3.728228704655420916e-02 -2.331333356891689829e-02 -2.324701222756197713e-02 9.987622820135803048e-01
1.520621196337944508e+09 -2.524593612179160118e-03 1.671830713748931885e-01 3.141977488994598389e-01 -3.139223337231596828e-02 -1.508380100212153817e-02 -3.033667801929886346e-02 9.989327768163280830e-01
1.520621196387946367e+09 -4.118121229112148285e-03 1.711931079626083374e-01 3.316456377506256104e-01 -9.723839558272590056e-02 -9.391348470425178729e-03 -3.624045345662645079e-02 9.945567487738758983e-01
1.520621196437947273e+09 -7.094521075487136841e-03 1.757280081510543823e-01 3.467629551887512207e-01 -1.588675828627736930e-01 -6.570393076583101732e-03 -4.035283623834127337e-02 9.864530245570138911e-01
1.520621196487668037e+09 -9.030254557728767395e-03 1.803648471832275391e-01 3.611959218978881836e-01 -2.122173925306398978e-01 -4.228968212988553493e-03 -4.270952235046578810e-02 9.762795659215370847e-01
1.520621196537670135e+09 -1.065464410930871964e-02 1.839959174394607544e-01 3.732692301273345947e-01 -2.524518832655254785e-01 -8.986041753346524002e-04 -4.409406845136906034e-02 9.666038238459598864e-01
1.520621196587671041e+09 -1.184169948101043701e-02 1.851692348718643188e-01 3.822737038135528564e-01 -2.739572565601481879e-01 4.311142087507098368e-03 -4.592844166833105757e-02 9.606349014468801295e-01
1.520621196637673140e+09 -1.255448069423437119e-02 1.838986426591873169e-01 3.878079652786254883e-01 -2.739657935373183140e-01 8.327072114505718742e-03 -4.800791079043519732e-02 9.605043697677825287e-01
1.520621196687675238e+09 -1.426878012716770172e-02 1.775661259889602661e-01 3.878103792667388916e-01 -2.517227577911921310e-01 8.651107712681455411e-03 -4.783868507286960503e-02 9.665776077252354881e-01
1.520621196737676144e+09 -1.557636633515357971e-02 1.677990108728408813e-01 3.827552795410156250e-01 -2.131302256748754953e-01 6.678913406669891202e-03 -4.628601080626241343e-02 9.759039421086099786e-01
1.520621196787678003e+09 -1.640508696436882019e-02 1.576293706893920898e-01 3.739180564880371094e-01 -1.643442707361469080e-01 4.933702452573972101e-03 -4.470227753234519430e-02 9.853772504171866009e-01
1.520621196837679148e+09 -1.646162569522857666e-02 1.476961821317672729e-01 3.612250089645385742e-01 -1.097247865210305567e-01 1.008423295382060219e-03 -4.142998124148621064e-02 9.930976845002216225e-01
1.520621196887681007e+09 -1.537114940583705902e-02 1.390917897224426270e-01 3.466925323009490967e-01 -5.590517454411927240e-02 -5.120905713627054399e-03 -3.652519867089221856e-02 9.977546279751928759e-01
1.520621196937261105e+09 -1.281607616692781448e-02 1.313955485820770264e-01 3.318688869476318359e-01 -9.614803543349566620e-03 -9.968422057838162431e-03 -3.199517632075571383e-02 9.993920626094161541e-01
1.520621196987262964e+09 -9.024444036185741425e-03 1.241018250584602356e-01 3.164494037628173828e-01 2.939288036811666879e-02 -1.431127591330174850e-02 -2.888418081844637206e-02 9.990480219007724649e-01
1.520621197037264109e+09 -3.991055302321910858e-03 1.175331324338912964e-01 3.035497367382049561e-01 6.396408632960548513e-02 -1.702382471072907272e-02 -2.676955032423287972e-02 9.974478313313811517e-01
1.520621197087266207e+09 1.441074768081307411e-03 1.114959046244621277e-01 2.887518703937530518e-01 9.797926315519618623e-02 -1.817336366732665714e-02 -2.399750633210560175e-02 9.947330860760692506e-01
1.520621197137268066e+09 9.533687494695186615e-03 1.062320545315742493e-01 2.764615416526794434e-01 1.344031138206840947e-01 -1.806362016671431495e-02 -2.135276066745004503e-02 9.905319622473851560e-01
1.520621197187269211e+09 1.953230798244476318e-02 1.022865027189254761e-01 2.652830183506011963e-01 1.731229235829662150e-01 -1.910047003110926581e-02 -2.001965745153331741e-02 9.845114720967959032e-01
1.520621197237270117e+09 3.132033348083496094e-02 9.893844276666641235e-02 2.546552717685699463e-01 2.111294925564709268e-01 -1.927295618421647969e-02 -2.101777777829053409e-02 9.770420377599067230e-01
1.520621197287282944e+09 4.522712528705596924e-02 9.609160572290420532e-02 2.452945709228515625e-01 2.421448321962265393e-01 -1.890369645837195606e-02 -2.332755122537207015e-02 9.697754151630668673e-01
1.520621197337572336e+09 6.161394342780113220e-02 9.303936362266540527e-02 2.366045564413070679e-01 2.613209009041493891e-01 -1.800640176615029425e-02 -2.632782241722854411e-02 9.647248322774980567e-01
1.520621197387573242e+09 8.094470202922821045e-02 8.951190114021301270e-02 2.315337806940078735e-01 2.611714350010406749e-01 -1.909847032767202080e-02 -2.855789712271572175e-02 9.646808676876351685e-01
1.520621197437575579e+09 1.030270382761955261e-01 8.475802093744277954e-02 2.315242588520050049e-01 2.393448666781277934e-01 -2.165899812702521202e-02 -3.045849708641559447e-02 9.702150290271737143e-01
1.520621197487576485e+09 1.266575008630752563e-01 8.051625639200210571e-02 2.365021556615829468e-01 1.997065880536154636e-01 -2.391052850844416211e-02 -3.183813081781300403e-02 9.790464231794415717e-01
1.520621197537578344e+09 1.524057686328887939e-01 7.678570598363876343e-02 2.459203898906707764e-01 1.487066538164383278e-01 -2.633629635534313895e-02 -3.154596189560835567e-02 9.880271164766087910e-01
1.520621197587579489e+09 1.794362813234329224e-01 7.434944808483123779e-02 2.585893571376800537e-01 8.837488593052313102e-02 -2.864002533428765609e-02 -2.883339212171582774e-02 9.952578881799298838e-01
1.520621197637581348e+09 2.069007158279418945e-01 7.342228293418884277e-02 2.733280956745147705e-01 2.088088792611597633e-02 -3.119515537156766771e-02 -2.539491545164314357e-02 9.989724466019893612e-01
1.520621197687583208e+09 2.342771589756011963e-01 7.347266376018524170e-02 2.891807854175567627e-01 -4.517979697309532083e-02 -3.319548279405612479e-02 -2.351983148206400476e-02 9.981501206705305496e-01
1.520621197738080025e+09 2.610316574573516846e-01 7.604283094406127930e-02 3.040588200092315674e-01 -1.079852492322136009e-01 -3.425856262111081491e-02 -2.100420343084901872e-02 9.933400023524812106e-01
1.520621197788082123e+09 2.860623002052307129e-01 8.001369982957839966e-02 3.187558650970458984e-01 -1.678530319335022614e-01 -3.378668515054170790e-02 -1.761576206454710733e-02 9.850753801126866938e-01
1.520621197838083029e+09 3.105188012123107910e-01 8.528742194175720215e-02 3.329554200172424316e-01 -2.213973813119995693e-01 -3.263994996995456949e-02 -1.590888734474689079e-02 9.745074348190475577e-01
1.520621197888085127e+09 3.336811065673828125e-01 9.123059362173080444e-02 3.459579050540924072e-01 -2.630362039100570537e-01 -3.178182034597056699e-02 -1.429059914084165536e-02 9.641564448284724032e-01
1.520621197938086033e+09 3.566927909851074219e-01 9.562680125236511230e-02 3.562968671321868896e-01 -2.823722612762447626e-01 -2.921702290808285071e-02 -1.173892131701398042e-02 9.587880210768393585e-01
1.520621197988087893e+09 3.790572285652160645e-01 9.762771427631378174e-02 3.620031177997589111e-01 -2.750651652708689388e-01 -2.613114949902459877e-02 -7.900406078911842780e-03 9.610379292536572748e-01
1.520621198038089037e+09 4.012930989265441895e-01 9.863349050283432007e-02 3.626037836074829102e-01 -2.491539602982266177e-01 -2.486590741311189151e-02 -5.334650024670356522e-05 9.681446110320415244e-01
1.520621198088090897e+09 4.211704134941101074e-01 9.672741591930389404e-02 3.573211431503295898e-01 -2.079712301792286389e-01 -2.473176084815104439e-02 1.044914871604765358e-02 9.777663947560266688e-01
1.520621198137300014e+09 4.384006261825561523e-01 9.405191242694854736e-02 3.481168150901794434e-01 -1.522947945281193372e-01 -2.401143417405661798e-02 1.992504603741207525e-02 9.878424667571999995e-01
1.520621198187300920e+09 4.548301994800567627e-01 9.268219769001007080e-02 3.338958919048309326e-01 -8.098043142695254826e-02 -2.557822389857390341e-02 3.122579540586514768e-02 9.958980238404784302e-01
1.520621198237303019e+09 4.675704836845397949e-01 9.151138365268707275e-02 3.177694976329803467e-01 -9.262349191631079944e-04 -2.704745487717248251e-02 4.192008383417289430e-02 9.987543661205582346e-01
1.520621198287305117e+09 4.774315655231475830e-01 9.087082743644714355e-02 3.007039129734039307e-01 8.005182869635837917e-02 -2.641678868278064807e-02 4.976699302043799400e-02 9.951970178832740821e-01
1.520621198337306023e+09 4.843811988830566406e-01 9.118147194385528564e-02 2.833886742591857910e-01 1.551184096207540164e-01 -2.625467812906828735e-02 5.622805252668253151e-02 9.859449157950578302e-01
1.520621198387308121e+09 4.880127310752868652e-01 9.237134456634521484e-02 2.653497159481048584e-01 2.201193330778824231e-01 -2.414514955567702292e-02 6.167419744027978490e-02 9.732218577119914338e-01
1.520621198437309027e+09 4.904960691928863525e-01 9.534299373626708984e-02 2.494129538536071777e-01 2.703513177948430046e-01 -2.037562968271708352e-02 6.695283137196204881e-02 9.602147244512042601e-01
1.520621198487310886e+09 4.920843541622161865e-01 9.821474552154541016e-02 2.352147549390792847e-01 3.015179086513768425e-01 -1.676379543666890390e-02 7.116777564241325016e-02 9.506529722433778584e-01
1.520621198537610292e+09 4.929855167865753174e-01 9.991841018199920654e-02 2.248777598142623901e-01 3.090432887769812287e-01 -1.578707437026608679e-02 7.331592602571836148e-02 9.480863826338433720e-01
1.520621198587611198e+09 4.904550313949584961e-01 9.941858053207397461e-02 2.236820310354232788e-01 2.935809323508921653e-01 -1.700655831523855896e-02 7.201778472767868255e-02 9.530658171486212638e-01
1.520621198637613297e+09 4.879079163074493408e-01 9.917478263378143311e-02 2.189509272575378418e-01 2.566566852472059734e-01 -1.997232273048646714e-02 6.833765839377384244e-02 9.638767642639394229e-01
1.520621198687614202e+09 4.809256792068481445e-01 9.847701340913772583e-02 2.240869849920272827e-01 2.055567808980985622e-01 -2.352540964906644355e-02 6.390715697044785371e-02 9.762729332597566145e-01
1.520621198737619400e+09 4.722622334957122803e-01 9.871840476989746094e-02 2.345523238182067871e-01 1.435258908719612980e-01 -2.857445960737219071e-02 6.118769620368337547e-02 9.873398020645386408e-01
1.520621198787617445e+09 4.611656367778778076e-01 1.015324145555496216e-01 2.480072081089019775e-01 7.483664241635772096e-02 -3.320074119853395900e-02 5.981965432271670741e-02 9.948461170916962359e-01
1.520621198837619305e+09 4.477349817752838135e-01 1.066218391060829163e-01 2.637796401977539062e-01 2.548586705116660626e-03 -3.674135950984801918e-02 5.763393030787797300e-02 9.976582116558964097e-01
1.520621198887620211e+09 4.305921494960784912e-01 1.139925494790077209e-01 2.805095314979553223e-01 -7.005341325568167909e-02 -3.840935216293506205e-02 5.434740687523222091e-02 9.953208529532525661e-01
1.520621198938076258e+09 4.105682969093322754e-01 1.233225539326667786e-01 2.978363633155822754e-01 -1.391241335488876407e-01 -3.869413401059916546e-02 5.097926911467928757e-02 9.882046111904022601e-01
1.520621198988013268e+09 3.876939117908477783e-01 1.339739263057708740e-01 3.142960965633392334e-01 -1.990552456951465432e-01 -3.749400212190630993e-02 4.766156314569942182e-02 9.781102107455149630e-01
1.520621199038015366e+09 3.626811206340789795e-01 1.447895169258117676e-01 3.280336260795593262e-01 -2.397090508299371259e-01 -3.503832023197185619e-02 4.319633299595439929e-02 9.692502070576177742e-01
1.520621199088016272e+09 3.370174467563629150e-01 1.546532660722732544e-01 3.401474058628082275e-01 -2.527798920852140641e-01 -3.200898951304292916e-02 3.880298372922487415e-02 9.662153379042638379e-01
1.520621199138018131e+09 3.085754513740539551e-01 1.616831421852111816e-01 3.450311720371246338e-01 -2.418965173461061768e-01 -2.969984240092828076e-02 3.476313605382930216e-02 9.692241838856932024e-01
1.520621199188019276e+09 2.783750295639038086e-01 1.664255261421203613e-01 3.447168469429016113e-01 -2.130073484971037046e-01 -2.769459997943114066e-02 3.051995311222409010e-02 9.761810339687204685e-01
1.520621199238021135e+09 2.477763593196868896e-01 1.710151731967926025e-01 3.399671912193298340e-01 -1.666873021163929602e-01 -2.558736572332128562e-02 2.545256610003823056e-02 9.853490736319908683e-01
1.520621199288023233e+09 2.154386490583419800e-01 1.742543876171112061e-01 3.310264647006988525e-01 -1.050635729339311486e-01 -2.461431930085946143e-02 2.027255490843331634e-02 9.939541259259384587e-01
1.520621199338024378e+09 1.821906119585037231e-01 1.783650666475296021e-01 3.188362717628479004e-01 -3.503246909218957206e-02 -2.623203531614929501e-02 1.663654451226863687e-02 9.989033145500960664e-01
1.520621199387363434e+09 1.496941894292831421e-01 1.838034689426422119e-01 3.047556281089782715e-01 3.405772375137943592e-02 -2.904867628045856853e-02 1.362799328622456285e-02 9.989046619463834986e-01
1.520621199437364578e+09 1.153910681605339050e-01 1.906186044216156006e-01 2.892401218414306641e-01 9.712157967555487548e-02 -3.039587979081732894e-02 1.203541528979538977e-02 9.947354613322424433e-01
1.520621199487366438e+09 8.278727531433105469e-02 1.977504342794418335e-01 2.736419141292572021e-01 1.474406419499976195e-01 -3.113403912801769591e-02 1.374861317047229581e-02 9.884851563603960223e-01
1.520621199537367344e+09 5.011371895670890808e-02 2.055556625127792358e-01 2.591038644313812256e-01 1.806511582216946410e-01 -3.032881332260433521e-02 1.458648286679101874e-02 9.829712898315899894e-01
1.520621199587369680e+09 1.771362125873565674e-02 2.129182219505310059e-01 2.471039295196533203e-01 1.915823882602349093e-01 -2.903799585851506507e-02 1.125998838993361173e-02 9.809822607807360262e-01
1.520621199637370348e+09 -1.410870067775249481e-02 2.181225419044494629e-01 2.390397787094116211e-01 1.765609344901094002e-01 -2.900392312342994078e-02 2.434720930387514019e-03 9.838592790584540504e-01
1.520621199687372446e+09 -4.442662373185157776e-02 2.214806377887725830e-01 2.363418787717819214e-01 1.431618286130704465e-01 -2.935108632896426054e-02 -2.024801195627691161e-02 9.890567337475084653e-01
1.520621199737374544e+09 -7.252495735883712769e-02 2.245718687772750854e-01 2.388429790735244751e-01 1.068941226812359924e-01 -2.760850127614862537e-02 -6.251883939318542138e-02 9.919187526780722797e-01
1.520621199787779331e+09 -9.798290580511093140e-02 2.281269729137420654e-01 2.449749261140823364e-01 7.590053815700742446e-02 -2.378073098336256144e-02 -1.194053341628035642e-01 9.896544605643136094e-01
1.520621199837781429e+09 -1.228825598955154419e-01 2.323790490627288818e-01 2.511139810085296631e-01 5.195591282890178048e-02 -1.516731363714483860e-02 -1.829950400206163119e-01 9.816228150603473201e-01
1.520621199887783289e+09 -1.458798944950103760e-01 2.378099262714385986e-01 2.563366293907165527e-01 3.484415513106790818e-02 -4.287023412393569863e-03 -2.461205187438230690e-01 9.686032193508006261e-01
1.520621199937784433e+09 -1.674987226724624634e-01 2.433245182037353516e-01 2.620462477207183838e-01 2.585149555958913409e-02 9.893551685642262145e-03 -3.020719667664487074e-01 9.528831747419123088e-01
1.520621199987786293e+09 -1.865810453891754150e-01 2.476553022861480713e-01 2.661454975605010986e-01 2.326371182867627979e-02 2.399329504333213084e-02 -3.479854218321726811e-01 9.369040867117619520e-01
1.520621200037788153e+09 -2.035555988550186157e-01 2.503316700458526611e-01 2.685796320438385010e-01 2.712166195706570970e-02 3.543107435649114206e-02 -3.859483437935689043e-01 9.214406819462839238e-01
1.520621200087789297e+09 -2.206035554409027100e-01 2.513601183891296387e-01 2.678550481796264648e-01 3.490745359159462546e-02 3.917067173019975201e-02 -4.116482691211759137e-01 9.098312099996874736e-01
1.520621200137790203e+09 -2.379133403301239014e-01 2.517732977867126465e-01 2.644422352313995361e-01 4.255855313990954125e-02 3.756345310640307744e-02 -4.182030717068971892e-01 9.065781529246536019e-01
1.520621200187698126e+09 -2.548234462738037109e-01 2.468856722116470337e-01 2.605098187923431396e-01 4.628035774393676749e-02 3.007211837126575610e-02 -3.980164186636862000e-01 9.157165099843352918e-01
1.520621200237698793e+09 -2.696739137172698975e-01 2.381822466850280762e-01 2.579650282859802246e-01 4.579907817389341357e-02 2.354071925979215815e-02 -3.558724358749551508e-01 9.331147241146605653e-01
1.520621200287700891e+09 -2.802726924419403076e-01 2.294358462095260620e-01 2.555378973484039307e-01 3.855055098958525689e-02 2.078195235346199862e-02 -3.044077675756352575e-01 9.515344851945175542e-01
1.520621200337702990e+09 -2.895947396755218506e-01 2.210285663604736328e-01 2.546585500240325928e-01 2.389525271393607569e-02 1.946534641217287712e-02 -2.480451889969654822e-01 9.682580758259913267e-01
1.520621200387703896e+09 -2.959812879562377930e-01 2.135526090860366821e-01 2.546531558036804199e-01 3.666737643247303721e-03 1.746025599536640827e-02 -1.877457262364005397e-01 9.820556179644808203e-01
1.520621200437705040e+09 -3.009230792522430420e-01 2.053732872009277344e-01 2.562430202960968018e-01 -2.058060594198564061e-02 1.407414075406538193e-02 -1.295478008607342246e-01 9.912596655333267837e-01
1.520621200487706900e+09 -3.043245673179626465e-01 1.976273804903030396e-01 2.583826780319213867e-01 -4.206902666947843344e-02 1.089468815777469395e-02 -7.568670378651129460e-02 9.961842327777328254e-01
1.520621200537711859e+09 -3.074620366096496582e-01 1.911413073539733887e-01 2.594447433948516846e-01 -5.656261102507666172e-02 5.386425393547431863e-03 -2.757397163845233534e-02 9.980036741132707334e-01
1.520621200587625027e+09 -3.122671544551849365e-01 1.846536993980407715e-01 2.584669888019561768e-01 -6.298995634776133334e-02 1.102420129712765491e-03 6.574132345836451383e-03 9.979918991921047366e-01
1.520621200637626886e+09 -3.184532523155212402e-01 1.779114454984664917e-01 2.544817030429840088e-01 -6.439232654812757084e-02 -4.384539439036500529e-03 2.633835863986642642e-02 9.975673886809777180e-01
1.520621200687627792e+09 -3.270805776119232178e-01 1.709489822387695312e-01 2.486171424388885498e-01 -6.424600342646596962e-02 -8.820321015016487076e-03 3.332197889139928287e-02 9.973386078477458616e-01
1.520621200737630129e+09 -3.366063833236694336e-01 1.646876484155654907e-01 2.414352446794509888e-01 -6.281080671891671463e-02 -1.419329511673949294e-02 3.491691032845137266e-02 9.973134724379104643e-01
1.520621200787631035e+09 -3.470186889171600342e-01 1.592070013284683228e-01 2.329305857419967651e-01 -5.952828622210159376e-02 -2.163828676676330179e-02 3.207315435691533712e-02 9.974765563434843108e-01
1.520621200837632895e+09 -3.589971065521240234e-01 1.540123522281646729e-01 2.226614654064178467e-01 -5.844192161684935022e-02 -3.083057294966891348e-02 2.928935154548087394e-02 9.973846557148201564e-01
1.520621200887634993e+09 -3.709316849708557129e-01 1.486399024724960327e-01 2.114434093236923218e-01 -6.131209278939028784e-02 -3.940500219939153254e-02 2.508715663365607834e-02 9.970249282999344986e-01
1.520621200937635899e+09 -3.842869400978088379e-01 1.429665535688400269e-01 1.997011452913284302e-01 -6.830092605244861281e-02 -4.585475532147424704e-02 1.838737004231114427e-02 9.964407807480145651e-01
1.520621200987446785e+09 -3.996590077877044678e-01 1.382949203252792358e-01 1.869734674692153931e-01 -7.604440437299476996e-02 -5.274227211398891529e-02 8.968338582928468694e-03 9.956681526486985678e-01
1.520621201037447691e+09 -4.166451692581176758e-01 1.339541226625442505e-01 1.719540059566497803e-01 -8.099536385552354167e-02 -5.771657673321296811e-02 -1.449556401210908311e-03 9.950409270931271921e-01
1.520621201087449789e+09 -4.360547661781311035e-01 1.294342577457427979e-01 1.554349213838577271e-01 -8.279512308819667044e-02 -5.959432947355124827e-02 -1.135105662386213729e-02 9.947183706964147776e-01
1.520621201137450933e+09 -4.584875702857971191e-01 1.240516379475593567e-01 1.371373385190963745e-01 -7.856839594824054085e-02 -6.069358206177512260e-02 -2.162516220671673386e-02 9.948244310501045407e-01
1.520621201187452793e+09 -4.837514162063598633e-01 1.185335814952850342e-01 1.179619282484054565e-01 -6.750126086198612874e-02 -5.896920253678392121e-02 -3.231582744254292427e-02 9.954506016025715942e-01
1.520621201237453938e+09 -5.121977329254150391e-01 1.128830611705780029e-01 9.830906242132186890e-02 -5.212460895271936456e-02 -5.344207650951547650e-02 -4.453225861430012977e-02 9.962147597494158680e-01
1.520621201287455797e+09 -5.434375405311584473e-01 1.069947257637977600e-01 7.931720465421676636e-02 -3.863686364121197286e-02 -4.789631864534952405e-02 -5.614064693355700492e-02 9.965246425403013752e-01
1.520621201337457657e+09 -5.777322649955749512e-01 1.001772657036781311e-01 6.226678192615509033e-02 -3.134051571697253624e-02 -4.327975022031125413e-02 -6.424248679345687107e-02 9.965026533763238215e-01
1.520621201387450933e+09 -6.148195266723632812e-01 9.259197115898132324e-02 4.762827232480049133e-02 -2.597295346193367188e-02 -3.601716513670424891e-02 -7.086129594519617603e-02 9.964972886269921615e-01
1.520621201437466383e+09 -6.530898809432983398e-01 8.481153845787048340e-02 3.502081334590911865e-02 -1.934710369178864464e-02 -2.762334395735443690e-02 -7.486227325772143448e-02 9.966234396651721950e-01
1.520621201487468719e+09 -6.916847825050354004e-01 7.765645533800125122e-02 2.426126971840858459e-02 -1.167385129384822771e-02 -2.239110396561795266e-02 -7.670944550530550687e-02 9.967336758780844796e-01
1.520621201537469625e+09 -7.300920486450195312e-01 7.033814489841461182e-02 1.482432335615158081e-02 -4.372807492235828743e-03 -1.789732384645048580e-02 -7.733157680763140529e-02 9.968351877728918176e-01
1.520621201587471485e+09 -7.679914236068725586e-01 6.299224495887756348e-02 7.172037847340106964e-03 -1.098916284583201317e-03 -1.655825973724149233e-02 -7.621648913033429729e-02 9.969531900757021559e-01
1.520621201637472630e+09 -8.045160770416259766e-01 5.533884093165397644e-02 1.314706983976066113e-03 -4.177983709321734726e-03 -1.304319456929840804e-02 -7.622690241723606430e-02 9.969964287174880591e-01
1.520621201687474489e+09 -8.405616879463195801e-01 4.608022794127464294e-02 -3.341599600389599800e-03 -1.285489362031971665e-02 -8.976957710808034646e-03 -7.755485878950592327e-02 9.968647901387672761e-01
1.520621201737476349e+09 -8.759101629257202148e-01 3.558053448796272278e-02 -7.237396202981472015e-03 -2.389519453250884065e-02 -4.300326534732061730e-03 -8.191936387182742474e-02 9.963431862028180319e-01
1.520621201787478685e+09 -9.126344919204711914e-01 2.418021298944950104e-02 -1.135334931313991547e-02 -3.542717339943790567e-02 -4.472955805603230639e-03 -8.822170313936308905e-02 9.954606165722867939e-01
1.520621201837656021e+09 -9.482502937316894531e-01 1.155802235007286072e-02 -1.656946353614330292e-02 -4.398864288995300159e-02 -7.058066430733989267e-03 -9.564493866134068933e-02 9.944180351861222622e-01
1.520621201887658119e+09 -9.835340976715087891e-01 -2.052720403298735619e-03 -2.414772845804691315e-02 -4.401181632961286699e-02 -9.615754697112953095e-03 -1.035605146238683383e-01 9.936023938657821963e-01
1.520621201937663078e+09 -1.018729209899902344e+00 -1.738746091723442078e-02 -3.475495800375938416e-02 -3.578683470542122491e-02 -1.088222801342793658e-02 -1.139816974589204224e-01 9.927784507228255562e-01
1.520621201987661123e+09 -1.056354045867919922e+00 -3.562431409955024719e-02 -4.875262826681137085e-02 -2.146781894459932200e-02 -8.349329827951440866e-03 -1.247860440977641011e-01 9.919162588845981121e-01
1.520621202037662983e+09 -1.094741106033325195e+00 -5.594670400023460388e-02 -6.376502662897109985e-02 -6.349795468476381044e-03 -8.492137266015662919e-03 -1.371104114843145483e-01 9.904990150246316682e-01
1.520621202087663889e+09 -1.133736848831176758e+00 -7.743884623050689697e-02 -7.840928435325622559e-02 7.369108533026278579e-03 -1.021984596924356212e-02 -1.475172645885493294e-01 9.889792250781131999e-01
1.520621202137666225e+09 -1.176061391830444336e+00 -1.003530472517013550e-01 -9.059070050716400146e-02 1.693386501857356910e-02 -9.304224990606195858e-03 -1.616058717755998464e-01 9.866662139855126856e-01
1.520621202187685013e+09 -1.217890262603759766e+00 -1.236109435558319092e-01 -9.861832112073898315e-02 2.240894929035529282e-02 -6.432735314838330942e-03 -1.754349032486577087e-01 9.842149427996942368e-01
1.520621202237794399e+09 -1.260416865348815918e+00 -1.475368738174438477e-01 -1.017898395657539368e-01 2.336273792618620906e-02 -2.070901120722693986e-03 -1.920123756127709858e-01 9.811121961614178710e-01
1.520621202287795544e+09 -1.300762653350830078e+00 -1.701880097389221191e-01 -9.975571185350418091e-02 2.023817372863740555e-02 1.643581400056155599e-03 -2.083180058870014173e-01 9.778503583818815015e-01
1.520621202337797403e+09 -1.341006159782409668e+00 -1.930240690708160400e-01 -9.404841065406799316e-02 1.495810212957503216e-02 8.644199857036715881e-03 -2.211170177835710404e-01 9.750942505399223803e-01
1.520621202387798548e+09 -1.380696415901184082e+00 -2.159615308046340942e-01 -8.797591924667358398e-02 1.053006889054837296e-02 1.601984405343327353e-02 -2.332431602842280904e-01 9.722294535891669032e-01
1.520621202437800646e+09 -1.419354677200317383e+00 -2.391762882471084595e-01 -8.348954468965530396e-02 7.887900372721228653e-03 1.620852299210910619e-02 -2.437709584742619451e-01 9.696652951481061766e-01
1.520621202487802505e+09 -1.456797122955322266e+00 -2.636329829692840576e-01 -8.111822605133056641e-02 6.636401710594241540e-03 1.297929712919966908e-02 -2.529300301322789934e-01 9.673747442825101350e-01
1.520621202537803650e+09 -1.491826534271240234e+00 -2.899737954139709473e-01 -8.185767382383346558e-02 5.393309195776589161e-03 7.449636721117169381e-03 -2.594913386903156538e-01 9.657016414366034196e-01
1.520621202587805510e+09 -1.527222156524658203e+00 -3.189232647418975830e-01 -8.686651289463043213e-02 7.439713908890334230e-03 4.539250386287780291e-03 -2.653301054410440174e-01 9.641182401601625651e-01
1.520621202638237000e+09 -1.562604069709777832e+00 -3.511393070220947266e-01 -9.547739475965499878e-02 1.082068239399940242e-02 -6.562997745821491256e-04 -2.682186490163274706e-01 9.632970665495614870e-01
1.520621202688238859e+09 -1.596864104270935059e+00 -3.842155039310455322e-01 -1.051656752824783325e-01 1.529632740777646036e-02 -1.068510361450853742e-02 -2.678002632171058162e-01 9.632937609833409631e-01
1.520621202738239765e+09 -1.630372762680053711e+00 -4.190564155578613281e-01 -1.143461093306541443e-01 2.165919198030874168e-02 -2.107827579152590086e-02 -2.660485540755010425e-01 9.634857303389353644e-01
1.520621202788242102e+09 -1.662959456443786621e+00 -4.543418586254119873e-01 -1.199902221560478210e-01 2.549637713333402847e-02 -2.601593589199499915e-02 -2.649285050990580759e-01 9.635797803081572743e-01
1.520621202838243008e+09 -1.695814132690429688e+00 -4.905467033386230469e-01 -1.204904466867446899e-01 2.466174597568479565e-02 -2.475950689935339094e-02 -2.635606040889428292e-01 9.640096332899394937e-01
1.520621202888244867e+09 -1.727575302124023438e+00 -5.280419588088989258e-01 -1.159282252192497253e-01 2.322648204814162926e-02 -2.381670026027817022e-02 -2.614369904522774180e-01 9.646470833126669087e-01
1.520621202938246965e+09 -1.756731390953063965e+00 -5.653455257415771484e-01 -1.082184240221977234e-01 2.518776096132105749e-02 -2.496408336918745988e-02 -2.583953287043327940e-01 9.653881216086467321e-01
1.520621202988247871e+09 -1.781868338584899902e+00 -6.036120653152465820e-01 -1.001497507095336914e-01 2.951256919735874285e-02 -2.870234091223028763e-02 -2.503426065572629255e-01 9.672816359404560194e-01
1.520621203038747311e+09 -1.805336952209472656e+00 -6.438482999801635742e-01 -9.397266805171966553e-02 3.271164542972812561e-02 -3.328412565568140274e-02 -2.394669504022696183e-01 9.697822925263451799e-01
1.520621203088748217e+09 -1.827464342117309570e+00 -6.847865581512451172e-01 -9.032564610242843628e-02 3.125333364452555218e-02 -3.222317570561258199e-02 -2.301205956598140201e-01 9.721262302482746032e-01
1.520621203138750315e+09 -1.849483966827392578e+00 -7.269643545150756836e-01 -9.063028544187545776e-02 2.593385219549446466e-02 -2.960994627855678338e-02 -2.230679373567868440e-01 9.740078961256277701e-01
1.520621203188752174e+09 -1.873104453086853027e+00 -7.712141871452331543e-01 -9.454888850450515747e-02 1.932982647411979685e-02 -2.831636065078152464e-02 -2.186891196521331404e-01 9.751920890131083874e-01
1.520621203238753080e+09 -1.894849896430969238e+00 -8.156135082244873047e-01 -1.012878566980361938e-01 1.335690505354444890e-02 -3.136264816809568312e-02 -2.145576863524742139e-01 9.761162720774343438e-01
1.520621203288755178e+09 -1.916675090789794922e+00 -8.606053590774536133e-01 -1.090324968099594116e-01 9.616350084813584179e-03 -3.464557734042917475e-02 -2.123003603061231481e-01 9.765427623999294315e-01
1.520621203338756084e+09 -1.939890742301940918e+00 -9.065575003623962402e-01 -1.158682182431221008e-01 1.051670818678752603e-02 -3.353666717687819182e-02 -2.125429850999484560e-01 9.765194162372730080e-01
1.520621203388758183e+09 -1.962785124778747559e+00 -9.528929591178894043e-01 -1.203517168760299683e-01 1.674688039747096457e-02 -2.618218199384106382e-02 -2.159901249833406645e-01 9.759007640393950744e-01
1.520621203439355850e+09 -1.986346483230590820e+00 -1.000921607017517090e+00 -1.207052841782569885e-01 2.355368485826545011e-02 -2.028165454438722246e-02 -2.208199075679990464e-01 9.748191867419310208e-01
1.520621203489356756e+09 -2.009943246841430664e+00 -1.048665761947631836e+00 -1.164279952645301819e-01 2.854552170994861457e-02 -1.923225170154457472e-02 -2.283062230664515690e-01 9.729807511939416731e-01
1.520621203539358854e+09 -2.032994270324707031e+00 -1.094641327857971191e+00 -1.102263927459716797e-01 3.534865082498832300e-02 -1.438934607670985973e-02 -2.379457005722870055e-01 9.705283422875919941e-01
1.520621203589359760e+09 -2.056763887405395508e+00 -1.139910340309143066e+00 -1.028241962194442749e-01 3.694256021652588678e-02 -7.785085121093721604e-03 -2.487371116257207082e-01 9.678349492524018771e-01
1.520621203639361620e+09 -2.078954696655273438e+00 -1.183557033538818359e+00 -9.627150744199752808e-02 3.541627752550748076e-02 3.792684601452383283e-03 -2.576842499649650287e-01 9.655724365109762397e-01
1.520621203689362764e+09 -2.101345539093017578e+00 -1.226777553558349609e+00 -9.128179401159286499e-02 2.811923330164580251e-02 1.205780125122805566e-02 -2.646507222406525583e-01 9.638588658953208821e-01
1.520621203739364624e+09 -2.122484922409057617e+00 -1.270430684089660645e+00 -8.953028172254562378e-02 1.476124804208463377e-02 1.445943153379719570e-02 -2.685896225531885229e-01 9.630330446317484361e-01
1.520621203789365768e+09 -2.143587112426757812e+00 -1.315097451210021973e+00 -9.096745401620864868e-02 1.925275418331069601e-03 1.061273017192806110e-02 -2.737988948014189461e-01 9.617264831948753034e-01
1.520621203839441776e+09 -2.163842916488647461e+00 -1.359539866447448730e+00 -9.462492167949676514e-02 -6.480965856744055897e-03 5.330407220181087452e-03 -2.750752112226568236e-01 9.613860889420240419e-01
1.520621203889507532e+09 -2.182804107666015625e+00 -1.401803970336914062e+00 -9.861654043197631836e-02 -1.245863842962929152e-02 5.933982387548706640e-03 -2.741498382244592080e-01 9.615879764134984686e-01
1.520621203939509630e+09 -2.203137874603271484e+00 -1.446429014205932617e+00 -1.031105369329452515e-01 -1.649895634730566552e-02 9.827310863632638185e-03 -2.699493686967446848e-01 9.626829938982345292e-01
1.520621203989510536e+09 -2.222698926925659180e+00 -1.491026043891906738e+00 -1.070171073079109192e-01 -1.810534426517655324e-02 5.549076766315123345e-03 -2.644082818915883260e-01 9.642249036004096885e-01
1.520621204039512396e+09 -2.242645502090454102e+00 -1.535415291786193848e+00 -1.094870865345001221e-01 -1.913545034160482605e-02 7.227051775518408133e-03 -2.572544732129982137e-01 9.661271863863271081e-01
1.520621204089514494e+09 -2.261391878128051758e+00 -1.579120635986328125e+00 -1.094174906611442566e-01 -1.901235299123809480e-02 1.692213372842490265e-02 -2.510545675088661222e-01 9.676382464313562082e-01
1.520621204139515400e+09 -2.278985500335693359e+00 -1.621782183647155762e+00 -1.052757874131202698e-01 -2.199887859802858447e-02 2.619694921921058087e-02 -2.474613938086968057e-01 9.682936681432408044e-01
1.520621204189517736e+09 -2.295028686523437500e+00 -1.663893580436706543e+00 -9.842026978731155396e-02 -2.882940880756684754e-02 2.939439005948315739e-02 -2.414164095951566169e-01 9.695478081038710894e-01
1.520621204239518642e+09 -2.307779312133789062e+00 -1.705431818962097168e+00 -9.148278087377548218e-02 -3.353610346661671515e-02 2.184343895391992890e-02 -2.338443793603074139e-01 9.714499473367300686e-01
1.520621204289439678e+09 -2.321253776550292969e+00 -1.744101047515869141e+00 -8.396691828966140747e-02 -2.698819666842810008e-02 1.141023058061588387e-02 -2.270245812264552465e-01 9.734481410931122847e-01
1.520621204339440584e+09 -2.334910154342651367e+00 -1.781808137893676758e+00 -7.947297394275665283e-02 -1.419958366859765987e-02 8.120360181523379739e-03 -2.211685016508414259e-01 9.750984183412884088e-01
1.520621204389442444e+09 -2.347698450088500977e+00 -1.819623827934265137e+00 -7.998217642307281494e-02 -7.675411659771669629e-03 9.870985541447952968e-03 -2.181966457898122380e-01 9.758247155439181419e-01
1.520621204439443588e+09 -2.360939979553222656e+00 -1.859019756317138672e+00 -8.386036008596420288e-02 -8.055614264995255777e-03 1.704486077966216664e-02 -2.187677759303767178e-01 9.755948134416726480e-01
1.520621204489445448e+09 -2.374430179595947266e+00 -1.898335695266723633e+00 -8.865848183631896973e-02 -1.188800267454271850e-02 2.410964606502373139e-02 -2.238047513091568630e-01 9.742632260587873461e-01
1.520621204539447308e+09 -2.387888908386230469e+00 -1.937871217727661133e+00 -9.257856011390686035e-02 -1.658705622488929748e-02 2.477162518400449071e-02 -2.347976417101280133e-01 9.715870025884959515e-01
1.520621204589448452e+09 -2.401273727416992188e+00 -1.978334784507751465e+00 -9.594377875328063965e-02 -1.682316551824033016e-02 2.380457390755684466e-02 -2.490953862221977899e-01 9.680401912760852046e-01
1.520621204639450550e+09 -2.415135145187377930e+00 -2.019062995910644531e+00 -9.818570315837860107e-02 -1.707617559728034570e-02 2.269845447561907176e-02 -2.646456053089756844e-01 9.639273250520679071e-01
1.520621204689220428e+09 -2.428651094436645508e+00 -2.059694051742553711e+00 -9.744545072317123413e-02 -1.844212517070846838e-02 2.007158942652135028e-02 -2.790144259805842908e-01 9.598999788581131787e-01
1.520621204739222527e+09 -2.441663980484008789e+00 -2.100435733795166016e+00 -9.306740760803222656e-02 -1.696706428875351808e-02 1.227658931469496374e-02 -2.926894515885200554e-01 9.559781843813336399e-01
1.520621204789224625e+09 -2.455294370651245117e+00 -2.139183282852172852e+00 -8.712270110845565796e-02 -1.271796451910666738e-02 6.163568439952503593e-03 -3.088460731531866843e-01 9.510070277870890099e-01
1.520621204839226484e+09 -2.470264911651611328e+00 -2.176728487014770508e+00 -8.037158846855163574e-02 -1.421420682275505339e-02 3.750538994821860615e-03 -3.240294618752168621e-01 9.459327659080772888e-01
1.520621204889227629e+09 -2.486650466918945312e+00 -2.211925029754638672e+00 -7.277914136648178101e-02 -1.936299703059423533e-02 7.394990794752825773e-03 -3.388845879770622238e-01 9.405996090200949844e-01
1.520621204939228535e+09 -2.505285978317260742e+00 -2.244420528411865234e+00 -6.665729731321334839e-02 -1.811720370776472716e-02 1.700966190024073496e-02 -3.560498238757232037e-01 9.341364789204612551e-01
1.520621204989230394e+09 -2.523869037628173828e+00 -2.276669979095458984e+00 -6.314267218112945557e-02 -1.075248942981251420e-02 1.937236385661168792e-02 -3.639617142242235204e-01 9.311503455772507376e-01
1.520621205039232492e+09 -2.543855428695678711e+00 -2.310324668884277344e+00 -6.296224892139434814e-02 -8.879844188337551736e-03 2.043879425161732391e-02 -3.713646866371750344e-01 9.282196257220612923e-01
1.520621205088907242e+09 -2.566333055496215820e+00 -2.344175100326538086e+00 -6.497110426425933838e-02 -1.139619403206193655e-02 1.948862735645660524e-02 -3.874743931609716530e-01 9.216039902310978471e-01
1.520621205138909340e+09 -2.591002941131591797e+00 -2.376469850540161133e+00 -6.815736740827560425e-02 -9.440754907162191706e-03 1.051967900683362100e-02 -4.067440981875846129e-01 9.134327819220988687e-01
1.520621205188910484e+09 -2.617774009704589844e+00 -2.407346487045288086e+00 -7.204668223857879639e-02 -1.124335795718132795e-02 2.762323638037259867e-03 -4.255098588027286799e-01 9.048797248980923191e-01
1.520621205238912344e+09 -2.646980047225952148e+00 -2.437325954437255859e+00 -7.373785972595214844e-02 -2.448676659478738263e-02 3.502142073678269404e-03 -4.400473141195214710e-01 8.976338310240002949e-01
1.520621205288913250e+09 -2.677600383758544922e+00 -2.465311050415039062e+00 -7.352032512426376343e-02 -4.009724481090772702e-02 1.175996403112117110e-02 -4.528444193455040678e-01 8.906098169637441941e-01
1.520621205338915348e+09 -2.708506107330322266e+00 -2.492417335510253906e+00 -7.051443308591842651e-02 -5.180739495586800941e-02 2.034714213727095711e-02 -4.637600079826798005e-01 8.842107455978113206e-01
1.520621205388916254e+09 -2.739711761474609375e+00 -2.519098997116088867e+00 -6.559972465038299561e-02 -4.469924204622171410e-02 1.793462696634937070e-02 -4.778941341318539981e-01 8.770960742577956770e-01
1.520621205438918352e+09 -2.771337985992431641e+00 -2.545219659805297852e+00 -6.246863305568695068e-02 -2.838063389088571822e-02 6.921134332679200821e-03 -4.983421796757264710e-01 8.664881473370230625e-01
1.520621205488816500e+09 -2.803121089935302734e+00 -2.570025920867919922e+00 -5.847440287470817566e-02 -3.017424589892008652e-02 -1.736463960515450752e-03 -5.135135940574634406e-01 8.575490005215632427e-01
1.520621205538818359e+09 -2.834297418594360352e+00 -2.592273235321044922e+00 -5.267871916294097900e-02 -4.365651130396005358e-02 -9.421360641719785968e-04 -5.230911159501926422e-01 8.511573919166688373e-01
1.520621205588819504e+09 -2.864408969879150391e+00 -2.610771656036376953e+00 -4.616396501660346985e-02 -5.307044626803193027e-02 4.151945771679363406e-03 -5.309104116211427193e-01 8.457543519908660157e-01
1.520621205638821363e+09 -2.896455764770507812e+00 -2.626601696014404297e+00 -4.122838377952575684e-02 -5.279830876789081556e-02 5.457700345473620422e-03 -5.400411735981001105e-01 8.399631437848781301e-01
1.520621205688823462e+09 -2.930012226104736328e+00 -2.643656015396118164e+00 -3.992189466953277588e-02 -5.198815573685862390e-02 7.955839453735831165e-03 -5.506731588348245943e-01 8.330624276850702170e-01
1.520621205738824606e+09 -2.964761972427368164e+00 -2.660932540893554688e+00 -4.047394543886184692e-02 -5.482276566220408570e-02 9.735636479063900298e-03 -5.611951985237564333e-01 8.258084710762999547e-01
1.520621205788826466e+09 -2.999272346496582031e+00 -2.678359746932983398e+00 -4.293578490614891052e-02 -5.446908841415398078e-02 1.026038796485163190e-02 -5.761878923490152404e-01 8.154356845003422061e-01
1.520621205838827372e+09 -3.034670352935791016e+00 -2.695778131484985352e+00 -4.578862711787223816e-02 -5.100386320444998123e-02 9.756126857222024648e-03 -5.903774188150584523e-01 8.054551056888501481e-01
1.520621205889071941e+09 -3.069678544998168945e+00 -2.714025974273681641e+00 -4.937043413519859314e-02 -4.480062635093097489e-02 1.394580347148380306e-02 -6.029411931587714824e-01 7.964046308481487202e-01
1.520621205939072847e+09 -3.105131149291992188e+00 -2.733732461929321289e+00 -5.384487658739089966e-02 -3.817947308676183232e-02 1.480068440060163665e-02 -6.143605866255243964e-01 7.879621419695442830e-01
1.520621205989074945e+09 -3.142001867294311523e+00 -2.755786418914794922e+00 -5.848443880677223206e-02 -3.808251177375389374e-02 1.434980809332611108e-02 -6.233729958587347353e-01 7.808648495986948435e-01
1.520621206039075851e+09 -3.178059339523315430e+00 -2.776275873184204102e+00 -6.215333193540573120e-02 -3.662564450748261730e-02 1.034404200575163649e-02 -6.326117248315111796e-01 7.735334307999204295e-01
1.520621206089077950e+09 -3.215189695358276367e+00 -2.795868635177612305e+00 -6.486225128173828125e-02 -2.772668220396862226e-02 2.048999421374399048e-03 -6.426729197918463754e-01 7.656360433401463439e-01
1.520621206139080048e+09 -3.254935741424560547e+00 -2.814759254455566406e+00 -6.661492586135864258e-02 -2.062461353854899704e-02 -5.378902463032032713e-04 -6.543935584670016459e-01 7.558726126983059679e-01
1.520621206189080954e+09 -3.296004056930541992e+00 -2.830718278884887695e+00 -6.589204072952270508e-02 -2.446822000983866346e-02 -1.735516798988777365e-04 -6.656892092742807687e-01 7.458278304978619433e-01
1.520621206239082813e+09 -3.336394309997558594e+00 -2.840454816818237305e+00 -6.446917355060577393e-02 -2.634604291305696344e-02 -6.343404119856469337e-04 -6.757398407263036644e-01 7.366689563774592164e-01
1.520621206289083958e+09 -3.379076957702636719e+00 -2.848296642303466797e+00 -6.575839966535568237e-02 -1.961974159588135772e-02 -2.713897851594997482e-03 -6.842406704778949411e-01 7.289872463645180600e-01
1.520621206339902401e+09 -3.427487850189208984e+00 -2.856916666030883789e+00 -6.946048140525817871e-02 -1.096854370890149727e-02 -3.825443838590772763e-03 -6.922102646129334458e-01 7.216023881562729780e-01
1.520621206389903307e+09 -3.476413488388061523e+00 -2.862982273101806641e+00 -7.699622958898544312e-02 -6.286128230538446174e-03 -3.401800652521931850e-03 -6.983669185166094806e-01 7.157042402178465101e-01
1.520621206439906120e+09 -3.529008626937866211e+00 -2.868239164352416992e+00 -8.677596598863601685e-02 -1.392575305147249328e-03 -2.569982037462552760e-03 -7.031952612755599796e-01 7.109907738121102883e-01
1.520621206489907265e+09 -3.585853338241577148e+00 -2.872184514999389648e+00 -9.903526306152343750e-02 4.712994584496414674e-03 -4.822107869556694834e-03 -7.072353225601137883e-01 7.069460612246399878e-01
1.520621206539908171e+09 -3.645170211791992188e+00 -2.876021623611450195e+00 -1.106058731675148010e-01 8.557955740923736329e-03 -8.819536312654419064e-03 -7.079638248092111619e-01 7.061417704216900182e-01
1.520621206589911222e+09 -3.707524538040161133e+00 -2.880395889282226562e+00 -1.215822175145149231e-01 8.058042057865252156e-03 -1.657663429288301626e-02 -7.066015419107436468e-01 7.073715742967575659e-01
1.520621206639912367e+09 -3.773397207260131836e+00 -2.884976863861083984e+00 -1.331652700901031494e-01 7.251330050498498887e-03 -2.838836557394155968e-02 -7.023957240767451093e-01 7.111833559014468786e-01
1.520621206689913273e+09 -3.841847658157348633e+00 -2.888834714889526367e+00 -1.470338255167007446e-01 6.624826927248730381e-03 -3.614491096519435037e-02 -6.991384378294767110e-01 7.140413866358596984e-01
1.520621206741336823e+09 -3.917913913726806641e+00 -2.893111228942871094e+00 -1.637037843465805054e-01 5.547298703655638083e-03 -4.273259745627166345e-02 -6.974006456088200911e-01 7.153848559315003630e-01
1.520621206791338921e+09 -3.997450113296508789e+00 -2.897232294082641602e+00 -1.776653528213500977e-01 1.684611981777756236e-03 -4.446007975404143997e-02 -6.972021929562213227e-01 7.154925335234262329e-01
1.520621206841340780e+09 -4.081919193267822266e+00 -2.899094820022583008e+00 -1.798454523086547852e-01 -7.725099779905562035e-03 -3.864827998027915712e-02 -7.007109293261738481e-01 7.123558287898021923e-01
1.520621206891341925e+09 -4.169580459594726562e+00 -2.900351524353027344e+00 -1.683343499898910522e-01 -2.513246729227923762e-02 -3.000922978927911614e-02 -7.006091882537046622e-01 7.124707506626093423e-01
1.520621206941344976e+09 -4.257193088531494141e+00 -2.898909807205200195e+00 -1.492224633693695068e-01 -3.642857662460094459e-02 -3.421486021325364363e-02 -6.936385928024282332e-01 7.185873674931673172e-01
1.520621206991344929e+09 -4.350053787231445312e+00 -2.896606683731079102e+00 -1.318465322256088257e-01 -3.535563366464600232e-02 -3.775848307016265587e-02 -6.899704675038009771e-01 7.219868628285407430e-01
1.520621207041347027e+09 -4.447472095489501953e+00 -2.893146991729736328e+00 -1.227845624089241028e-01 -3.396914859709471851e-02 -4.195731456790209590e-02 -6.953717389023803541e-01 7.166197216332512721e-01
1.520621207091377735e+09 -4.550930023193359375e+00 -2.886566877365112305e+00 -1.233953237533569336e-01 -3.363522104509100025e-02 -4.756374603894973629e-02 -7.079312126044626785e-01 7.038748185496945808e-01
1.520621207141372919e+09 -4.655152320861816406e+00 -2.873460292816162109e+00 -1.313076168298721313e-01 -3.634928047833402287e-02 -3.379218169656224291e-02 -7.264091134612914447e-01 6.854681744218868999e-01
1.520621207191374063e+09 -4.759410381317138672e+00 -2.853663206100463867e+00 -1.415763050317764282e-01 -3.726210916969318471e-02 -1.504786259538747582e-02 -7.413710553276620097e-01 6.698910772460587859e-01
1.520621207241376162e+09 -4.867581844329833984e+00 -2.833231687545776367e+00 -1.510577499866485596e-01 -2.298231953201631400e-02 7.907637529757869646e-04 -7.501127626881517463e-01 6.609100021439860972e-01
1.520621207291378021e+09 -4.978155612945556641e+00 -2.811688423156738281e+00 -1.498019248247146606e-01 -7.660194993005375354e-03 2.019044694044273835e-02 -7.609168650294312330e-01 6.484899319024134412e-01
1.520621207341379166e+09 -5.088942527770996094e+00 -2.791083335876464844e+00 -1.372875273227691650e-01 -2.371123173573827937e-04 1.824315567538011343e-02 -7.636674350326115857e-01 6.453519812625236884e-01
1.520621207391381025e+09 -5.201653003692626953e+00 -2.772947072982788086e+00 -1.224218904972076416e-01 5.120753930465136820e-03 2.675188775433043082e-03 -7.650415432020368778e-01 6.439550127293407478e-01
1.520621207441382170e+09 -5.321508884429931641e+00 -2.757881879806518555e+00 -1.109326407313346863e-01 1.386561133327496526e-03 -9.427922197245988678e-03 -7.640645788244659897e-01 6.450693847308657247e-01
1.520621207491384268e+09 -5.444641113281250000e+00 -2.745192527770996094e+00 -1.050348132848739624e-01 -5.364865954951771217e-03 -6.711135567110324864e-03 -7.582195343257804865e-01 6.519427249685985082e-01
1.520621207540075302e+09 -5.565597057342529297e+00 -2.734498977661132812e+00 -1.100124046206474304e-01 -1.239487855072163650e-02 -1.503244914152877896e-03 -7.488692686043869617e-01 6.626001250983667434e-01
1.520621207590077162e+09 -5.692308902740478516e+00 -2.725820779800415039e+00 -1.225225850939750671e-01 -1.014708239347949723e-02 6.447035210109942731e-03 -7.418278290592061897e-01 6.704826205720809673e-01
1.520621207640079498e+09 -5.820846557617187500e+00 -2.719207525253295898e+00 -1.324150860309600830e-01 -3.392807850715051209e-03 1.231646898672028416e-02 -7.350366682404158025e-01 6.779069919897685592e-01
1.520621207690080404e+09 -5.954868316650390625e+00 -2.716102361679077148e+00 -1.289510130882263184e-01 -9.567677598516167309e-03 1.727669804414511123e-02 -7.248485399396756845e-01 6.886251298038598145e-01
1.520621207740082264e+09 -6.088357448577880859e+00 -2.715300321578979492e+00 -1.131877899169921875e-01 -1.028065451352603438e-02 8.226406558756005349e-03 -7.136069957238965200e-01 7.004225082275826741e-01
1.520621207790083408e+09 -6.229701995849609375e+00 -2.712998390197753906e+00 -9.604217857122421265e-02 -2.992925143741206884e-03 -2.357945473426240231e-03 -7.110548996736365535e-01 7.031261708558024237e-01
1.520621207840085268e+09 -6.379863739013671875e+00 -2.706393718719482422e+00 -8.472995460033416748e-02 -7.558823648187835108e-03 -1.854349705295482481e-04 -7.134901961478578025e-01 7.006244142190727331e-01
1.520621207890086174e+09 -6.527960300445556641e+00 -2.694248199462890625e+00 -8.323828130960464478e-02 -1.477292778686127399e-02 2.174474686159821261e-03 -7.183794716088029997e-01 6.954911696315778658e-01
1.520621207939125061e+09 -6.677023410797119141e+00 -2.677715301513671875e+00 -9.227678924798965454e-02 -2.329856986573378835e-02 1.096622039027328292e-02 -7.274496832738378549e-01 6.856776771613294352e-01
1.520621207989126205e+09 -6.825693130493164062e+00 -2.655965089797973633e+00 -1.071370244026184082e-01 -2.743293677187194982e-02 2.082566558669615361e-02 -7.371095406164835939e-01 6.748949923988901700e-01
1.520621208039128065e+09 -6.974670410156250000e+00 -2.632441520690917969e+00 -1.152964010834693909e-01 -1.984923175127376385e-02 2.654094038008483411e-02 -7.410447604416380285e-01 6.706371966306524657e-01
1.520621208089130163e+09 -7.121461868286132812e+00 -2.606933116912841797e+00 -1.097780019044876099e-01 -6.211928193262258001e-03 3.712732127106466162e-02 -7.474530496890975373e-01 6.632472483725994072e-01
1.520621208139131308e+09 -7.270334243774414062e+00 -2.582604408264160156e+00 -9.831788390874862671e-02 5.807473564060063910e-03 2.015434288759845871e-02 -7.527716470679149952e-01 6.579475078486354267e-01
1.520621208189134121e+09 -7.423787117004394531e+00 -2.561937808990478516e+00 -8.763573318719863892e-02 -1.060826299538613704e-03 6.834366935019400152e-03 -7.518001404173009217e-01 6.593547716856884566e-01
1.520621208239135265e+09 -7.576211929321289062e+00 -2.544720649719238281e+00 -8.242034912109375000e-02 -1.129886200491507162e-02 8.664295793169848187e-03 -7.483010105954557289e-01 6.632065012027713591e-01
1.520621208289136171e+09 -7.731833934783935547e+00 -2.529728651046752930e+00 -8.807229250669479370e-02 -1.429571433220115824e-02 2.088836446293439522e-02 -7.456854171572840917e-01 6.658172177262787761e-01
1.520621208340983868e+09 -7.896818161010742188e+00 -2.519035816192626953e+00 -1.034087017178535461e-01 -1.265381173784797461e-02 3.102203993584043418e-02 -7.397558632465937034e-01 6.720407553705423087e-01
1.520621208390984774e+09 -8.051144599914550781e+00 -2.514223575592041016e+00 -1.154792681336402893e-01 -1.694676085108648422e-02 3.984042236738628839e-02 -7.315938435412099317e-01 6.803646052925181875e-01
1.520621208440986633e+09 -8.205946922302246094e+00 -2.514692544937133789e+00 -1.118477135896682739e-01 -2.567204309113391494e-02 3.422711215241370369e-02 -7.175637656495222894e-01 6.951774544849039783e-01
1.520621208490987778e+09 -8.357616424560546875e+00 -2.521348953247070312e+00 -9.872984886169433594e-02 -2.532533579926021100e-02 1.410538426397294626e-02 -7.048629069877454523e-01 7.087509773215167064e-01
1.520621208540992975e+09 -8.515755653381347656e+00 -2.527716159820556641e+00 -8.669761568307876587e-02 -1.883439660050021877e-02 -4.860030798979565227e-03 -6.996075289493171034e-01 7.142625224962866337e-01
1.520621208590991020e+09 -8.673643112182617188e+00 -2.527811527252197266e+00 -7.760005444288253784e-02 -2.390210944962067180e-02 -9.710409148018539841e-03 -6.993856047964531752e-01 7.142787781542553338e-01
1.520621208640996695e+09 -8.834533691406250000e+00 -2.523731470108032227e+00 -7.824328541755676270e-02 -3.282466352285241112e-02 -1.364957001333826601e-02 -7.020905828118652048e-01 7.111997217589148823e-01
1.520621208690993786e+09 -9.002155303955078125e+00 -2.512652158737182617e+00 -8.941660821437835693e-02 -3.291287130778940834e-02 -7.083497635043496318e-03 -7.117169191490066993e-01 7.016591722200867798e-01
1.520621208741080999e+09 -9.168128013610839844e+00 -2.495427846908569336e+00 -1.056932732462882996e-01 -3.283386178273731831e-02 -1.103807547376292999e-03 -7.245040852398280107e-01 6.884871455591097256e-01
1.520621208794712305e+09 -9.339941024780273438e+00 -2.474167585372924805e+00 -1.144954860210418701e-01 -3.321225928675747285e-02 1.237080334684368191e-02 -7.347919913281311111e-01 6.773659561401523810e-01
1.520621208844714403e+09 -9.502885818481445312e+00 -2.449976205825805664e+00 -1.056504771113395691e-01 -1.676348941137599177e-02 1.160184460731055606e-02 -7.461433285114131841e-01 6.654731519320461475e-01
1.520621208894716263e+09 -9.665335655212402344e+00 -2.425637960433959961e+00 -8.876130729913711548e-02 -3.462511436102326274e-03 -9.615760827071908462e-03 -7.532956882223682538e-01 6.576025807916661137e-01
1.520621208944717407e+09 -9.828684806823730469e+00 -2.406294822692871094e+00 -7.308730483055114746e-02 -1.039563009395494744e-02 -1.926852172611254882e-02 -7.542860385460233852e-01 6.561807883502740468e-01
1.520621208994719267e+09 -9.994681358337402344e+00 -2.389431238174438477e+00 -6.785403937101364136e-02 -2.250833303327411800e-02 -1.635381668652863274e-02 -7.534339577057791448e-01 6.569346991898455945e-01
1.520621209044720173e+09 -1.016290283203125000e+01 -2.374333858489990234e+00 -7.501821219921112061e-02 -2.763395750251702171e-02 2.298526926370968605e-03 -7.557575685625126383e-01 6.542641505746720210e-01
1.520621209094722509e+09 -1.033210086822509766e+01 -2.365941047668457031e+00 -9.005424380302429199e-02 -2.950878737743238556e-02 1.757002949095273769e-02 -7.507477805073945465e-01 6.596956082879598116e-01
1.520621209144723177e+09 -1.049831962585449219e+01 -2.357255935668945312e+00 -1.012567058205604553e-01 -2.699311501358177615e-02 3.032561612420456645e-02 -7.449577674141678596e-01 6.658751035425860554e-01
1.520621209194502354e+09 -1.065503787994384766e+01 -2.362069845199584961e+00 -1.006959229707717896e-01 -4.076777900615864703e-02 1.494790524542508915e-02 -7.294392150914676964e-01 6.826660822176700005e-01
1.520621209244504213e+09 -1.080747985839843750e+01 -2.374365091323852539e+00 -8.562710136175155640e-02 -4.301096689607494111e-02 -1.478768636335944450e-02 -7.168135339874304179e-01 6.957799498053495180e-01
1.520621209294505358e+09 -1.096862792968750000e+01 -2.384908199310302734e+00 -6.911238282918930054e-02 -3.515833504334742177e-02 -3.359869760606178091e-02 -7.172868619508072641e-01 6.950788276655530673e-01
1.520621209344507217e+09 -1.113833045959472656e+01 -2.387574911117553711e+00 -5.952046066522598267e-02 -3.771534136695674916e-02 -3.758459112989477602e-02 -7.217056054003875287e-01 6.901492379687399481e-01
1.520621209394508123e+09 -1.130968856811523438e+01 -2.384221315383911133e+00 -5.887015536427497864e-02 -4.138527015933367303e-02 -3.783111601447379513e-02 -7.239079388674117821e-01 6.876142538659840708e-01
1.520621209444510221e+09 -1.148533058166503906e+01 -2.376783609390258789e+00 -6.818146258592605591e-02 -4.915452029014748953e-02 -2.557786194856784268e-02 -7.303499617371265185e-01 6.808219587408762541e-01
1.520621209494511127e+09 -1.166335105895996094e+01 -2.363127946853637695e+00 -8.310860395431518555e-02 -5.298317265158070805e-02 -1.600422051356300418e-02 -7.406137122737599388e-01 6.696476517793565897e-01
1.520621209544513226e+09 -1.183235359191894531e+01 -2.346370697021484375e+00 -8.628527820110321045e-02 -4.147523590878091776e-02 2.352415788097441535e-03 -7.492335943172417911e-01 6.610017338046378921e-01
1.520621209593272924e+09 -1.199842834472656250e+01 -2.323634624481201172e+00 -7.299540191888809204e-02 -1.496416626448390103e-02 -2.994052400726697569e-03 -7.600159133923424237e-01 6.497252656074212762e-01
1.520621209643274784e+09 -1.216611289978027344e+01 -2.303707599639892578e+00 -5.269248411059379578e-02 -1.353047788187303419e-03 -2.976866625346511266e-02 -7.619651556263619119e-01 6.469320655080151861e-01
1.520621209693277121e+09 -1.234024238586425781e+01 -2.282303571701049805e+00 -3.426191955804824829e-02 -2.241596976957784676e-02 -3.539585439832408642e-02 -7.591159393227938645e-01 6.496057638728082173e-01
1.520621209743278027e+09 -1.251419734954833984e+01 -2.262427568435668945e+00 -2.238802239298820496e-02 -4.470992506990452420e-02 -2.617645445111016142e-02 -7.610985081104060246e-01 6.465639000011729198e-01
1.520621209793279886e+09 -1.268740749359130859e+01 -2.244621992111206055e+00 -2.069965749979019165e-02 -5.135417261375230247e-02 -1.250805309944699739e-02 -7.657475328779542734e-01 6.409656882034675540e-01
1.520621209843281984e+09 -1.286514282226562500e+01 -2.227888345718383789e+00 -2.545466832816600800e-02 -3.981402321507695324e-02 -9.004637973194642509e-04 -7.644410951322789805e-01 6.434623880176221222e-01
1.520621209893283844e+09 -1.303530693054199219e+01 -2.214128494262695312e+00 -2.998544834554195404e-02 -2.470356851571010176e-02 1.306316752149544978e-02 -7.564593187756112336e-01 6.534434837033982202e-01
1.520621209943284750e+09 -1.320432949066162109e+01 -2.210389375686645508e+00 -2.119797654449939728e-02 -2.050556497521309474e-02 -8.864268967630254369e-04 -7.383229309537900908e-01 6.741349906956387583e-01
1.520621209989825726e+09 -1.335769176483154297e+01 -2.216277837753295898e+00 -3.286555409431457520e-03 -1.377512816347318224e-02 -8.929916802454852115e-03 -7.268090962127587984e-01 6.866433135860087189e-01
1.520621210039826632e+09 -1.352676296234130859e+01 -2.221421718597412109e+00 1.608830504119396210e-02 -1.206511756929874897e-02 -8.873444287293030808e-03 -7.239889695684832427e-01 6.896489446578492055e-01
1.520621210089827776e+09 -1.369988822937011719e+01 -2.221893548965454102e+00 2.722801454365253448e-02 -1.527084965261428333e-02 -1.897760732806380926e-02 -7.253319757092698827e-01 6.879681508505144372e-01
1.520621210139829636e+09 -1.387259769439697266e+01 -2.217409133911132812e+00 2.847407199442386627e-02 -2.765961740102359026e-02 -2.028624020701950970e-02 -7.270339843476062436e-01 6.857441211028622030e-01
1.520621210189831495e+09 -1.405163574218750000e+01 -2.209203004837036133e+00 2.085918933153152466e-02 -4.274427002074417808e-02 -7.147663032715052302e-03 -7.302288167649286788e-01 6.818267473923685928e-01
1.520621210239832640e+09 -1.423151206970214844e+01 -2.196923732757568359e+00 7.404248695820569992e-03 -4.778181948248557548e-02 7.844070598966327787e-03 -7.365544748023891142e-01 6.746427750535525236e-01
1.520621210289833546e+09 -1.440019130706787109e+01 -2.181454658508300781e+00 3.817843506112694740e-03 -5.298330619020111265e-02 2.728619040230147522e-02 -7.399561458877255138e-01 6.700098023473000097e-01
1.520621210339835405e+09 -1.457347393035888672e+01 -2.162936210632324219e+00 9.993748739361763000e-03 -4.230027366839793357e-02 1.930403938364932612e-02 -7.487533854123945565e-01 6.612158563922461152e-01
1.520621210389513254e+09 -1.473150348663330078e+01 -2.145978450775146484e+00 2.084649540483951569e-02 -2.760174326344534690e-02 -4.523445570849680963e-03 -7.548010476012665393e-01 6.553572008828596474e-01
1.520621210439515591e+09 -1.489555168151855469e+01 -2.130959033966064453e+00 3.016915358603000641e-02 -2.684519612305976549e-02 -2.204064082122641002e-02 -7.527045568609231907e-01 6.574415530509957195e-01
1.520621210489517450e+09 -1.505817985534667969e+01 -2.118733167648315430e+00 3.111539594829082489e-02 -3.950199780049757498e-02 -2.312835446932096431e-02 -7.495564671695965631e-01 6.603557934277127783e-01
1.520621210539518356e+09 -1.522382545471191406e+01 -2.108079195022583008e+00 2.208963781595230103e-02 -4.341390638126128160e-02 -6.690804706609340333e-03 -7.506757221532536217e-01 6.592089395895570636e-01
1.520621210589520454e+09 -1.540827751159667969e+01 -2.098430156707763672e+00 2.553199185058474541e-03 -3.915404263239890409e-02 4.184079538819411234e-03 -7.472732157123370689e-01 6.633492259005779879e-01
1.520621210639521360e+09 -1.557233047485351562e+01 -2.092696428298950195e+00 -1.573094166815280914e-02 -2.408995157725228597e-02 1.217485057700407221e-02 -7.415065944792789132e-01 6.704024295825422586e-01
1.520621210689523220e+09 -1.573495292663574219e+01 -2.091434001922607422e+00 -2.256098762154579163e-02 -2.693989433316382881e-02 7.094971193269576822e-03 -7.263269839611483647e-01 6.867845483461216816e-01
1.520621210739524364e+09 -1.588319778442382812e+01 -2.100575447082519531e+00 -1.320673245936632156e-02 -3.437241115234753591e-02 -8.935642294566134222e-03 -7.141990554414995307e-01 6.990410580608464874e-01
1.520621210789526463e+09 -1.603298950195312500e+01 -2.111903190612792969e+00 -8.289752877317368984e-04 -3.066923505962385055e-02 -2.262043234920864745e-02 -7.138028230153576903e-01 6.993091189999588453e-01
1.520621210842194557e+09 -1.621081352233886719e+01 -2.115422248840332031e+00 3.435170976445078850e-03 -2.957751015578829329e-02 -3.798446529681540756e-02 -7.176545935611030602e-01 6.947332118372832044e-01
1.520621210892196417e+09 -1.638303565979003906e+01 -2.112962245941162109e+00 -7.469470147043466568e-04 -2.994744304814008981e-02 -3.925413781704874261e-02 -7.237121636343405440e-01 6.883334711655536564e-01
1.520621210942198277e+09 -1.655490303039550781e+01 -2.105084896087646484e+00 -1.093163434416055679e-02 -4.373905900598260704e-02 -2.031793129172876355e-02 -7.308914194080907700e-01 6.807876390042065795e-01
1.520621210992199421e+09 -1.671429252624511719e+01 -2.095375061035156250e+00 -2.098026126623153687e-02 -5.183213527425672290e-02 7.432089116588146485e-03 -7.399761606478801879e-01 6.705918844402285472e-01
1.520621211042201519e+09 -1.688125228881835938e+01 -2.082871675491333008e+00 -2.535525150597095490e-02 -4.789650003225082164e-02 2.653418259374152113e-02 -7.471614379461194444e-01 6.623833090326399775e-01
1.520621211092202425e+09 -1.704262161254882812e+01 -2.067749977111816406e+00 -1.759795472025871277e-02 -3.067252574581724733e-02 9.488580097608329336e-03 -7.545264441798643640e-01 6.554837969358157101e-01
1.520621211142204523e+09 -1.720899581909179688e+01 -2.051164150238037109e+00 -3.110258374363183975e-03 -1.818733563671919365e-02 -2.026069261828624193e-02 -7.562988764606993763e-01 6.536594944015946540e-01
1.520621211192205429e+09 -1.737861061096191406e+01 -2.036070346832275391e+00 1.370021328330039978e-02 -2.509612451015348633e-02 -2.829203784160036830e-02 -7.552799760022488318e-01 6.543102497893356073e-01
1.520621211239849329e+09 -1.752916717529296875e+01 -2.024465799331665039e+00 2.692675404250621796e-02 -3.908841364553197750e-02 -2.442647177081811935e-02 -7.540859085510051019e-01 6.551563827975045440e-01
1.520621211289851189e+09 -1.767971992492675781e+01 -2.013306617736816406e+00 3.202651068568229675e-02 -4.508386988344739027e-02 -1.360477619403335954e-02 -7.548725711303387875e-01 6.541786882007960546e-01
1.520621211339853525e+09 -1.784987068176269531e+01 -2.002764463424682617e+00 2.352834865450859070e-02 -4.276947576830714831e-02 -8.483560556888895474e-03 -7.492461624858931524e-01 6.608547413334826537e-01
1.520621211389854193e+09 -1.801456642150878906e+01 -1.997200727462768555e+00 1.269875559955835342e-02 -3.363679864008419645e-02 1.082679182613992741e-03 -7.439770784836751139e-01 6.673571010140895154e-01
1.520621211439856291e+09 -1.817790412902832031e+01 -1.995226383209228516e+00 1.076100021600723267e-02 -4.166591027659367202e-02 2.880982026657381411e-03 -7.335949890061012058e-01 6.783023249027848589e-01
1.520621211489857435e+09 -1.834095191955566406e+01 -1.999033093452453613e+00 2.269580960273742676e-02 -4.462686938521501223e-02 -7.791934207303311813e-04 -7.235809584687765694e-01 6.887949128208590288e-01
1.520621211539859295e+09 -1.849852752685546875e+01 -2.003669261932373047e+00 3.800611570477485657e-02 -3.576025333899623265e-02 -1.620066151026673673e-02 -7.204004459893524892e-01 6.924463446839058678e-01
1.520621211589860439e+09 -1.866583061218261719e+01 -2.005884885787963867e+00 4.560437798500061035e-02 -3.303637439103764700e-02 -3.495134874151428067e-02 -7.202172461476324949e-01 6.920795615677179935e-01
1.520621211641173124e+09 -1.883969306945800781e+01 -2.000732660293579102e+00 4.613548144698143005e-02 -3.815367485028551414e-02 -3.302359987866392010e-02 -7.220713571301787814e-01 6.899758649102548658e-01
1.520621211691174030e+09 -1.900365447998046875e+01 -1.990176558494567871e+00 3.894747421145439148e-02 -4.581487816841092742e-02 -2.202810295624552453e-02 -7.269784042296774107e-01 6.847759921333651523e-01
1.520621211741176128e+09 -1.917197418212890625e+01 -1.975015521049499512e+00 2.333360910415649414e-02 -4.306469924017413548e-02 -8.187389350422229206e-03 -7.353945447645298117e-01 6.762198324994229681e-01
1.520621211791177988e+09 -1.933163070678710938e+01 -1.956153869628906250e+00 1.262829080224037170e-02 -3.548846410577084776e-02 1.014024396557388318e-02 -7.421874438990877509e-01 6.691752703785986967e-01
1.520621211841178894e+09 -1.949347496032714844e+01 -1.934373259544372559e+00 1.394959539175033569e-02 -2.019890023641593771e-02 2.435071578163249678e-02 -7.499733561235993884e-01 6.607109899001730735e-01
1.520621211891180038e+09 -1.964631462097167969e+01 -1.911699771881103516e+00 2.535394020378589630e-02 -8.459823064801088102e-03 1.204614414276057241e-02 -7.534870379512231819e-01 6.572979578885786989e-01
1.520621211941182137e+09 -1.980609130859375000e+01 -1.887916684150695801e+00 3.746733069419860840e-02 -1.185593223367145677e-02 2.810841504921409925e-03 -7.523018901207064735e-01 6.587058540515008387e-01
1.520621211991219044e+09 -1.996290397644042969e+01 -1.871064662933349609e+00 4.471755772829055786e-02 -2.582542079938218715e-02 -6.649491015751775314e-03 -7.478028057022900743e-01 6.633851036114311039e-01
1.520621212046808481e+09 -2.013682365417480469e+01 -1.854802012443542480e+00 4.304702579975128174e-02 -3.667211820221101537e-02 -7.079868413512591802e-03 -7.448912686511039993e-01 6.661396468437823515e-01
1.520621212096810341e+09 -2.030028915405273438e+01 -1.842563033103942871e+00 3.148443996906280518e-02 -3.711609661136341248e-02 6.794899353920601671e-04 -7.400029987796657993e-01 6.715783613718251388e-01
1.520621212146811247e+09 -2.046197700500488281e+01 -1.834530591964721680e+00 1.890212669968605042e-02 -2.980549432260889281e-02 9.689542742011626394e-03 -7.352989415570649889e-01 6.770178814586034211e-01
1.520621212196813345e+09 -2.062600135803222656e+01 -1.831423759460449219e+00 1.505984645336866379e-02 -2.332591616900880210e-02 5.217247129792852191e-03 -7.252188855472434525e-01 6.881033716040616532e-01
1.520621212246814251e+09 -2.078718757629394531e+01 -1.833649277687072754e+00 2.342668548226356506e-02 -1.985254281176604060e-02 -2.555989603935841271e-03 -7.177384933443746728e-01 6.960249985688722330e-01
1.520621212296816111e+09 -2.093298339843750000e+01 -1.838937163352966309e+00 4.051668569445610046e-02 -1.885004339931360684e-02 -7.654709909618973018e-03 -7.180749654102810409e-01 6.956683299756194483e-01
1.520621212346817493e+09 -2.108676719665527344e+01 -1.839062571525573730e+00 5.374189838767051697e-02 -1.639589591144816061e-02 -1.912340619229488392e-02 -7.212877534495274467e-01 6.921773231308572250e-01
1.520621212396819353e+09 -2.125050926208496094e+01 -1.832413673400878906e+00 5.448969453573226929e-02 -1.508552863199971728e-02 -1.717758181821064933e-02 -7.273561967667608874e-01 6.858792317411023243e-01
1.520621212446821213e+09 -2.142245674133300781e+01 -1.821542739868164062e+00 4.677059873938560486e-02 -2.615533912015147872e-02 -7.886519175537049127e-04 -7.356736537988125546e-01 6.768305189410181999e-01
1.520621212496822357e+09 -2.158304214477539062e+01 -1.804738759994506836e+00 3.948098421096801758e-02 -3.140644660447432235e-02 2.114953054424527704e-02 -7.478204802033354692e-01 6.628203843107807192e-01
1.520621212546824217e+09 -2.174357414245605469e+01 -1.786252021789550781e+00 3.630423545837402344e-02 -3.472887922390763965e-02 4.285762988412818164e-02 -7.583477711501848129e-01 6.495119602440844186e-01
1.520621212596825123e+09 -2.190395736694335938e+01 -1.769613504409790039e+00 4.434524476528167725e-02 -2.140598136984065217e-02 4.878753685962616826e-02 -7.700868074904038130e-01 6.357105230669084506e-01
1.520621212646827459e+09 -2.205882453918457031e+01 -1.753660559654235840e+00 6.000605225563049316e-02 -1.347945727794130043e-02 2.911917315364687467e-02 -7.775541567677435317e-01 6.279967446408805110e-01
1.520621212696828365e+09 -2.222355461120605469e+01 -1.737538099288940430e+00 7.218095660209655762e-02 -3.318194157408434208e-02 2.407327749740202638e-02 -7.780263685777021321e-01 6.268926589630003932e-01
1.520621212746830225e+09 -2.237859535217285156e+01 -1.725634217262268066e+00 8.647350221872329712e-02 -4.590906749015575411e-02 1.595910941979718570e-02 -7.765255830139090598e-01 6.282083120061530135e-01
1.520621212796831369e+09 -2.254278182983398438e+01 -1.714373111724853516e+00 8.545441925525665283e-02 -5.186261723190938727e-02 1.028828644129420669e-02 -7.782366483883421671e-01 6.257412717739165853e-01
1.520621212845879316e+09 -2.270103645324707031e+01 -1.705662608146667480e+00 7.507265359163284302e-02 -5.668368117858848393e-02 9.520404224397574847e-03 -7.734475720425603162e-01 6.312489013795721249e-01
1.520621212895881414e+09 -2.285437774658203125e+01 -1.700904965400695801e+00 6.689414381980895996e-02 -5.417512937080314062e-02 1.976860254321207572e-02 -7.670859460550045750e-01 6.389471097642150932e-01
1.520621212945882320e+09 -2.300289344787597656e+01 -1.700414061546325684e+00 7.179994881153106689e-02 -5.576098542986105550e-02 2.151647145560366126e-02 -7.546123635842940658e-01 6.534431380661336330e-01
1.520621212995884418e+09 -2.315318298339843750e+01 -1.705137014389038086e+00 8.487069606781005859e-02 -5.535095836952468040e-02 1.610391001125056204e-02 -7.428961271199528982e-01 6.669199950519549835e-01
1.520621213045886278e+09 -2.330905723571777344e+01 -1.715819239616394043e+00 1.034884825348854065e-01 -4.699568163106703639e-02 6.931094028953095620e-03 -7.374364878853997274e-01 6.737438624424267886e-01
1.520621213095887184e+09 -2.346122550964355469e+01 -1.722555518150329590e+00 1.146868690848350525e-01 -3.713606944126685017e-02 -1.113887613776379151e-03 -7.358723682882126749e-01 6.761002360528611810e-01
1.520621213145889282e+09 -2.362314796447753906e+01 -1.722294926643371582e+00 1.114065647125244141e-01 -3.487203391686562876e-02 -7.030434866031829051e-03 -7.365064090769988248e-01 6.754945030306315212e-01
1.520621213195891380e+09 -2.378200149536132812e+01 -1.717572689056396484e+00 1.000731289386749268e-01 -4.622301580656912323e-02 2.020459978010393214e-03 -7.398229435383908426e-01 6.712088816198827912e-01
1.520621213245892525e+09 -2.393624496459960938e+01 -1.707830548286437988e+00 8.411242812871932983e-02 -4.761128890710635692e-02 1.802469610561171359e-02 -7.481473116671066848e-01 6.615768100108901928e-01
1.520621213292091846e+09 -2.408018875122070312e+01 -1.696482181549072266e+00 7.304199784994125366e-02 -3.861526642597329362e-02 2.691426223957057301e-02 -7.553215369044929961e-01 6.536618847502013718e-01
1.520621213342093945e+09 -2.423717880249023438e+01 -1.681669235229492188e+00 7.424346357583999634e-02 -2.706905990142974977e-02 1.763754881802217719e-02 -7.631372744433279065e-01 6.454282944084133167e-01
1.520621213392095804e+09 -2.439844894409179688e+01 -1.664991021156311035e+00 8.232585340738296509e-02 -1.479964196072178564e-02 -5.412571445747457743e-03 -7.675556324800892893e-01 6.407885967433171182e-01
1.520621213442098856e+09 -2.455871200561523438e+01 -1.648722648620605469e+00 8.841226994991302490e-02 -1.656480940566060905e-02 -1.557241811005375016e-02 -7.675026942345716252e-01 6.406424285248625283e-01
1.520621213492098808e+09 -2.472235488891601562e+01 -1.636762380599975586e+00 9.364219009876251221e-02 -2.814831048288287535e-02 -1.828193371851952534e-02 -7.646533997733385712e-01 6.435671074033738615e-01
1.520621213542099714e+09 -2.488475036621093750e+01 -1.625952363014221191e+00 8.870752155780792236e-02 -3.783404754912207679e-02 -2.358579776871490979e-02 -7.625979039563705042e-01 6.453345890861689194e-01
1.520621213592101812e+09 -2.504681587219238281e+01 -1.616599798202514648e+00 7.162257283926010132e-02 -4.159466229858934522e-02 -2.091506521483259967e-02 -7.574269189055891083e-01 6.512579417039855434e-01
1.520621213642190933e+09 -2.519564056396484375e+01 -1.611764073371887207e+00 6.242890655994415283e-02 -4.831596304620642407e-02 -3.915823866962079951e-03 -7.462904207225151687e-01 6.638530273909818424e-01
1.520621213689566612e+09 -2.534130477905273438e+01 -1.611897945404052734e+00 6.475669145584106445e-02 -5.083457869777455174e-02 -2.410372830702601794e-03 -7.291566362613572938e-01 6.824519290817920858e-01
1.520621213739567757e+09 -2.547977638244628906e+01 -1.619686484336853027e+00 8.271845430135726929e-02 -3.756888428107697797e-02 -1.875115853574180896e-02 -7.180523575752381094e-01 6.947213720392406699e-01
1.520621213789569616e+09 -2.562868118286132812e+01 -1.629026055335998535e+00 9.878298640251159668e-02 -2.483079009288972211e-02 -2.723835765453039293e-02 -7.188050109272066113e-01 6.942340095397121491e-01
1.520621213839570761e+09 -2.577904510498046875e+01 -1.632653594017028809e+00 1.108682230114936829e-01 -2.618282856229462580e-02 -2.833058865921035674e-02 -7.236905204390677859e-01 6.890456210305174745e-01
1.520621213889572620e+09 -2.593078994750976562e+01 -1.629812121391296387e+00 1.133219227194786072e-01 -3.561420914944721933e-02 -3.064047748854130393e-02 -7.270711855719266259e-01 6.849527577555744040e-01
1.520621213939573526e+09 -2.608300971984863281e+01 -1.621401190757751465e+00 1.054132729768753052e-01 -5.288306913654009650e-02 -1.996105878180081533e-02 -7.306879048697846324e-01 6.803676379781845585e-01
1.520621213989575863e+09 -2.623579216003417969e+01 -1.609868049621582031e+00 9.374842792749404907e-02 -5.975309606542033442e-02 4.235442619470081854e-03 -7.389750291636908441e-01 6.710644788758647339e-01
1.520621214039576769e+09 -2.639480781555175781e+01 -1.595027089118957520e+00 8.551288396120071411e-02 -5.345185937111228414e-02 2.098452375581286861e-02 -7.482071124849274391e-01 6.609755406363233554e-01
1.520621214090558767e+09 -2.654188346862792969e+01 -1.573826193809509277e+00 9.042301028966903687e-02 -3.137443025786863793e-02 1.476115633530054351e-02 -7.604829518127006471e-01 6.484315178890369680e-01
1.520621214140560627e+09 -2.668796348571777344e+01 -1.550890445709228516e+00 9.583584219217300415e-02 -1.079561161015336716e-02 -1.010641709020280998e-02 -7.658694189249668494e-01 6.428260637677154499e-01
1.520621214190561533e+09 -2.683773040771484375e+01 -1.529938936233520508e+00 1.025612875819206238e-01 -1.210513210321549106e-02 -1.869581585721917863e-02 -7.627312916568526058e-01 6.463318876348789210e-01
1.520621214240563869e+09 -2.698012351989746094e+01 -1.511297702789306641e+00 1.046129465103149414e-01 -2.109342901351087332e-02 -1.802754876851911728e-02 -7.552066093031002403e-01 6.548992685923271662e-01
1.520621214290564775e+09 -2.712712669372558594e+01 -1.498913645744323730e+00 9.545404464006423950e-02 -2.180925310624709165e-02 -1.783522903384825165e-02 -7.512936338771535327e-01 6.593664662233889029e-01
1.520621214340566635e+09 -2.727593994140625000e+01 -1.492199063301086426e+00 7.932335883378982544e-02 -2.013492647608284419e-02 -1.700044505851460927e-02 -7.467191359648810423e-01 6.646172594715522575e-01
1.520621214390567780e+09 -2.742662239074707031e+01 -1.488695263862609863e+00 6.775111705064773560e-02 -2.172008540345128288e-02 -8.234129329154111707e-03 -7.404716052498018231e-01 6.716861162946865527e-01
1.520621214440569639e+09 -2.757583618164062500e+01 -1.489025831222534180e+00 7.215566188097000122e-02 -4.130631919367457744e-02 -2.200442106300121853e-02 -7.258499617529374781e-01 6.862590082990618345e-01
1.520621214491317272e+09 -2.771643638610839844e+01 -1.498180985450744629e+00 9.495321661233901978e-02 -4.772763089996476943e-02 -4.270880457485198151e-02 -7.148250582850841361e-01 6.963642490164108079e-01
1.520621214541318178e+09 -2.786126518249511719e+01 -1.507084488868713379e+00 1.140677854418754578e-01 -3.556605694150320046e-02 -5.299373929458441046e-02 -7.155791902167829566e-01 6.956099062821808898e-01
1.520621214591320276e+09 -2.801016044616699219e+01 -1.512750744819641113e+00 1.248002275824546814e-01 -2.937468325692739815e-02 -5.335356664206553773e-02 -7.186511154321392203e-01 6.926984186485979356e-01
1.520621214641322374e+09 -2.815787506103515625e+01 -1.512204051017761230e+00 1.253233402967453003e-01 -2.629073154180304461e-02 -4.906491222059685547e-02 -7.209140157838093144e-01 6.907853600578427455e-01
1.520621214691323280e+09 -2.830605125427246094e+01 -1.508067846298217773e+00 1.157871931791305542e-01 -3.003216602987769310e-02 -3.668114998709667840e-02 -7.246599361793255589e-01 6.874740279717872493e-01
1.520621214741324186e+09 -2.846131706237792969e+01 -1.497570395469665527e+00 1.002316996455192566e-01 -2.977911993941768920e-02 -2.014028562855055271e-02 -7.340818313174353182e-01 6.781087212535129582e-01
1.520621214791326284e+09 -2.861385536193847656e+01 -1.484916329383850098e+00 9.290605038404464722e-02 -2.499250371374963503e-02 -7.403566560466853796e-03 -7.436502166833626193e-01 6.680605640112957655e-01
1.520621214841328144e+09 -2.876221656799316406e+01 -1.463620066642761230e+00 9.926865994930267334e-02 -1.646388287028397249e-02 -1.227692488494346382e-02 -7.550642329473543635e-01 6.553290942723560830e-01
1.520621214889595032e+09 -2.890480041503906250e+01 -1.443776607513427734e+00 1.095581352710723877e-01 -1.407680624196616312e-02 -2.911978139909205884e-02 -7.620321315772580206e-01 6.467309427428965529e-01
1.520621214939596891e+09 -2.905188369750976562e+01 -1.422638773918151855e+00 1.204788684844970703e-01 -2.243803849352244903e-02 -3.280962782888308116e-02 -7.654004774107167064e-01 6.423255965082974583e-01
1.520621214989597797e+09 -2.919982910156250000e+01 -1.402304172515869141e+00 1.253394782543182373e-01 -2.728883464885493992e-02 -3.212682430584633264e-02 -7.649529934959871103e-01 6.427053013668528880e-01
1.520621215039599895e+09 -2.935275650024414062e+01 -1.386516213417053223e+00 1.173190400004386902e-01 -2.758096504580774197e-02 -3.206768228650163505e-02 -7.642350123541047369e-01 6.435493765143706080e-01
1.520621215089601994e+09 -2.951987648010253906e+01 -1.371117234230041504e+00 9.929012507200241089e-02 -2.466622101153062227e-02 -2.160373259975554433e-02 -7.615965357514983269e-01 6.472214250239907152e-01
1.520621215139602900e+09 -2.967941856384277344e+01 -1.359210729598999023e+00 8.245816081762313843e-02 -2.199474563794825283e-02 -4.916515778685990462e-03 -7.558426908868725036e-01 6.543652540208807489e-01
1.520621215189604044e+09 -2.982328033447265625e+01 -1.352956056594848633e+00 8.370282500982284546e-02 -3.195932374671676957e-02 6.441819679449936088e-03 -7.418757964753928125e-01 6.697442849243818719e-01
1.520621215239605904e+09 -2.996297073364257812e+01 -1.356935143470764160e+00 9.928759187459945679e-02 -4.113196283675591564e-02 8.361660269729336015e-04 -7.269178102401333552e-01 6.854910354010915752e-01
1.520621215290770531e+09 -3.010294342041015625e+01 -1.366851449012756348e+00 1.170077770948410034e-01 -3.778064150718253578e-02 -2.383012633881995482e-02 -7.201608824414202914e-01 6.923677141571353832e-01
1.520621215340771437e+09 -3.025081253051757812e+01 -1.376918315887451172e+00 1.258452683687210083e-01 -3.597621950676999775e-02 -4.269234041732772322e-02 -7.205147063957434428e-01 6.911885658538828858e-01
1.520621215390773296e+09 -3.039714241027832031e+01 -1.385383963584899902e+00 1.260175555944442749e-01 -4.145426550259400517e-02 -5.051285993220487602e-02 -7.227357407301060466e-01 6.880283743599642232e-01
1.520621215440774441e+09 -3.054281997680664062e+01 -1.384802222251892090e+00 1.173028573393821716e-01 -4.445717254053808964e-02 -4.233463262330414839e-02 -7.266271931002314943e-01 6.842837576164069180e-01
1.520621215490776300e+09 -3.068955993652343750e+01 -1.380698204040527344e+00 1.030778437852859497e-01 -4.172420585219820122e-02 -2.853324693926161462e-02 -7.327934650223625335e-01 6.785710589802855797e-01
1.520621215540777206e+09 -3.083100700378417969e+01 -1.370383143424987793e+00 9.181604534387588501e-02 -3.748812303153199743e-02 -9.744918324708050361e-03 -7.410165822167588123e-01 6.703686314843579908e-01
1.520621215590779543e+09 -3.097467613220214844e+01 -1.355921745300292969e+00 8.956925570964813232e-02 -3.335967507855269742e-02 -1.732123587471144123e-03 -7.498320595289746926e-01 6.607843932244975571e-01
1.520621215640780449e+09 -3.111828804016113281e+01 -1.337152004241943359e+00 9.721496701240539551e-02 -2.567334385003006147e-02 -1.955459758568584699e-02 -7.563497164489988434e-01 6.533709540194906351e-01
1.520621215690782309e+09 -3.126187515258789062e+01 -1.317371487617492676e+00 1.064405888319015503e-01 -2.330497698501005077e-02 -4.108366868358926532e-02 -7.604549070158206359e-01 6.476707069265870143e-01
1.520621215743358850e+09 -3.141329765319824219e+01 -1.297061324119567871e+00 1.103958487510681152e-01 -2.716886521781202921e-02 -4.680239231925992921e-02 -7.624837467336480490e-01 6.447401994625342470e-01
1.520621215793359756e+09 -3.156916618347167969e+01 -1.279541015625000000e+00 1.033641248941421509e-01 -2.911465535501952737e-02 -4.707505726534787216e-02 -7.609200756548268885e-01 6.464804051883359381e-01
1.520621215843361855e+09 -3.171277999877929688e+01 -1.264677524566650391e+00 9.286975860595703125e-02 -2.332060930118560679e-02 -4.126760664886893609e-02 -7.583924997097332144e-01 6.500722653731031420e-01
1.520621215893362761e+09 -3.185923957824707031e+01 -1.254648566246032715e+00 7.772192358970642090e-02 -1.014173454401221322e-02 -3.139289338168516769e-02 -7.532285139112495642e-01 6.569310749969249352e-01
1.520621215943364620e+09 -3.200649642944335938e+01 -1.247059702873229980e+00 7.298463582992553711e-02 -8.666518486884709424e-03 -2.060857833991431437e-02 -7.421232553825080069e-01 6.698904774488084746e-01
1.520621215993366957e+09 -3.214848327636718750e+01 -1.243417263031005859e+00 8.354497700929641724e-02 -5.580195490961643336e-03 -1.970904063406948500e-02 -7.273327446941741936e-01 6.859792224486148671e-01
1.520621216043367863e+09 -3.228420257568359375e+01 -1.247275352478027344e+00 1.055101975798606873e-01 6.488248546178870639e-03 -3.408803706912186260e-02 -7.161726775338775886e-01 6.970599718198814410e-01
1.520621216093369722e+09 -3.242543411254882812e+01 -1.253514766693115234e+00 1.265063583850860596e-01 7.933783050075114002e-03 -3.633501245647365041e-02 -7.135205003688702696e-01 6.996465661386894741e-01
1.520621216144752741e+09 -3.257584762573242188e+01 -1.260239958763122559e+00 1.391854733228683472e-01 -8.527858364651974554e-03 -3.359740299110278161e-02 -7.137166413879324489e-01 6.995763331830882059e-01
1.520621216194754601e+09 -3.271686553955078125e+01 -1.263333797454833984e+00 1.447911560535430908e-01 -2.482192081188410934e-02 -2.591707600539457090e-02 -7.174996337321619677e-01 6.956338498181011687e-01
1.520621216244756460e+09 -3.286088562011718750e+01 -1.267747998237609863e+00 1.414312720298767090e-01 -2.916313679644180756e-02 -2.054281009175450493e-02 -7.262379589104999145e-01 6.865172477390768524e-01
1.520621216294757843e+09 -3.300743484497070312e+01 -1.260552167892456055e+00 1.345593184232711792e-01 -3.290831168348376523e-02 -2.242522226088368431e-02 -7.365478583883585673e-01 6.752121183244678138e-01
1.520621216344759703e+09 -3.315321350097656250e+01 -1.254909992218017578e+00 1.334234774112701416e-01 -3.485216790975864676e-02 -1.055622799112294029e-02 -7.448996571438656344e-01 6.661819520442899822e-01
1.520621216394760609e+09 -3.329975891113281250e+01 -1.233197450637817383e+00 1.425749808549880981e-01 -2.074306086349661515e-02 -1.360270940189614759e-02 -7.546027305084436199e-01 6.557129027494748019e-01
1.520621216444762707e+09 -3.344243240356445312e+01 -1.212861061096191406e+00 1.530094295740127563e-01 -3.715529895850067706e-03 -3.327602229376553505e-02 -7.595622725143416076e-01 6.495722094969480498e-01
1.520621216494764566e+09 -3.358561325073242188e+01 -1.192353487014770508e+00 1.595821082592010498e-01 -3.711643637748912854e-04 -3.472832062820522397e-02 -7.612989801148232205e-01 6.474702069280789951e-01
1.520621216545743942e+09 -3.373569488525390625e+01 -1.174605369567871094e+00 1.579232066869735718e-01 -4.570278994737784865e-03 -3.269899066742325972e-02 -7.578579922356881715e-01 6.515835726625816005e-01
1.520621216595745087e+09 -3.388257980346679688e+01 -1.164193987846374512e+00 1.476754248142242432e-01 -5.637524542830622126e-03 -3.285276082580728535e-02 -7.556130743104815251e-01 6.541695471009133511e-01
1.520621216645746946e+09 -3.402880477905273438e+01 -1.152241587638854980e+00 1.292166113853454590e-01 -2.907745177896339794e-03 -3.177843355905441564e-02 -7.561776310923321587e-01 6.535878413909655960e-01
1.520621216695747852e+09 -3.417152404785156250e+01 -1.146474003791809082e+00 1.171689555048942566e-01 -8.297234181302785838e-03 -2.751999524467952860e-02 -7.530794798152083969e-01 6.573013790096049469e-01
1.520621216745750189e+09 -3.431289672851562500e+01 -1.148016691207885742e+00 1.186751797795295715e-01 -2.258514881166422475e-02 -3.014205257009384964e-02 -7.440817608613166101e-01 6.670260121416098364e-01
1.520621216795752048e+09 -3.445106887817382812e+01 -1.155330181121826172e+00 1.307500749826431274e-01 -2.042606800953538845e-02 -4.032962681320323428e-02 -7.390747505183780097e-01 6.721047612485534506e-01
1.520621216845752954e+09 -3.459223175048828125e+01 -1.164138674736022949e+00 1.416198164224624634e-01 -1.123655695180617725e-02 -4.124702566861332409e-02 -7.393810845213422134e-01 6.719285933143530620e-01
1.520621216895786047e+09 -3.473643112182617188e+01 -1.172989249229431152e+00 1.448661535978317261e-01 -7.098647960280089417e-03 -5.185527188736932525e-02 -7.346832585654291536e-01 6.763883127008520901e-01
1.520621216942623615e+09 -3.486684417724609375e+01 -1.175606966018676758e+00 1.422949135303497314e-01 -1.373745650881961870e-02 -4.618099954467940610e-02 -7.325854107212417254e-01 6.789677559119521311e-01
1.520621216992625475e+09 -3.501000595092773438e+01 -1.177100777626037598e+00 1.319422721862792969e-01 -2.847714852540792277e-02 -2.632192284371771135e-02 -7.342943405066799656e-01 6.777226791907816628e-01
1.520621217042626619e+09 -3.514955139160156250e+01 -1.176067113876342773e+00 1.209721267223358154e-01 -3.849246806601570176e-02 -7.235730916173048997e-03 -7.410508429351755355e-01 6.703056185691429469e-01
1.520621217092628479e+09 -3.528659439086914062e+01 -1.168637871742248535e+00 1.212607622146606445e-01 -4.243810750727132486e-02 -5.193926741328800181e-03 -7.467065879475205392e-01 6.637780515141932236e-01
1.520621217142629385e+09 -3.541501235961914062e+01 -1.157085537910461426e+00 1.337819099426269531e-01 -2.249889929933401173e-02 -2.690465842322690634e-02 -7.524663547952531450e-01 6.576962245494435422e-01
1.520621217192631721e+09 -3.555148696899414062e+01 -1.150437593460083008e+00 1.461352407932281494e-01 -1.861704853768366211e-02 -3.578323063965448830e-02 -7.533847559358737289e-01 6.563416605946774673e-01
1.520621217242632627e+09 -3.566949081420898438e+01 -1.143199801445007324e+00 1.619617044925689697e-01 -2.824598181410453712e-02 -2.776129174341293235e-02 -7.508728512535988164e-01 6.592582471553809498e-01
1.520621217292634487e+09 -3.577541732788085938e+01 -1.133842349052429199e+00 1.764764934778213501e-01 -3.588387219104454545e-02 -3.210324286429393909e-02 -7.476234121423204204e-01 6.623752434465278727e-01
1.520621217339955807e+09 -3.588935470581054688e+01 -1.125341176986694336e+00 1.698840558528900146e-01 -4.151584826467625416e-02 -2.724270998311692157e-02 -7.465961943880986551e-01 6.634217298377016458e-01
1.520621217389956713e+09 -3.600985717773437500e+01 -1.117431640625000000e+00 1.531105488538742065e-01 -4.295340962373339622e-02 -1.153344477750088345e-02 -7.437424674662114210e-01 6.669851020379179429e-01
1.520621217439958572e+09 -3.612675094604492188e+01 -1.111567258834838867e+00 1.388614624738693237e-01 -3.953888418765585944e-02 7.812032504997186433e-03 -7.366264646706461861e-01 6.750978450063079839e-01
1.520621217489959717e+09 -3.623709487915039062e+01 -1.108269572257995605e+00 1.382808834314346313e-01 -3.941244015176308818e-02 1.628936912476661864e-02 -7.231087236408106911e-01 6.894164850142172618e-01
1.520621217539961576e+09 -3.633428573608398438e+01 -1.111686468124389648e+00 1.501957625150680542e-01 -3.841824462294545633e-02 1.135737171084569980e-02 -7.102104435126675996e-01 7.028486142217633681e-01
1.520621217589962482e+09 -3.643199157714843750e+01 -1.118851423263549805e+00 1.634396165609359741e-01 -3.998894752857772017e-02 9.163715334380297117e-03 -7.001971784147904554e-01 7.127698238118622687e-01
1.520621217639964819e+09 -3.652033615112304688e+01 -1.126937627792358398e+00 1.767974495887756348e-01 -4.479636508044042981e-02 5.367400450848811011e-03 -6.939393101604038883e-01 7.186186126883182812e-01
1.520621217689966679e+09 -3.661325454711914062e+01 -1.130833625793457031e+00 1.802362948656082153e-01 -5.115726547299852267e-02 3.231610377254882926e-03 -6.907859386748033126e-01 7.212400972026343782e-01
1.520621217739967585e+09 -3.670618820190429688e+01 -1.134719729423522949e+00 1.751731783151626587e-01 -5.910636807592285075e-02 1.390191249068738893e-02 -6.937802375795278920e-01 7.176225721269283708e-01
1.520621217789757013e+09 -3.679159927368164062e+01 -1.135961651802062988e+00 1.657942980527877808e-01 -6.797462587967532943e-02 1.982221532946474088e-02 -7.003177287128846684e-01 7.103109240792916390e-01
1.520621217839759111e+09 -3.686431121826171875e+01 -1.133294582366943359e+00 1.583980768918991089e-01 -6.498939976875524327e-02 3.899977541408002762e-02 -7.075582998896228215e-01 7.025785704763951589e-01
1.520621217889760017e+09 -3.692506408691406250e+01 -1.125585436820983887e+00 1.670334637165069580e-01 -5.753714220174177552e-02 4.539010674896162834e-02 -7.132139207715718632e-01 6.971048118426786955e-01
1.520621217939762115e+09 -3.697995758056640625e+01 -1.114850044250488281e+00 1.775027066469192505e-01 -4.821885698230174433e-02 3.006254663267938707e-02 -7.134314699317162445e-01 6.984172984916316995e-01
1.520621217989763260e+09 -3.703054428100585938e+01 -1.106037616729736328e+00 1.876820474863052368e-01 -4.587602074246682066e-02 2.437144428340749791e-02 -7.127706742625093961e-01 6.994707923392836646e-01
1.520621218039765120e+09 -3.707645797729492188e+01 -1.097881197929382324e+00 2.026021778583526611e-01 -4.402497071494149150e-02 1.406959242724341828e-02 -7.145586059163133719e-01 6.980471669116740108e-01
1.520621218089766979e+09 -3.711598587036132812e+01 -1.092671513557434082e+00 2.138628065586090088e-01 -4.463200578217464687e-02 2.847243116865020001e-04 -7.185726656458027994e-01 6.940181749627394314e-01
1.520621218139768124e+09 -3.715149307250976562e+01 -1.088256120681762695e+00 2.182002812623977661e-01 -5.701979306927335706e-02 -3.167467249486168035e-03 -7.203695375716486771e-01 6.912354444676356291e-01
1.520621218191467285e+09 -3.718733978271484375e+01 -1.083627462387084961e+00 2.182551175355911255e-01 -7.076407819195019988e-02 2.078240460493354681e-03 -7.191721048698952456e-01 6.912160369459293685e-01
1.520621218241469383e+09 -3.722508621215820312e+01 -1.076722979545593262e+00 2.131183445453643799e-01 -6.933704785797530079e-02 8.908308139584819596e-03 -7.197340153794671291e-01 6.907213352330880962e-01
1.520621218291471243e+09 -3.725545120239257812e+01 -1.069573283195495605e+00 2.034928649663925171e-01 -5.971870858774150359e-02 1.225386169966161988e-02 -7.197473542609372776e-01 6.915542384747843663e-01
1.520621218341472387e+09 -3.727463150024414062e+01 -1.064306497573852539e+00 1.961037814617156982e-01 -4.996479547187476083e-02 1.565772441154965333e-02 -7.181705648519896013e-01 6.938943685171969911e-01
1.520621218391473293e+09 -3.728890609741210938e+01 -1.061305284500122070e+00 1.913733035326004028e-01 -4.552550249335428345e-02 1.532649624055428331e-02 -7.166774881534299091e-01 6.957484495920966960e-01
1.520621218441478252e+09 -3.729847335815429688e+01 -1.060717821121215820e+00 1.929187625646591187e-01 -4.488933062859577078e-02 9.099125814414438240e-03 -7.155424318944345607e-01 6.970661245991863764e-01
1.520621218491477251e+09 -3.730422210693359375e+01 -1.064125061035156250e+00 1.953446716070175171e-01 -3.996008342072567693e-02 3.351892564967361068e-03 -7.177228998309149732e-01 6.951732126654075472e-01
1.520621218541555405e+09 -3.730491638183593750e+01 -1.069780707359313965e+00 1.973500102758407593e-01 -3.712438690077501241e-02 3.812495819989311126e-05 -7.204305927870374715e-01 6.925326991704053858e-01
1.520621218592033863e+09 -3.730255126953125000e+01 -1.069237232208251953e+00 1.978885978460311890e-01 -4.035538116137395853e-02 -1.027340337489744768e-03 -7.199848917496236567e-01 6.928146530172654138e-01
1.520621218642034769e+09 -3.729456329345703125e+01 -1.068636775016784668e+00 1.960130482912063599e-01 -4.158661185760169354e-02 5.540737824155646078e-04 -7.184100822718779700e-01 6.943754030829161206e-01
1.520621218692036867e+09 -3.728433609008789062e+01 -1.072239160537719727e+00 1.917920708656311035e-01 -3.557356588874993619e-02 1.732830195101174456e-03 -7.190590034641317629e-01 6.940357831168673108e-01
1.520621218742037773e+09 -3.727238082885742188e+01 -1.075374364852905273e+00 1.876647025346755981e-01 -2.691800057529491336e-02 1.151240043135060400e-03 -7.207150814993651400e-01 6.927076347137767209e-01
1.520621218792039871e+09 -3.725530242919921875e+01 -1.080217957496643066e+00 1.833617836236953735e-01 -2.221473734515646420e-02 -1.185513846678391478e-03 -7.213422231673946028e-01 6.922214220013173103e-01
1.520621218842041016e+09 -3.723440170288085938e+01 -1.086896896362304688e+00 1.800928115844726562e-01 -2.098910592603795561e-02 -4.674218828636922916e-03 -7.216698169062069068e-01 6.919033779924256278e-01
1.520621218892042875e+09 -3.721188735961914062e+01 -1.094767808914184570e+00 1.780498474836349487e-01 -1.803622393340439251e-02 -9.719657703818178687e-03 -7.221747034903734930e-01 6.914072031147316943e-01
1.520621218942044735e+09 -3.718488693237304688e+01 -1.103764533996582031e+00 1.771837621927261353e-01 -1.638617023997434446e-02 -1.436566028945079725e-02 -7.232795490008792072e-01 6.902114279164027755e-01
1.520621218992210865e+09 -3.715936660766601562e+01 -1.114635229110717773e+00 1.766597032546997070e-01 -1.478001638801952275e-02 -1.775737265675583071e-02 -7.252772338580160127e-01 6.880691541401662281e-01
1.520621219042212725e+09 -3.713372802734375000e+01 -1.127599239349365234e+00 1.763401925563812256e-01 -1.175650118784114101e-02 -2.220703294065564173e-02 -7.286613004425743778e-01 6.844131366397997462e-01
1.520621219092213869e+09 -3.710913848876953125e+01 -1.138665676116943359e+00 1.732762753963470459e-01 -1.112386702535934392e-02 -2.638285818325715459e-02 -7.315828948963482015e-01 6.811509908027461035e-01
1.520621219142215729e+09 -3.708279800415039062e+01 -1.147922992706298828e+00 1.723533421754837036e-01 -9.739021257131136311e-03 -3.115065976637048165e-02 -7.332651824548792607e-01 6.791590094083165274e-01
1.520621219192216635e+09 -3.705449676513671875e+01 -1.155518531799316406e+00 1.716817915439605713e-01 -1.029103343826990626e-02 -3.495693211485902119e-02 -7.343233237600323982e-01 6.778210410646076101e-01
1.520621219242218733e+09 -3.702528381347656250e+01 -1.164139389991760254e+00 1.719090789556503296e-01 -1.080701556413482013e-02 -3.709246464096394719e-02 -7.371707903001362139e-01 6.746010550019381213e-01
1.520621219292220831e+09 -3.699974060058593750e+01 -1.169958949089050293e+00 1.746723055839538574e-01 -1.039495309140587263e-02 -3.946047238344929653e-02 -7.416142154011364784e-01 6.695843274632847786e-01
1.520621219342221737e+09 -3.697260284423828125e+01 -1.171367168426513672e+00 1.762010157108306885e-01 -1.327739425574940048e-02 -4.102315244814497969e-02 -7.434828630326454357e-01 6.673635022547862450e-01
1.520621219392391920e+09 -3.694546890258789062e+01 -1.169891476631164551e+00 1.778734624385833740e-01 -1.681346612042440916e-02 -3.926979702519869941e-02 -7.436947731904809400e-01 6.671531119074360916e-01
1.520621219442392826e+09 -3.691287994384765625e+01 -1.165899872779846191e+00 1.787544190883636475e-01 -1.936350414436897177e-02 -3.520895584575377268e-02 -7.437743637233306115e-01 6.672219121127972441e-01
1.520621219492395163e+09 -3.688460540771484375e+01 -1.162211775779724121e+00 1.805240362882614136e-01 -2.135793535361027451e-02 -3.204626375298568614e-02 -7.444634534805427695e-01 6.665516049104741603e-01
1.520621219542397022e+09 -3.685534286499023438e+01 -1.158998012542724609e+00 1.825035810470581055e-01 -2.450544931600092888e-02 -2.874736471095291207e-02 -7.461736754757406498e-01 6.646788081494855449e-01
1.520621219592397928e+09 -3.682618331909179688e+01 -1.156045317649841309e+00 1.838319748640060425e-01 -2.862746533103636276e-02 -2.577162809358878037e-02 -7.483028487355044556e-01 6.622379768545858525e-01
1.520621219642400026e+09 -3.679498672485351562e+01 -1.151612281799316406e+00 1.842295974493026733e-01 -3.052106042158796856e-02 -2.152516074147718672e-02 -7.515455871173228886e-01 6.586230809881126191e-01
1.520621219692402124e+09 -3.676349258422851562e+01 -1.145391583442687988e+00 1.832463592290878296e-01 -2.990043035759609030e-02 -1.904161938269380988e-02 -7.542656338348792122e-01 6.556117254987001708e-01
1.520621219742403984e+09 -3.673199081420898438e+01 -1.138282418251037598e+00 1.809814423322677612e-01 -2.503545680848078339e-02 -1.872594542011409013e-02 -7.560153901163876311e-01 6.538067717435173121e-01
1.520621219792104721e+09 -3.669576263427734375e+01 -1.132165789604187012e+00 1.773706376552581787e-01 -1.830564936000433213e-02 -1.859972004090021044e-02 -7.582859139736058962e-01 6.513995903323258618e-01
1.520621219842105627e+09 -3.666379165649414062e+01 -1.125308036804199219e+00 1.740940809249877930e-01 -8.675960575783382700e-03 -1.964851040082781289e-02 -7.596482417304508683e-01 6.499793939679552324e-01
1.520621219892106771e+09 -3.663241577148437500e+01 -1.118019700050354004e+00 1.707649081945419312e-01 4.770535332012608605e-03 -2.278786253828914490e-02 -7.599149062776259234e-01 6.496054883778684674e-01
1.520621219942108870e+09 -3.660092926025390625e+01 -1.114289522171020508e+00 1.680891364812850952e-01 1.811990880493990694e-02 -2.318310356850713030e-02 -7.613354894313143495e-01 6.476901150598283197e-01
1.520621219992109776e+09 -3.656613922119140625e+01 -1.109788060188293457e+00 1.667301952838897705e-01 2.746460314974398867e-02 -2.082599634627946630e-02 -7.630392671376821090e-01 6.454324521249305002e-01
1.520621220042111874e+09 -3.653600692749023438e+01 -1.105767250061035156e+00 1.663607656955718994e-01 3.241299385765479546e-02 -2.052974650553002559e-02 -7.628481200908679982e-01 6.454383572514349465e-01
1.520621220092113733e+09 -3.650717163085937500e+01 -1.102123498916625977e+00 1.665068715810775757e-01 3.358931765821464299e-02 -1.915103155109112304e-02 -7.623594832165920820e-01 6.459976889118996812e-01
1.520621220142115593e+09 -3.648040008544921875e+01 -1.098445415496826172e+00 1.654349416494369507e-01 3.191175105023930786e-02 -1.708046795019380754e-02 -7.611820204558176206e-01 6.475274739301097870e-01
1.520621220192116737e+09 -3.645278930664062500e+01 -1.097803473472595215e+00 1.651281267404556274e-01 3.144978230868173547e-02 -1.460382189549187110e-02 -7.598572062985902154e-01 6.491645905430170060e-01
1.520621220241387606e+09 -3.642607498168945312e+01 -1.099027037620544434e+00 1.648930758237838745e-01 3.171150245219448577e-02 -1.317720522208409330e-02 -7.577855845842661475e-01 6.515993782003183243e-01
1.520621220291389704e+09 -3.639948272705078125e+01 -1.100633263587951660e+00 1.644247621297836304e-01 3.058311995738324102e-02 -1.343628827939928952e-02 -7.539315728548121598e-01 6.561031339535075002e-01
1.520621220341390610e+09 -3.637123107910156250e+01 -1.102535843849182129e+00 1.632838398218154907e-01 2.895090030641401038e-02 -1.299980220115526386e-02 -7.496296998093512354e-01 6.610961833787278863e-01
1.520621220391392708e+09 -3.634377288818359375e+01 -1.106253504753112793e+00 1.612536609172821045e-01 2.979733968486927148e-02 -1.115629724126609816e-02 -7.448359696100693705e-01 6.664885850144750545e-01
1.520621220441393852e+09 -3.631658935546875000e+01 -1.109763264656066895e+00 1.587924510240554810e-01 3.461655455432186002e-02 -7.821681578408531607e-03 -7.410233303378446212e-01 6.705407812676894563e-01
1.520621220491395712e+09 -3.628956222534179688e+01 -1.110663533210754395e+00 1.567279249429702759e-01 3.922548662932324320e-02 -2.092886362083449560e-03 -7.353157571259916203e-01 6.765853370770001929e-01
1.520621220541397810e+09 -3.626173400878906250e+01 -1.110657453536987305e+00 1.558277159929275513e-01 4.236706592357118717e-02 3.819772393993516122e-03 -7.301403066161079591e-01 6.819718276574348037e-01
1.520621220591398716e+09 -3.623485946655273438e+01 -1.109671592712402344e+00 1.550569236278533936e-01 4.484377859071270872e-02 5.008047094962405840e-03 -7.271831121059966208e-01 6.849588866887115213e-01
1.520621220640558958e+09 -3.620891189575195312e+01 -1.108535647392272949e+00 1.545643210411071777e-01 4.502092648549176068e-02 4.720653380196540051e-03 -7.249079305073824475e-01 6.873567660957123904e-01
1.520621220690559864e+09 -3.618188858032226562e+01 -1.106732368469238281e+00 1.550883501768112183e-01 4.231894485884069718e-02 6.041736880099009104e-03 -7.222377187809942978e-01 6.903225926271945312e-01
1.520621220740561962e+09 -3.615769577026367188e+01 -1.102401018142700195e+00 1.556954383850097656e-01 4.071297487243409619e-02 5.302082735091523738e-03 -7.175095064915023579e-01 6.953376515693850957e-01
1.520621220790562868e+09 -3.613569259643554688e+01 -1.095326066017150879e+00 1.556074470281600952e-01 4.385104412452301564e-02 1.347393382481878316e-03 -7.108687177884933650e-01 7.019550815614952199e-01
1.520621220840564728e+09 -3.611413955688476562e+01 -1.086394667625427246e+00 1.559466570615768433e-01 4.752404374999616432e-02 -3.200887540567345577e-03 -7.011845353371769507e-01 7.113870022628950851e-01
1.520621220890567064e+09 -3.609339523315429688e+01 -1.076661705970764160e+00 1.578232347965240479e-01 4.967536348949566638e-02 -5.403278800522674265e-03 -6.908129972135703678e-01 7.213047661849975034e-01
1.520621220940567970e+09 -3.607393264770507812e+01 -1.069215774536132812e+00 1.616343706846237183e-01 4.979869181872412232e-02 -5.888770134673846496e-03 -6.838919288400043817e-01 7.278579822650452780e-01
1.520621220990569830e+09 -3.605567169189453125e+01 -1.062710046768188477e+00 1.650574058294296265e-01 4.631103032078744131e-02 -8.516442648222953549e-03 -6.777209389859248923e-01 7.338099805367074291e-01
1.520621221040087700e+09 -3.603892517089843750e+01 -1.055881500244140625e+00 1.687732636928558350e-01 4.119007841773380391e-02 -1.173638311257945224e-02 -6.705593153059473677e-01 7.406185518928043443e-01
1.520621221090088606e+09 -3.602370834350585938e+01 -1.048813819885253906e+00 1.717948615550994873e-01 3.742140836976497187e-02 -1.315752486391405865e-02 -6.622358441830565878e-01 7.482447490054529027e-01
1.520621221140090704e+09 -3.600963211059570312e+01 -1.042176246643066406e+00 1.737793385982513428e-01 3.653103434180585835e-02 -1.283801701439750420e-02 -6.521792319821712036e-01 7.570752394710852373e-01
1.520621221190092564e+09 -3.599699783325195312e+01 -1.036139607429504395e+00 1.749837696552276611e-01 3.774208703675856896e-02 -1.214581742482434210e-02 -6.405644598157428371e-01 7.668801645669016676e-01
1.520621221240093470e+09 -3.598490524291992188e+01 -1.029909014701843262e+00 1.752225160598754883e-01 4.044766056142885813e-02 -1.226657911944564923e-02 -6.278136510045130292e-01 7.772152452211662510e-01
1.520621221290095806e+09 -3.597430419921875000e+01 -1.023995876312255859e+00 1.751605123281478882e-01 4.348794174746396096e-02 -1.404820971159352096e-02 -6.134042463205005014e-01 7.884457351793128232e-01
1.520621221340096712e+09 -3.596524810791015625e+01 -1.018250226974487305e+00 1.756585538387298584e-01 4.489108150280800291e-02 -1.501807469042378343e-02 -5.970693793745629474e-01 8.007917360009250141e-01
1.520621221390097618e+09 -3.595778656005859375e+01 -1.012249827384948730e+00 1.761052757501602173e-01 4.427400655606823776e-02 -1.585787553237307315e-02 -5.795665451038014560e-01 8.135668134354524517e-01
1.520621221439969540e+09 -3.595127487182617188e+01 -1.005822539329528809e+00 1.758317351341247559e-01 4.363416358903876580e-02 -1.696130761724752231e-02 -5.598074602736802241e-01 8.272992090131177090e-01
1.520621221489970446e+09 -3.594607543945312500e+01 -9.999880790710449219e-01 1.752326041460037231e-01 4.541932971759938403e-02 -1.586448091656471673e-02 -5.367734049241992267e-01 8.423536754234135504e-01
1.520621221539974451e+09 -3.594232940673828125e+01 -9.932106733322143555e-01 1.742803305387496948e-01 4.999582026558051229e-02 -1.250896585186282890e-02 -5.118483447585272517e-01 8.575285509516547000e-01
1.520621221589974642e+09 -3.593958663940429688e+01 -9.848595261573791504e-01 1.736159473657608032e-01 5.485279906366158365e-02 -8.142399120281265668e-03 -4.856840382985266880e-01 8.723737081741305133e-01
1.520621221639976501e+09 -3.593809127807617188e+01 -9.777066707611083984e-01 1.731285303831100464e-01 5.879716831350579459e-02 -3.554803481777879352e-03 -4.590842633021319230e-01 8.864377561672662775e-01
1.520621221689977407e+09 -3.593751144409179688e+01 -9.706788063049316406e-01 1.714781224727630615e-01 6.171866350671136037e-02 1.565463219400690768e-03 -4.324432502394498501e-01 8.995449912162230000e-01
1.520621221739978552e+09 -3.593722534179687500e+01 -9.650794267654418945e-01 1.712536811828613281e-01 6.341303603200325323e-02 4.836147436176834076e-03 -4.063438592591889775e-01 9.115042877471984939e-01
1.520621221789995670e+09 -3.593799972534179688e+01 -9.600577950477600098e-01 1.702821701765060425e-01 6.315099698616369328e-02 6.655138396238480074e-03 -3.816214799133862967e-01 9.221348636621962136e-01
1.520621221840135336e+09 -3.593904876708984375e+01 -9.562703967094421387e-01 1.679822951555252075e-01 6.291108565827351062e-02 6.379523767403421849e-03 -3.583804957832271154e-01 9.314316492475264164e-01
1.520621221890137196e+09 -3.594031143188476562e+01 -9.531337022781372070e-01 1.642419993877410889e-01 6.358945959672131221e-02 4.753571819049676010e-03 -3.356616415165746825e-01 9.398218164085979653e-01
1.520621221940138102e+09 -3.594176483154296875e+01 -9.504984021186828613e-01 1.590705364942550659e-01 6.604777259255827093e-02 2.153398463463027882e-03 -3.116250626049784089e-01 9.479044651055625881e-01
1.520621221990140200e+09 -3.594129562377929688e+01 -9.490125179290771484e-01 1.546130329370498657e-01 6.994729845933655987e-02 3.628149369066699620e-04 -2.858335217146197871e-01 9.557229942131664213e-01
1.520621222040141106e+09 -3.594017028808593750e+01 -9.496812224388122559e-01 1.526806652545928955e-01 7.273320822092173288e-02 -2.138134548459072731e-03 -2.593138504676563705e-01 9.630480962850105353e-01
1.520621222090143442e+09 -3.593880844116210938e+01 -9.529708623886108398e-01 1.489721387624740601e-01 7.319580596579622345e-02 -3.255776986703874144e-03 -2.340501046425555176e-01 9.694598095960653694e-01
1.520621222140145302e+09 -3.593756103515625000e+01 -9.584089517593383789e-01 1.426000595092773438e-01 7.198859129192344830e-02 -3.720522921784842445e-03 -2.058220242865428928e-01 9.759308862576194787e-01
1.520621222190146208e+09 -3.593605804443359375e+01 -9.651136994361877441e-01 1.369816511869430542e-01 7.366994449486817531e-02 -6.134630846668792659e-03 -1.732618733746655870e-01 9.820974640111842513e-01
1.520621222240148306e+09 -3.593449020385742188e+01 -9.717586636543273926e-01 1.331849992275238037e-01 7.760581030487904985e-02 -6.667155942851158389e-03 -1.403264639222278620e-01 9.870366613057695027e-01
1.520621222290794849e+09 -3.593169403076171875e+01 -9.821230173110961914e-01 1.274691820144653320e-01 8.164190371471481689e-02 -5.756517780902467747e-03 -1.065855828902013969e-01 9.909293494396216317e-01
1.520621222340796709e+09 -3.592879867553710938e+01 -9.942380189895629883e-01 1.246142834424972534e-01 8.102349138110562232e-02 -9.556743252902778069e-03 -7.183942151057383374e-02 9.940739208025930473e-01
1.520621222390797615e+09 -3.592667388916015625e+01 -1.008021354675292969e+00 1.238303184509277344e-01 7.721400620042116747e-02 -1.403990504004973619e-02 -4.021739013638870458e-02 9.961041310242444435e-01
1.520621222440799952e+09 -3.592417526245117188e+01 -1.023137688636779785e+00 1.197553500533103943e-01 7.466474312034947214e-02 -1.623231015990362139e-02 -1.195110868172624338e-02 9.970049444425651552e-01
1.520621222490801811e+09 -3.592068099975585938e+01 -1.039156198501586914e+00 1.157411336898803711e-01 7.402444557071760634e-02 -1.738171448368352329e-02 1.821026374128583911e-02 9.969386359019436483e-01
1.520621222540802717e+09 -3.591823577880859375e+01 -1.054759860038757324e+00 1.188507750630378723e-01 7.323580345916916312e-02 -1.469314958752784318e-02 4.555592382253041694e-02 9.961652906277974617e-01
1.520621222590804815e+09 -3.591627502441406250e+01 -1.069707393646240234e+00 1.209805905818939209e-01 6.733606016391784077e-02 -1.398562734271244050e-02 7.146782434093311431e-02 9.950691470010541995e-01
1.520621222640805721e+09 -3.591390228271484375e+01 -1.082997083663940430e+00 1.213562488555908203e-01 5.720539116413635161e-02 -1.587535737237639327e-02 9.743660220634250968e-02 9.934694886107677814e-01
1.520621222691697598e+09 -3.591080474853515625e+01 -1.095239400863647461e+00 1.180954724550247192e-01 4.813941539805308839e-02 -1.572259012071884968e-02 1.247449189856765506e-01 9.908956060212833483e-01
1.520621222741699696e+09 -3.590798187255859375e+01 -1.105229616165161133e+00 1.143835112452507019e-01 4.880427979383633597e-02 -6.744986452116501913e-03 1.541138303264990572e-01 9.868239836635815943e-01
1.520621222791701555e+09 -3.590531921386718750e+01 -1.113783240318298340e+00 1.178415417671203613e-01 5.353306911878398522e-02 2.964284958909474150e-03 1.826680897678454596e-01 9.817116646480127384e-01
1.520621222841702461e+09 -3.590163040161132812e+01 -1.120617985725402832e+00 1.195675358176231384e-01 4.984312393182945694e-02 6.346193466125828013e-03 2.123514068372168717e-01 9.759007474325765985e-01
1.520621222891704559e+09 -3.589691925048828125e+01 -1.125911116600036621e+00 1.185258850455284119e-01 4.439364311511361655e-02 4.062250665308525174e-03 2.452603395207585135e-01 9.684317572388164708e-01
1.520621222941705465e+09 -3.589229965209960938e+01 -1.130506753921508789e+00 1.164086684584617615e-01 4.496319957883311569e-02 2.689522697094742787e-03 2.781646315125989033e-01 9.594766880580039015e-01
1.520621222991707563e+09 -3.588798141479492188e+01 -1.134081840515136719e+00 1.161432936787605286e-01 4.973463412474052325e-02 2.916792696384896445e-03 3.103994538872340558e-01 9.492998143449472570e-01
1.520621223041708708e+09 -3.588436508178710938e+01 -1.136903047561645508e+00 1.153830438852310181e-01 5.311950665370120117e-02 3.992836174229410021e-03 3.415111359713639549e-01 9.383669427679672825e-01
1.520621223092839003e+09 -3.588145828247070312e+01 -1.139462113380432129e+00 1.145310997962951660e-01 5.414838127455027378e-02 4.280168857732104953e-03 3.726642876940025051e-01 9.263751732626567259e-01
1.520621223142840862e+09 -3.587901687622070312e+01 -1.140813112258911133e+00 1.130146235227584839e-01 5.372543346757293475e-02 4.166201932052542370e-03 4.021431291434873212e-01 9.139896740351431959e-01
1.520621223192842007e+09 -3.587630081176757812e+01 -1.141320347785949707e+00 1.098410934209823608e-01 5.490778641095436785e-02 5.410008016167471012e-03 4.301681724111561800e-01 9.010611578850572512e-01
1.520621223242845058e+09 -3.587278747558593750e+01 -1.140936136245727539e+00 1.061559617519378662e-01 5.875351805764789798e-02 1.164866288492094962e-02 4.566174277127524883e-01 8.876445558205335873e-01
1.520621223292845964e+09 -3.586799240112304688e+01 -1.140163898468017578e+00 1.038278490304946899e-01 6.216690779740464273e-02 2.113490642064278294e-02 4.822999318123045165e-01 8.735418519334642307e-01
1.520621223342847109e+09 -3.586175537109375000e+01 -1.138342738151550293e+00 1.022878214716911316e-01 6.653373521484147457e-02 2.910565139324465533e-02 5.069010130507402012e-01 8.589397453276158556e-01
1.520621223392848969e+09 -3.585340499877929688e+01 -1.135454058647155762e+00 1.005298569798469543e-01 6.769807471451531888e-02 3.005986028533583904e-02 5.284750928596497754e-01 8.457112105834700966e-01
1.520621223442909002e+09 -3.584211730957031250e+01 -1.132495880126953125e+00 9.666175395250320435e-02 6.984839784748131386e-02 2.558998276701359223e-02 5.477601443724979813e-01 8.333217735887765709e-01
1.520621223494982719e+09 -3.582702255249023438e+01 -1.130226969718933105e+00 9.045254439115524292e-02 7.602172236735696420e-02 2.375255491309638187e-02 5.650339642222776959e-01 8.212144257979512307e-01
1.520621223544983625e+09 -3.580895614624023438e+01 -1.128600955009460449e+00 8.496326208114624023e-02 8.279322140342450231e-02 2.333278223788471870e-02 5.808005369830427922e-01 8.094884804633677433e-01
1.520621223594985485e+09 -3.578739929199218750e+01 -1.127659320831298828e+00 8.051945269107818604e-02 8.524273573625801292e-02 2.264568645322732193e-02 5.950625108707658928e-01 7.988250478330285453e-01
1.520621223644986629e+09 -3.576222229003906250e+01 -1.128868699073791504e+00 7.415194809436798096e-02 8.628750316256811326e-02 2.398024050124609660e-02 6.069340511587025810e-01 7.896901116308582269e-01
1.520621223694988728e+09 -3.573327636718750000e+01 -1.130090713500976562e+00 6.782434880733489990e-02 8.783903881004205549e-02 2.718762128205588074e-02 6.178797670064484215e-01 7.808775384360908678e-01
1.520621223744990587e+09 -3.570004272460937500e+01 -1.131158709526062012e+00 6.314805895090103149e-02 8.554329879368401113e-02 2.876555907913388999e-02 6.280405089101623872e-01 7.729294960151434912e-01
1.520621223794991732e+09 -3.566263580322265625e+01 -1.132471680641174316e+00 5.758779868483543396e-02 8.196317530316206412e-02 2.912847556180445802e-02 6.366779901955256227e-01 7.662080047912932512e-01
1.520621223844993591e+09 -3.562086868286132812e+01 -1.133969902992248535e+00 5.117477104067802429e-02 7.905111591069777233e-02 2.969538747883488164e-02 6.432608460911697357e-01 7.609760764451322101e-01
1.520621223896676779e+09 -3.557328414916992188e+01 -1.135233998298645020e+00 4.433070495724678040e-02 7.846761851432745849e-02 3.025861307177115170e-02 6.487621343792921991e-01 7.563299162239243145e-01
1.520621223946678638e+09 -3.552352905273437500e+01 -1.136958122253417969e+00 3.881815075874328613e-02 7.738062039960841298e-02 2.942276390862012120e-02 6.517601647677221388e-01 7.538933798439279022e-01
1.520621223996679783e+09 -3.547082138061523438e+01 -1.139281749725341797e+00 3.425707668066024780e-02 7.676494278627898904e-02 2.793007028628956973e-02 6.508659257554541000e-01 7.547851359316225528e-01
1.520621224046681643e+09 -3.541575622558593750e+01 -1.142633438110351562e+00 2.992631122469902039e-02 7.892754439002799827e-02 2.830540863355300932e-02 6.478973434221491079e-01 7.570985926318775094e-01
1.520621224096683979e+09 -3.535866165161132812e+01 -1.147589325904846191e+00 2.774049714207649231e-02 8.279898236147485713e-02 2.994619864519090444e-02 6.454256362540203851e-01 7.587313765574084101e-01
1.520621224146684885e+09 -3.529985046386718750e+01 -1.153016805648803711e+00 2.819218486547470093e-02 8.097862074338338378e-02 3.189995363488013630e-02 6.419856844738645041e-01 7.617606165136232566e-01
1.520621224196686745e+09 -3.523988342285156250e+01 -1.159641385078430176e+00 2.866241335868835449e-02 7.891602491493783511e-02 3.265828878251486600e-02 6.396773791996452907e-01 7.638838574846937846e-01
1.520621224246688843e+09 -3.517795181274414062e+01 -1.168335318565368652e+00 2.893876470625400543e-02 7.492009376856047231e-02 3.646251102299777336e-02 6.367087216767298719e-01 7.665895046114267197e-01
1.520621224297191381e+09 -3.511205291748046875e+01 -1.177728414535522461e+00 2.733959630131721497e-02 7.097505295677364323e-02 3.593713918452991207e-02 6.342379019724881939e-01 7.690340353889100200e-01
1.520621224347193241e+09 -3.504237747192382812e+01 -1.187233686447143555e+00 2.290409989655017853e-02 6.505558539570148457e-02 3.420256025566562746e-02 6.325070760586835039e-01 7.710595012166537865e-01
1.520621224397194386e+09 -3.496813201904296875e+01 -1.196098923683166504e+00 1.548883877694606781e-02 6.077373609451026254e-02 3.431665432569663832e-02 6.311999985731727714e-01 7.724736125190506675e-01
1.520621224447196245e+09 -3.489016723632812500e+01 -1.204290151596069336e+00 7.007485255599021912e-03 6.037488635001194565e-02 3.408729850926617982e-02 6.324061419027992015e-01 7.715279650551755131e-01
1.520621224497198105e+09 -3.480941772460937500e+01 -1.209899902343750000e+00 -2.114398172125220299e-03 6.215774789919920051e-02 3.153421989173103152e-02 6.367053161070653777e-01 7.679507456815972688e-01
1.520621224547199249e+09 -3.472595977783203125e+01 -1.212210059165954590e+00 -1.106376573443412781e-02 6.597535374462466795e-02 2.880760123210533707e-02 6.440342725521303047e-01 7.616017532725170014e-01
1.520621224597201347e+09 -3.464004516601562500e+01 -1.212735176086425781e+00 -1.695525273680686951e-02 6.249438877586929730e-02 2.893906988377950226e-02 6.525577415970134076e-01 7.546027931883090289e-01
1.520621224647202492e+09 -3.455244827270507812e+01 -1.210066795349121094e+00 -1.828406564891338348e-02 5.807319187558327572e-02 2.563361967480920836e-02 6.634881982878869655e-01 7.454889889598924624e-01
1.520621224697204351e+09 -3.446569824218750000e+01 -1.205118060111999512e+00 -1.289526466280221939e-02 5.778065753756921052e-02 2.397123189241218491e-02 6.743106909025796680e-01 7.357933594363107455e-01
1.520621224747205257e+09 -3.437839508056640625e+01 -1.199972987174987793e+00 6.607738323509693146e-04 6.159276633537786455e-02 2.273608091503092829e-02 6.833535746793901744e-01 7.271294889719984722e-01
1.520621224797207355e+09 -3.429109191894531250e+01 -1.195917844772338867e+00 1.490671280771493912e-02 7.010730533178681501e-02 2.257049885816146684e-02 6.875935966716624215e-01 7.223507348487552271e-01
1.520621224847208261e+09 -3.419781875610351562e+01 -1.194886803627014160e+00 3.059969842433929443e-02 7.707022959842675658e-02 2.078508780019213548e-02 6.851159938890389878e-01 7.240471219141877413e-01
1.520621224897210121e+09 -3.409974670410156250e+01 -1.198502063751220703e+00 4.004193097352981567e-02 7.454680733445744056e-02 1.685007307591145087e-02 6.787381842904158802e-01 7.303925833000532997e-01
1.520621224947211266e+09 -3.399655151367187500e+01 -1.204216361045837402e+00 3.882852569222450256e-02 7.695436654737844440e-02 1.229640497249821079e-02 6.673725996996089371e-01 7.406352928832311555e-01
1.520621224997213364e+09 -3.389224243164062500e+01 -1.214448451995849609e+00 3.128152713179588318e-02 6.712861330203009902e-02 5.359274312119878363e-03 6.517345877229754336e-01 7.554515567662541953e-01
1.520621225047214270e+09 -3.378822326660156250e+01 -1.226841092109680176e+00 2.597680687904357910e-02 5.041360495746910475e-02 -6.698346248635958164e-03 6.425769941908445748e-01 7.645314951847209661e-01
1.520621225097216368e+09 -3.368293762207031250e+01 -1.241308212280273438e+00 2.596743963658809662e-02 3.374298628154176471e-02 -5.073379208747431056e-03 6.336145337545470158e-01 7.728960436664271683e-01
1.520621225146143913e+09 -3.358086395263671875e+01 -1.256583333015441895e+00 3.150570765137672424e-02 3.340657996349959830e-02 1.460959033170521754e-02 6.268824007490556571e-01 7.782602494773727120e-01
1.520621225196145773e+09 -3.347960662841796875e+01 -1.270338416099548340e+00 4.018552601337432861e-02 4.224817205027352890e-02 4.257389651355174970e-02 6.203627219582275032e-01 7.820183172398474936e-01
1.520621225246147633e+09 -3.337686538696289062e+01 -1.281537413597106934e+00 4.946087673306465149e-02 4.254282209693226180e-02 4.813850979980500294e-02 6.166188039373197149e-01 7.846362487122247042e-01
1.520621225296148777e+09 -3.327104949951171875e+01 -1.288124442100524902e+00 5.461044609546661377e-02 4.786294243762251321e-02 3.596847069907666006e-02 6.203154814708241593e-01 7.820640071659111792e-01
1.520621225346150637e+09 -3.316539764404296875e+01 -1.292050480842590332e+00 5.052472651004791260e-02 5.026596656956994896e-02 2.229106183373328470e-02 6.236510118437791350e-01 7.797665398011008886e-01
1.520621225396151543e+09 -3.305844879150390625e+01 -1.293189525604248047e+00 3.910622373223304749e-02 4.878577818408528360e-02 9.361698015658873398e-03 6.306621842058364180e-01 7.744659552685067005e-01
1.520621225446153879e+09 -3.295305252075195312e+01 -1.290897130966186523e+00 2.758415043354034424e-02 4.954385824949975037e-02 3.711874135415974430e-03 6.411187254057346685e-01 7.658318405722517319e-01
1.520621225496154785e+09 -3.284890747070312500e+01 -1.285744786262512207e+00 2.301440387964248657e-02 5.323192360807073309e-02 -5.550538068317911050e-03 6.528551435741122289e-01 7.555896474575084509e-01
1.520621225543653250e+09 -3.275048065185546875e+01 -1.278693437576293945e+00 3.120583482086658478e-02 5.629622530708508488e-02 -1.449932335755651190e-02 6.627749761817961494e-01 7.465586618515428485e-01
1.520621225593654156e+09 -3.264498519897460938e+01 -1.272096633911132812e+00 4.716823250055313110e-02 6.337986606748741147e-02 -1.027311804994629311e-02 6.659792963756526740e-01 7.432018786452234682e-01
1.520621225643656254e+09 -3.253505325317382812e+01 -1.268257379531860352e+00 6.151026859879493713e-02 6.355978323338781766e-02 -1.012469140331920562e-03 6.583632593551496104e-01 7.500112983101179243e-01
1.520621225693658113e+09 -3.241868209838867188e+01 -1.268679618835449219e+00 6.633588671684265137e-02 6.494517301405147713e-02 6.252651257557155853e-03 6.419441976788584636e-01 7.639703370687065398e-01
1.520621225743659258e+09 -3.230258178710937500e+01 -1.273834824562072754e+00 5.988809093832969666e-02 6.657772132554541644e-02 6.935215160661397163e-03 6.189276820047019401e-01 7.825904639478171720e-01
1.520621225793661356e+09 -3.218603134155273438e+01 -1.282698035240173340e+00 4.652559012174606323e-02 5.865452197697797188e-02 -1.096511098225808013e-03 5.980958692959648104e-01 7.992745309630275852e-01
1.520621225843663216e+09 -3.206374359130859375e+01 -1.293756246566772461e+00 3.874471411108970642e-02 4.946876155431353950e-02 -8.126324708157200288e-03 5.849792169890318805e-01 8.094974491423175822e-01
1.520621225893664360e+09 -3.194199943542480469e+01 -1.306903243064880371e+00 4.052997753024101257e-02 3.464438170636201242e-02 -8.137503989909202276e-03 5.713836201156619055e-01 8.199111576924167366e-01
1.520621225942250729e+09 -3.182778358459472656e+01 -1.320629477500915527e+00 5.044592544436454773e-02 3.906176448697033093e-02 -1.171255430609489208e-03 5.643261973651867436e-01 8.246264303811932095e-01
1.520621225992251635e+09 -3.170917701721191406e+01 -1.333763003349304199e+00 6.647058576345443726e-02 4.406630838509648790e-02 1.625598165066874726e-02 5.574415726873555021e-01 8.288864799028456964e-01
1.520621226042253971e+09 -3.158974647521972656e+01 -1.344447851181030273e+00 7.843343913555145264e-02 4.109080043109854946e-02 2.000963083955810060e-02 5.572478049432439962e-01 8.290874770972799235e-01
1.520621226092255831e+09 -3.146845054626464844e+01 -1.351986646652221680e+00 8.074727654457092285e-02 5.025033693716251387e-02 1.554074057930133687e-02 5.656231687844944789e-01 8.229847021385851003e-01
1.520621226142256737e+09 -3.134671211242675781e+01 -1.356981754302978516e+00 7.321828603744506836e-02 5.313909529174837970e-02 1.233597130307124458e-02 5.709910102978131841e-01 8.191418232044234138e-01
1.520621226192257881e+09 -3.122337532043457031e+01 -1.358518362045288086e+00 6.287752091884613037e-02 4.733406295432471267e-02 -1.511310433102521812e-03 5.799286858166680103e-01 8.132895682301373164e-01
1.520621226242260933e+09 -3.109679412841796875e+01 -1.356849431991577148e+00 6.000984460115432739e-02 3.703475234698258567e-02 -2.005412169498261427e-02 5.916428944273701696e-01 8.050993384640457995e-01
1.520621226292261839e+09 -3.097009849548339844e+01 -1.351856589317321777e+00 6.636877357959747314e-02 3.679412221370995800e-02 -3.140364206688279342e-02 6.073958858102089797e-01 7.929251173574268785e-01
1.520621226340752125e+09 -3.084964942932128906e+01 -1.344138145446777344e+00 7.971726357936859131e-02 4.786992864433688849e-02 -2.743732955776723159e-02 6.263999999572172905e-01 7.775465921293223115e-01
1.520621226390753031e+09 -3.072679138183593750e+01 -1.336009502410888672e+00 9.576819837093353271e-02 5.328893753390406135e-02 -1.044916958467283913e-02 6.370030306088351191e-01 7.689461899162111091e-01
1.520621226440755129e+09 -3.059890365600585938e+01 -1.331132888793945312e+00 1.085717231035232544e-01 4.533865388904043114e-02 -7.451341482391436906e-03 6.377814605246178159e-01 7.688456884087521148e-01
1.520621226490757227e+09 -3.046927261352539062e+01 -1.330646395683288574e+00 1.108940020203590393e-01 4.581908535836096835e-02 -1.814512398975937774e-02 6.347462651864225203e-01 7.711475505532047192e-01
1.520621226540758133e+09 -3.033722496032714844e+01 -1.333566665649414062e+00 1.029435917735099792e-01 4.589459727875497275e-02 -2.267096221207342416e-02 6.293605727056782451e-01 7.754256785382983574e-01
1.520621226590759993e+09 -3.020666885375976562e+01 -1.339754939079284668e+00 8.902102708816528320e-02 3.993636773237958792e-02 -1.902605607974962310e-02 6.242055941403177322e-01 7.800067127700422986e-01
1.520621226640762091e+09 -3.007356834411621094e+01 -1.347418069839477539e+00 8.118635416030883789e-02 3.334645479775709409e-02 -1.652619205673485844e-02 6.219636062629012585e-01 7.821612183002757401e-01
1.520621226690762997e+09 -2.994052124023437500e+01 -1.360642194747924805e+00 8.718906342983245850e-02 4.356606272994056200e-02 -5.158839244168557034e-03 6.166320994400462663e-01 7.860281410331468877e-01
1.520621226739821672e+09 -2.980685043334960938e+01 -1.375969171524047852e+00 1.024831607937812805e-01 6.134421955609792310e-02 7.728465155677200632e-03 6.086933446300285544e-01 7.909927747814766708e-01
1.520621226789823532e+09 -2.966828155517578125e+01 -1.389531254768371582e+00 1.177981346845626831e-01 6.136366250821272128e-02 5.042414097432520656e-03 6.047885317785813841e-01 7.940024602057327296e-01
1.520621226839825392e+09 -2.953364372253417969e+01 -1.399073600769042969e+00 1.218354627490043640e-01 6.185065703257935921e-02 -4.712031496812139376e-03 6.083339801263434321e-01 7.912534749417868829e-01
1.520621226889826536e+09 -2.939728164672851562e+01 -1.407597303390502930e+00 1.160154864192008972e-01 6.351190178543031362e-02 -9.400432172972081335e-03 6.099555009838834030e-01 7.898304609383327568e-01
1.520621226939828634e+09 -2.925816345214843750e+01 -1.413578987121582031e+00 1.015610098838806152e-01 5.637143204325485712e-02 -1.428558682383017017e-02 6.141460158801417268e-01 7.870469203529356639e-01
1.520621226989829540e+09 -2.912113571166992188e+01 -1.415927529335021973e+00 8.868072181940078735e-02 4.935850656500854333e-02 -2.171469537780223655e-02 6.190587512506875445e-01 7.834912075666582432e-01
1.520621227039831638e+09 -2.898411750793457031e+01 -1.415158271789550781e+00 8.880439400672912598e-02 5.189182643350479657e-02 -3.571186238105371336e-02 6.294654649053333939e-01 7.744708708054708346e-01
1.520621227089832544e+09 -2.884711456298828125e+01 -1.411531209945678711e+00 1.009302064776420593e-01 5.727737502823462140e-02 -4.064432714900167998e-02 6.429687439077477196e-01 7.626654150662484088e-01
1.520621227139834404e+09 -2.871103477478027344e+01 -1.407428979873657227e+00 1.149477586150169373e-01 5.623983508060487885e-02 -2.246191095419899572e-02 6.460540030352942553e-01 7.608855161379167731e-01
1.520621227191663027e+09 -2.856856918334960938e+01 -1.405638098716735840e+00 1.224804669618606567e-01 5.924978852312608180e-02 -1.202097814538366331e-02 6.481818556829971323e-01 7.590818405203350050e-01
1.520621227241664886e+09 -2.842652511596679688e+01 -1.407860159873962402e+00 1.215503290295600891e-01 5.800315639621576869e-02 -1.465364148270488671e-02 6.490272769828315802e-01 7.584091892716117167e-01
1.520621227291666746e+09 -2.828276443481445312e+01 -1.414338946342468262e+00 1.109950840473175049e-01 4.532140032357848125e-02 -2.510768871151537740e-02 6.448078029596044924e-01 7.625866979450163230e-01
1.520621227341667891e+09 -2.814147377014160156e+01 -1.426072716712951660e+00 9.751097857952117920e-02 3.351444647151686357e-02 -2.985406574466287905e-02 6.360782187730368298e-01 7.703181266455709775e-01
1.520621227391669750e+09 -2.800013160705566406e+01 -1.441193580627441406e+00 8.704431354999542236e-02 3.188811002432456049e-02 -2.322359852046270920e-02 6.288028620455889950e-01 7.765634382290431681e-01
1.520621227441670895e+09 -2.786208534240722656e+01 -1.460732102394104004e+00 9.071893244981765747e-02 3.387102089913237440e-02 -1.572187420823865922e-02 6.213402707272029923e-01 7.826505251945320429e-01
1.520621227491672993e+09 -2.772496986389160156e+01 -1.479310631752014160e+00 1.053423359990119934e-01 5.161176447058302835e-02 -7.359480119572785325e-04 6.157611995937828375e-01 7.862403126421224631e-01
1.520621227541674852e+09 -2.758343887329101562e+01 -1.496689081192016602e+00 1.211349219083786011e-01 5.786886622735722130e-02 7.323403167613627977e-05 6.123474040817270536e-01 7.884680371915572250e-01
1.520621227592082500e+09 -2.744017791748046875e+01 -1.514573097229003906e+00 1.306422203779220581e-01 7.260974120165811230e-02 -9.132571044953092382e-03 6.162588276851397318e-01 7.841361354566402930e-01
1.520621227642083406e+09 -2.729346466064453125e+01 -1.530778646469116211e+00 1.287344992160797119e-01 8.064192447628586169e-02 -7.795893504164320455e-03 6.160591775148378524e-01 7.835222995301246440e-01
1.520621227692086458e+09 -2.714804458618164062e+01 -1.543526887893676758e+00 1.180822402238845825e-01 7.175476396598455542e-02 -1.128784495937306016e-02 6.219317520869473981e-01 7.796952828832676152e-01
1.520621227742087603e+09 -2.700186347961425781e+01 -1.552109599113464355e+00 1.109965294599533081e-01 5.072705255704937355e-02 -2.069305177699376497e-02 6.307887792293384033e-01 7.740181391578557779e-01
1.520621227792089462e+09 -2.685784912109375000e+01 -1.556628227233886719e+00 1.132036894559860229e-01 4.036372842033252029e-02 -3.076734349642804012e-02 6.462725904144628331e-01 7.614170203516350544e-01
1.520621227842090368e+09 -2.671655082702636719e+01 -1.556587576866149902e+00 1.266058981418609619e-01 4.551074184428265113e-02 -3.607240242442580347e-02 6.602815249038578305e-01 7.487695653742543200e-01
1.520621227892092466e+09 -2.657185554504394531e+01 -1.554962396621704102e+00 1.451642066240310669e-01 5.289732996671878823e-02 -3.276567135884787124e-02 6.653749891608887745e-01 7.439115586290774296e-01
1.520621227942093372e+09 -2.642268943786621094e+01 -1.556363224983215332e+00 1.588047891855239868e-01 5.116764117279375135e-02 -2.868949827117674503e-02 6.626040979253479124e-01 7.466689993553343729e-01
1.520621227990364552e+09 -2.627788925170898438e+01 -1.560643315315246582e+00 1.618414819240570068e-01 5.692820067079277374e-02 -1.945416193937978683e-02 6.601002003091217540e-01 7.487646099432582192e-01
1.520621228040366411e+09 -2.612185668945312500e+01 -1.570546388626098633e+00 1.536252051591873169e-01 5.787867885817106484e-02 -1.543163364353002283e-02 6.500626196581985594e-01 7.575160155005603579e-01
1.520621228090368271e+09 -2.596792984008789062e+01 -1.583877563476562500e+00 1.411618292331695557e-01 4.155383527642236841e-02 -1.903483410248667934e-02 6.365239460985533393e-01 7.699014351900097530e-01
1.520621228140369415e+09 -2.581604194641113281e+01 -1.603251814842224121e+00 1.346700489521026611e-01 1.614364906837419122e-02 -3.578718585821761416e-02 6.221405575445714264e-01 7.819205756221256909e-01
1.520621228190371513e+09 -2.566694641113281250e+01 -1.627279877662658691e+00 1.378101855516433716e-01 4.016190514467073321e-03 -4.224519165655509639e-02 6.091447089112786983e-01 7.919229366554839666e-01
1.520621228240372658e+09 -2.552165794372558594e+01 -1.652347207069396973e+00 1.496140807867050171e-01 2.291537208486259247e-02 -2.131002718645001043e-02 6.000547267620682801e-01 7.993466665684073602e-01
1.520621228290374517e+09 -2.537268829345703125e+01 -1.677024960517883301e+00 1.633690446615219116e-01 3.388660930657119014e-02 1.296545645654070432e-03 5.924602370179794519e-01 8.048856342560053445e-01
1.520621228340410471e+09 -2.521989250183105469e+01 -1.698319792747497559e+00 1.716571003198623657e-01 4.059298636491779494e-02 6.639001539541678105e-04 5.935916794554852993e-01 8.037416791331525312e-01
1.520621228391736269e+09 -2.506449127197265625e+01 -1.716853499412536621e+00 1.712434738874435425e-01 4.955510357674858257e-02 -1.237293968533582401e-02 5.952059548612889106e-01 8.019482984399317615e-01
1.520621228441737413e+09 -2.491011619567871094e+01 -1.732870101928710938e+00 1.616187691688537598e-01 4.788795604670267186e-02 -1.953599684648536089e-02 5.991194526530989606e-01 7.989874654495739970e-01
1.520621228491739273e+09 -2.475985527038574219e+01 -1.743481755256652832e+00 1.500413566827774048e-01 3.707899133556286086e-02 -2.436703616861157426e-02 6.025462714645537510e-01 7.968496637974186170e-01
1.520621228541741133e+09 -2.460970687866210938e+01 -1.749477028846740723e+00 1.473287791013717651e-01 2.249277642681235187e-02 -3.293791247925009075e-02 6.151979852774239754e-01 7.873630724390885405e-01
1.520621228591742277e+09 -2.445989608764648438e+01 -1.749004721641540527e+00 1.562421619892120361e-01 2.605129396385404833e-02 -3.400020045883011405e-02 6.341558814415714229e-01 7.720178977748066718e-01
1.520621228641744137e+09 -2.431580352783203125e+01 -1.743043184280395508e+00 1.731671988964080811e-01 3.683080107603366182e-02 -2.861551533669199829e-02 6.460685056621904288e-01 7.618530897525699341e-01
1.520621228691745281e+09 -2.416682434082031250e+01 -1.739124059677124023e+00 1.866487413644790649e-01 3.821351329194724866e-02 -2.251265727352208534e-02 6.490840827002213320e-01 7.594226499450638102e-01
1.520621228741747379e+09 -2.401415252685546875e+01 -1.738234996795654297e+00 1.903004497289657593e-01 4.500380023228144760e-02 -2.360493246334693582e-02 6.482161684808415147e-01 7.597586880372418916e-01
1.520621228796445370e+09 -2.384556007385253906e+01 -1.742449641227722168e+00 1.805541366338729858e-01 4.690275889947432414e-02 -3.502349408848187684e-02 6.414812534678686617e-01 7.649021424461719398e-01
1.520621228846447229e+09 -2.369401359558105469e+01 -1.751336812973022461e+00 1.645877510309219360e-01 3.269414405484437347e-02 -5.175656728706375109e-02 6.301499941132631122e-01 7.740564162942098481e-01
1.520621228896449089e+09 -2.354621505737304688e+01 -1.765442728996276855e+00 1.504504531621932983e-01 5.439562427073523464e-03 -7.679932146631228418e-02 6.187486311897910651e-01 7.818071416811669394e-01
1.520621228946450233e+09 -2.339644050598144531e+01 -1.780421614646911621e+00 1.468256264925003052e-01 4.850070763663118581e-03 -8.917385790794550571e-02 6.141707098651716379e-01 7.841038445404485691e-01
1.520621228996452093e+09 -2.325108337402343750e+01 -1.798308968544006348e+00 1.529394388198852539e-01 2.331738667648288604e-02 -6.010439186667551614e-02 6.040158585637429578e-01 7.943605001259950171e-01
1.520621229046452999e+09 -2.310897445678710938e+01 -1.814844012260437012e+00 1.621547788381576538e-01 4.104199122237522923e-02 -2.076484379268600175e-02 5.985351003276319082e-01 7.997750370538952991e-01
1.520621229096455336e+09 -2.296334457397460938e+01 -1.827070951461791992e+00 1.704987585544586182e-01 4.978604306941151331e-02 -4.677971535796221145e-03 6.007325873915514425e-01 7.978845937500317342e-01
1.520621229146456242e+09 -2.281017684936523438e+01 -1.834773659706115723e+00 1.724001616239547729e-01 4.876650551172398429e-02 -1.555272369527484558e-02 6.064864596775360051e-01 7.934444624254693990e-01
1.520621229197344303e+09 -2.264990806579589844e+01 -1.840910315513610840e+00 1.639639735221862793e-01 3.431149436794989765e-02 -3.007892214327120839e-02 6.102522966955205019e-01 7.908919737706153752e-01
1.520621229247346163e+09 -2.249292182922363281e+01 -1.843843102455139160e+00 1.490691602230072021e-01 2.532954397683202796e-02 -3.646961432076481491e-02 6.070526559471718375e-01 7.934200995315816574e-01
1.520621229297347069e+09 -2.233821678161621094e+01 -1.842921853065490723e+00 1.403862833976745605e-01 2.319160628252999595e-02 -4.346487234251926457e-02 6.160330085141042522e-01 7.861782792034807121e-01
1.520621229347350359e+09 -2.217990875244140625e+01 -1.840985417366027832e+00 1.437307298183441162e-01 3.302888787857245767e-02 -4.706911891637084733e-02 6.297210751868588252e-01 7.746902336259622324e-01
1.520621229397351265e+09 -2.202701377868652344e+01 -1.835689783096313477e+00 1.557081192731857300e-01 4.420244601786010169e-02 -4.372102676260654353e-02 6.364294158123521283e-01 7.688252169860259055e-01
1.520621229447353125e+09 -2.187076187133789062e+01 -1.832648158073425293e+00 1.657656878232955933e-01 4.839870541941533599e-02 -4.043764795031196818e-02 6.333263192913476392e-01 7.713106606516243469e-01
1.520621229497354269e+09 -2.171806144714355469e+01 -1.831853151321411133e+00 1.695209741592407227e-01 5.940083180462266133e-02 -4.049724926064116048e-02 6.304634561288159356e-01 7.728824907250447795e-01
1.520621229547355175e+09 -2.156494712829589844e+01 -1.837173223495483398e+00 1.625885665416717529e-01 6.012104538270084814e-02 -4.123920634195787915e-02 6.259498090322791475e-01 7.764480821889058193e-01
1.520621229597357512e+09 -2.141098403930664062e+01 -1.847618579864501953e+00 1.468055099248886108e-01 4.499398129972321386e-02 -4.412259492884004070e-02 6.168140115478174534e-01 7.845821903547356424e-01
1.520621229647358418e+09 -2.125562095642089844e+01 -1.863168358802795410e+00 1.325049400329589844e-01 1.907830864396495990e-02 -4.278464599097190485e-02 6.038349247889504001e-01 7.957316606820640237e-01
1.520621229697360277e+09 -2.110660171508789062e+01 -1.880965232849121094e+00 1.287738978862762451e-01 4.638831860555907294e-03 -3.494819101554687973e-02 5.907408337937473108e-01 8.060907966677068881e-01
1.520621229747361422e+09 -2.095382308959960938e+01 -1.900905609130859375e+00 1.353034079074859619e-01 1.307245927771154628e-02 -1.726742930192674136e-02 5.810814793288263669e-01 8.135571652162852940e-01
1.520621229797363281e+09 -2.080648803710937500e+01 -1.919638872146606445e+00 1.468868702650070190e-01 2.702235392513026649e-02 -1.595729234657567623e-03 5.760900098338586073e-01 8.169379086602478468e-01
1.520621229847364187e+09 -2.065987586975097656e+01 -1.935083627700805664e+00 1.550944745540618896e-01 2.995565923830838598e-02 -8.724239163808987160e-03 5.764450106427067011e-01 8.165400760744943032e-01
1.520621229897366285e+09 -2.050766754150390625e+01 -1.947228789329528809e+00 1.535290330648422241e-01 3.105218105160643255e-02 -1.697316741428121084e-02 5.783194816568127949e-01 8.150424840313909014e-01
1.520621229947367191e+09 -2.035374450683593750e+01 -1.956466913223266602e+00 1.413389295339584351e-01 3.274243549038476087e-02 -1.809104636225768517e-02 5.767639017805488155e-01 8.160539495416673228e-01
1.520621229997443199e+09 -2.020046424865722656e+01 -1.961450099945068359e+00 1.265859454870223999e-01 2.907783633399842194e-02 -2.320274227903971684e-02 5.814945292311070046e-01 8.126993445667093363e-01
1.520621230044345617e+09 -2.006480216979980469e+01 -1.962474346160888672e+00 1.209371387958526611e-01 1.956038603267505269e-02 -4.015131767723625900e-02 5.929706886950398825e-01 8.039844683422462390e-01
1.520621230094346523e+09 -1.990704154968261719e+01 -1.958850979804992676e+00 1.297012120485305786e-01 1.912245114990990952e-02 -5.042866886093589490e-02 6.125418417639816315e-01 7.885960774105604809e-01
1.520621230144348621e+09 -1.974640655517578125e+01 -1.951791167259216309e+00 1.490644514560699463e-01 3.407378404293045365e-02 -4.235913492058535762e-02 6.264247728007015237e-01 7.775838764733775665e-01
1.520621230194349766e+09 -1.958901977539062500e+01 -1.946174144744873047e+00 1.672071963548660278e-01 4.272126086908874243e-02 -3.531992106749733823e-02 6.306952316336841280e-01 7.740483976083630813e-01
1.520621230244351625e+09 -1.943385505676269531e+01 -1.944497346878051758e+00 1.774913966655731201e-01 4.413101708374818355e-02 -3.714120292286664238e-02 6.309415535404367947e-01 7.736832300060383361e-01
1.520621230294352531e+09 -1.927693176269531250e+01 -1.949122190475463867e+00 1.781989187002182007e-01 3.987222974910802076e-02 -4.255204717130443154e-02 6.263079149278215629e-01 7.773917444089112339e-01
1.520621230344354630e+09 -1.911595535278320312e+01 -1.959843635559082031e+00 1.694473177194595337e-01 2.466169141895408617e-02 -5.249576921890994341e-02 6.178409942918643427e-01 7.841610172425762526e-01
1.520621230394355536e+09 -1.895957946777343750e+01 -1.974798679351806641e+00 1.594325155019760132e-01 7.597678994737002908e-03 -6.484364481313140138e-02 6.056404488564500754e-01 7.930556246003171994e-01
1.520621230440477133e+09 -1.881449890136718750e+01 -1.990291118621826172e+00 1.595774888992309570e-01 -1.027477428580905738e-02 -7.317361157906614177e-02 5.958878930703438437e-01 7.996609722088718897e-01
1.520621230490478992e+09 -1.865280532836914062e+01 -2.010944128036499023e+00 1.713022440671920776e-01 -5.836002712139211172e-03 -5.695189260237085854e-02 5.808898525693009240e-01 8.119663799587812925e-01
1.520621230540480137e+09 -1.849773788452148438e+01 -2.034609556198120117e+00 1.900871843099594116e-01 2.418436697876787805e-02 -2.772017760694767824e-02 5.669073093990490975e-01 8.229597868044382647e-01
1.520621230590481997e+09 -1.834846305847167969e+01 -2.056405782699584961e+00 2.070740312337875366e-01 4.069341294028277350e-02 -2.234356448979226209e-02 5.559483098657117539e-01 8.299194467095108996e-01
1.520621230640482903e+09 -1.819946861267089844e+01 -2.074603796005249023e+00 2.156814187765121460e-01 4.312450227496080618e-02 -3.778318084525870285e-02 5.528374521071427461e-01 8.313142968194604521e-01
1.520621230690485001e+09 -1.804588508605957031e+01 -2.089879512786865234e+00 2.114625573158264160e-01 3.980401136761870656e-02 -4.376671812061683903e-02 5.521852344152315961e-01 8.316198542349698686e-01
1.520621230740485907e+09 -1.788662147521972656e+01 -2.102067708969116211e+00 1.983907967805862427e-01 3.224173577083145475e-02 -3.754581530054085237e-02 5.598779349099234359e-01 8.270958107915316049e-01
1.520621230790488005e+09 -1.773251152038574219e+01 -2.109273433685302734e+00 1.862832903861999512e-01 1.460450041532564483e-02 -3.711615110082783914e-02 5.736513702608788678e-01 8.181278661021731402e-01
1.520621230840572357e+09 -1.757148933410644531e+01 -2.109375000000000000e+00 1.854985505342483521e-01 1.016028897911890570e-02 -4.360420690475794864e-02 5.978134443551450516e-01 8.003839874812000987e-01
1.520621230890574455e+09 -1.741428375244140625e+01 -2.103327035903930664e+00 2.025424093008041382e-01 1.687052972740426746e-02 -3.067376542725975749e-02 6.185418745358295389e-01 7.849716267400576042e-01
1.520621230940577269e+09 -1.726072502136230469e+01 -2.095182895660400391e+00 2.259864360094070435e-01 1.233894161191670044e-02 -1.948284682171287641e-02 6.277894222575848282e-01 7.780415223502581412e-01
1.520621230990577221e+09 -1.710666465759277344e+01 -2.089695215225219727e+00 2.414972335100173950e-01 1.175598309805867166e-02 -2.256001477107278524e-02 6.292519339560418423e-01 7.767849420576509178e-01
1.520621231040579319e+09 -1.695191764831542969e+01 -2.088293552398681641e+00 2.454234063625335693e-01 2.531015748594657791e-02 -2.935413529247904788e-02 6.258062873359129252e-01 7.790149044787963994e-01
1.520621231090581417e+09 -1.677783012390136719e+01 -2.091686487197875977e+00 2.331833541393280029e-01 2.099710483645876591e-02 -3.857064559067225479e-02 6.138098739517717783e-01 7.882314796596971984e-01
1.520621231140582323e+09 -1.662113189697265625e+01 -2.100300550460815430e+00 2.193939238786697388e-01 3.701502641374756868e-03 -5.040186204735506298e-02 6.003021518854051441e-01 7.981749667974479268e-01
1.520621231190584421e+09 -1.645976257324218750e+01 -2.114077568054199219e+00 2.138504832983016968e-01 -1.688196216189508797e-02 -5.659523245505779926e-02 5.880215985228428588e-01 8.066861711270144619e-01
1.520621231242117882e+09 -1.628649139404296875e+01 -2.135485172271728516e+00 2.198914438486099243e-01 -6.768744169405137637e-03 -4.456651033353915131e-02 5.696874034094868700e-01 8.206243188302527747e-01
1.520621231292119980e+09 -1.612839126586914062e+01 -2.157602310180664062e+00 2.340716421604156494e-01 2.828094569054638227e-02 -2.972603972885571114e-02 5.559482246788809423e-01 8.302036630546070217e-01
1.520621231342120886e+09 -1.596650981903076172e+01 -2.177875518798828125e+00 2.467388510704040527e-01 4.261797934636554763e-02 -2.968836316725950719e-02 5.447930560116173160e-01 8.369604740072282834e-01
1.520621231392122984e+09 -1.581315708160400391e+01 -2.195070028305053711e+00 2.530931532382965088e-01 4.031097962215968167e-02 -3.631078182308840330e-02 5.379992920112908195e-01 8.411975474528249341e-01
1.520621231442124844e+09 -1.563307285308837891e+01 -2.212206840515136719e+00 2.449860721826553345e-01 3.485383876739959336e-02 -3.836342362030058933e-02 5.358241855412038124e-01 8.427371475379563659e-01
1.520621231492125750e+09 -1.546820640563964844e+01 -2.225169181823730469e+00 2.310577183961868286e-01 3.396002565165654602e-02 -2.887584073778161689e-02 5.400108678191515299e-01 8.404767487067278386e-01
1.520621231542126894e+09 -1.531405448913574219e+01 -2.232722043991088867e+00 2.190073877573013306e-01 2.718987783201740061e-02 -2.362748155965407534e-02 5.476525837690351395e-01 8.359300808977555564e-01
1.520621231592128754e+09 -1.515107440948486328e+01 -2.236468315124511719e+00 2.193070948123931885e-01 1.832608989455311588e-02 -3.873023976432239668e-02 5.671958093861797501e-01 8.224676508968187250e-01
1.520621231639947653e+09 -1.500799942016601562e+01 -2.235122680664062500e+00 2.316611558198928833e-01 2.818044895699859179e-02 -3.732197194445118632e-02 5.861791709574759590e-01 8.088305831522233369e-01
1.520621231689949512e+09 -1.485372924804687500e+01 -2.232509374618530273e+00 2.429582029581069946e-01 4.112685741038030890e-02 -5.551519701509456846e-03 5.952540429739631156e-01 8.024651933583794028e-01
1.520621231739951372e+09 -1.469245243072509766e+01 -2.231115102767944336e+00 2.479650676250457764e-01 5.680641331110083264e-02 1.253014944897987842e-02 5.984666731967361875e-01 7.990329579149695327e-01
1.520621231789952517e+09 -1.451353836059570312e+01 -2.231997489929199219e+00 2.408419847488403320e-01 6.016768158991902399e-02 2.069702377600093207e-03 5.954043285397241370e-01 8.011674306787079924e-01
1.520621231839954615e+09 -1.435176372528076172e+01 -2.237746000289916992e+00 2.328419089317321777e-01 4.754591718765450309e-02 -2.293921447850377424e-02 5.860865831190741337e-01 8.085268673864229871e-01
1.520621231889955521e+09 -1.419491195678710938e+01 -2.247394323348999023e+00 2.213403135538101196e-01 2.961417717060136484e-02 -3.408809071759697634e-02 5.714997759082421913e-01 8.193589010431058250e-01
1.520621231939957619e+09 -1.403045463562011719e+01 -2.262524366378784180e+00 2.102490961551666260e-01 9.571741923174172453e-03 -2.522612458903759902e-02 5.594079889919230109e-01 8.284532130704708175e-01
1.520621231989958525e+09 -1.387317848205566406e+01 -2.282223463058471680e+00 2.100093960762023926e-01 4.627044951147138777e-03 -2.063789507148474159e-03 5.491550813269114872e-01 8.357051082054743896e-01
1.520621232039960384e+09 -1.371587753295898438e+01 -2.306472301483154297e+00 2.198654115200042725e-01 1.943639033099544070e-02 4.300939221211520606e-03 5.474354416467345219e-01 8.366111198649951453e-01
1.520621232091159344e+09 -1.355120182037353516e+01 -2.326598167419433594e+00 2.354006320238113403e-01 2.078852229312242242e-02 -5.348224621448636855e-03 5.477140507881078646e-01 8.363901914797596815e-01
1.520621232141160250e+09 -1.338802242279052734e+01 -2.343846321105957031e+00 2.447502911090850830e-01 1.271932814412119091e-02 -1.266716010780640812e-02 5.456549765590089640e-01 8.378176462111267542e-01
1.520621232191162348e+09 -1.322930622100830078e+01 -2.358793497085571289e+00 2.463680058717727661e-01 1.405592303563467024e-02 -1.764493556214404013e-02 5.465367232997561109e-01 8.371312306689971949e-01
1.520621232241163254e+09 -1.306686496734619141e+01 -2.372061967849731445e+00 2.352479547262191772e-01 1.990317102306493960e-02 -2.417676614302155177e-02 5.547757526130081551e-01 8.314103752508519296e-01
1.520621232291165352e+09 -1.289859008789062500e+01 -2.377947807312011719e+00 2.203486412763595581e-01 1.857395201418340566e-02 -3.339858949922184378e-02 5.665554748781502781e-01 8.231369487586076561e-01
1.520621232341166496e+09 -1.273554515838623047e+01 -2.378840923309326172e+00 2.173374891281127930e-01 1.460609513878739253e-02 -4.602603762597987785e-02 5.864736748085377371e-01 8.085276090535301607e-01
1.520621232391168356e+09 -1.258125877380371094e+01 -2.373640060424804688e+00 2.286438643932342529e-01 2.454240994130815409e-02 -4.844148459942956841e-02 6.062966588779740151e-01 7.933822874992116914e-01
1.520621232441169262e+09 -1.243119621276855469e+01 -2.366680622100830078e+00 2.482611089944839478e-01 3.186797891385871606e-02 -4.176701453253742202e-02 6.171068278843092614e-01 7.851236280965884218e-01
1.520621232496532679e+09 -1.225840091705322266e+01 -2.370200157165527344e+00 2.702176570892333984e-01 3.261452546457824231e-02 -3.688058636080456670e-02 6.199661504141315005e-01 7.830824269635260348e-01
1.520621232546534538e+09 -1.210041618347167969e+01 -2.373535156250000000e+00 2.760606408119201660e-01 4.193921932437669198e-02 -3.523896466685542267e-02 6.198859515489575367e-01 7.827775701461519020e-01
1.520621232596536636e+09 -1.193590831756591797e+01 -2.381998777389526367e+00 2.681528925895690918e-01 4.271293713017066535e-02 -3.838500671236606820e-02 6.166750657259095769e-01 7.851204108755234223e-01
1.520621232646537542e+09 -1.177144050598144531e+01 -2.393111944198608398e+00 2.521016597747802734e-01 3.377650275220830944e-02 -4.799802558126287783e-02 6.104884092683651176e-01 7.898476052702265715e-01
1.520621232696539402e+09 -1.161293792724609375e+01 -2.410285234451293945e+00 2.427908033132553101e-01 7.690877587506075516e-03 -4.700886790253314823e-02 5.953772612859349334e-01 8.020330002463212926e-01
1.520621232746540546e+09 -1.146142292022705078e+01 -2.432162523269653320e+00 2.448914945125579834e-01 -1.569601059096528348e-02 -3.588884119719098348e-02 5.779935984897722756e-01 8.151006235023348090e-01
1.520621232796542645e+09 -1.131505680084228516e+01 -2.458303451538085938e+00 2.575660645961761475e-01 -1.060712777178772492e-02 -1.470104848354008772e-02 5.638220172133533437e-01 8.256973422019613373e-01
1.520621232846544504e+09 -1.116334152221679688e+01 -2.483636856079101562e+00 2.686962187290191650e-01 -5.507401386078436024e-04 -9.093606398266966886e-03 5.552466239233780909e-01 8.316358515778788929e-01
1.520621232897250891e+09 -1.099745273590087891e+01 -2.507284164428710938e+00 2.744484841823577881e-01 -6.670694690172088116e-04 -1.796787265768467340e-02 5.493446691268077942e-01 8.354023851249401389e-01
1.520621232947252035e+09 -1.083845329284667969e+01 -2.529185533523559570e+00 2.795340418815612793e-01 7.725694961114319172e-03 -2.265937944045132504e-02 5.466595159775530233e-01 8.370126879276852394e-01
1.520621232997253895e+09 -1.068126010894775391e+01 -2.548550128936767578e+00 2.694233357906341553e-01 1.418188552133095755e-02 -2.176522596572902715e-02 5.479416713167292174e-01 8.361130748268144064e-01
1.520621233047255993e+09 -1.053095340728759766e+01 -2.560148477554321289e+00 2.551935911178588867e-01 9.811084160802579016e-03 -2.429527837760338260e-02 5.580628197628723086e-01 8.293849355241849075e-01
1.520621233097257137e+09 -1.038093757629394531e+01 -2.566656351089477539e+00 2.468349039554595947e-01 -7.051683181505048401e-03 -3.807927497897259372e-02 5.740246516202696103e-01 8.179217211406061283e-01
1.520621233147258043e+09 -1.023089790344238281e+01 -2.568081855773925781e+00 2.489522397518157959e-01 2.903777274375900653e-03 -4.536345020611112777e-02 6.011425577217590632e-01 7.978479496487286271e-01
1.520621233197260141e+09 -1.008720779418945312e+01 -2.567492246627807617e+00 2.621723711490631104e-01 2.635950437984631300e-02 -3.397145292280290968e-02 6.246306523803829558e-01 7.797356379068614007e-01
1.520621233247261047e+09 -9.937532424926757812e+00 -2.564869642257690430e+00 2.686748206615447998e-01 3.775751328062191409e-02 -2.583971812376650509e-02 6.321804679727361931e-01 7.734691558633220998e-01
1.520621233293254137e+09 -9.801516532897949219e+00 -2.565081596374511719e+00 2.729364037513732910e-01 3.886510088669641039e-02 -2.857208273590484265e-02 6.306216168476268535e-01 7.745899020679810620e-01
1.520621233343256235e+09 -9.653051376342773438e+00 -2.571685791015625000e+00 2.718129754066467285e-01 3.832111742155858841e-02 -3.618698788594132409e-02 6.211164377735204356e-01 7.819439651246363754e-01
1.520621233393257380e+09 -9.502679824829101562e+00 -2.582048177719116211e+00 2.623824179172515869e-01 3.099743691134101628e-02 -4.636532969708597601e-02 6.119126392271272419e-01 7.889564861645408378e-01
1.520621233443259239e+09 -9.354012489318847656e+00 -2.599099397659301758e+00 2.509624660015106201e-01 1.457444790050580960e-02 -5.193399728364460344e-02 5.990916594868002099e-01 7.988614579061188437e-01
1.520621233493260145e+09 -9.205834388732910156e+00 -2.620798826217651367e+00 2.477899044752120972e-01 -1.001239571161051910e-02 -4.891364664404972140e-02 5.821993369392164386e-01 8.115116383463837346e-01
1.520621233543262243e+09 -9.051319122314453125e+00 -2.651724815368652344e+00 2.619165778160095215e-01 -1.236567322400446665e-02 -2.300210586919572767e-02 5.629215634094499876e-01 8.260976375102158098e-01
1.520621233593263149e+09 -8.917355537414550781e+00 -2.686618089675903320e+00 2.795802056789398193e-01 1.395222877143408556e-02 2.012258425093806189e-04 5.543827851400244811e-01 8.321448325627331943e-01
1.520621233643265009e+09 -8.772797584533691406e+00 -2.713976860046386719e+00 2.841417789459228516e-01 2.394815607661903226e-02 -3.644406390775957374e-03 5.541721917073694215e-01 8.320495093808056852e-01
1.520621233691418648e+09 -8.633056640625000000e+00 -2.736421346664428711e+00 2.940217554569244385e-01 1.512212701414031649e-02 -2.067525774697736782e-02 5.586584545962580695e-01 8.290021629041655071e-01
1.520621233741419792e+09 -8.485105514526367188e+00 -2.754112482070922852e+00 2.951505482196807861e-01 5.876059357628781940e-03 -2.541312451521541768e-02 5.602131212989995834e-01 8.279377414716833083e-01
1.520621233791421890e+09 -8.334447860717773438e+00 -2.770562410354614258e+00 2.825864553451538086e-01 6.643438025959466989e-03 -2.475617185157603581e-02 5.611812882432881677e-01 8.272959315819544690e-01
1.520621233841423035e+09 -8.189699172973632812e+00 -2.780557632446289062e+00 2.711712419986724854e-01 3.737533245974328493e-03 -3.038378629857553179e-02 5.662742874038475538e-01 8.236481577716679991e-01
1.520621233891424894e+09 -8.033441543579101562e+00 -2.784623384475708008e+00 2.639162838459014893e-01 9.459242838134112111e-03 -5.369487596908485011e-02 5.772152945138796509e-01 8.147698367016596999e-01
1.520621233941425800e+09 -7.891685485839843750e+00 -2.783004999160766602e+00 2.758573293685913086e-01 1.759946252872130606e-02 -7.344165054575509111e-02 5.894589111272353632e-01 8.042603900332958577e-01
1.520621233991427898e+09 -7.757575035095214844e+00 -2.778965711593627930e+00 3.000008463859558105e-01 2.500096863582271928e-02 -6.100605352041359175e-02 5.951790735312094682e-01 8.008839388024122652e-01
1.520621234041428804e+09 -7.615337371826171875e+00 -2.777138471603393555e+00 3.116508424282073975e-01 2.459570631108742508e-02 -3.892792176101576157e-02 5.942893299596622159e-01 8.029320397359436257e-01
1.520621234091430664e+09 -7.469324111938476562e+00 -2.778634071350097656e+00 3.126606047153472900e-01 2.984252593291409489e-02 -3.154122479348561020e-02 5.946790618290206387e-01 8.027897534265282520e-01
1.520621234139794827e+09 -7.329236030578613281e+00 -2.781743288040161133e+00 3.065660297870635986e-01 2.839321884123882644e-02 -3.942873146287729363e-02 5.952506385691130886e-01 8.020697460583618987e-01
1.520621234189795971e+09 -7.182976245880126953e+00 -2.788032054901123047e+00 2.937070727348327637e-01 1.258834072863698403e-02 -4.445461162441594061e-02 5.855959029690644968e-01 8.092853388075604837e-01
1.520621234239798784e+09 -7.026182651519775391e+00 -2.796154737472534180e+00 2.790113687515258789e-01 -4.164362240846565359e-03 -5.172201884990998422e-02 5.697811129046937983e-01 8.201566766358150407e-01
1.520621234289799690e+09 -6.879238128662109375e+00 -2.813275098800659180e+00 2.829199731349945068e-01 -1.546929460730834746e-02 -5.514668170482612403e-02 5.522450674261294434e-01 8.317120474808625818e-01
1.520621234339800835e+09 -6.740828990936279297e+00 -2.835677385330200195e+00 3.011365830898284912e-01 -2.184501536970488624e-03 -4.741744152404116230e-02 5.367166801133854692e-01 8.424262694624466974e-01
1.520621234389802933e+09 -6.597540855407714844e+00 -2.858082294464111328e+00 3.150111436843872070e-01 1.793930640289014000e-02 -3.114135495202445536e-02 5.302652004510569617e-01 8.470697813569646462e-01
1.520621234439804792e+09 -6.451526165008544922e+00 -2.880136251449584961e+00 3.223042190074920654e-01 1.621914446573497273e-02 -2.381344293345365182e-02 5.313557313891110745e-01 8.466586951117891502e-01
1.520621234489805937e+09 -6.307514667510986328e+00 -2.900138378143310547e+00 3.204425275325775146e-01 1.028232706642230078e-02 -2.674380970162082427e-02 5.382210426690907656e-01 8.423165388504131323e-01
1.520621234541031837e+09 -6.155673980712890625e+00 -2.914743185043334961e+00 3.042560517787933350e-01 6.039125936687819544e-03 -2.941725261547861042e-02 5.434395753544799534e-01 8.389109500686116050e-01
1.520621234591033697e+09 -6.007244110107421875e+00 -2.923593044281005859e+00 2.851894795894622803e-01 -4.299545506813994521e-03 -2.425234491795710129e-02 5.478237075344420948e-01 8.362311421716087656e-01
1.520621234641035557e+09 -5.861383438110351562e+00 -2.930332660675048828e+00 2.771366238594055176e-01 -9.604752494448143274e-03 -2.627586995198961592e-02 5.640126172772482738e-01 8.252921270313045010e-01
1.520621234691036701e+09 -5.715852737426757812e+00 -2.933984518051147461e+00 2.832495570182800293e-01 3.765923128959292477e-03 -2.753073481073938997e-02 5.914893628670763182e-01 8.058338600970224030e-01
1.520621234741037607e+09 -5.575052738189697266e+00 -2.923574924468994141e+00 2.996451258659362793e-01 1.752374295570489904e-02 -1.743194994144934423e-02 6.100800544125011271e-01 7.919541481437550878e-01
1.520621234791039467e+09 -5.434347629547119141e+00 -2.912199258804321289e+00 3.128659129142761230e-01 1.882242164498117848e-02 -9.411066467496172899e-03 6.144181888134488956e-01 7.886998399432852969e-01
1.520621234841041803e+09 -5.291914463043212891e+00 -2.903639316558837891e+00 3.173523247241973877e-01 2.465318058138925988e-02 -1.027639547226516861e-02 6.163291718080359249e-01 7.870355572410562273e-01
1.520621234891065598e+09 -5.149147987365722656e+00 -2.901496887207031250e+00 3.112152814865112305e-01 2.436179912311585427e-02 -1.764956769052963836e-02 6.131568825128985711e-01 7.893881383266954099e-01
1.520621234941852808e+09 -4.997318744659423828e+00 -2.893588304519653320e+00 2.912297546863555908e-01 1.051426598519358303e-02 -3.241663178350989716e-02 6.022507683986425553e-01 7.975792275115053398e-01
1.520621234991853952e+09 -4.854886531829833984e+00 -2.898190021514892578e+00 2.758251726627349854e-01 -1.228012340290361194e-02 -3.502993419504632500e-02 5.835181673145490855e-01 8.112512870210870641e-01
1.520621235041855812e+09 -4.718600749969482422e+00 -2.911431550979614258e+00 2.754623591899871826e-01 -2.610650958926854365e-02 -2.267926496122171440e-02 5.708597740585533709e-01 8.203189742165553078e-01
1.520621235091856718e+09 -4.582015037536621094e+00 -2.928709745407104492e+00 2.847138941287994385e-01 -1.871189070038740618e-02 -3.818333315484562663e-03 5.561378501644195227e-01 8.308706139295134463e-01
1.520621235141858816e+09 -4.442870616912841797e+00 -2.953712940216064453e+00 3.033667802810668945e-01 -1.433641834109076118e-03 -1.476532147602061884e-03 5.500506572591927767e-01 8.351287559248805614e-01
1.520621235191859722e+09 -4.303084373474121094e+00 -2.977169990539550781e+00 3.249604403972625732e-01 1.122439592954046789e-03 -1.346285038687617883e-02 5.478414715272910129e-01 8.364730801786947056e-01
1.520621235241861820e+09 -4.169312953948974609e+00 -2.996933460235595703e+00 3.404392302036285400e-01 -3.630732889219849893e-03 -3.069242828365371586e-02 5.481617106119299754e-01 8.358011316358351372e-01
1.520621235291863918e+09 -4.033487319946289062e+00 -3.009980916976928711e+00 3.392931222915649414e-01 -1.220880493062284460e-02 -3.902879573582496847e-02 5.468755741477020482e-01 8.362145685087042368e-01
1.520621235340320349e+09 -3.899790048599243164e+00 -3.020837068557739258e+00 3.258825540542602539e-01 -2.185150196844685630e-02 -4.791626621097366812e-02 5.468504331146301078e-01 8.355723470151842358e-01
1.520621235390322447e+09 -3.761554718017578125e+00 -3.030800580978393555e+00 3.107170462608337402e-01 -3.792004948933005992e-02 -5.823324120167817225e-02 5.534072992727504525e-01 8.300068195969924068e-01
1.520621235440323353e+09 -3.621017217636108398e+00 -3.034240961074829102e+00 3.074446022510528564e-01 -4.281399574141430547e-02 -5.982931799965016118e-02 5.755821797072075974e-01 8.144277554699684840e-01
1.520621235490325451e+09 -3.492279052734375000e+00 -3.029358863830566406e+00 3.179326951503753662e-01 -2.064527027611734109e-02 -3.999123379236855375e-02 5.973516150596751562e-01 8.007156311828736994e-01
1.520621235540326595e+09 -3.372274398803710938e+00 -3.013110399246215820e+00 3.329094350337982178e-01 -2.775745854080021585e-03 -1.880000292625395517e-02 6.008596251588714798e-01 7.991286291823531673e-01
1.520621235590328455e+09 -3.247971773147583008e+00 -2.998516798019409180e+00 3.398843109607696533e-01 7.608927862564412829e-03 -1.645188135639766638e-02 5.978498748911745819e-01 8.014031238454366601e-01
1.520621235640329361e+09 -3.119099617004394531e+00 -2.985639095306396484e+00 3.393994569778442383e-01 2.239531414976322909e-02 -3.001354009095871453e-02 5.944219695210352095e-01 8.032808720902517852e-01
1.520621235690331459e+09 -2.992447376251220703e+00 -2.979368209838867188e+00 3.303455114364624023e-01 1.854796997066468847e-02 -5.258042129758488947e-02 5.859901642543130507e-01 8.083976741080711736e-01
1.520621235741435289e+09 -2.864481687545776367e+00 -2.974702358245849609e+00 3.148572444915771484e-01 3.820725983005873825e-03 -6.994465373672799358e-02 5.774543580190688585e-01 8.134123258664065492e-01
1.520621235791436434e+09 -2.740816831588745117e+00 -2.993216037750244141e+00 3.019882440567016602e-01 -1.767227134973351627e-02 -7.060405192763044568e-02 5.666863581820549278e-01 8.207126964578417283e-01
1.520621235841438293e+09 -2.622443437576293945e+00 -3.007442951202392578e+00 3.005636930465698242e-01 -3.175743490899985561e-02 -5.611092282088835093e-02 5.575014635713941846e-01 8.276685011427838967e-01
1.520621235891440153e+09 -2.511430740356445312e+00 -3.024244070053100586e+00 3.107795119285583496e-01 -1.961869685173244296e-02 -3.145718103747425359e-02 5.487636156352975192e-01 8.351551033490071108e-01
1.520621235941441298e+09 -2.405184030532836914e+00 -3.040585994720458984e+00 3.253471255302429199e-01 -6.307890527875383187e-03 -1.708080775826032599e-02 5.428038144104950780e-01 8.396621198939669961e-01
1.520621235991443396e+09 -2.292138338088989258e+00 -3.034591674804687500e+00 3.340862393379211426e-01 -1.198854393026586862e-02 -2.972571557985677349e-02 5.404219638626518440e-01 8.407834189745491127e-01
1.520621236041445255e+09 -2.190755605697631836e+00 -3.041444778442382812e+00 3.389058113098144531e-01 -1.768640120410660058e-02 -5.828719556250097633e-02 5.454053502238112028e-01 8.359562177489607837e-01
1.520621236091446400e+09 -2.086695671081542969e+00 -3.048107385635375977e+00 3.322664499282836914e-01 -2.118305791456816245e-02 -7.442845810920703520e-02 5.502347054792946501e-01 8.314165331330547470e-01
1.520621236147006750e+09 -1.966400384902954102e+00 -3.054181814193725586e+00 3.104597032070159912e-01 -2.589155922557405051e-02 -7.226043427303528721e-02 5.562265120993302725e-01 8.274781713358693169e-01
1.520621236197007895e+09 -1.864294052124023438e+00 -3.055505037307739258e+00 2.973109781742095947e-01 -3.661531736346017307e-02 -6.233457365324898691e-02 5.636912821189047351e-01 8.228158104490860270e-01
1.520621236247009993e+09 -1.769380569458007812e+00 -3.052785396575927734e+00 2.955968379974365234e-01 -3.728938646418313713e-02 -5.125889650351840576e-02 5.761508034483703300e-01 8.148817576017787223e-01
1.520621236297011137e+09 -1.678959488868713379e+00 -3.047598361968994141e+00 3.029423058032989502e-01 -2.340013930960137267e-02 -4.624376126525381325e-02 5.922597237540027093e-01 8.040785830024115288e-01
1.520621236347016096e+09 -1.584495902061462402e+00 -3.040010452270507812e+00 3.098362386226654053e-01 -1.102830534068204721e-02 -3.759569204456679470e-02 6.009320460486500259e-01 7.983392865522690451e-01
1.520621236397013903e+09 -1.490233182907104492e+00 -3.033406734466552734e+00 3.160318732261657715e-01 -5.059673670177258949e-03 -2.939235834707977502e-02 6.046245399749986538e-01 7.959520429229197669e-01
1.520621236447015047e+09 -1.402683258056640625e+00 -3.029899597167968750e+00 3.191437721252441406e-01 -4.610175976552445890e-03 -2.783370537865827860e-02 6.081275069747058559e-01 7.933378639539955257e-01
1.520621236497016907e+09 -1.303418278694152832e+00 -3.026547670364379883e+00 3.106225728988647461e-01 -1.104374752863969585e-02 -3.487783557244931304e-02 6.039224071029796193e-01 7.962030510022225505e-01
1.520621236547074795e+09 -1.216186642646789551e+00 -3.027028799057006836e+00 3.001414239406585693e-01 -2.078104787011163593e-02 -4.688131860643697524e-02 5.963130658690315444e-01 8.011123625865588238e-01
1.520621236597460747e+09 -1.130872130393981934e+00 -3.030866384506225586e+00 2.907642126083374023e-01 -2.672085054046883720e-02 -4.913318696440790306e-02 5.891340128165077905e-01 8.060974141056609366e-01
1.520621236647462845e+09 -1.050279259681701660e+00 -3.036542892456054688e+00 2.868631780147552490e-01 -1.926910898909376876e-02 -3.494266832449304666e-02 5.811425512854124786e-01 8.128228875066281223e-01
1.520621236697463751e+09 -9.757957458496093750e-01 -3.045242071151733398e+00 2.896981239318847656e-01 -4.324693552715060466e-03 -1.884693030092977548e-02 5.777441068527424672e-01 8.159888707824598519e-01
1.520621236747465849e+09 -9.043774008750915527e-01 -3.054200887680053711e+00 2.929148375988006592e-01 5.459704290969655607e-03 -1.064970036548073401e-02 5.777828539526097540e-01 8.161027810206002986e-01
1.520621236797466755e+09 -8.295866250991821289e-01 -3.059338808059692383e+00 2.978959381580352783e-01 8.958819810037845638e-03 -8.270321004391097477e-03 5.700891927741812415e-01 8.214923332692631863e-01
1.520621236847468615e+09 -7.571345567703247070e-01 -3.066180706024169922e+00 3.032193481922149658e-01 9.905889923845438705e-03 -1.585589396253479083e-02 5.597910450871292909e-01 8.284228689574697491e-01
1.520621236897470713e+09 -6.874884963035583496e-01 -3.074963092803955078e+00 3.033953011035919189e-01 8.919752738602321207e-03 -3.046415983612921555e-02 5.516770237359103213e-01 8.334535586692570774e-01
1.520621236947471619e+09 -6.183627247810363770e-01 -3.085527896881103516e+00 2.966355085372924805e-01 6.441198543029459482e-03 -4.390184381623019050e-02 5.456250524794934442e-01 8.368538947615734580e-01
1.520621236996881962e+09 -5.541054606437683105e-01 -3.096055507659912109e+00 2.868925929069519043e-01 2.444715392439061365e-03 -5.039654880791385322e-02 5.477817476477673253e-01 8.350984182591051352e-01
1.520621237046883106e+09 -4.838095903396606445e-01 -3.106868982315063477e+00 2.773991823196411133e-01 -6.757871644189422872e-04 -4.139140649685500023e-02 5.516381302192769898e-01 8.330556212331206023e-01
1.520621237096885204e+09 -4.187764227390289307e-01 -3.112663269042968750e+00 2.742778360843658447e-01 7.113118115266285103e-04 -2.153797611220753527e-02 5.570399106379007037e-01 8.302060874126472312e-01
1.520621237146885872e+09 -3.643667697906494141e-01 -3.117829084396362305e+00 2.784309089183807373e-01 4.514544282291975928e-03 -7.787030675484093480e-03 5.662459745349626150e-01 8.241871616120531874e-01
1.520621237196888208e+09 -3.102934956550598145e-01 -3.121131181716918945e+00 2.869755327701568604e-01 8.287422928512398063e-03 -1.320719661275105566e-02 5.833031876545303751e-01 8.121048453561274805e-01
1.520621237246889114e+09 -2.595262825489044189e-01 -3.121755361557006836e+00 2.994723320007324219e-01 4.821542396465953659e-03 -2.205712232027463859e-02 5.937027618455209543e-01 8.043676191026514211e-01
1.520621237296890974e+09 -2.096355259418487549e-01 -3.119784355163574219e+00 3.124598264694213867e-01 -2.135064529999927945e-03 -2.942107775806479184e-02 5.961448115436233097e-01 8.023348461537890275e-01
1.520621237346893072e+09 -1.573654115200042725e-01 -3.118974447250366211e+00 3.210862278938293457e-01 -9.351142275406312127e-03 -3.384651468999978763e-02 5.983720161528618409e-01 8.004485616619246846e-01
1.520621237397485733e+09 -1.072604656219482422e-01 -3.120589971542358398e+00 3.240575492382049561e-01 -1.505200356350036225e-02 -3.420844039361422423e-02 6.009368435844739675e-01 7.984222753764391722e-01
1.520621237447487831e+09 -5.384036153554916382e-02 -3.123036146163940430e+00 3.179003894329071045e-01 -1.787819522554882565e-02 -3.223363301922751306e-02 6.027273520440582510e-01 7.970954159545874385e-01
1.520621237497489691e+09 -2.007532631978392601e-03 -3.125207901000976562e+00 3.076019287109375000e-01 -2.073182293423418004e-02 -3.230507953261638893e-02 6.023142167946267111e-01 7.973356618145773789e-01
1.520621237547490597e+09 4.847645759582519531e-02 -3.127936601638793945e+00 2.949846088886260986e-01 -2.068231173832945149e-02 -3.206385546544057719e-02 6.007228854519481853e-01 7.985462829718359412e-01
1.520621237597492933e+09 9.570095688104629517e-02 -3.129909038543701172e+00 2.857086956501007080e-01 -1.746237750503939687e-02 -2.814789836352165481e-02 5.996470198668878426e-01 7.995787720758653627e-01
1.520621237647494793e+09 1.379519701004028320e-01 -3.130428075790405273e+00 2.814472615718841553e-01 -1.761946397511742271e-02 -2.386830297203703169e-02 5.969465777428544229e-01 8.017322757152532953e-01
1.520621237697495699e+09 1.764487028121948242e-01 -3.130775928497314453e+00 2.832771837711334229e-01 -2.355657863329853677e-02 -2.280940834260544725e-02 5.902700356265385695e-01 8.065395858453560107e-01
1.520621237747497797e+09 2.093536704778671265e-01 -3.134820461273193359e+00 2.907593548297882080e-01 -2.423941982719917884e-02 -2.186287452824447683e-02 5.850469662880918298e-01 8.103422193622292768e-01
1.520621237797595024e+09 2.369805723428726196e-01 -3.140872955322265625e+00 3.003865182399749756e-01 -1.884774602252458492e-02 -1.764302816626382026e-02 5.823399788244291164e-01 8.125353131339944079e-01
1.520621237847596884e+09 2.620958685874938965e-01 -3.145558595657348633e+00 3.093729913234710693e-01 -1.979654151807592327e-02 -1.993505152753070192e-02 5.785259223016481211e-01 8.151800095006901392e-01
1.520621237897598028e+09 2.825392484664916992e-01 -3.144536018371582031e+00 3.189258873462677002e-01 -2.529008923340379800e-02 -3.011202278055458842e-02 5.722353747333955853e-01 8.191461123477056239e-01
1.520621237947598934e+09 2.980511188507080078e-01 -3.144420146942138672e+00 3.266343772411346436e-01 -2.957121170303422808e-02 -4.463028365437599759e-02 5.657956384915353576e-01 8.228055521709245479e-01
1.520621237997600794e+09 3.096702098846435547e-01 -3.148369550704956055e+00 3.309193253517150879e-01 -2.920849885068089666e-02 -5.642773373424599115e-02 5.634290962236646605e-01 8.237174442665952112e-01
1.520621238047601938e+09 3.165745437145233154e-01 -3.153063058853149414e+00 3.320023119449615479e-01 -2.831327515591536281e-02 -6.040599884451535589e-02 5.640518015336761781e-01 8.230401198849033317e-01
1.520621238097609043e+09 3.151083886623382568e-01 -3.180497169494628906e+00 3.288817703723907471e-01 -2.616258626259311895e-02 -5.771587975477971560e-02 5.654633458904535503e-01 8.223354551267734180e-01
1.520621238147605896e+09 3.108387291431427002e-01 -3.185427665710449219e+00 3.266023099422454834e-01 -2.315102140123165286e-02 -5.122308794626896644e-02 5.677331077828094985e-01 8.212912661148913385e-01
1.520621238197084427e+09 3.011174499988555908e-01 -3.186309814453125000e+00 3.240674436092376709e-01 -1.721973501079357427e-02 -4.659478285553141086e-02 5.700326463051744730e-01 8.201190090975355451e-01
1.520621238247001410e+09 2.879358530044555664e-01 -3.180654048919677734e+00 3.225537240505218506e-01 -1.087496476262020742e-02 -4.419706572644443304e-02 5.714733355988212971e-01 8.193574197028676842e-01
1.520621238297002554e+09 2.714987099170684814e-01 -3.179491996765136719e+00 3.205065429210662842e-01 -6.308948241215250885e-03 -4.401511433892668634e-02 5.719278110353215316e-01 8.190979464301972879e-01
1.520621238347004414e+09 2.529580593109130859e-01 -3.181529283523559570e+00 3.184173703193664551e-01 -3.817483473821397470e-03 -4.472705160409545799e-02 5.733719703496075182e-01 8.180644848006425329e-01
1.520621238397005558e+09 2.328733354806900024e-01 -3.187618970870971680e+00 3.160946369171142578e-01 -2.405976226045474647e-03 -4.403304768884540310e-02 5.771920795961739126e-01 8.154168291377579258e-01
1.520621238447007656e+09 2.109807878732681274e-01 -3.194657802581787109e+00 3.131056427955627441e-01 -9.747637951065690363e-04 -4.237632576228484577e-02 5.834271480809976040e-01 8.110586043760994457e-01
1.520621238497009516e+09 1.864430904388427734e-01 -3.201901197433471680e+00 3.099126219749450684e-01 -1.316910589198694520e-03 -3.987752231902926686e-02 5.896422846448085009e-01 8.066783901401141099e-01
1.520621238547010660e+09 1.594229638576507568e-01 -3.208506584167480469e+00 3.066950142383575439e-01 -9.125508270289173912e-04 -3.976960929008398204e-02 5.963313135323630165e-01 8.017521499370416915e-01
1.520621238597012520e+09 1.313211470842361450e-01 -3.212938070297241211e+00 3.041661679744720459e-01 1.754109756105609987e-03 -3.819398719313254337e-02 6.025309191646361917e-01 7.971791730168779067e-01
1.520621238647165537e+09 1.018204092979431152e-01 -3.216687202453613281e+00 3.013138473033905029e-01 6.935183494414977855e-03 -3.438565169665707549e-02 6.076981486546322309e-01 7.933930238595670037e-01
1.520621238697167397e+09 7.217787951231002808e-02 -3.219712495803833008e+00 2.989869117736816406e-01 1.068720330862479168e-02 -3.193323084349405927e-02 6.123091733818437632e-01 7.899009612893123089e-01
1.520621238747168541e+09 4.188998416066169739e-02 -3.222970485687255859e+00 2.983749210834503174e-01 1.426381522956808763e-02 -2.978297683780966806e-02 6.174699253613901151e-01 7.859010173933955734e-01
1.520621238797170639e+09 1.251488085836172104e-02 -3.223288774490356445e+00 2.988831996917724609e-01 1.901002953237105469e-02 -2.546202550754071356e-02 6.224171453531264220e-01 7.820404089333855557e-01
1.520621238847171307e+09 -1.806470379233360291e-02 -3.223455905914306641e+00 3.005035221576690674e-01 2.038970308460894693e-02 -2.171686749398001048e-02 6.258125013865344366e-01 7.794044847078435145e-01
1.520621238897173643e+09 -4.852896556258201599e-02 -3.223094701766967773e+00 3.032754063606262207e-01 2.070762845780241973e-02 -2.249831766168359365e-02 6.296180132998622225e-01 7.763028900850376113e-01
1.520621238947175503e+09 -7.944360375404357910e-02 -3.222448110580444336e+00 3.065629601478576660e-01 2.222263868594240646e-02 -2.506312231813676364e-02 6.347742835482323986e-01 7.719712450443528828e-01
1.520621238997176409e+09 -1.110292375087738037e-01 -3.219975233078002930e+00 3.094614148139953613e-01 2.009488056516511856e-02 -2.498724650663008626e-02 6.391659293425481225e-01 7.684001223677447978e-01
1.520621239047634125e+09 -1.429577469825744629e-01 -3.215536832809448242e+00 3.117007911205291748e-01 1.580478854304338820e-02 -2.380731768928649045e-02 6.416639270374888682e-01 7.664534069481192535e-01
1.520621239097634792e+09 -1.744128614664077759e-01 -3.209639549255371094e+00 3.126924037933349609e-01 1.334984560143954134e-02 -2.220060391500218791e-02 6.435928598947409096e-01 7.649295036150294269e-01
1.520621239147637129e+09 -2.069707810878753662e-01 -3.202991247177124023e+00 3.129057288169860840e-01 1.150812502552138114e-02 -2.048781001655573461e-02 6.444378650949952325e-01 7.642955257823557114e-01
1.520621239197638988e+09 -2.410607933998107910e-01 -3.196397066116333008e+00 3.119864761829376221e-01 8.712091744897926260e-03 -2.199635485626667483e-02 6.441347103955712416e-01 7.645460971675149819e-01
1.520621239247639894e+09 -2.766779959201812744e-01 -3.190567493438720703e+00 3.099021315574645996e-01 6.434929703188576634e-03 -2.295989595308166667e-02 6.420127895151054309e-01 7.663230473870478177e-01
1.520621239297641993e+09 -3.136630058288574219e-01 -3.183479309082031250e+00 3.068764507770538330e-01 7.388374813010881344e-03 -2.381427636695070127e-02 6.388014787157256791e-01 7.689674654686913247e-01
1.520621239347644091e+09 -3.511977791786193848e-01 -3.174512624740600586e+00 3.042674362659454346e-01 6.851095719207229116e-03 -2.571008173032961544e-02 6.363576066631999595e-01 7.709351792639573819e-01
1.520621239397644997e+09 -3.911446630954742432e-01 -3.172730684280395508e+00 3.025861680507659912e-01 7.793127201406602721e-03 -2.786542141290857325e-02 6.361481039421964523e-01 7.710242378217769810e-01
1.520621239447665215e+09 -4.305277764797210693e-01 -3.167432069778442383e+00 3.018947541713714600e-01 1.178282825590875466e-02 -2.258727052062130952e-02 6.373240101506129074e-01 7.701747115130833654e-01
1.520621239497667074e+09 -4.705596864223480225e-01 -3.162786960601806641e+00 3.024168610572814941e-01 1.789429800111226598e-02 -1.068242835292498860e-02 6.366145668763698584e-01 7.709004949176929689e-01
1.520621239547668219e+09 -5.111135244369506836e-01 -3.156880617141723633e+00 3.036516606807708740e-01 2.162622059641114425e-02 -2.324299841721657808e-03 6.344179387966897288e-01 7.726841419014114365e-01
1.520621239597669125e+09 -5.510806441307067871e-01 -3.153236627578735352e+00 3.052884936332702637e-01 2.334525922541460033e-02 -9.988710207222335248e-04 6.335420412001087076e-01 7.733553408106663696e-01
1.520621239647671461e+09 -5.909084677696228027e-01 -3.151933193206787109e+00 3.059302866458892822e-01 2.218273929183522952e-02 -7.359170379278396831e-04 6.344343739819005012e-01 7.726580159513117829e-01
1.520621239697672367e+09 -6.294634342193603516e-01 -3.153672933578491211e+00 3.038123846054077148e-01 1.992481553517908704e-02 9.451573033403964930e-04 6.367365055056973810e-01 7.708234110092622160e-01
1.520621239747674227e+09 -6.671897172927856445e-01 -3.154858589172363281e+00 2.995637655258178711e-01 1.982083083151338354e-02 5.768035281083592515e-03 6.405365777264739879e-01 7.676501527574923767e-01
1.520621239797678232e+09 -7.053274512290954590e-01 -3.154974699020385742e+00 2.945496141910552979e-01 2.101717582783044908e-02 1.043692543986685269e-02 6.459049212891240233e-01 7.630571286359070227e-01
1.520621239847677231e+09 -7.439791560173034668e-01 -3.152800798416137695e+00 2.904437482357025146e-01 1.919311329168430988e-02 1.379964625540954816e-02 6.523527653072929144e-01 7.575467403146329826e-01
1.520621239897678137e+09 -7.839519977569580078e-01 -3.153588771820068359e+00 2.874920368194580078e-01 1.877079106344455364e-02 1.482918351251355689e-02 6.596827917937122532e-01 7.511633423766486128e-01
1.520621239947680235e+09 -8.252486586570739746e-01 -3.155283451080322266e+00 2.853609323501586914e-01 1.815643430573561298e-02 1.129867817134605663e-02 6.657324649909125425e-01 7.458840183446789895e-01
1.520621239997681141e+09 -8.679020404815673828e-01 -3.157571554183959961e+00 2.828159034252166748e-01 1.650438767435834578e-02 4.545900797666845190e-03 6.714548809060454371e-01 7.408476785958640898e-01
1.520621240047683239e+09 -9.124898314476013184e-01 -3.162691354751586914e+00 2.792085707187652588e-01 1.565651075232494735e-02 1.413905678566516368e-03 6.774758266816142127e-01 7.353770317353254260e-01
1.520621240097685337e+09 -9.566793441772460938e-01 -3.165343999862670898e+00 2.761816084384918213e-01 1.412649669980618056e-02 2.492833074489185941e-03 6.810899673497002871e-01 7.320592081586280164e-01
1.520621240147686243e+09 -1.001366734504699707e+00 -3.166944265365600586e+00 2.731077671051025391e-01 1.149511408159461373e-02 4.122569611582128229e-03 6.839412914434573887e-01 7.294348337108014224e-01
1.520621240197688341e+09 -1.046123027801513672e+00 -3.169917345046997070e+00 2.714193165302276611e-01 1.122514143162763565e-02 5.997790873125271108e-03 6.878734137086741640e-01 7.257190843689156345e-01
1.520621240247689247e+09 -1.092239022254943848e+00 -3.173696756362915039e+00 2.724548280239105225e-01 1.231209761092069525e-02 1.092051912985045857e-02 6.926873998855855863e-01 7.210501512059342977e-01
1.520621240297691345e+09 -1.139086008071899414e+00 -3.175981521606445312e+00 2.755341827869415283e-01 1.518407820669708148e-02 1.748134629085180275e-02 6.991489027633189801e-01 7.146010481840336936e-01
1.520621240347692490e+09 -1.185853004455566406e+00 -3.174738645553588867e+00 2.804889380931854248e-01 1.647817094068594612e-02 2.422698121818281369e-02 7.038099496094811780e-01 7.097838249031903635e-01
1.520621240397694349e+09 -1.231504082679748535e+00 -3.168294429779052734e+00 2.860056757926940918e-01 1.195711137512949288e-02 2.585455503955238349e-02 7.050760156459717765e-01 7.085593705767153638e-01
1.520621240447695255e+09 -1.276308178901672363e+00 -3.162140607833862305e+00 2.890419960021972656e-01 4.976827369813439060e-03 2.082947337552038328e-02 7.060446339915404934e-01 7.078434424644910461e-01
1.520621240497697353e+09 -1.320470452308654785e+00 -3.156903505325317383e+00 2.899564206600189209e-01 2.921771949887584912e-03 1.718565445165890979e-02 7.077139599735058351e-01 7.062839849439883633e-01
1.520621240547699213e+09 -1.363054990768432617e+00 -3.150125980377197266e+00 2.890218198299407959e-01 8.697057671895843875e-03 1.713658044943578568e-02 7.103904157113007933e-01 7.035454186219087802e-01
1.520621240597700119e+09 -1.406270742416381836e+00 -3.144080638885498047e+00 2.873483896255493164e-01 1.490711571182481467e-02 1.736352923470738108e-02 7.147324509365491352e-01 6.990234683699131368e-01
1.520621240647702456e+09 -1.449812531471252441e+00 -3.136874675750732422e+00 2.859835028648376465e-01 1.688825311136990179e-02 1.526061233961157129e-02 7.199706912129577585e-01 6.936311010992819437e-01
1.520621240697703362e+09 -1.494304776191711426e+00 -3.128553390502929688e+00 2.847718000411987305e-01 1.564271130385118738e-02 1.110213301259864623e-02 7.236576403946414215e-01 6.898925044701492704e-01
1.520621240747705221e+09 -1.539180517196655273e+00 -3.118595123291015625e+00 2.821156382560729980e-01 1.279334663796960481e-02 7.134050261072642958e-03 7.264357463692457939e-01 6.870782648327844466e-01
1.520621240797707319e+09 -1.584119677543640137e+00 -3.108640909194946289e+00 2.788683176040649414e-01 9.850128281028129248e-03 5.858156667842468607e-03 7.282969153895924030e-01 6.851658631362972374e-01
1.520621240847708225e+09 -1.629038810729980469e+00 -3.099251031875610352e+00 2.749400436878204346e-01 1.016441527832237339e-02 6.832945967201005909e-03 7.291790709947504334e-01 6.842133277967420435e-01
1.520621240897710085e+09 -1.673563599586486816e+00 -3.089126348495483398e+00 2.713547646999359131e-01 1.308966488435505879e-02 1.224199838120517553e-02 7.304850634027024725e-01 6.826934643706493722e-01
1.520621240947712421e+09 -1.717414617538452148e+00 -3.080471515655517578e+00 2.694353461265563965e-01 1.641519505427210118e-02 2.291199124664558204e-02 7.311551950769918928e-01 6.816286839184291235e-01
1.520621240997713327e+09 -1.760749697685241699e+00 -3.072757005691528320e+00 2.693730890750885010e-01 1.913009882445895066e-02 2.993528242789220487e-02 7.320235088297729620e-01 6.803524826922263680e-01
1.520621241047715187e+09 -1.802474260330200195e+00 -3.066258907318115234e+00 2.710619568824768066e-01 2.118769752574304124e-02 3.110135767047931404e-02 7.342797191032286452e-01 6.778031285987797805e-01
1.520621241097716331e+09 -1.843742609024047852e+00 -3.064204931259155273e+00 2.735880315303802490e-01 2.167642530621001484e-02 3.014814093595444625e-02 7.357583150788691295e-01 6.762254978750458223e-01
1.520621241147718191e+09 -1.881098151206970215e+00 -3.059200525283813477e+00 2.759736776351928711e-01 2.138440990205757106e-02 2.877331995335275991e-02 7.372699749083505560e-01 6.746464164068782798e-01
1.520621241197719336e+09 -1.915588140487670898e+00 -3.054660081863403320e+00 2.760461866855621338e-01 2.241172646470473290e-02 2.617082378093572859e-02 7.406776563806705127e-01 6.709764614633928481e-01
1.520621241247721195e+09 -1.949488639831542969e+00 -3.046526670455932617e+00 2.765431702136993408e-01 2.052969378903471420e-02 2.719511323004478870e-02 7.454837173498046754e-01 6.656523001204532886e-01
1.520621241297722101e+09 -1.981937170028686523e+00 -3.042723417282104492e+00 2.758540213108062744e-01 1.577762394896756529e-02 3.115064787454268833e-02 7.498570708930594186e-01 6.606777406203441227e-01
1.520621241347724438e+09 -2.013303995132446289e+00 -3.041021108627319336e+00 2.746535241603851318e-01 1.100480168171229581e-02 3.430973316681255880e-02 7.538035999874321824e-01 6.561111713695747527e-01
1.520621241397725344e+09 -2.043608188629150391e+00 -3.040278196334838867e+00 2.738787531852722168e-01 8.395750810331789951e-03 3.538650563955438033e-02 7.564616026197965581e-01 6.530261482887508295e-01
1.520621241447727203e+09 -2.073249101638793945e+00 -3.039723634719848633e+00 2.723824679851531982e-01 9.648544306864063891e-03 3.490764500476324639e-02 7.575392403541567621e-01 6.517842137062134222e-01
1.520621241497728348e+09 -2.102845191955566406e+00 -3.038143157958984375e+00 2.708758413791656494e-01 1.240527124754802098e-02 3.371621561155338509e-02 7.570755837093017249e-01 6.523387820767135858e-01
1.520621241547730207e+09 -2.132543087005615234e+00 -3.036795139312744141e+00 2.685235142707824707e-01 1.479241748010736747e-02 3.173173084404858069e-02 7.550894297833293800e-01 6.546863635911640555e-01
1.520621241597731113e+09 -2.162350893020629883e+00 -3.036692619323730469e+00 2.648200094699859619e-01 1.690904114205049949e-02 2.827320353462789426e-02 7.532888336131315921e-01 6.568642503922053066e-01
1.520621241647733450e+09 -2.192692041397094727e+00 -3.037205457687377930e+00 2.603169977664947510e-01 2.117731337790648358e-02 2.744409705107503025e-02 7.519686518450375834e-01 6.582867836874000123e-01
1.520621241697735310e+09 -2.223201513290405273e+00 -3.037280797958374023e+00 2.558293044567108154e-01 2.863722218530772787e-02 3.171249767380646123e-02 7.510359087845097648e-01 6.588772956423856186e-01
1.520621241747736454e+09 -2.253512859344482422e+00 -3.036879301071166992e+00 2.518428564071655273e-01 3.449830246026953928e-02 3.557965732406971615e-02 7.503398890018599943e-01 6.591919341775488439e-01
1.520621241797738314e+09 -2.283440351486206055e+00 -3.035129070281982422e+00 2.470293790102005005e-01 4.067586379159772447e-02 3.784235955011221869e-02 7.511274249578486772e-01 6.578153398976637201e-01
1.520621241847739220e+09 -2.311215400695800781e+00 -3.032202959060668945e+00 2.463272809982299805e-01 4.629260210945680687e-02 4.017944878621277499e-02 7.517251234031082641e-01 6.566216153385093790e-01
1.520621241897035122e+09 -2.336446523666381836e+00 -3.028092861175537109e+00 2.468779087066650391e-01 4.970823594414197633e-02 4.237941647016851138e-02 7.521112551430312321e-01 6.557909241718307136e-01
1.520621241947036028e+09 -2.358337640762329102e+00 -3.022494316101074219e+00 2.487107515335083008e-01 5.112298228477068357e-02 4.424033384031054311e-02 7.543646773488938972e-01 6.529649049622102686e-01
1.520621241997037888e+09 -2.377934694290161133e+00 -3.017006158828735352e+00 2.518902420997619629e-01 5.084197854049814919e-02 4.613072694043131305e-02 7.581897803719409579e-01 6.484098288810734578e-01
1.520621242047039986e+09 -2.394590377807617188e+00 -3.011183977127075195e+00 2.567877471446990967e-01 4.622188730019093084e-02 4.551564301765704396e-02 7.631363515372516781e-01 6.429733838484373853e-01
1.520621242097040892e+09 -2.407826662063598633e+00 -3.004675865173339844e+00 2.609714865684509277e-01 3.980614382967642001e-02 4.191935207765845606e-02 7.694028286699274854e-01 6.361426931668040519e-01
1.520621242147043228e+09 -2.419241189956665039e+00 -3.002160549163818359e+00 2.624385058879852295e-01 3.429283888995758589e-02 3.966025196274349657e-02 7.771718967198043559e-01 6.271003975154705312e-01
1.520621242197044134e+09 -2.427038669586181641e+00 -2.993398904800415039e+00 2.648804187774658203e-01 3.139648564393202057e-02 4.043792532208616980e-02 7.860639039929231409e-01 6.160215692037579460e-01
1.520621242247045994e+09 -2.433354854583740234e+00 -2.983583927154541016e+00 2.670494914054870605e-01 2.942312638598710423e-02 4.058051403935456630e-02 7.957149591270362698e-01 6.035935762874180543e-01
1.520621242296133280e+09 -2.438166618347167969e+00 -2.971501350402832031e+00 2.693820595741271973e-01 2.589433600202760768e-02 3.872646331511341716e-02 8.057908291199759043e-01 5.903650430947441352e-01
1.520621242346135139e+09 -2.442894458770751953e+00 -2.957509517669677734e+00 2.709896862506866455e-01 2.215041203350415558e-02 3.640440451247980991e-02 8.165646133340191959e-01 5.756789998163051036e-01
1.520621242396136999e+09 -2.447027921676635742e+00 -2.941592216491699219e+00 2.711130082607269287e-01 1.929061993574286357e-02 3.689608249912849913e-02 8.271346463007565042e-01 5.604594793271275854e-01
1.520621242446138144e+09 -2.450480222702026367e+00 -2.923371791839599609e+00 2.698144614696502686e-01 1.824512130278010610e-02 3.934453765525760399e-02 8.382116482039241312e-01 5.436178397740473178e-01
1.520621242496140242e+09 -2.453820228576660156e+00 -2.902719736099243164e+00 2.680216133594512939e-01 1.739912247426281949e-02 4.273092260189086805e-02 8.494977128336690386e-01 5.255710938408638677e-01
1.520621242546140909e+09 -2.457264900207519531e+00 -2.880642414093017578e+00 2.657982707023620605e-01 1.631182318700885939e-02 4.644930784633161114e-02 8.605496880794233361e-01 5.069818740066748264e-01
1.520621242596143246e+09 -2.460305452346801758e+00 -2.856405496597290039e+00 2.634417712688446045e-01 1.489789886039875368e-02 4.838103527639277951e-02 8.710169896061293882e-01 4.886376283633974138e-01
1.520621242646145105e+09 -2.463307619094848633e+00 -2.830453634262084961e+00 2.633086740970611572e-01 1.254191902173821573e-02 4.759430906848924336e-02 8.806661910041982955e-01 4.711735795157682705e-01
1.520621242692972660e+09 -2.465888738632202148e+00 -2.804499387741088867e+00 2.630524039268493652e-01 1.013203991031948539e-02 4.637110984395016039e-02 8.891876351475357376e-01 4.550740724759308464e-01
1.520621242742974758e+09 -2.468160629272460938e+00 -2.774944305419921875e+00 2.641630172729492188e-01 8.014358257861174326e-03 4.668560808932351036e-02 8.978532191699128973e-01 4.377394440592132230e-01
1.520621242792975664e+09 -2.470488786697387695e+00 -2.744077205657958984e+00 2.655600011348724365e-01 7.072687807211390856e-03 4.679705021841461254e-02 9.058166988529713359e-01 4.210179583546791449e-01
1.520621242842977524e+09 -2.472518205642700195e+00 -2.712930679321289062e+00 2.654971480369567871e-01 6.320053528065928614e-03 4.582727532564009887e-02 9.130321552731273105e-01 4.052557232130576392e-01
1.520621242892978668e+09 -2.473420619964599609e+00 -2.680659770965576172e+00 2.679482996463775635e-01 6.159335724484999060e-03 4.385877690559580877e-02 9.196740215653588235e-01 3.901770935480173841e-01
1.520621242942980766e+09 -2.474127769470214844e+00 -2.648887395858764648e+00 2.701188623905181885e-01 8.749991115266914435e-03 3.989949948679946679e-02 9.258569503560880598e-01 3.756599194397904351e-01
1.520621242992981911e+09 -2.475332975387573242e+00 -2.617809057235717773e+00 2.751632332801818848e-01 1.054511158972632791e-02 3.320999919489658891e-02 9.318397335348707067e-01 3.611933105425629287e-01
1.520621243042983770e+09 -2.476274490356445312e+00 -2.587393760681152344e+00 2.775839865207672119e-01 1.077943263868197908e-02 2.822228997764690897e-02 9.377273644284239706e-01 3.460559148208965374e-01
1.520621243090598822e+09 -2.476843833923339844e+00 -2.558692932128906250e+00 2.792193591594696045e-01 1.107761660218628368e-02 2.897928473883386660e-02 9.432434445710894400e-01 3.306498022683618254e-01
1.520621243140573740e+09 -2.476519346237182617e+00 -2.529653310775756836e+00 2.798193693161010742e-01 1.089431312406546545e-02 3.466045006248717752e-02 9.479162405400604063e-01 3.164407812899898143e-01
1.520621243190574884e+09 -2.475992679595947266e+00 -2.503623485565185547e+00 2.821015417575836182e-01 1.177895148868991944e-02 3.740894751952648228e-02 9.524306546696060805e-01 3.022212351786918161e-01
1.520621243240576744e+09 -2.475197553634643555e+00 -2.473577976226806641e+00 2.816332876682281494e-01 1.263109012255470703e-02 3.601591221937869985e-02 9.571953237524148950e-01 2.869153565353926849e-01
1.520621243290578842e+09 -2.473482131958007812e+00 -2.442141056060791016e+00 2.806391716003417969e-01 1.388224288652633968e-02 3.673222611286956762e-02 9.612326491868894429e-01 2.729282342198894318e-01
1.520621243340579987e+09 -2.471133947372436523e+00 -2.408592700958251953e+00 2.799347937107086182e-01 1.618595155359980192e-02 3.963984353883172329e-02 9.642251255239622232e-01 2.616039087720608003e-01
1.520621243390581846e+09 -2.468033790588378906e+00 -2.373379468917846680e+00 2.766407132148742676e-01 1.845567432628218360e-02 4.164996620091586388e-02 9.664836836286417876e-01 2.526538297359373075e-01
1.520621243440582752e+09 -2.463934898376464844e+00 -2.337392330169677734e+00 2.717500627040863037e-01 2.104378916305222474e-02 4.296133028609475102e-02 9.683521033824553648e-01 2.449605823647643676e-01
1.520621243490584850e+09 -2.458768844604492188e+00 -2.300240039825439453e+00 2.656749784946441650e-01 2.538358499652925565e-02 4.452546871220861707e-02 9.699740001949473944e-01 2.377469141639784178e-01
1.520621243539563894e+09 -2.452855587005615234e+00 -2.261727571487426758e+00 2.599939405918121338e-01 2.923041341047862007e-02 4.517054760963427895e-02 9.714138944754905358e-01 2.312147274298476385e-01
1.520621243589565754e+09 -2.445685863494873047e+00 -2.221280336380004883e+00 2.561246156692504883e-01 3.090386894466613452e-02 4.435023852084397922e-02 9.726490566786979430e-01 2.259022349810510533e-01
1.520621243639567614e+09 -2.438138246536254883e+00 -2.179716348648071289e+00 2.529901266098022461e-01 3.283428277104541437e-02 4.540999435242548676e-02 9.746577372669927852e-01 2.165690131884281389e-01
1.520621243689568758e+09 -2.430883407592773438e+00 -2.137197732925415039e+00 2.519706785678863525e-01 3.510517641446735115e-02 5.124849847186459251e-02 9.772455136458871872e-01 2.028113015891240822e-01
1.520621243739570856e+09 -2.423595190048217773e+00 -2.094637632369995117e+00 2.539129257202148438e-01 3.518732020976859942e-02 6.122539513529646343e-02 9.787235774367472052e-01 1.926485464684272175e-01
1.520621243789571762e+09 -2.416620492935180664e+00 -2.052948951721191406e+00 2.550616860389709473e-01 3.556473073188496509e-02 6.533076416736598169e-02 9.799558820257913139e-01 1.848066840358588425e-01
1.520621243839573860e+09 -2.409934997558593750e+00 -2.011273384094238281e+00 2.583198547363281250e-01 3.859170153839720785e-02 5.975282192389164831e-02 9.817690849565345879e-01 1.762661188887752195e-01
1.520621243889574766e+09 -2.403118371963500977e+00 -1.969097852706909180e+00 2.636566758155822754e-01 3.996555283674704806e-02 5.233484213923120937e-02 9.836454437419724917e-01 1.676468308390376694e-01
1.520621243939388037e+09 -2.396288156509399414e+00 -1.926283121109008789e+00 2.667439579963684082e-01 3.856608360124636620e-02 4.920792217280461900e-02 9.851243962581889280e-01 1.600661159897242003e-01
1.520621243989388943e+09 -2.389090776443481445e+00 -1.881371140480041504e+00 2.669404149055480957e-01 3.520665609520561706e-02 5.077290791002850301e-02 9.862465036117041839e-01 1.532985234848731892e-01
1.520621244039390802e+09 -2.381201267242431641e+00 -1.835605502128601074e+00 2.630611658096313477e-01 3.047276472430323832e-02 5.397170405831691609e-02 9.869570129252084323e-01 1.485742925571203743e-01
1.520621244089392900e+09 -2.372279405593872070e+00 -1.788268208503723145e+00 2.572196424007415771e-01 2.750248537167331031e-02 5.630202736592691132e-02 9.873302180228163971e-01 1.457831800719310567e-01
1.520621244139393806e+09 -2.362503528594970703e+00 -1.739635229110717773e+00 2.502957582473754883e-01 2.574518319527169252e-02 5.556000359790623511e-02 9.876069890993321998e-01 1.445085001811103054e-01
1.520621244189395905e+09 -2.351644039154052734e+00 -1.689084768295288086e+00 2.440376728773117065e-01 2.454999168498760848e-02 5.291526161458910693e-02 9.876705573643845826e-01 1.452726509431574720e-01
1.520621244239398003e+09 -2.339564323425292969e+00 -1.637754559516906738e+00 2.390855252742767334e-01 2.255278192791614761e-02 5.185815148860600798e-02 9.871745976975279113e-01 1.492930601609480101e-01
1.520621244289398909e+09 -2.326215505599975586e+00 -1.586660504341125488e+00 2.357538938522338867e-01 1.901292335929115687e-02 5.282818641695911921e-02 9.862978574890449712e-01 1.551264896068633437e-01
1.520621244339476109e+09 -2.311491727828979492e+00 -1.536938190460205078e+00 2.358107417821884155e-01 1.595494275551357158e-02 5.878126020928238493e-02 9.851901745485150963e-01 1.602826354379754403e-01
1.520621244389477253e+09 -2.294834613800048828e+00 -1.488707423210144043e+00 2.402339875698089600e-01 1.450409720979401948e-02 6.722799599443783636e-02 9.839865434838672709e-01 1.644399889363051814e-01
1.520621244439480066e+09 -2.275780677795410156e+00 -1.442082285881042480e+00 2.470187097787857056e-01 1.480311502520318540e-02 6.573410964790818434e-02 9.823877047300259013e-01 1.742822200042766223e-01
1.520621244489480257e+09 -2.254171133041381836e+00 -1.397309064865112305e+00 2.529038786888122559e-01 2.233173636695577266e-02 5.524497699610218804e-02 9.810490338079698169e-01 1.843694099681017495e-01
1.520621244539482117e+09 -2.230561256408691406e+00 -1.352877736091613770e+00 2.589722275733947754e-01 3.186455714245194776e-02 4.541857129195221027e-02 9.797305976915496872e-01 1.924831403704546362e-01
1.520621244589483023e+09 -2.205301046371459961e+00 -1.308971524238586426e+00 2.642745673656463623e-01 4.137578253260437711e-02 4.318948482630339397e-02 9.776521370440363068e-01 2.015415886448308491e-01
1.520621244639486313e+09 -2.178263902664184570e+00 -1.265359640121459961e+00 2.656510174274444580e-01 4.937355366951153707e-02 4.405784405358509348e-02 9.752753526795600036e-01 2.108533732980188702e-01
1.520621244689486265e+09 -2.149860382080078125e+00 -1.222226023674011230e+00 2.634601294994354248e-01 5.606902663956531835e-02 4.114734407712070108e-02 9.734367505134271514e-01 2.181376929302918377e-01
1.520621244740218401e+09 -2.119784355163574219e+00 -1.177977085113525391e+00 2.612666487693786621e-01 6.062041140493708291e-02 3.668188253754081640e-02 9.723474846982217423e-01 2.225308387968729373e-01
1.520621244790159464e+09 -2.088382720947265625e+00 -1.134242773056030273e+00 2.581011652946472168e-01 6.333003411461406162e-02 3.449980255117530287e-02 9.714774277439551797e-01 2.258997073635998221e-01
1.520621244840161324e+09 -2.055314302444458008e+00 -1.091503024101257324e+00 2.555208206176757812e-01 6.382307230072328808e-02 3.355311135107051645e-02 9.712763750550311714e-01 2.267664159894884623e-01
1.520621244890163183e+09 -2.020787477493286133e+00 -1.050179719924926758e+00 2.541550397872924805e-01 6.120271763086194972e-02 3.258208442080491596e-02 9.719712984573257719e-01 2.246428946229378221e-01
1.520621244940164328e+09 -1.984964847564697266e+00 -1.008631110191345215e+00 2.547703385353088379e-01 5.998045161687435428e-02 3.528208631992209299e-02 9.732462095724554452e-01 2.189733667860032373e-01
1.520621244990166426e+09 -1.948486685752868652e+00 -9.679916501045227051e-01 2.608426213264465332e-01 5.688399661751870895e-02 4.647316280610123973e-02 9.735797966262184078e-01 2.162101655076995310e-01
1.520621245040167332e+09 -1.911215424537658691e+00 -9.282614588737487793e-01 2.668137550354003906e-01 5.362268718205886325e-02 5.317590568194825035e-02 9.728235850813244934e-01 2.188862781989731332e-01
1.520621245090169430e+09 -1.873680353164672852e+00 -8.900541067123413086e-01 2.720468640327453613e-01 5.333985017765928427e-02 4.817533494862794724e-02 9.724516276220273037e-01 2.217472196463405876e-01
1.520621245140170813e+09 -1.836023569107055664e+00 -8.524960875511169434e-01 2.788164019584655762e-01 5.685343884154134969e-02 4.022545791133186333e-02 9.722030578107190291e-01 2.235415250265648246e-01
1.520621245190172911e+09 -1.798038482666015625e+00 -8.162251710891723633e-01 2.859921753406524658e-01 5.853919075765429830e-02 3.326197418323646043e-02 9.718910085344585337e-01 2.255984746152903397e-01
1.520621245240175009e+09 -1.758972883224487305e+00 -7.799801826477050781e-01 2.906130552291870117e-01 5.647211896845438089e-02 2.602212146758157291e-02 9.716644842445132380e-01 2.280392050314662411e-01
1.520621245290175915e+09 -1.718825221061706543e+00 -7.427152395248413086e-01 2.912797629833221436e-01 5.144681219458410032e-02 2.247870816919690998e-02 9.716142654079785723e-01 2.298122112721028565e-01
1.520621245340178013e+09 -1.678361654281616211e+00 -7.049666643142700195e-01 2.884313166141510010e-01 4.735452553105234247e-02 2.344514365862659239e-02 9.716694687029434618e-01 2.303612765659517891e-01
1.520621245390178919e+09 -1.637662768363952637e+00 -6.673280000686645508e-01 2.835623621940612793e-01 4.339778369218216802e-02 2.526115408346642915e-02 9.708894370183768219e-01 2.342054814711156119e-01
1.520621245440180779e+09 -1.595468878746032715e+00 -6.294151544570922852e-01 2.783780395984649658e-01 4.039129962695003212e-02 2.571565218711370851e-02 9.692670345839428103e-01 2.413061619931972657e-01
1.520621245490181923e+09 -1.552665829658508301e+00 -5.915104150772094727e-01 2.737703025341033936e-01 3.795306966203149807e-02 2.490403768476755555e-02 9.671968997301609861e-01 2.499390136865188294e-01
1.520621245540184021e+09 -1.509637713432312012e+00 -5.543411374092102051e-01 2.714423835277557373e-01 3.703974150417918554e-02 2.595289025638393421e-02 9.648547076278544132e-01 2.588627014558317896e-01
1.520621245589938641e+09 -1.466341137886047363e+00 -5.190290212631225586e-01 2.723476290702819824e-01 3.829311748917927499e-02 3.294827986865152963e-02 9.618029084355788072e-01 2.690412855520850632e-01
1.520621245639939785e+09 -1.422110319137573242e+00 -4.862047135829925537e-01 2.773483991622924805e-01 4.199787790150910638e-02 4.128341189371037556e-02 9.576265645282250327e-01 2.819276876506698337e-01
1.520621245689941645e+09 -1.377344369888305664e+00 -4.564778506755828857e-01 2.822577059268951416e-01 4.245338976066495573e-02 4.033835246115690526e-02 9.537317785602659193e-01 2.949003587363374645e-01
1.520621245739943504e+09 -1.331016659736633301e+00 -4.278047680854797363e-01 2.883275449275970459e-01 4.266476227471435040e-02 3.224116540246732554e-02 9.506660034357382605e-01 3.055722095103768354e-01
1.520621245789944649e+09 -1.283576250076293945e+00 -4.021010100841522217e-01 2.949950695037841797e-01 4.286999815863660329e-02 2.396363475541005497e-02 9.470734784455989708e-01 3.172376615286108259e-01
1.520621245839946508e+09 -1.236501455307006836e+00 -3.778687715530395508e-01 2.981627583503723145e-01 4.467766339060464525e-02 1.914830497109894919e-02 9.436573343129962543e-01 3.273348197304702945e-01
1.520621245889947414e+09 -1.189271688461303711e+00 -3.553253412246704102e-01 2.982745170593261719e-01 4.988617923682273081e-02 1.895445668405470324e-02 9.403650845150112181e-01 3.359547670714612688e-01
1.520621245939949751e+09 -1.141609549522399902e+00 -3.333790302276611328e-01 2.959232032299041748e-01 6.036835080760390854e-02 2.352226679441254617e-02 9.369460811430305736e-01 3.434157920310888512e-01
1.520621245989576578e+09 -1.093315005302429199e+00 -3.115570247173309326e-01 2.903730273246765137e-01 7.423496773786282532e-02 3.224943856237461742e-02 9.333888614748875323e-01 3.496203320059962372e-01
1.520621246039576769e+09 -1.043798446655273438e+00 -2.902543842792510986e-01 2.830168604850769043e-01 8.740399185074912425e-02 4.343132005286387542e-02 9.296662969397542220e-01 3.552391292936980527e-01
1.520621246089578629e+09 -9.933596849441528320e-01 -2.704335153102874756e-01 2.755579352378845215e-01 9.560197668416053896e-02 5.386670349504448646e-02 9.275093152962324838e-01 3.573305337462392983e-01
1.520621246139580488e+09 -9.432863593101501465e-01 -2.527300417423248291e-01 2.700759470462799072e-01 1.015678924098363939e-01 5.696762624162255567e-02 9.267753197451724656e-01 3.571080501795671491e-01
1.520621246189581633e+09 -8.919446468353271484e-01 -2.352831363677978516e-01 2.691137790679931641e-01 1.022850325038288932e-01 5.297506846220702281e-02 9.259894268377688586e-01 3.595483216923358594e-01
1.520621246239583492e+09 -8.410203456878662109e-01 -2.176863998174667358e-01 2.718557715415954590e-01 9.802439728372017158e-02 4.737212097497501412e-02 9.239869041881758616e-01 3.665996461812889295e-01
1.520621246289585590e+09 -7.907975316047668457e-01 -2.007743567228317261e-01 2.758765518665313721e-01 9.542780768206259034e-02 4.057345764591975545e-02 9.219094180223587065e-01 3.732698126252989579e-01
1.520621246339586735e+09 -7.428112030029296875e-01 -1.839949786663055420e-01 2.809739112854003906e-01 9.578218001456542674e-02 3.478244207124278620e-02 9.229047596149886346e-01 3.712987481735133821e-01
1.520621246389536381e+09 -6.973040103912353516e-01 -1.672572195529937744e-01 2.877858281135559082e-01 9.480583178816325007e-02 3.314045273216799370e-02 9.251560091682035081e-01 3.660599996607443174e-01
1.520621246439450502e+09 -6.535315513610839844e-01 -1.501762419939041138e-01 2.939701080322265625e-01 9.015401057754093839e-02 3.234061829600685251e-02 9.265221547420027237e-01 3.638447959738507209e-01
1.520621246489452362e+09 -6.109669208526611328e-01 -1.332036852836608887e-01 2.973382472991943359e-01 8.148034710107600331e-02 2.911187166769554913e-02 9.280608947225900129e-01 3.622380814478201039e-01
1.520621246539453506e+09 -5.695750117301940918e-01 -1.166280955076217651e-01 2.973532378673553467e-01 7.181282152440685018e-02 2.256912306144961272e-02 9.312340372042473557e-01 3.565623666362160438e-01
1.520621246589455366e+09 -5.278454422950744629e-01 -9.913001954555511475e-02 2.960129976272583008e-01 6.516480184719772306e-02 1.330398901136552528e-02 9.335509760584858041e-01 3.522202827448322471e-01
1.520621246639456272e+09 -4.855145215988159180e-01 -8.034268766641616821e-02 2.927804887294769287e-01 6.139800821701568018e-02 7.857196646451802130e-03 9.351316312126938257e-01 3.488515176308231713e-01
1.520621246689458609e+09 -4.420460462570190430e-01 -6.170649826526641846e-02 2.880494296550750732e-01 6.244559772284782179e-02 8.233402610069273653e-03 9.355958421066109532e-01 3.474092379878787606e-01
1.520621246739459515e+09 -3.987053334712982178e-01 -4.150703176856040955e-02 2.835272252559661865e-01 6.640988427887310752e-02 1.552891041818665191e-02 9.355510247222865727e-01 3.465441679676201092e-01
1.520621246789280176e+09 -3.564983010292053223e-01 -2.133056148886680603e-02 2.796898484230041504e-01 7.139616153942732191e-02 2.501022894893632428e-02 9.359234170764002547e-01 3.439831884458779410e-01
1.520621246839281082e+09 -3.149044215679168701e-01 -1.210465212352573872e-03 2.786185443401336670e-01 7.307159428284991376e-02 3.128669953745334686e-02 9.367150654825022738e-01 3.409495133287731572e-01
1.520621246889283180e+09 -2.735890150070190430e-01 1.847272738814353943e-02 2.814380824565887451e-01 6.890535799372143888e-02 3.409669027145423997e-02 9.358306119288347658e-01 3.439629822076678001e-01
1.520621246939285040e+09 -2.329508066177368164e-01 3.659342974424362183e-02 2.862055599689483643e-01 6.211846681301706752e-02 3.535252802098423630e-02 9.347634295855186126e-01 3.480069331965165436e-01
1.520621246989286184e+09 -1.926328539848327637e-01 5.341069772839546204e-02 2.911937534809112549e-01 5.441419278230776729e-02 3.240292069689679200e-02 9.343264476631811810e-01 3.507466828799114533e-01
1.520621247039288044e+09 -1.532849818468093872e-01 6.812325865030288696e-02 2.965033054351806641e-01 4.836443780615250210e-02 2.731541154139212335e-02 9.338792502549340124e-01 3.532482064941048772e-01
1.520621247089290142e+09 -1.162497252225875854e-01 8.222515881061553955e-02 3.007945120334625244e-01 4.781909542612697989e-02 2.455394468784906359e-02 9.335394869531913331e-01 3.544213089136507566e-01
1.520621247139291286e+09 -8.102440088987350464e-02 9.652182459831237793e-02 3.037028014659881592e-01 4.945410456809785915e-02 2.721841823536696320e-02 9.331821174221827109e-01 3.549430728632185228e-01
1.520621247189226151e+09 -4.641382396221160889e-02 1.111310198903083801e-01 3.029060065746307373e-01 5.021766707901951371e-02 3.348580216733737513e-02 9.329781090453509451e-01 3.548362087055265679e-01
1.520621247239227057e+09 -1.243142038583755493e-02 1.264211982488632202e-01 3.005122542381286621e-01 5.307947255642930101e-02 3.903441717257730842e-02 9.339969970020546297e-01 3.511530912013622330e-01
1.520621247289229155e+09 2.114574611186981201e-02 1.424325704574584961e-01 2.976405620574951172e-01 5.327317288961701952e-02 4.342204167532146691e-02 9.361325147062433683e-01 3.448657858599265547e-01
1.520621247339230061e+09 5.446184426546096802e-02 1.598627269268035889e-01 2.944321036338806152e-01 5.054485134492017750e-02 4.591516886182607504e-02 9.384254869222504736e-01 3.386659427306606962e-01
1.520621247389231920e+09 8.736441284418106079e-02 1.789184659719467163e-01 2.913902401924133301e-01 4.647193541540894923e-02 4.752892313771222427e-02 9.410310956940844962e-01 3.317255456260584379e-01
1.520621247439234257e+09 1.192152202129364014e-01 1.991080939769744873e-01 2.888901829719543457e-01 4.181904831536965156e-02 4.916722022641299011e-02 9.442536245478843071e-01 3.228294351223061631e-01
1.520621247489234924e+09 1.491573154926300049e-01 2.203825265169143677e-01 2.882317304611206055e-01 3.773597181841022857e-02 4.797928314326586896e-02 9.479960018505014796e-01 3.123740791029921415e-01
1.520621247539237022e+09 1.773700565099716187e-01 2.426887154579162598e-01 2.894530296325683594e-01 3.438915189132619316e-02 4.247518849248682615e-02 9.521208064512488578e-01 3.007976305048736809e-01
1.520621247589275599e+09 2.034953832626342773e-01 2.663136422634124756e-01 2.928939759731292725e-01 3.073176808580287828e-02 3.577572713510911856e-02 9.568134174896185673e-01 2.868514247656985816e-01
1.520621247639275312e+09 2.270127832889556885e-01 2.904202342033386230e-01 2.986269593238830566e-01 2.398071469900054861e-02 3.059385892416175909e-02 9.619878507017481928e-01 2.703115169963807851e-01
1.520621247689281464e+09 2.465668022632598877e-01 3.134722709655761719e-01 3.067923784255981445e-01 1.636181350927469122e-02 2.850288441085575830e-02 9.670373511955263623e-01 2.525047287313432198e-01
1.520621247739279509e+09 2.612721621990203857e-01 3.353193998336791992e-01 3.170232176780700684e-01 1.221788727099609208e-02 2.943325503649822997e-02 9.713138018932745421e-01 2.356563281141040300e-01
1.520621247789281368e+09 2.717948257923126221e-01 3.559199869632720947e-01 3.287510275840759277e-01 1.238943520819432188e-02 2.997025234296547824e-02 9.748576702730901156e-01 2.204559107382783600e-01
1.520621247839282274e+09 2.795801460742950439e-01 3.753008842468261719e-01 3.413459062576293945e-01 1.383235127525089814e-02 2.845815399854405986e-02 9.776120840148694313e-01 2.080226254937120323e-01
1.520621247889284372e+09 2.838955521583557129e-01 3.926724493503570557e-01 3.541780114173889160e-01 1.335067886604341877e-02 2.530358604173689116e-02 9.798218113906171922e-01 1.978148271248997281e-01
1.520621247939285278e+09 2.855031788349151611e-01 4.094573855400085449e-01 3.685205578804016113e-01 9.380340200713167473e-03 2.053813181567726645e-02 9.818232262539375865e-01 1.884498520762225293e-01
1.520621247989289284e+09 2.845037579536437988e-01 4.246279597282409668e-01 3.850606083869934082e-01 4.123626317119735013e-03 1.504759242127117619e-02 9.835690437379017714e-01 1.798568927476210666e-01
1.520621248039219618e+09 2.802556455135345459e-01 4.391086697578430176e-01 4.055278301239013672e-01 -5.012938125096169737e-04 7.525423647976587152e-03 9.852537651965838084e-01 1.709331298180281900e-01
1.520621248089221478e+09 2.727462351322174072e-01 4.515219628810882568e-01 4.297344684600830078e-01 -4.842979194562068573e-03 -2.769075235006868748e-03 9.865222816392814620e-01 1.635318488982808183e-01
1.520621248139222383e+09 2.619052529335021973e-01 4.616210758686065674e-01 4.566639065742492676e-01 -9.082342301137032170e-03 -1.403700250508189279e-02 9.872880960084530200e-01 1.580591316533193069e-01
1.520621248189224482e+09 2.477697730064392090e-01 4.689631164073944092e-01 4.853816926479339600e-01 -1.155415772441535649e-02 -2.633874387347920343e-02 9.878030729713561664e-01 1.530289549032870511e-01
1.520621248239225388e+09 2.304053157567977905e-01 4.732209742069244385e-01 5.142976045608520508e-01 -1.300482176467627170e-02 -3.880179407340949432e-02 9.884619034968781248e-01 1.458367605334193462e-01
1.520621248289227247e+09 2.113805562257766724e-01 4.754984974861145020e-01 5.435836315155029297e-01 -1.537142613981679062e-02 -4.436444260212377144e-02 9.889776191891032076e-01 1.404235885956644503e-01
1.520621248339228392e+09 1.904903352260589600e-01 4.752764105796813965e-01 5.695508718490600586e-01 -1.370903065359599209e-02 -4.197049393496276454e-02 9.900785401594568436e-01 1.333979926127562277e-01
1.520621248389230490e+09 1.686378270387649536e-01 4.737936258316040039e-01 5.917619466781616211e-01 -8.178327469140418346e-03 -3.392316857872054725e-02 9.916265360500492454e-01 1.243348165027311353e-01
1.520621248439041138e+09 1.460217237472534180e-01 4.700454175472259521e-01 6.098694205284118652e-01 -2.217976520259666053e-03 -2.470835757963338319e-02 9.932328660161867662e-01 1.134594707864620550e-01
1.520621248489042997e+09 1.231803596019744873e-01 4.650598764419555664e-01 6.249246001243591309e-01 3.561069566257256836e-03 -1.823029773049803653e-02 9.945085206372019648e-01 1.029940649173801404e-01
1.520621248539044857e+09 1.011792793869972229e-01 4.584152996540069580e-01 6.356707215309143066e-01 1.038580583002089025e-02 -1.655477485846978264e-02 9.955365147136898685e-01 9.233158906011330880e-02
1.520621248589046001e+09 8.052065223455429077e-02 4.499684572219848633e-01 6.430493593215942383e-01 1.400582099420724300e-02 -1.767629614235882718e-02 9.966053750885368601e-01 7.917772336713496673e-02
1.520621248639048100e+09 6.103045493364334106e-02 4.395080506801605225e-01 6.473355293273925781e-01 1.396203570132234506e-02 -1.727308482394360883e-02 9.979626323811614519e-01 5.981042108698503279e-02
1.520621248689049006e+09 4.205146059393882751e-02 4.265377521514892578e-01 6.487503647804260254e-01 1.812927988482276181e-02 -1.418878328071713872e-02 9.994745876921156125e-01 2.281570068058231052e-02
1.520621248739051104e+09 2.347995527088642120e-02 4.117457568645477295e-01 6.510085463523864746e-01 2.206188859167748997e-02 -7.220663137904883254e-03 9.994032941090665867e-01 -2.557715425070330659e-02
1.520621248789052010e+09 5.340996198356151581e-03 3.953158259391784668e-01 6.520830988883972168e-01 2.493713558321948923e-02 3.131197467907964604e-03 9.966801794956720029e-01 -7.744000692017023735e-02
1.520621248838954449e+09 -1.132188457995653152e-02 3.789947330951690674e-01 6.514853835105895996e-01 2.783993314432164912e-02 1.137305090743979084e-02 9.911098610246614760e-01 -1.296026049709364525e-01
1.520621248888956308e+09 -2.606284990906715393e-02 3.637133836746215820e-01 6.518834233283996582e-01 2.859526585375420094e-02 1.480508729679804771e-02 9.833761106312224332e-01 -1.787023928230877801e-01
1.520621248938957453e+09 -3.841971978545188904e-02 3.494704365730285645e-01 6.510434746742248535e-01 2.929281618019928188e-02 1.306327334087777764e-02 9.737719258840711323e-01 -2.252543410677846913e-01
1.520621248988959312e+09 -4.867446795105934143e-02 3.343486189842224121e-01 6.496945023536682129e-01 3.135619120025661538e-02 7.104687334962177941e-03 9.609521583105244957e-01 -2.748404303038947671e-01
1.520621249038961172e+09 -5.648527666926383972e-02 3.194762468338012695e-01 6.515788435935974121e-01 3.206865714889036573e-02 -1.370095934260930114e-03 9.471367163057630156e-01 -3.192205580650069319e-01
1.520621249088962317e+09 -6.139332056045532227e-02 3.065020442008972168e-01 6.552157998085021973e-01 3.235148136163385618e-02 -7.665997063517015347e-03 9.356670004248192063e-01 -3.513145007806412479e-01
1.520621249138964415e+09 -6.322726607322692871e-02 2.966087162494659424e-01 6.592050194740295410e-01 3.394186806162333842e-02 -8.330060945559202359e-03 9.291988438473989254e-01 -3.679239979530933291e-01
1.520621249188965321e+09 -6.198605522513389587e-02 2.906694412231445312e-01 6.644087433815002441e-01 3.609810000836743277e-02 -3.374368628718956223e-03 9.301347671571433828e-01 -3.654242133981683294e-01
1.520621249239031076e+09 -5.662264674901962280e-02 2.880088090896606445e-01 6.676864624023437500e-01 3.557272517178618892e-02 3.564231219541070389e-03 9.392212336851004650e-01 -3.414459718238072594e-01
1.520621249289032936e+09 -4.683589190244674683e-02 2.882055640220642090e-01 6.677107214927673340e-01 3.323601737453135696e-02 1.009858620116840279e-02 9.527805487825795616e-01 -3.016663911797005659e-01
1.520621249339034319e+09 -3.257616981863975525e-02 2.891990244388580322e-01 6.672402024269104004e-01 3.160414949742692409e-02 1.581890747150212564e-02 9.675017968367526366e-01 -2.503821339844508054e-01
1.520621249389034986e+09 -1.323715411126613617e-02 2.894726693630218506e-01 6.660495400428771973e-01 2.867546150617961143e-02 1.878846894340184190e-02 9.806573458837440915e-01 -1.927067235630903486e-01
1.520621249439037085e+09 8.773447945713996887e-03 2.880370616912841797e-01 6.631606221199035645e-01 2.176521765472913192e-02 2.022922654626474470e-02 9.904637298897667197e-01 -1.345312360258144324e-01
1.520621249489038229e+09 3.347723558545112610e-02 2.840695083141326904e-01 6.615840196609497070e-01 9.481535600008667020e-03 2.059467001218652851e-02 9.969214140424550452e-01 -7.505767298116178265e-02
1.520621249539040089e+09 5.996876955032348633e-02 2.773334681987762451e-01 6.587813496589660645e-01 -3.100568903804589490e-03 1.820464301117970599e-02 9.996705527302606198e-01 -1.782592071349034177e-02
1.520621249589041948e+09 8.723162114620208740e-02 2.680132985115051270e-01 6.577929854393005371e-01 -1.174463948608406999e-02 1.468580824309267258e-02 9.992690384478075671e-01 3.328331833190933953e-02
1.520621249639064074e+09 1.154001355171203613e-01 2.577992677688598633e-01 6.582767963409423828e-01 -2.253106895972656690e-02 1.113738729242925475e-02 9.960719564870059717e-01 8.490563606721550360e-02
1.520621249689066410e+09 1.439229696989059448e-01 2.462520450353622437e-01 6.579150557518005371e-01 -3.374108765518867015e-02 5.166159515331146708e-03 9.901644364364469153e-01 1.356806493800809532e-01
1.520621249739067316e+09 1.722771972417831421e-01 2.339176237583160400e-01 6.572244167327880859e-01 -4.359495530537594449e-02 -4.637341830136267572e-03 9.819529406485513201e-01 1.839739038133806348e-01
1.520621249789069176e+09 1.997968405485153198e-01 2.204123735427856445e-01 6.567921042442321777e-01 -5.218655040119431904e-02 -1.723774269094516254e-02 9.718917825513746500e-01 2.289231032317528836e-01
1.520621249839070320e+09 2.259020209312438965e-01 2.057972401380538940e-01 6.557559370994567871e-01 -5.954828767208458079e-02 -3.083717775817537698e-02 9.605966063300112046e-01 2.697354811857332058e-01
1.520621249889072180e+09 2.506342232227325439e-01 1.915910094976425171e-01 6.538211703300476074e-01 -6.429022909843902511e-02 -4.250641284617595606e-02 9.492491510103117092e-01 3.049360926745521838e-01
1.520621249939073324e+09 2.752616703510284424e-01 1.787340641021728516e-01 6.511106491088867188e-01 -6.859585421699525287e-02 -4.721665230184870360e-02 9.398356373150633658e-01 3.313218546402207920e-01
1.520621249989075184e+09 2.986954152584075928e-01 1.687118560075759888e-01 6.473373770713806152e-01 -7.048220733474425126e-02 -4.273658870191569120e-02 9.359683130157783193e-01 3.422998093276468090e-01
1.520621250039099693e+09 3.200942277908325195e-01 1.611298471689224243e-01 6.443333625793457031e-01 -7.038066739378988357e-02 -3.189315773867516801e-02 9.389243595121969932e-01 3.353363017349467734e-01
1.520621250089076757e+09 3.383404910564422607e-01 1.563682556152343750e-01 6.419219374656677246e-01 -6.772451509382562684e-02 -2.081856772584490464e-02 9.476378086546012325e-01 3.113881193967687477e-01
1.520621250139078856e+09 3.531619012355804443e-01 1.538294404745101929e-01 6.399719119071960449e-01 -6.380782048917178761e-02 -1.528181733100591154e-02 9.593569890380705401e-01 2.744616470242987050e-01
1.520621250189080000e+09 3.647223711013793945e-01 1.533104479312896729e-01 6.394798755645751953e-01 -6.001069625084586023e-02 -1.496339367142563923e-02 9.710294371006802372e-01 2.308173422194674806e-01
1.520621250239081860e+09 3.735949993133544922e-01 1.535212397575378418e-01 6.390596032142639160e-01 -5.437144721394419900e-02 -1.585922306147144120e-02 9.812392668286583630e-01 1.842870912606328904e-01
1.520621250289082766e+09 3.799137175083160400e-01 1.546945422887802124e-01 6.386428475379943848e-01 -4.495818058902259495e-02 -1.509815324738077690e-02 9.894787429235355480e-01 1.366843995088808661e-01
1.520621250339084864e+09 3.830489516258239746e-01 1.550555974245071411e-01 6.366915702819824219e-01 -3.401669038830686109e-02 -1.228023386133199162e-02 9.953095094522652619e-01 8.972759344387039315e-02
1.520621250389085770e+09 3.853834867477416992e-01 1.555470526218414307e-01 6.349556446075439453e-01 -2.412133773854050964e-02 -7.682310767505973192e-03 9.989427783495145041e-01 3.837276052523837244e-02
1.520621250439087629e+09 3.863863050937652588e-01 1.559735387563705444e-01 6.322711706161499023e-01 -1.692025897200353374e-02 -3.033445870318560774e-03 9.997140021206742944e-01 -1.662579340471909140e-02
1.520621250489121199e+09 3.858418166637420654e-01 1.556198745965957642e-01 6.282896399497985840e-01 -1.141812802310271900e-02 -2.170064184735794998e-03 9.971671383430255053e-01 -7.431430133334684940e-02
1.520621250539122105e+09 3.834725618362426758e-01 1.537195295095443726e-01 6.233791112899780273e-01 -4.129969191637235422e-03 -6.477901670670045860e-03 9.911228238605278573e-01 -1.327272698700392717e-01
1.520621250589124203e+09 3.796878159046173096e-01 1.524275094270706177e-01 6.195423603057861328e-01 1.966837342527951674e-03 -1.304504378138062609e-02 9.822387768227913707e-01 -1.871708943433152139e-01
1.520621250639126062e+09 3.743828535079956055e-01 1.508815139532089233e-01 6.158609390258789062e-01 1.052188076474754562e-02 -1.751164447056319934e-02 9.718664406496276831e-01 -2.346449527949251157e-01
1.520621250689126968e+09 3.687511980533599854e-01 1.493423283100128174e-01 6.157846450805664062e-01 1.813635767032605386e-02 -1.998370116742510805e-02 9.623871925888390910e-01 -2.703379658114596906e-01
1.520621250739129066e+09 3.613678514957427979e-01 1.495767086744308472e-01 6.136870384216308594e-01 2.524149339241031631e-02 -1.864011341377382405e-02 9.564725458670229052e-01 -2.901304571841747948e-01
1.520621250789129972e+09 3.533421754837036133e-01 1.516619622707366943e-01 6.118751764297485352e-01 2.822634879015374978e-02 -1.432241183866526241e-02 9.554438945823016116e-01 -2.934707925135038864e-01
1.520621250839132071e+09 3.453305065631866455e-01 1.555916517972946167e-01 6.108666062355041504e-01 2.798619093918827683e-02 -9.845808983331021808e-03 9.586306120497076755e-01 -2.831027778093706537e-01
1.520621250889163017e+09 3.379856050014495850e-01 1.620780229568481445e-01 6.104460954666137695e-01 2.183955294619160589e-02 -8.142460866074847925e-03 9.660205004353001890e-01 -2.574123676067000543e-01
1.520621250939167976e+09 3.315899670124053955e-01 1.693803817033767700e-01 6.099278926849365234e-01 1.344681869136275104e-02 -7.217151392899171305e-03 9.749927269995357637e-01 -2.217121514280671335e-01
1.520621250989165068e+09 3.251306414604187012e-01 1.764252036809921265e-01 6.106060743331909180e-01 5.517090871537960392e-03 -5.998353651509163997e-03 9.836318020625952618e-01 -1.800057205559817963e-01
1.520621251039167166e+09 3.196782767772674561e-01 1.825202405452728271e-01 6.117131114006042480e-01 -3.444207380686980981e-03 -2.505857571167890117e-03 9.913912978085686056e-01 -1.308631068819402499e-01
1.520621251089169264e+09 3.152593970298767090e-01 1.873275637626647949e-01 6.106242537498474121e-01 -9.269919424862214583e-03 3.085289675523278981e-03 9.965902162686640642e-01 -8.192978957041249788e-02
1.520621251139170170e+09 3.096797466278076172e-01 1.901643127202987671e-01 6.093010306358337402e-01 -9.135978604954140062e-03 1.094735152900986469e-02 9.991530094936375006e-01 -3.859990944596833340e-02
1.520621251189171076e+09 3.023840188980102539e-01 1.912713348865509033e-01 6.085806488990783691e-01 -2.727902410825434366e-03 1.820833180213733346e-02 9.998295596995271373e-01 -1.366291502555729400e-03
1.520621251239173174e+09 2.940019667148590088e-01 1.919858902692794800e-01 6.086707115173339844e-01 6.225609680627963716e-03 2.237141894332739939e-02 9.991277892068306521e-01 3.470478689226731694e-02
1.520621251289178133e+09 2.847538292407989502e-01 1.930210143327713013e-01 6.093776822090148926e-01 1.583051809337785581e-02 2.208875410664856362e-02 9.970082868605104620e-01 7.235991687655174420e-02
1.520621251339155197e+09 2.739553153514862061e-01 1.949965208768844604e-01 6.093204021453857422e-01 2.702364292237340732e-02 1.584546434733358905e-02 9.939165588978458032e-01 1.055865423786882668e-01
1.520621251389157295e+09 2.628482878208160400e-01 1.983383893966674805e-01 6.111754179000854492e-01 3.569507059875075272e-02 6.050762903874951776e-03 9.910923376394833451e-01 1.281609475446236768e-01
1.520621251439158201e+09 2.506671845912933350e-01 2.018344402313232422e-01 6.119350194931030273e-01 3.903082530985720749e-02 -5.110392515158167703e-04 9.896898289590940756e-01 1.378055730710275595e-01
1.520621251489160299e+09 2.372426092624664307e-01 2.055770009756088257e-01 6.133123636245727539e-01 3.636951258627450084e-02 -6.800629568584518969e-04 9.899016906124264992e-01 1.370089011388363476e-01
1.520621251539161205e+09 2.226509004831314087e-01 2.098459303379058838e-01 6.159638166427612305e-01 2.416590825186720401e-02 4.912033753764560862e-03 9.915902173307197254e-01 1.270461400310151090e-01
1.520621251589163065e+09 2.074339836835861206e-01 2.143523991107940674e-01 6.192988157272338867e-01 4.372226365191913275e-04 1.314038073186083767e-02 9.933954741393764554e-01 1.139849603675479606e-01
1.520621251639164209e+09 1.920671612024307251e-01 2.186814248561859131e-01 6.239539384841918945e-01 -3.469498414511332923e-02 2.078859483463266905e-02 9.938425304232167967e-01 1.031557905400812825e-01
1.520621251689147711e+09 1.770344376564025879e-01 2.231749743223190308e-01 6.280711293220520020e-01 -7.638716250719250478e-02 2.579860238274092957e-02 9.922502056301889528e-01 9.454608900448945030e-02
1.520621251739149809e+09 1.625064909458160400e-01 2.266463935375213623e-01 6.314913630485534668e-01 -1.195968630607367050e-01 2.658478395973244354e-02 9.888447668461552986e-01 8.471048747834412918e-02
1.520621251789150715e+09 1.479967534542083740e-01 2.292824834585189819e-01 6.337676644325256348e-01 -1.597774562160541312e-01 2.416499609348541147e-02 9.842081279990839704e-01 7.226048871594561995e-02
1.520621251839152813e+09 1.338502764701843262e-01 2.312381714582443237e-01 6.357039213180541992e-01 -1.963834912706796665e-01 2.069281817114222710e-02 9.786727883524276583e-01 5.661188012210090909e-02
1.520621251889153957e+09 1.208942607045173645e-01 2.316077649593353271e-01 6.368175745010375977e-01 -2.271454882819349819e-01 2.002133945988175678e-02 9.727967774154784308e-01 4.087178696183679100e-02
1.520621251939155817e+09 1.095101684331893921e-01 2.311435639858245850e-01 6.369705796241760254e-01 -2.531939045591619086e-01 2.376642912509122768e-02 9.667170845401175105e-01 2.803715390305280830e-02
1.520621251989156961e+09 1.001411005854606628e-01 2.298447787761688232e-01 6.357910633087158203e-01 -2.719443600591648358e-01 3.216138319043756327e-02 9.616457928455084403e-01 1.578858973508005803e-02
1.520621252039158821e+09 9.310612827539443970e-02 2.277827709913253784e-01 6.337121129035949707e-01 -2.855675769129688013e-01 4.269451204591927229e-02 9.573673446989052760e-01 8.723815758246003527e-03
1.520621252089162111e+09 8.851689845323562622e-02 2.252594083547592163e-01 6.319618821144104004e-01 -2.943427191615837213e-01 5.197071900089429014e-02 9.542759419994216730e-01 4.339880667916868467e-03
1.520621252139163256e+09 8.512890338897705078e-02 2.221648097038269043e-01 6.291295289993286133e-01 -2.972926825475137869e-01 5.835247098664066850e-02 9.529975152791825277e-01 2.790323486762265413e-03
1.520621252189165115e+09 8.304322510957717896e-02 2.192297875881195068e-01 6.257411241531372070e-01 -2.909637877374910420e-01 6.138154631752174711e-02 9.547595020002700439e-01 2.583280340683355523e-03
1.520621252239166260e+09 8.072500675916671753e-02 2.172138839960098267e-01 6.219589710235595703e-01 -2.683788706955012593e-01 5.950795200431277521e-02 9.614685907583231383e-01 3.119999625640908908e-03
1.520621252289168119e+09 7.870557159185409546e-02 2.163677960634231567e-01 6.189028024673461914e-01 -2.337585049947865368e-01 5.157970917725174242e-02 9.709247773773357348e-01 1.253642119485935159e-03
1.520621252339170218e+09 7.816292345523834229e-02 2.167004048824310303e-01 6.172628402709960938e-01 -1.917730617776219060e-01 3.885010727004400977e-02 9.806622511901611494e-01 3.912931405960265105e-03
1.520621252389172077e+09 7.863319665193557739e-02 2.176530063152313232e-01 6.150245070457458496e-01 -1.421572392429550635e-01 2.703311247553679200e-02 9.894149132281108150e-01 1.089310068420018193e-02
1.520621252439173222e+09 7.907036691904067993e-02 2.185735702514648438e-01 6.119177937507629395e-01 -8.774380900087278001e-02 1.936381445544502547e-02 9.958042240415654334e-01 1.732091373828936742e-02
1.520621252489175081e+09 8.064968138933181763e-02 2.198994457721710205e-01 6.082068681716918945e-01 -3.103747294720575131e-02 1.681189466387498013e-02 9.990685826390339752e-01 2.481940076823257318e-02
1.520621252539245844e+09 8.259715884923934937e-02 2.209876179695129395e-01 6.040709614753723145e-01 2.586661049623966216e-02 1.686623850534910152e-02 9.990065526574004595e-01 3.213030046067347212e-02
1.520621252589246750e+09 8.533875644207000732e-02 2.219951599836349487e-01 6.000960469245910645e-01 8.121592304445077182e-02 1.718530192854823141e-02 9.956890041772975541e-01 4.137688004289214599e-02
1.520621252639251709e+09 8.847297728061676025e-02 2.229799330234527588e-01 5.960152149200439453e-01 1.368064105332723324e-01 1.646180787370247686e-02 9.892223260581399780e-01 4.951973895987503427e-02
1.520621252689250946e+09 9.120699763298034668e-02 2.239370942115783691e-01 5.930089354515075684e-01 1.898277024280015657e-01 1.243258215494131604e-02 9.801793283371997845e-01 5.531146890385968407e-02
1.520621252739251852e+09 9.432532638311386108e-02 2.250832617282867432e-01 5.925439596176147461e-01 2.324512734633696065e-01 5.386650992546684370e-03 9.704683955309725274e-01 6.425327020379670295e-02
1.520621252789252758e+09 9.647002816200256348e-02 2.250549197196960449e-01 5.949323177337646484e-01 2.648306908329556841e-01 -4.038049104337815449e-03 9.614688112543854359e-01 7.366223141779777717e-02
1.520621252839254856e+09 9.924415498971939087e-02 2.246299535036087036e-01 5.959226489067077637e-01 2.884625194113863977e-01 -1.463877594772055105e-02 9.539080254435997608e-01 8.145280920803633917e-02
1.520621252889256716e+09 1.025472357869148254e-01 2.235598564147949219e-01 5.980401635169982910e-01 3.035241951286795081e-01 -2.405454769103592197e-02 9.484690991976851837e-01 8.775425672865427851e-02
1.520621252939222097e+09 1.057587936520576477e-01 2.225367277860641479e-01 5.996562838554382324e-01 3.105637863584029823e-01 -2.981466270379723796e-02 9.455195167253330757e-01 9.302722172613517304e-02
1.520621252989167929e+09 1.099507957696914673e-01 2.227455526590347290e-01 6.010751724243164062e-01 3.094740485080822445e-01 -3.277039501519893316e-02 9.454318208901322240e-01 9.649138074944368926e-02
1.520621253039169073e+09 1.123648285865783691e-01 2.233224660158157349e-01 6.022047996520996094e-01 2.943138952602388225e-01 -3.494658174344365820e-02 9.499284226023156918e-01 9.896494032469384250e-02
1.520621253089170933e+09 1.144827455282211304e-01 2.250015884637832642e-01 6.041793823242187500e-01 2.643110385165436393e-01 -3.620053733372511490e-02 9.584122646295896164e-01 1.013663012180935491e-01
1.520621253139172077e+09 1.171515583992004395e-01 2.280359566211700439e-01 6.066328883171081543e-01 2.238320775318793365e-01 -3.447688989746214294e-02 9.682248476229821099e-01 1.060716247458016459e-01
1.520621253189174175e+09 1.192959696054458618e-01 2.312106788158416748e-01 6.074780821800231934e-01 1.760612913126115842e-01 -3.257706183244008652e-02 9.777637699107896152e-01 1.091749375705864666e-01
1.520621253239175081e+09 1.211066171526908875e-01 2.345196157693862915e-01 6.074028015136718750e-01 1.254177257886320007e-01 -3.059271946785222657e-02 9.855709196700856989e-01 1.094734756652515351e-01
1.520621253289177179e+09 1.223278492689132690e-01 2.377455234527587891e-01 6.065979599952697754e-01 7.592115336561099104e-02 -2.645303606695058318e-02 9.909532386007634530e-01 1.074611290706291439e-01
1.520621253339153767e+09 1.220707073807716370e-01 2.409623265266418457e-01 6.056995987892150879e-01 3.297858986214412258e-02 -1.766264214033419835e-02 9.941038869649166942e-01 1.017737962570482574e-01
1.520621253389154673e+09 1.217686384916305542e-01 2.445802241563796997e-01 6.049856543540954590e-01 -1.093091124068380250e-02 -3.429136812891417970e-03 9.955311055867819281e-01 9.373672711016844961e-02
1.520621253439156532e+09 1.219161078333854675e-01 2.476557493209838867e-01 6.035313606262207031e-01 -5.270829461894217804e-02 1.234448063915617386e-02 9.948990308910805602e-01 8.511972631594288963e-02
1.520621253489157677e+09 1.215775236487388611e-01 2.497176527976989746e-01 6.029678583145141602e-01 -9.246074065572226774e-02 2.715885724786534783e-02 9.925394286373351305e-01 7.469197085803609693e-02
1.520621253539159536e+09 1.216304823756217957e-01 2.517014145851135254e-01 6.033642292022705078e-01 -1.360966252130950682e-01 4.009008741619583815e-02 9.876829290901119052e-01 6.597670104321026741e-02
1.520621253589160681e+09 1.210858151316642761e-01 2.542384862899780273e-01 6.049462556838989258e-01 -1.795960161864371685e-01 4.821586831476272483e-02 9.808134727644973738e-01 5.852719586876632685e-02
1.520621253639162779e+09 1.207644119858741760e-01 2.569190859794616699e-01 6.077454090118408203e-01 -2.209190830829331764e-01 5.055549298041939893e-02 9.725768310425312313e-01 5.228009734660532537e-02
1.520621253689164639e+09 1.199745014309883118e-01 2.588905394077301025e-01 6.107730269432067871e-01 -2.574093293929797799e-01 4.999504517867531944e-02 9.639560996931342274e-01 4.505075430488098692e-02
1.520621253739192724e+09 1.184098124504089355e-01 2.604919970035552979e-01 6.131525635719299316e-01 -2.822242377312910167e-01 4.898188259922595794e-02 9.573169940308321468e-01 3.865782913976716084e-02
1.520621253789194584e+09 1.158420741558074951e-01 2.611209154129028320e-01 6.136646866798400879e-01 -2.888139271411346298e-01 4.873053739467557433e-02 9.556130651859647829e-01 3.186722235191496999e-02
1.520621253839195490e+09 1.134027838706970215e-01 2.609217762947082520e-01 6.122039556503295898e-01 -2.779480378251673600e-01 4.784418031313433795e-02 9.589651940694955412e-01 2.900998522161506166e-02
1.520621253889197588e+09 1.097821593284606934e-01 2.603302001953125000e-01 6.101108789443969727e-01 -2.523043697136845842e-01 4.753056810793723774e-02 9.660568028322352729e-01 2.859377240373897622e-02
1.520621253939198494e+09 1.055664196610450745e-01 2.599736750125885010e-01 6.081574559211730957e-01 -2.207126260936962403e-01 4.568233219956438496e-02 9.739337305499013997e-01 2.553722194728991896e-02
1.520621253989201546e+09 1.016553267836570740e-01 2.606422901153564453e-01 6.056931018829345703e-01 -1.835889026265272173e-01 4.139530184815967684e-02 9.818591831076287635e-01 2.311035189059809300e-02
1.520621254039202690e+09 9.663934260606765747e-02 2.619476616382598877e-01 6.024360060691833496e-01 -1.318860947155500729e-01 3.875366968163156123e-02 9.902857535052792537e-01 2.093651144219842858e-02
1.520621254089204550e+09 9.143022447824478149e-02 2.626329958438873291e-01 5.988456606864929199e-01 -7.028404133201275605e-02 3.752490243926660807e-02 9.967039128561467898e-01 1.527564493597733178e-02
1.520621254139276981e+09 8.688366413116455078e-02 2.628987431526184082e-01 5.954754352569580078e-01 -9.106414132089433316e-03 3.379932321778154197e-02 9.993125510451406068e-01 1.221082697150718474e-02
1.520621254189278841e+09 8.349512517452239990e-02 2.630048990249633789e-01 5.910055637359619141e-01 4.909281318209442885e-02 2.625417648160742121e-02 9.984008437158835569e-01 9.816780457581638156e-03
1.520621254239279985e+09 8.122978359460830688e-02 2.622694373130798340e-01 5.907105207443237305e-01 9.805347685723091178e-02 1.633310490144010071e-02 9.949279937601681612e-01 1.539586284863920726e-02
1.520621254289281845e+09 8.027605712413787842e-02 2.601967155933380127e-01 5.921903252601623535e-01 1.325706612216114855e-01 4.627186065936046699e-03 9.906998287369378486e-01 3.028957366781384955e-02
1.520621254339282751e+09 8.018801361322402954e-02 2.570034861564636230e-01 5.952353477478027344e-01 1.445798008254924882e-01 -6.139718116822386572e-03 9.879025415084687900e-01 5.574543511189984646e-02
1.520621254389288902e+09 7.999394834041595459e-02 2.522152662277221680e-01 5.977610945701599121e-01 1.365017897052911711e-01 -1.223009643974055927e-02 9.868860289017374887e-01 8.528570869076571026e-02
1.520621254439285755e+09 8.081018179655075073e-02 2.464256286621093750e-01 6.004211306571960449e-01 1.203819390085281577e-01 -1.474637199105517660e-02 9.870495992698725685e-01 1.049943896350302303e-01
1.520621254489287853e+09 7.933146506547927856e-02 2.415508180856704712e-01 6.055622100830078125e-01 9.959826798937301828e-02 -1.832863025783048813e-02 9.884058272863290862e-01 1.131289835224209284e-01
1.520621254539202213e+09 7.794599235057830811e-02 2.385344207286834717e-01 6.140551567077636719e-01 6.911745315360796893e-02 -2.516281662847430142e-02 9.907671900528227660e-01 1.138858439127286987e-01
1.520621254589293242e+09 7.500158250331878662e-02 2.373619973659515381e-01 6.226640343666076660e-01 3.021143419866815019e-02 -3.604383072941571425e-02 9.930185221041205601e-01 1.081772909078288908e-01
1.520621254639204979e+09 7.052230089902877808e-02 2.375776320695877075e-01 6.323856115341186523e-01 -1.427201282743436120e-02 -4.824052835707823977e-02 9.942556622347619166e-01 9.447136702619708670e-02
1.520621254689207077e+09 6.309840828180313110e-02 2.380001097917556763e-01 6.424238085746765137e-01 -6.122373480226483977e-02 -5.785957804059435605e-02 9.938730691405206485e-01 7.155589397825976028e-02
1.520621254739207983e+09 5.275482684373855591e-02 2.377219349145889282e-01 6.516122817993164062e-01 -1.050790656335714723e-01 -6.032291564411550178e-02 9.919144124190760747e-01 3.775359915408767197e-02
1.520621254789209843e+09 3.827836737036705017e-02 2.368102818727493286e-01 6.573875546455383301e-01 -1.469677658913264018e-01 -5.611430002486936242e-02 9.875449947623864411e-01 -2.558210583480363849e-03
1.520621254839210987e+09 2.159249968826770782e-02 2.347367107868194580e-01 6.600617170333862305e-01 -1.824508095771043004e-01 -4.844213850690131523e-02 9.808622251454685026e-01 -4.769021476380452818e-02
1.520621254889213085e+09 5.874464754015207291e-03 2.316904067993164062e-01 6.619946956634521484e-01 -2.055133342798417528e-01 -3.830415961503550598e-02 9.726998383096977507e-01 -1.007575572433923872e-01
1.520621254939214945e+09 -1.241839863359928131e-02 2.281093448400497437e-01 6.605181097984313965e-01 -2.118142593369425897e-01 -2.407693003203239049e-02 9.639778274209641618e-01 -1.590652986120261736e-01
1.520621254989156961e+09 -3.131489828228950500e-02 2.247668504714965820e-01 6.563155055046081543e-01 -2.034948940948472229e-01 -3.903498170923593892e-03 9.553701894740648237e-01 -2.141083647213390395e-01
1.520621255039159060e+09 -5.017744377255439758e-02 2.229252457618713379e-01 6.495354771614074707e-01 -1.822276303981918699e-01 1.969350942395368259e-02 9.473102715814356589e-01 -2.626947006742531010e-01
1.520621255089159966e+09 -7.308892905712127686e-02 2.228058427572250366e-01 6.405498981475830078e-01 -1.434722894444314667e-01 4.474616125861285293e-02 9.415603846388846954e-01 -3.014589943804412697e-01
1.520621255139162064e+09 -9.476576000452041626e-02 2.241140305995941162e-01 6.308485865592956543e-01 -9.302818835491021010e-02 6.227822642172744366e-02 9.378916085969132288e-01 -3.283694705795012214e-01
1.520621255189163208e+09 -1.147646009922027588e-01 2.278561741113662720e-01 6.220464706420898438e-01 -3.482631977377320665e-02 6.727060696686411323e-02 9.387465148758149525e-01 -3.361796747244484851e-01
1.520621255239165068e+09 -1.313376575708389282e-01 2.329424768686294556e-01 6.148732304573059082e-01 2.306161917294773447e-02 6.041247534796534424e-02 9.440328707022689336e-01 -3.234508209559627256e-01
1.520621255289166927e+09 -1.439719349145889282e-01 2.399185895919799805e-01 6.083645820617675781e-01 7.535508305137644802e-02 4.600051808853812541e-02 9.513370432714213232e-01 -2.952344727390350809e-01
1.520621255339168072e+09 -1.523779779672622681e-01 2.483049482107162476e-01 6.022109985351562500e-01 1.193186690291216656e-01 3.319264878949735459e-02 9.590005078024195218e-01 -2.549104339217155846e-01
1.520621255389440775e+09 -1.563436090946197510e-01 2.582175731658935547e-01 5.969929695129394531e-01 1.510686368007724545e-01 2.858964986543867728e-02 9.662164666161525695e-01 -2.068493135969399488e-01
1.520621255439441681e+09 -1.538565456867218018e-01 2.701139152050018311e-01 5.915951728820800781e-01 1.678703484138392710e-01 3.508794115019181481e-02 9.734884561947344528e-01 -1.513558990090889400e-01
1.520621255489443779e+09 -1.463238894939422607e-01 2.815581262111663818e-01 5.835506319999694824e-01 1.750467312440414369e-01 4.584436955477431963e-02 9.789353009667335348e-01 -9.456538575013746784e-02
1.520621255539445877e+09 -1.364939212799072266e-01 2.930490374565124512e-01 5.769955515861511230e-01 1.742843701923832422e-01 5.317274152430283285e-02 9.825966439311276668e-01 -3.607565939409369815e-02
1.520621255589447737e+09 -1.222715824842453003e-01 3.035531938076019287e-01 5.714820623397827148e-01 1.617425705779003964e-01 5.186149454837254286e-02 9.852294170245163851e-01 2.174217274317267329e-02
1.520621255639448643e+09 -1.047034859657287598e-01 3.141230344772338867e-01 5.689397454261779785e-01 1.372378212125835995e-01 4.191898226585832887e-02 9.865432205796568210e-01 7.836487276156413329e-02
1.520621255689449787e+09 -8.603855222463607788e-02 3.244586288928985596e-01 5.696937441825866699e-01 1.038147668391770501e-01 2.643040590392621569e-02 9.855747805279838625e-01 1.310201504238847348e-01
1.520621255739451647e+09 -6.757679581642150879e-02 3.348053395748138428e-01 5.738456249237060547e-01 6.343990812788692646e-02 7.787864045612354416e-03 9.821755713264781473e-01 1.767650257257876723e-01
1.520621255789279222e+09 -5.099190026521682739e-02 3.450360894203186035e-01 5.805591344833374023e-01 1.721355712531902338e-02 -1.123815602350058604e-02 9.762487530483409115e-01 2.156751480162802936e-01
1.520621255839281559e+09 -3.650151938199996948e-02 3.561339676380157471e-01 5.897015929222106934e-01 -3.116134272043184078e-02 -2.883891300076776160e-02 9.687418639736249393e-01 2.444104924132773082e-01
1.520621255889282465e+09 -2.466939389705657959e-02 3.685898482799530029e-01 6.017622947692871094e-01 -7.715549007636059164e-02 -4.065780549560357032e-02 9.614552466268329045e-01 2.607638432319442368e-01
1.520621255939284325e+09 -1.611513458192348480e-02 3.816068768501281738e-01 6.152291297912597656e-01 -1.189876412827050589e-01 -4.597205716810547071e-02 9.568574349389020739e-01 2.610600704509511982e-01
1.520621255989285469e+09 -1.189575437456369400e-02 3.951406776905059814e-01 6.286547780036926270e-01 -1.594895796336500970e-01 -4.526436916698237806e-02 9.547200657015043612e-01 2.470299719044469211e-01
1.520621256039288521e+09 -1.280778925865888596e-02 4.082798063755035400e-01 6.409714818000793457e-01 -1.940963593880027926e-01 -4.030796570230039955e-02 9.555861489641740425e-01 2.180756361473809024e-01
1.520621256089289427e+09 -1.759176142513751984e-02 4.208115637302398682e-01 6.516931653022766113e-01 -2.224682998119504596e-01 -3.088059043933562633e-02 9.580873125946568480e-01 1.778284177460021376e-01
1.520621256139290571e+09 -2.581844478845596313e-02 4.328831732273101807e-01 6.600060462951660156e-01 -2.410650079403707235e-01 -1.687933114631082199e-02 9.618117710026025113e-01 1.285335259284499099e-01
1.520621256189174414e+09 -3.820360824465751648e-02 4.433444738388061523e-01 6.652295589447021484e-01 -2.479149801933125952e-01 -1.419199371288778480e-03 9.659480272179923332e-01 7.403078537043018825e-02
1.520621256239175320e+09 -5.348963290452957153e-02 4.525094628334045410e-01 6.678274273872375488e-01 -2.463195341825134277e-01 1.073461499407145532e-02 9.689568947559517031e-01 1.827542683337782248e-02
1.520621256289177418e+09 -7.120700180530548096e-02 4.605704545974731445e-01 6.696292161941528320e-01 -2.380036023838572601e-01 1.683785887677103840e-02 9.703480227007541536e-01 -3.867152184087599420e-02
1.520621256339178324e+09 -9.223268926143646240e-02 4.687249064445495605e-01 6.712355613708496094e-01 -2.183277361589766319e-01 1.648921931810035449e-02 9.708875651835086051e-01 -9.715163942010529574e-02
1.520621256389180183e+09 -1.143156886100769043e-01 4.771886467933654785e-01 6.725406050682067871e-01 -1.896791777813668090e-01 1.056124747684096879e-02 9.693924895360869209e-01 -1.555264311907953445e-01
1.520621256439181328e+09 -1.358221173286437988e-01 4.846855401992797852e-01 6.734312176704406738e-01 -1.553133417026096308e-01 9.566548910719859791e-04 9.657013943501908670e-01 -2.080809161136242813e-01
1.520621256489183426e+09 -1.592129021883010864e-01 4.922704398632049561e-01 6.735402941703796387e-01 -1.148856555010542707e-01 -1.068084384125928335e-02 9.615878847522673079e-01 -2.490701620680244310e-01
1.520621256539185286e+09 -1.819339990615844727e-01 4.996813237667083740e-01 6.724303960800170898e-01 -6.750798166230256858e-02 -2.228299508828717954e-02 9.578830515823806291e-01 -2.782196974209480977e-01
1.520621256589282513e+09 -2.051156908273696899e-01 5.074237585067749023e-01 6.699663996696472168e-01 -1.464506237618437220e-02 -2.910356221435941859e-02 9.547018401731477422e-01 -2.957750854694125575e-01
1.520621256639284611e+09 -2.272693663835525513e-01 5.143227577209472656e-01 6.646019220352172852e-01 4.167851660797821517e-02 -2.981233120634617720e-02 9.521661665835103872e-01 -3.012535765348925976e-01
1.520621256689285517e+09 -2.485852241516113281e-01 5.217998027801513672e-01 6.590639948844909668e-01 9.233027672877466840e-02 -2.402219542646925887e-02 9.528177952117609095e-01 -2.881602041467201114e-01
1.520621256739287376e+09 -2.679135799407958984e-01 5.287485122680664062e-01 6.507931947708129883e-01 1.325119793160581538e-01 -1.320486985205980394e-02 9.563721963364417711e-01 -2.600354376321449279e-01
1.520621256789288521e+09 -2.845571339130401611e-01 5.349261164665222168e-01 6.406087875366210938e-01 1.608157589099112605e-01 6.983512943769823672e-04 9.621662998833478975e-01 -2.199404814045986811e-01
1.520621256839290380e+09 -2.985015809535980225e-01 5.407624244689941406e-01 6.309018135070800781e-01 1.793430286799540807e-01 1.561490063554644460e-02 9.690214927988878291e-01 -1.690845925442600872e-01
1.520621256889292479e+09 -3.081052303314208984e-01 5.459155440330505371e-01 6.192746758460998535e-01 1.893189495378039544e-01 2.820032195675173034e-02 9.753550608553788193e-01 -1.097523687727891828e-01
1.520621256939293623e+09 -3.145616352558135986e-01 5.487557649612426758e-01 6.085315942764282227e-01 1.900185866350825037e-01 3.429334845530015302e-02 9.801494085615589658e-01 -4.498933075024774686e-02
1.520621256989232540e+09 -3.170147538185119629e-01 5.484248995780944824e-01 5.992891192436218262e-01 1.835008013169932839e-01 3.063944557862360168e-02 9.823372417230391562e-01 2.005551830861811852e-02
1.520621257039233446e+09 -3.178273439407348633e-01 5.464752912521362305e-01 5.923790335655212402e-01 1.667677180599210496e-01 2.125986686549151405e-02 9.825063445152039110e-01 8.011135538311461857e-02
1.520621257089235544e+09 -3.165254592895507812e-01 5.429520010948181152e-01 5.883343815803527832e-01 1.445553597473797913e-01 1.061419767687985308e-02 9.806414820121759357e-01 1.316562589964673513e-01
1.520621257139237404e+09 -3.156887590885162354e-01 5.383798480033874512e-01 5.874200463294982910e-01 1.180868529532818623e-01 2.467001805449282707e-03 9.765142866233967878e-01 1.801922780867161178e-01
1.520621257189239502e+09 -3.165337145328521729e-01 5.340965390205383301e-01 5.891035199165344238e-01 8.709819136667394657e-02 -1.789962927700982634e-03 9.704478084328889143e-01 2.250372240345465957e-01
1.520621257239240646e+09 -3.172075450420379639e-01 5.276457071304321289e-01 5.920855402946472168e-01 5.002395713631812429e-02 -2.772821526434132364e-03 9.623432572587704570e-01 2.671804079302714241e-01
1.520621257289242506e+09 -3.178334534168243408e-01 5.205979347229003906e-01 5.962615013122558594e-01 9.542204080050983514e-03 -4.525980741591589113e-03 9.530601738359453234e-01 3.025967066698165286e-01
1.520621257339243412e+09 -3.195051550865173340e-01 5.129590630531311035e-01 6.019432544708251953e-01 -3.573353523507178525e-02 -5.127164907515548847e-03 9.436010546507601626e-01 3.291107356218998525e-01
1.520621257389245510e+09 -3.214689493179321289e-01 5.053009986877441406e-01 6.084480285644531250e-01 -8.352504156502582600e-02 -7.762516720186737190e-04 9.349304458210859758e-01 3.448594298285720394e-01
1.520621257439370394e+09 -3.244048058986663818e-01 4.984093904495239258e-01 6.149040460586547852e-01 -1.276741480271093021e-01 9.194430934068143976e-03 9.297385255113501668e-01 3.452550485443059425e-01
1.520621257489371538e+09 -3.290214240550994873e-01 4.920726120471954346e-01 6.213483214378356934e-01 -1.632120235392903740e-01 2.291024369793993182e-02 9.297305509406672552e-01 3.292993452065681170e-01
1.520621257539372444e+09 -3.358438014984130859e-01 4.856669604778289795e-01 6.268457174301147461e-01 -1.875947608884604989e-01 3.952739911635914927e-02 9.354505015515707234e-01 2.969480586789756682e-01
1.520621257589378357e+09 -3.450927436351776123e-01 4.800647497177124023e-01 6.300333142280578613e-01 -2.062496831452864665e-01 6.180810154814553314e-02 9.423935965995359210e-01 2.559983122477064166e-01
1.520621257639375448e+09 -3.554638326168060303e-01 4.743914902210235596e-01 6.315645575523376465e-01 -2.236654065831431837e-01 8.539180833940585025e-02 9.475288578030464093e-01 2.118279693453576085e-01
1.520621257689377308e+09 -3.685960173606872559e-01 4.703257083892822266e-01 6.324078440666198730e-01 -2.329202885797820588e-01 1.017691789048466022e-01 9.536466579683909872e-01 1.610876318612420588e-01
1.520621257739378214e+09 -3.834609389305114746e-01 4.680782556533813477e-01 6.323673129081726074e-01 -2.332803372537395614e-01 1.060259154350423477e-01 9.603509551229398866e-01 1.098400314156903063e-01
1.520621257789380550e+09 -4.013223350048065186e-01 4.673687517642974854e-01 6.319625377655029297e-01 -2.192077015726879852e-01 9.935266411491844307e-02 9.691051730499827821e-01 5.396475954037693173e-02
1.520621257839359999e+09 -4.199446439743041992e-01 4.679888188838958740e-01 6.307632923126220703e-01 -1.938545166782185414e-01 8.417297410589569262e-02 9.774046241389849898e-01 -3.941764243585584374e-03
1.520621257889358282e+09 -4.387784302234649658e-01 4.695237278938293457e-01 6.283624768257141113e-01 -1.585704303963711148e-01 6.434329265311895807e-02 9.834849920230318565e-01 -5.892902306946654761e-02
1.520621257939359426e+09 -4.572248160839080811e-01 4.715123176574707031e-01 6.274982690811157227e-01 -1.146302252142335776e-01 4.445266546919808548e-02 9.865082706244211463e-01 -1.080985845866259121e-01
1.520621257989361286e+09 -4.741189479827880859e-01 4.739207029342651367e-01 6.268183588981628418e-01 -6.508209389037411530e-02 2.756110135396229455e-02 9.866517528576950191e-01 -1.467072776989574168e-01
1.520621258039362192e+09 -4.898434579372406006e-01 4.762124121189117432e-01 6.243706345558166504e-01 -1.070509133844999711e-02 1.802279504129641191e-02 9.843870397808054395e-01 -1.747648013471762851e-01
1.520621258089364290e+09 -5.029552578926086426e-01 4.805786311626434326e-01 6.203602552413940430e-01 4.289725932477781584e-02 1.840744439066988036e-02 9.811313805917059039e-01 -1.876225070497680170e-01
1.520621258139366150e+09 -5.145158171653747559e-01 4.851803481578826904e-01 6.149131655693054199e-01 9.078795148239614254e-02 2.563072465949079587e-02 9.781393665867516019e-01 -1.853213246022371308e-01
1.520621258189367056e+09 -5.236575007438659668e-01 4.900763332843780518e-01 6.084390282630920410e-01 1.284386177712330546e-01 3.186976065619750997e-02 9.771583372918165589e-01 -1.662811585292339467e-01
1.520621258239450693e+09 -5.308234095573425293e-01 4.932347238063812256e-01 6.024553179740905762e-01 1.563949742397795217e-01 3.620956485108588890e-02 9.783984475391594993e-01 -1.302534348829093303e-01
1.520621258289451599e+09 -5.341367721557617188e-01 4.962584078311920166e-01 5.954653024673461914e-01 1.736091260945878123e-01 3.818499045271869785e-02 9.808253595598317442e-01 -7.989613185333815926e-02
1.520621258339453459e+09 -5.340875387191772461e-01 4.983081817626953125e-01 5.880709886550903320e-01 1.812775236135399093e-01 3.590155670516825132e-02 9.824434259128023150e-01 -2.558227002055142932e-02
1.520621258389454603e+09 -5.301039814949035645e-01 4.985270798206329346e-01 5.831974744796752930e-01 1.793173438385617380e-01 3.159692684071584157e-02 9.828278994149384218e-01 2.993734364510619930e-02
1.520621258439456701e+09 -5.234470963478088379e-01 4.981036484241485596e-01 5.783557295799255371e-01 1.690950326523068259e-01 2.780873776802435943e-02 9.817001429742332475e-01 8.305644659166795674e-02
1.520621258489458561e+09 -5.157822966575622559e-01 4.970755577087402344e-01 5.752261281013488770e-01 1.552976025413908556e-01 2.623187113373599486e-02 9.788265531732796010e-01 1.307406684419058496e-01
1.520621258539459705e+09 -5.070323348045349121e-01 4.942242205142974854e-01 5.740633606910705566e-01 1.292417156401198253e-01 2.565125851383649735e-02 9.752191584148953707e-01 1.777250261938308207e-01
1.520621258589461565e+09 -4.968061149120330811e-01 4.904485344886779785e-01 5.745821595191955566e-01 9.038450398950184650e-02 2.054338491075036882e-02 9.707630690178560284e-01 2.214219379510843355e-01
1.520621258639407635e+09 -4.871404469013214111e-01 4.849909245967864990e-01 5.780040025711059570e-01 4.187277459360001786e-02 6.347226172105809722e-03 9.646829064174090584e-01 2.599870641663041271e-01
1.520621258689409733e+09 -4.775984585285186768e-01 4.795241057872772217e-01 5.840198993682861328e-01 -9.420427134459513283e-03 -1.368278678475044578e-02 9.575744502109547751e-01 2.877068111838769204e-01
1.520621258739410877e+09 -4.696914851665496826e-01 4.737326800823211670e-01 5.912525653839111328e-01 -5.950769506482820465e-02 -3.235247038856976787e-02 9.509886658147594929e-01 3.017162729779283570e-01
1.520621258789412737e+09 -4.634751379489898682e-01 4.685716629028320312e-01 5.997537374496459961e-01 -1.078035766815231278e-01 -4.541357706890583601e-02 9.464119105331617599e-01 3.010323761216528449e-01
1.520621258839414597e+09 -4.603271186351776123e-01 4.648748338222503662e-01 6.082881093025207520e-01 -1.512644840113455125e-01 -5.207155483592052631e-02 9.448948209841357970e-01 2.856245548462337802e-01
1.520621258889415741e+09 -4.602617919445037842e-01 4.626021981239318848e-01 6.159659028053283691e-01 -1.825999597748967362e-01 -5.382065416545828151e-02 9.474690453645179256e-01 2.570272358164742421e-01
1.520621258939417601e+09 -4.645850062370300293e-01 4.612098932266235352e-01 6.230809688568115234e-01 -1.962643744033230886e-01 -5.342719043989500871e-02 9.550812992651429578e-01 2.155122791299323715e-01
1.520621258989418745e+09 -4.737614393234252930e-01 4.614841639995574951e-01 6.285024881362915039e-01 -1.923446424527819332e-01 -5.006668876447135930e-02 9.666702932619198885e-01 1.613859018650226906e-01
1.520621259039252520e+09 -4.874490201473236084e-01 4.613698422908782959e-01 6.327632069587707520e-01 -1.807787101284851761e-01 -4.513239440427788823e-02 9.770679370876012015e-01 1.030551854832993941e-01
1.520621259089253664e+09 -5.053929090499877930e-01 4.613692462444305420e-01 6.364164352416992188e-01 -1.624601064969561082e-01 -4.325921909828164130e-02 9.849056179223758534e-01 4.118589011964585850e-02
1.520621259139255762e+09 -5.247955322265625000e-01 4.621343612670898438e-01 6.389879584312438965e-01 -1.433774137391674308e-01 -4.629093100340756634e-02 9.883933005213080270e-01 -1.946151126970217110e-02
1.520621259189257622e+09 -5.456578731536865234e-01 4.634389579296112061e-01 6.419724225997924805e-01 -1.223378437341491876e-01 -5.449094435633280997e-02 9.880841630098287087e-01 -7.585430629041689521e-02
1.520621259239258766e+09 -5.655640363693237305e-01 4.656329452991485596e-01 6.450712084770202637e-01 -9.981513960670301833e-02 -6.120398301656741064e-02 9.849397590633847122e-01 -1.272190291755275759e-01
1.520621259289260626e+09 -5.841535329818725586e-01 4.688024818897247314e-01 6.484859585762023926e-01 -7.403929738463665977e-02 -6.525475057499979803e-02 9.803058984597291525e-01 -1.710565561890196318e-01
1.520621259339261532e+09 -6.011646986007690430e-01 4.717030823230743408e-01 6.520917415618896484e-01 -3.834807763142770304e-02 -6.617737372276498442e-02 9.746068437428685449e-01 -2.104554116165593958e-01
1.520621259389263630e+09 -6.156187057495117188e-01 4.741904437541961670e-01 6.552460193634033203e-01 2.887413758108285482e-03 -6.056495590398751350e-02 9.682024452740232157e-01 -2.427088253927727479e-01
1.520621259439270735e+09 -6.269630193710327148e-01 4.764611124992370605e-01 6.563290953636169434e-01 4.480797346121832142e-02 -4.977347614265957565e-02 9.617536494893732524e-01 -2.656026435878357517e-01
1.520621259489310741e+09 -6.338924765586853027e-01 4.793671965599060059e-01 6.551519036293029785e-01 8.187232929068874454e-02 -3.791488370126867846e-02 9.574990017666474840e-01 -2.739617581092473886e-01
1.520621259539273500e+09 -6.350430250167846680e-01 4.827216267585754395e-01 6.505784392356872559e-01 1.151789630351667953e-01 -2.765066128713127708e-02 9.554628564165335014e-01 -2.702960921154556329e-01
1.520621259589275837e+09 -6.302361488342285156e-01 4.866021275520324707e-01 6.429155468940734863e-01 1.414717817119449383e-01 -2.310280580731550668e-02 9.553296718045113378e-01 -2.584515689891663803e-01
1.520621259639276743e+09 -6.196672916412353516e-01 4.913361370563507080e-01 6.320197582244873047e-01 1.568023483000645091e-01 -2.328379893074353224e-02 9.579290262388535648e-01 -2.392548201479328396e-01
1.520621259689278841e+09 -6.023063063621520996e-01 4.966776371002197266e-01 6.177534461021423340e-01 1.595549335129970436e-01 -2.598206909733139641e-02 9.621719119205129900e-01 -2.192997199914063500e-01
1.520621259739280701e+09 -5.793739557266235352e-01 5.019490718841552734e-01 6.010396480560302734e-01 1.506222183228652367e-01 -2.785589536266826552e-02 9.677847590130471689e-01 -1.998240642743047413e-01
1.520621259789281607e+09 -5.516722202301025391e-01 5.059552192687988281e-01 5.848922133445739746e-01 1.372525527942982937e-01 -2.645067282855382423e-02 9.727514279644235984e-01 -1.849777231223802831e-01
1.520621259839283705e+09 -5.203332304954528809e-01 5.086188912391662598e-01 5.690471529960632324e-01 1.225952653307176982e-01 -1.996477196574632934e-02 9.772640454708048097e-01 -1.718336236854813570e-01
1.520621259889309645e+09 -4.855159521102905273e-01 5.078925490379333496e-01 5.536392331123352051e-01 1.103085579416765993e-01 -1.048248821839782054e-02 9.808745401367570116e-01 -1.600227358755137996e-01
1.520621259939311743e+09 -4.476099312305450439e-01 5.048598051071166992e-01 5.390754938125610352e-01 9.892696856265188743e-02 -2.258702935414861473e-03 9.840709987193505537e-01 -1.476909700406688064e-01
1.520621259989312649e+09 -4.063991904258728027e-01 4.999832212924957275e-01 5.241072177886962891e-01 9.019945250419718341e-02 2.813163349121638318e-03 9.867465751377986205e-01 -1.348604513329955401e-01
1.520621260039314508e+09 -3.618635535240173340e-01 4.932491481304168701e-01 5.091105699539184570e-01 8.159137185047224405e-02 5.612262761844885595e-03 9.891969158864931666e-01 -1.216585884633717418e-01
1.520621260089316607e+09 -3.146353363990783691e-01 4.852259457111358643e-01 4.930915236473083496e-01 7.405140287140594968e-02 8.020810822140050228e-03 9.914333272788651286e-01 -1.072940533640660415e-01
1.520621260139317513e+09 -2.632979750633239746e-01 4.761454761028289795e-01 4.760909080505371094e-01 6.807581108978869033e-02 1.374757337313053419e-02 9.934494761152494746e-01 -9.074594523808965363e-02
1.520621260189319611e+09 -2.094447016716003418e-01 4.669107198715209961e-01 4.579989612102508545e-01 6.541976031176946482e-02 2.277186035473732773e-02 9.948842663035332157e-01 -7.353226501621969169e-02
1.520621260239320755e+09 -1.529992073774337769e-01 4.572783708572387695e-01 4.406651258468627930e-01 6.441229332706847888e-02 3.344699611047625282e-02 9.957997413776358275e-01 -5.581424541966695241e-02
1.520621260289389610e+09 -9.437258541584014893e-02 4.473218917846679688e-01 4.249436259269714355e-01 6.305147718579139082e-02 4.411020137696277515e-02 9.963269847316653660e-01 -3.756781674094646084e-02
1.520621260339390516e+09 -3.400313109159469604e-02 4.370985925197601318e-01 4.105750918388366699e-01 6.303724620129963485e-02 5.218930148051376117e-02 9.964492875268956551e-01 -1.978382646190588595e-02
1.520621260389392853e+09 2.743920125067234039e-02 4.262390434741973877e-01 3.983593583106994629e-01 6.476300737850557154e-02 5.642760355972326752e-02 9.962950015076635912e-01 -4.236555516348329033e-03
1.520621260439394712e+09 8.913522958755493164e-02 4.148486852645874023e-01 3.881133496761322021e-01 6.850611985347969390e-02 5.770652218560547164e-02 9.959533551551623676e-01 7.333702682676878672e-03
1.520621260489396572e+09 1.517816185951232910e-01 4.030258655548095703e-01 3.778477907180786133e-01 7.137472810292716519e-02 5.745192522777247540e-02 9.956412747818755848e-01 1.741770440032776313e-02
1.520621260539397717e+09 2.141393125057220459e-01 3.913510143756866455e-01 3.695111572742462158e-01 7.218103447818906282e-02 5.622211525913176772e-02 9.954476985886424600e-01 2.669927699438318092e-02
1.520621260589399576e+09 2.771813571453094482e-01 3.806973695755004883e-01 3.622106909751892090e-01 7.143843959658026377e-02 5.563162298839739728e-02 9.951774534543573747e-01 3.772940508122140518e-02
1.520621260639401674e+09 3.398247063159942627e-01 3.705687224864959717e-01 3.566829860210418701e-01 7.131213826341570305e-02 5.597058947154097408e-02 9.946766235990306404e-01 4.899271901150417663e-02
1.520621260689657211e+09 4.015903472900390625e-01 3.610056638717651367e-01 3.546791672706604004e-01 6.964524278298156457e-02 5.759136663184823840e-02 9.940280715290442659e-01 6.116345035578633904e-02
1.520621260739658117e+09 4.624675512313842773e-01 3.511090874671936035e-01 3.553429841995239258e-01 6.582090734188192349e-02 5.872091783090740980e-02 9.932171295765778174e-01 7.575747805629846898e-02
1.520621260789660215e+09 5.228217244148254395e-01 3.403582572937011719e-01 3.596464097499847412e-01 6.009322804684039815e-02 5.527029986546529855e-02 9.924000527545514538e-01 9.206591762675046808e-02
1.520621260839661121e+09 5.827118754386901855e-01 3.282610774040222168e-01 3.691993951797485352e-01 5.619575096958475541e-02 4.882351693495150941e-02 9.915157580710820540e-01 1.065589192127739532e-01
1.520621260889662981e+09 6.395860910415649414e-01 3.148170113563537598e-01 3.825598955154418945e-01 5.176335774120688349e-02 4.448517957149633606e-02 9.902007368112625274e-01 1.218364658559998592e-01
1.520621260939664125e+09 6.943739652633666992e-01 2.997857630252838135e-01 3.988133072853088379e-01 4.427792181915374270e-02 4.465436240806544554e-02 9.881656281510633466e-01 1.399076298781469774e-01
1.520621260989666224e+09 7.465222477912902832e-01 2.843334078788757324e-01 4.170554578304290771e-01 4.044801394155921742e-02 4.299215975401112638e-02 9.864550577044355339e-01 1.530426460082543738e-01
1.520621261039668083e+09 7.967082858085632324e-01 2.695311307907104492e-01 4.359613955020904541e-01 3.741872403579038497e-02 3.825964873691026918e-02 9.851554280833305643e-01 1.631098430138765154e-01
1.520621261089677811e+09 8.439230322837829590e-01 2.561124265193939209e-01 4.575713574886322021e-01 3.164719750322050190e-02 3.312981831983308895e-02 9.834933156953993283e-01 1.750479020461445379e-01
1.520621261139752865e+09 8.901540637016296387e-01 2.436862885951995850e-01 4.789751470088958740e-01 2.327742021030609204e-02 2.843363914051512398e-02 9.815271949335615531e-01 1.877606334656810316e-01
1.520621261189681053e+09 9.350718259811401367e-01 2.331018298864364624e-01 5.002524852752685547e-01 1.783830051854480223e-02 2.216932100671288597e-02 9.797485131042972251e-01 1.981998166261266237e-01
1.520621261239681959e+09 9.749068617820739746e-01 2.249475270509719849e-01 5.216929912567138672e-01 1.376826706713527373e-02 1.615075678984674926e-02 9.783314529126573289e-01 2.059542573458779113e-01
1.520621261289683819e+09 1.009681701660156250e+00 2.187906950712203979e-01 5.439606904983520508e-01 6.960076315537446802e-03 1.186422171551519168e-02 9.769835522077446877e-01 2.128707032362696372e-01
1.520621261339685917e+09 1.037628412246704102e+00 2.141697257757186890e-01 5.679642558097839355e-01 -1.974877106247856749e-03 3.868217157908576589e-03 9.759268879183005119e-01 2.180546862475914727e-01
1.520621261389686823e+09 1.059696197509765625e+00 2.114654630422592163e-01 5.937001109123229980e-01 -1.072843059702325262e-02 -6.347504710560306247e-03 9.760295441914953463e-01 2.172807833799763888e-01
1.520621261439688683e+09 1.073149800300598145e+00 2.104439735412597656e-01 6.210906505584716797e-01 -1.855894499306532178e-02 -1.055945892458742472e-02 9.766714302545833615e-01 2.136749417045217814e-01
1.520621261489449024e+09 1.080303430557250977e+00 2.102699130773544312e-01 6.475918292999267578e-01 -2.792772275277417490e-02 -8.371496564360940765e-03 9.760449518516169931e-01 2.156066147224891816e-01
1.520621261539450884e+09 1.081962823867797852e+00 2.095547169446945190e-01 6.734468936920166016e-01 -3.502388560231579212e-02 -6.772657642071086906e-03 9.754247952845748193e-01 2.174256822222814522e-01
1.520621261589452028e+09 1.076374411582946777e+00 2.093236744403839111e-01 6.989109516143798828e-01 -3.902813226186076928e-02 -1.031742193801897696e-02 9.754994027921431998e-01 2.162666660603892455e-01
1.520621261639454126e+09 1.064996957778930664e+00 2.091678678989410400e-01 7.241237759590148926e-01 -3.994377935754004488e-02 -1.621038223915789028e-02 9.767785923900833556e-01 2.098697201759795461e-01
1.520621261689455986e+09 1.046445131301879883e+00 2.084849625825881958e-01 7.480445504188537598e-01 -3.967209548718136913e-02 -2.239675456299167200e-02 9.782348314295179481e-01 2.024379529701970937e-01
1.520621261739457130e+09 1.021368980407714844e+00 2.071978896856307983e-01 7.691494822502136230e-01 -3.972217191717225537e-02 -2.960117720859379437e-02 9.794334751609989898e-01 1.955913778776993961e-01
1.520621261789458990e+09 9.904964566230773926e-01 2.054788172245025635e-01 7.874750494956970215e-01 -4.008399073326299883e-02 -3.792144122305429049e-02 9.797198759139370550e-01 1.926245122554297029e-01
1.520621261839460135e+09 9.555561542510986328e-01 2.028634250164031982e-01 8.003668189048767090e-01 -4.163869145620259504e-02 -4.449127640042395415e-02 9.796206783187565437e-01 1.913898437963086618e-01
1.520621261889461994e+09 9.165620803833007812e-01 1.999290734529495239e-01 8.071516156196594238e-01 -4.446486175566410209e-02 -4.804574503340772185e-02 9.793233041494068258e-01 1.914166878909018543e-01
1.520621261939325809e+09 8.733183145523071289e-01 1.960516124963760376e-01 8.074762225151062012e-01 -4.672114763542445370e-02 -5.116050515150553923e-02 9.787950776484961590e-01 1.927691185002051166e-01
1.520621261989326954e+09 8.259630799293518066e-01 1.899282783269882202e-01 8.014471530914306641e-01 -4.758028897443213751e-02 -5.504274181881842198e-02 9.787299301575594912e-01 1.918179774889601230e-01
1.520621262039327860e+09 7.755607962608337402e-01 1.818474680185317993e-01 7.897760272026062012e-01 -4.730883167677334133e-02 -5.841757266951444483e-02 9.791741816063106452e-01 1.885926396347227807e-01
1.520621262089329958e+09 7.235637307167053223e-01 1.728962808847427368e-01 7.719457149505615234e-01 -4.709171278765210411e-02 -5.893070341691625941e-02 9.799380430234493344e-01 1.844748617478408070e-01
1.520621262139331818e+09 6.695597171783447266e-01 1.632743775844573975e-01 7.494222521781921387e-01 -4.582755809684149056e-02 -5.604450901451905886e-02 9.810934824288224387e-01 1.794837782750524913e-01
1.520621262189332724e+09 6.138958334922790527e-01 1.527113467454910278e-01 7.223194837570190430e-01 -4.279676717369581412e-02 -4.936060185493470337e-02 9.827489010146017723e-01 1.730218635276815908e-01
1.520621262239336014e+09 5.575592517852783203e-01 1.421442329883575439e-01 6.915754675865173340e-01 -4.057486900273792052e-02 -3.800644910666970550e-02 9.850029459633852236e-01 1.633351960698162519e-01
1.520621262289336920e+09 5.014590620994567871e-01 1.319037079811096191e-01 6.586651206016540527e-01 -4.175698408229784608e-02 -2.156656620167759358e-02 9.868999775366571470e-01 1.543362298385088927e-01
1.520621262339380503e+09 4.452170431613922119e-01 1.223166286945343018e-01 6.245494484901428223e-01 -4.340100605587134119e-02 -1.660908201954482220e-03 9.887513988321537939e-01 1.431232523552410374e-01
1.520621262389382601e+09 3.879829645156860352e-01 1.131499335169792175e-01 5.893911123275756836e-01 -4.611910077369044819e-02 1.913369609532776169e-02 9.903582807766510010e-01 1.292184426259426477e-01
1.520621262439383507e+09 3.291027843952178955e-01 1.046657189726829529e-01 5.537774562835693359e-01 -4.824633575307468031e-02 3.645973409988895186e-02 9.915271933710809726e-01 1.149643583091465998e-01
1.520621262489385605e+09 2.683937549591064453e-01 9.595704078674316406e-02 5.185256004333496094e-01 -5.091777142601138645e-02 4.670070549624414508e-02 9.924716492283504055e-01 1.011259122931395804e-01
1.520621262539386511e+09 2.064450234174728394e-01 8.772574365139007568e-02 4.844158291816711426e-01 -5.748897815862943211e-02 4.848838618583347498e-02 9.929926438518900111e-01 9.115647564163376071e-02
1.520621262589388371e+09 1.434302031993865967e-01 8.013769984245300293e-02 4.510722160339355469e-01 -6.375404917139933236e-02 4.067995223615570449e-02 9.935717153763671261e-01 8.423662567065574869e-02
1.520621262639390469e+09 7.952941954135894775e-02 7.296855747699737549e-02 4.200506806373596191e-01 -6.532927092801354974e-02 2.705827144264099163e-02 9.944582401645761793e-01 7.779938865649720092e-02
1.520621262689391375e+09 1.426367461681365967e-02 6.596862524747848511e-02 3.914328515529632568e-01 -5.895104787753270570e-02 1.449971685937864740e-02 9.955300323034513843e-01 7.234975429832410376e-02
1.520621262739526033e+09 -5.267192423343658447e-02 5.855226144194602966e-02 3.644356727600097656e-01 -5.384405309086002372e-02 4.901801217095044100e-03 9.963809213410675936e-01 6.558848892223541338e-02
1.520621262789528131e+09 -1.221889108419418335e-01 5.027819797396659851e-02 3.394911885261535645e-01 -5.448572891791146622e-02 -1.134930295193125272e-05 9.970216401785563232e-01 5.458162906270484782e-02
1.520621262839529037e+09 -1.938865035772323608e-01 3.890236467123031616e-02 3.160558938980102539e-01 -5.536749601388660930e-02 -2.946512350495276338e-04 9.977427076609139966e-01 3.799793251309806913e-02
1.520621262889530897e+09 -2.669278085231781006e-01 2.471738122403621674e-02 2.950948178768157959e-01 -5.502002879242683803e-02 3.491469544973076732e-03 9.982575448428492315e-01 2.103521419962097252e-02
1.520621262939533234e+09 -3.415460586547851562e-01 8.363851346075534821e-03 2.756716907024383545e-01 -5.367786906484506293e-02 7.747185484058826191e-03 9.985274159372423686e-01 1.291166691812666890e-03
1.520621262989534140e+09 -4.159820079803466797e-01 -1.002013217657804489e-02 2.597975134849548340e-01 -5.257274434508127370e-02 8.839701984024655318e-03 9.983638839101489637e-01 -2.067659364361195545e-02
1.520621263039535999e+09 -4.905142486095428467e-01 -3.000463731586933136e-02 2.477420568466186523e-01 -5.167580673008850822e-02 8.587306206743380507e-03 9.977115804431022639e-01 -4.274893473097744062e-02
1.520621263089537144e+09 -5.646136403083801270e-01 -4.999911785125732422e-02 2.408401370048522949e-01 -4.689651588083668804e-02 8.699424305890319023e-03 9.967373908899266333e-01 -6.511229082843091043e-02
1.520621263139531851e+09 -6.370175480842590332e-01 -6.887671351432800293e-02 2.391506731510162354e-01 -4.093667296720798071e-02 1.199081669093520972e-02 9.951919437900444976e-01 -8.816691066864611181e-02
1.520621263189532757e+09 -7.077296376228332520e-01 -8.554130792617797852e-02 2.441900670528411865e-01 -3.486266623952973681e-02 2.311044487115283125e-02 9.928956319510860995e-01 -1.113946403243079031e-01
1.520621263239534616e+09 -7.776075601577758789e-01 -9.930568933486938477e-02 2.545962035655975342e-01 -2.669911131858423645e-02 4.120575706537162736e-02 9.898161460013567003e-01 -1.336160175820560458e-01
1.520621263289536953e+09 -8.470410108566284180e-01 -1.095816567540168762e-01 2.687523365020751953e-01 -1.806562323467772804e-02 5.941246218304434279e-02 9.863014432689325428e-01 -1.528177201770521965e-01
1.520621263339537859e+09 -9.135259389877319336e-01 -1.152502968907356262e-01 2.892824411392211914e-01 -7.682785901485015244e-03 7.383927297660529410e-02 9.829576668100451498e-01 -1.681753900736682183e-01
1.520621263389539719e+09 -9.744067192077636719e-01 -1.161637157201766968e-01 3.162455856800079346e-01 2.386353413124364491e-03 8.362413088479964118e-02 9.805728068961407917e-01 -1.774211949767370844e-01
1.520621263439540863e+09 -1.028048634529113770e+00 -1.118724793195724487e-01 3.488507866859436035e-01 1.057236742119689078e-02 9.078363392216996786e-02 9.793913432424413701e-01 -1.801087272753960633e-01
1.520621263489542723e+09 -1.072764396667480469e+00 -1.037592589855194092e-01 3.860958218574523926e-01 2.279981766014519198e-02 9.751404742714561702e-02 9.785646120743946019e-01 -1.799513235981615167e-01
1.520621263539738894e+09 -1.109622001647949219e+00 -9.047903120517730713e-02 4.255909621715545654e-01 3.581978001284203544e-02 1.025561762870252358e-01 9.782604556403368123e-01 -1.766512241553301887e-01
1.520621263589739799e+09 -1.137855648994445801e+00 -7.176709920167922974e-02 4.648627936840057373e-01 4.544844331441632440e-02 1.030108820872938924e-01 9.790846388915210863e-01 -1.694593374782093487e-01
1.520621263639742136e+09 -1.158535718917846680e+00 -4.799660667777061462e-02 5.035352110862731934e-01 5.258244861438853002e-02 9.843344687546798366e-02 9.806370437399222206e-01 -1.609252344380946997e-01
1.520621263689743042e+09 -1.171787738800048828e+00 -1.941726729273796082e-02 5.397495031356811523e-01 5.663889270330584036e-02 9.062165910096954546e-02 9.828265848626265289e-01 -1.504382093166399259e-01
1.520621263739745140e+09 -1.179597496986389160e+00 1.331220008432865143e-02 5.726923346519470215e-01 6.068485890807415184e-02 8.037973083446002531e-02 9.845789533915542124e-01 -1.430410126805539139e-01
1.520621263789746046e+09 -1.183434963226318359e+00 4.876107722520828247e-02 6.027497053146362305e-01 6.290904182524330313e-02 6.761520087225976472e-02 9.860754217225440321e-01 -1.382964198464334826e-01
1.520621263839747906e+09 -1.183552503585815430e+00 8.632905036211013794e-02 6.302432417869567871e-01 6.259563465018146144e-02 5.451306240884226662e-02 9.874605974382616447e-01 -1.342820950701257288e-01
1.520621263889750004e+09 -1.180096507072448730e+00 1.253952085971832275e-01 6.544969081878662109e-01 5.943262687088331914e-02 4.362279356571172745e-02 9.889910380336134343e-01 -1.283025386886218477e-01
1.520621263939842701e+09 -1.174221873283386230e+00 1.662243306636810303e-01 6.767055392265319824e-01 5.586191355812315101e-02 3.626358697559828315e-02 9.901794288718613890e-01 -1.229190689530402919e-01
1.520621263989844561e+09 -1.165496110916137695e+00 2.082162648439407349e-01 6.979719400405883789e-01 5.337578686461529054e-02 3.352415722269100340e-02 9.910046336925638633e-01 -1.180549544024256936e-01
1.520621264039845705e+09 -1.153333425521850586e+00 2.507043182849884033e-01 7.188059091567993164e-01 5.037726587759269736e-02 3.292784306118242549e-02 9.916401019943545947e-01 -1.141393724823404621e-01
1.520621264089847565e+09 -1.138465642929077148e+00 2.943390309810638428e-01 7.385200262069702148e-01 4.523547298950116730e-02 3.140031127100919445e-02 9.927682728860840466e-01 -1.066720618825833383e-01
1.520621264139848471e+09 -1.122169494628906250e+00 3.385063707828521729e-01 7.572250962257385254e-01 3.897749826588890742e-02 2.631194769023106894e-02 9.936825177891006611e-01 -1.018994105870726780e-01
1.520621264189850807e+09 -1.103181242942810059e+00 3.807925283908843994e-01 7.757478356361389160e-01 2.875747574913162588e-02 1.847409365101216130e-02 9.945309859677166076e-01 -9.869059429547095974e-02
1.520621264239852667e+09 -1.083465337753295898e+00 4.218465089797973633e-01 7.930391430854797363e-01 1.611204721023953151e-02 7.397662869140901772e-03 9.955524203672316830e-01 -9.252596835330412217e-02
1.520621264289853573e+09 -1.063664436340332031e+00 4.622287452220916748e-01 8.090165853500366211e-01 8.555531172175988644e-03 -7.282861227863467526e-03 9.963557932393796168e-01 -8.455114485933289126e-02
1.520621264339855671e+09 -1.043973803520202637e+00 5.018029212951660156e-01 8.226215243339538574e-01 4.382387249632350122e-03 -2.137857665963615802e-02 9.966120675209468871e-01 -7.929778063493295170e-02
1.520621264389584780e+09 -1.024136662483215332e+00 5.393014550209045410e-01 8.334412574768066406e-01 5.851025427385563721e-03 -2.966436795275649574e-02 9.963524485121438845e-01 -7.979717488274400139e-02
1.520621264439586878e+09 -1.003627419471740723e+00 5.750088691711425781e-01 8.386973738670349121e-01 7.204406905770594817e-03 -3.104449240162249213e-02 9.961658683617706789e-01 -8.147330068004569881e-02
1.520621264489587784e+09 -9.811301231384277344e-01 6.085575222969055176e-01 8.366932868957519531e-01 6.806911321913282180e-03 -3.058991902919753689e-02 9.961518479822565331e-01 -8.184997601452267957e-02
1.520621264539589643e+09 -9.565224051475524902e-01 6.398591399192810059e-01 8.270521163940429688e-01 8.072958171252656023e-03 -3.255702492034375645e-02 9.963035986306794101e-01 -7.908227886359321668e-02
1.520621264589590788e+09 -9.304465651512145996e-01 6.696864962577819824e-01 8.120542168617248535e-01 1.425899105100515186e-02 -3.746881723065462189e-02 9.960860052675837295e-01 -7.877460897783190863e-02
1.520621264639592886e+09 -9.030131101608276367e-01 6.986425518989562988e-01 7.946782112121582031e-01 1.829291267790912265e-02 -4.328504078047753362e-02 9.956894821536935725e-01 -7.996392761051759890e-02
1.520621264689594030e+09 -8.732212781906127930e-01 7.258476018905639648e-01 7.758548855781555176e-01 1.777515885340071392e-02 -4.783942794901342721e-02 9.955786200118950102e-01 -7.885838088914991217e-02
1.520621264739595890e+09 -8.401086926460266113e-01 7.491656541824340820e-01 7.552002668380737305e-01 1.576317274370784074e-02 -4.971092896453883220e-02 9.958869728882787653e-01 -7.409104640882889503e-02
1.520621264789453983e+09 -8.039855957031250000e-01 7.682358622550964355e-01 7.343140840530395508e-01 1.350728029353195393e-02 -4.930037930213362896e-02 9.964005199687151482e-01 -6.762418048162883999e-02
1.520621264839456081e+09 -7.657350897789001465e-01 7.838810682296752930e-01 7.128300666809082031e-01 9.728818870734332047e-03 -4.744107893929711689e-02 9.969391555241220448e-01 -6.137600748913556170e-02
1.520621264889457941e+09 -7.261174321174621582e-01 7.967718243598937988e-01 6.896572113037109375e-01 4.268101359051341449e-03 -4.504261105200159376e-02 9.974341854242902983e-01 -5.547965615781259852e-02
1.520621264939458847e+09 -6.854695677757263184e-01 8.062887191772460938e-01 6.650696992874145508e-01 -3.464430096107774413e-04 -4.211663887323791045e-02 9.978199743380536946e-01 -5.080716011811841487e-02
1.520621264989461184e+09 -6.441075801849365234e-01 8.122662305831909180e-01 6.385380625724792480e-01 -4.836654829887563310e-03 -3.758975175653388179e-02 9.979580792796542976e-01 -5.141292963255324894e-02
1.520621265039462090e+09 -6.018905639648437500e-01 8.143408298492431641e-01 6.096399426460266113e-01 -1.040113641196858951e-02 -3.123607910103503443e-02 9.980674549262981143e-01 -5.270179447301164694e-02
1.520621265089463949e+09 -5.586752295494079590e-01 8.131110668182373047e-01 5.790160298347473145e-01 -1.865412244575307896e-02 -2.410367997575069490e-02 9.979026644619920505e-01 -5.710786799612282277e-02
1.520621265139465094e+09 -5.140631198883056641e-01 8.081896901130676270e-01 5.471738576889038086e-01 -2.707997378743266792e-02 -1.584930742386057509e-02 9.973985706594987732e-01 -6.489657710730784013e-02
1.520621265189616442e+09 -4.692772924900054932e-01 7.988485693931579590e-01 5.151033997535705566e-01 -3.166200777285255868e-02 -7.893826342901023169e-03 9.966491463938816908e-01 -7.500455827352717209e-02
1.520621265239617586e+09 -4.229820966720581055e-01 7.850730419158935547e-01 4.832152724266052246e-01 -3.688724899115532196e-02 -4.818264036997831068e-04 9.960554338763228932e-01 -8.070112360203879343e-02
1.520621265289619446e+09 -3.748021423816680908e-01 7.680703401565551758e-01 4.525270462036132812e-01 -4.144966065912156217e-02 5.829536125542871851e-03 9.957398974589085627e-01 -8.215837600833583720e-02
1.520621265339621544e+09 -3.259117305278778076e-01 7.475006580352783203e-01 4.230489134788513184e-01 -4.547070838690821931e-02 1.221453146203502725e-02 9.956012426301023011e-01 -8.100238004745344278e-02
1.520621265389622688e+09 -2.762016654014587402e-01 7.224489450454711914e-01 3.952125310897827148e-01 -4.829748216261574995e-02 1.909069665094254367e-02 9.956447211766006333e-01 -7.742407707750163792e-02
1.520621265439624548e+09 -2.265615165233612061e-01 6.932300925254821777e-01 3.678531944751739502e-01 -4.939045351948233992e-02 2.492273768734817180e-02 9.957989984632802383e-01 -7.296433996710562087e-02
1.520621265489626408e+09 -1.766619235277175903e-01 6.596601009368896484e-01 3.416276574134826660e-01 -4.928231554705654605e-02 3.014866600246364145e-02 9.960008744149355664e-01 -6.815107832804864763e-02
1.520621265539627552e+09 -1.268330067396163940e-01 6.215173006057739258e-01 3.172584176063537598e-01 -4.839776974455001907e-02 3.570061382127954347e-02 9.961413870022299832e-01 -6.391759662104871953e-02
1.520621265589982033e+09 -7.660630345344543457e-02 5.789751410484313965e-01 2.941289842128753662e-01 -4.588154741036654799e-02 4.135523770419838319e-02 9.963394485233716402e-01 -5.909594941959404185e-02
1.520621265639983892e+09 -2.605994604527950287e-02 5.336976647377014160e-01 2.738503515720367432e-01 -4.471687537933004969e-02 4.934622278844050941e-02 9.962817292175403239e-01 -5.466321779890665616e-02
1.520621265689984798e+09 2.564573474228382111e-02 4.857736527919769287e-01 2.560050189495086670e-01 -4.331020840653992954e-02 6.042780117120201411e-02 9.959951843766802204e-01 -4.966185046752128601e-02
1.520621265739985943e+09 7.807180285453796387e-02 4.364891052246093750e-01 2.411401271820068359e-01 -3.985685353253482638e-02 7.413416115223028791e-02 9.953753625131899208e-01 -4.629735498359705687e-02
1.520621265789992094e+09 1.310170739889144897e-01 3.870634436607360840e-01 2.284570336341857910e-01 -3.959464611769271392e-02 8.785139674891170869e-02 9.943245542465651843e-01 -4.508965413982893994e-02
1.520621265839989901e+09 1.839771866798400879e-01 3.384257853031158447e-01 2.180290073156356812e-01 -4.260514847356304535e-02 9.946528475838388450e-02 9.931139151986938529e-01 -4.490222589360953059e-02
1.520621265889991045e+09 2.366389185190200806e-01 2.899622023105621338e-01 2.094541639089584351e-01 -4.637277721547085341e-02 1.093092376440401026e-01 9.918895043343607387e-01 -4.534608351709532720e-02
1.520621265939991951e+09 2.887465059757232666e-01 2.423481196165084839e-01 2.015997171401977539e-01 -4.772161502954775508e-02 1.181903807098011877e-01 9.908551776489853413e-01 -4.426847967619899904e-02
1.520621265990137100e+09 3.411267697811126709e-01 1.961699426174163818e-01 1.944095939397811890e-01 -4.593328783944169297e-02 1.262665593423132337e-01 9.900227035783808471e-01 -4.244921035150743538e-02
1.520621266040154219e+09 3.932013213634490967e-01 1.519583463668823242e-01 1.875100731849670410e-01 -4.012249101914509147e-02 1.335512446085365956e-01 9.894383981654765181e-01 -3.957154297807052162e-02
1.520621266090140343e+09 4.461374282836914062e-01 1.097097322344779968e-01 1.807374358177185059e-01 -3.400023088456085446e-02 1.393215875170369378e-01 9.890947972215151651e-01 -3.354044813145932308e-02
1.520621266140142202e+09 4.999152421951293945e-01 6.939964741468429565e-02 1.739897876977920532e-01 -2.727285429942459885e-02 1.425462283428814703e-01 9.890347748226119284e-01 -2.733090549481746040e-02
1.520621266190143347e+09 5.553283691406250000e-01 3.055307827889919281e-02 1.678133755922317505e-01 -2.089267987917301644e-02 1.427373749931139801e-01 9.893704741746347509e-01 -1.831945793411489387e-02
1.520621266240145206e+09 6.121940612792968750e-01 -6.552086211740970612e-03 1.626091301441192627e-01 -1.202545094325105889e-02 1.387052496289336578e-01 9.902294590616537162e-01 -7.865154890486995842e-03
1.520621266290146112e+09 6.701176166534423828e-01 -4.257990419864654541e-02 1.591161936521530151e-01 -5.288359537796695486e-03 1.281469273784297813e-01 9.917265451604216908e-01 5.371953186741474338e-03
1.520621266340148211e+09 7.284730076789855957e-01 -7.694144546985626221e-02 1.609976589679718018e-01 1.290880887017616585e-03 1.136787917801655723e-01 9.933270857645029039e-01 1.941047687556905418e-02
1.520621266390149117e+09 7.861709594726562500e-01 -1.095555648207664490e-01 1.688832342624664307e-01 -5.417153456225260550e-04 1.037740458541485944e-01 9.938729162728724420e-01 3.804313671085993165e-02
1.520621266440282106e+09 8.419061899185180664e-01 -1.417356431484222412e-01 1.822687983512878418e-01 -1.049138062474074158e-02 1.037944049247708500e-01 9.926407485478473403e-01 6.148981022306680699e-02
1.520621266490284204e+09 8.939549922943115234e-01 -1.716105192899703979e-01 1.996399164199829102e-01 -1.822885971021766943e-02 1.104727409708497338e-01 9.902002343318273558e-01 8.346842579830371367e-02
1.520621266540285110e+09 9.412512183189392090e-01 -1.977332532405853271e-01 2.210308611392974854e-01 -2.039665514918129197e-02 1.180298610437163359e-01 9.873993859074162716e-01 1.034184754789184008e-01
1.520621266590287209e+09 9.825404286384582520e-01 -2.182788550853729248e-01 2.461099326610565186e-01 -2.100289463668008130e-02 1.213656983254507438e-01 9.848848754461233534e-01 1.217827073287917755e-01
1.520621266640288115e+09 1.016981244087219238e+00 -2.331442087888717651e-01 2.754558324813842773e-01 -2.477277681607583174e-02 1.180528576372961713e-01 9.828133195425883262e-01 1.397419452496897474e-01
1.520621266690289974e+09 1.044277310371398926e+00 -2.416473925113677979e-01 3.102213144302368164e-01 -3.014805048510935115e-02 1.101486564761244985e-01 9.811526744398723077e-01 1.558775095000492772e-01
1.520621266740291119e+09 1.064450502395629883e+00 -2.449136227369308472e-01 3.490998446941375732e-01 -3.671446438230399623e-02 9.894897031917543329e-02 9.798046338807057110e-01 1.698352990511449168e-01
1.520621266790292978e+09 1.076593160629272461e+00 -2.433387488126754761e-01 3.919554948806762695e-01 -4.353586649632484873e-02 8.578781923246929508e-02 9.787399674193522081e-01 1.811440161189894205e-01
1.520621266839957237e+09 1.080577492713928223e+00 -2.380928695201873779e-01 4.352216124534606934e-01 -4.828499158772796285e-02 7.285922616660844842e-02 9.782824316138473142e-01 1.879456749847527586e-01
1.520621266889959335e+09 1.075731873512268066e+00 -2.292653024196624756e-01 4.784681499004364014e-01 -5.321391733708408928e-02 6.066848728464447477e-02 9.782913948084661637e-01 1.908757724174045545e-01
1.520621266939961195e+09 1.062954425811767578e+00 -2.174274772405624390e-01 5.200433731079101562e-01 -5.929381185623332912e-02 4.870578097750324215e-02 9.789244178082717740e-01 1.892590156205646856e-01
1.520621266989963293e+09 1.041419982910156250e+00 -2.030904889106750488e-01 5.586333274841308594e-01 -6.667138352421200787e-02 3.826641873611922456e-02 9.797786653372247967e-01 1.847278397158533259e-01
1.520621267039964199e+09 1.012568712234497070e+00 -1.870207935571670532e-01 5.928385853767395020e-01 -7.445022999137107522e-02 3.035793554203964142e-02 9.806565366114914362e-01 1.784609654938913714e-01
1.520621267089966059e+09 9.764919281005859375e-01 -1.700500100851058960e-01 6.218149065971374512e-01 -8.177877768315626461e-02 2.247573754442224250e-02 9.814826016915318974e-01 1.717526573864429362e-01
1.520621267139967442e+09 9.336618185043334961e-01 -1.523572355508804321e-01 6.459746956825256348e-01 -8.761180414009932249e-02 1.299598735435628614e-02 9.827956566324562715e-01 1.620739750619494268e-01
1.520621267189969301e+09 8.841231465339660645e-01 -1.349698752164840698e-01 6.629127264022827148e-01 -8.871649961543344454e-02 3.263607799789132566e-04 9.846816074915066830e-01 1.501046569982709689e-01
1.520621267239810467e+09 8.296993970870971680e-01 -1.184649616479873657e-01 6.734635233879089355e-01 -8.708580423062328713e-02 -1.308799045287823565e-02 9.869411406079718896e-01 1.348775451394572944e-01
1.520621267289811611e+09 7.711212038993835449e-01 -1.024552211165428162e-01 6.776074767112731934e-01 -8.089691700090247128e-02 -2.444338291385284023e-02 9.895859411780705273e-01 1.165241385902003879e-01
1.520621267339813471e+09 7.102841138839721680e-01 -8.724141120910644531e-02 6.741881370544433594e-01 -7.032257934959101897e-02 -2.846394240959534278e-02 9.922405299892045338e-01 9.850517480247533708e-02
1.520621267389814377e+09 6.486202478408813477e-01 -7.262354344129562378e-02 6.632866263389587402e-01 -5.869110159011416833e-02 -2.423239254385181618e-02 9.947374818243565064e-01 8.040825827909452161e-02
1.520621267439816475e+09 5.860013365745544434e-01 -5.822899937629699707e-02 6.464140415191650391e-01 -4.450373591470227486e-02 -1.245574057233749150e-02 9.972626269676615474e-01 5.771936304211857521e-02
1.520621267489817381e+09 5.228276252746582031e-01 -4.317521303892135620e-02 6.257126927375793457e-01 -2.923001288693935149e-02 5.916265183125941907e-03 9.990220459912511064e-01 3.264285184181851124e-02
1.520621267539818287e+09 4.599065184593200684e-01 -2.971748262643814087e-02 6.015424132347106934e-01 -1.363830997828479642e-02 2.687997712716206841e-02 9.995220189114072395e-01 6.870010323408391392e-03
1.520621267589820623e+09 3.982518613338470459e-01 -1.761199347674846649e-02 5.753023624420166016e-01 -4.083447948513871210e-03 4.719294817044802220e-02 9.987374794974155368e-01 -1.672118844409237887e-02
1.520621267639760733e+09 3.388171792030334473e-01 -5.586084444075822830e-03 5.480662584304809570e-01 -7.621625510599672280e-04 6.405036114308026995e-02 9.972830953050935143e-01 -3.637853988794473303e-02
1.520621267689811707e+09 2.820841073989868164e-01 6.809719838201999664e-03 5.206958651542663574e-01 1.658096401874722048e-03 7.748393518219931497e-02 9.955045328778189262e-01 -5.444460969387142357e-02
1.520621267739764929e+09 2.283094674348831177e-01 1.950002834200859070e-02 4.938395917415618896e-01 3.645044494064030201e-03 8.761144370387830005e-02 9.936944179308804248e-01 -6.987383169518687764e-02
1.520621267789765835e+09 1.778712123632431030e-01 3.328254818916320801e-02 4.676622748374938965e-01 5.244078883979640462e-03 9.354008445312782249e-02 9.922521403922941463e-01 -8.159927771782793382e-02
1.520621267839767694e+09 1.307385414838790894e-01 4.860953241586685181e-02 4.431208670139312744e-01 6.262186498492919133e-03 9.699529509828842821e-02 9.911944207425398279e-01 -8.992395697429489410e-02
1.520621267889768839e+09 8.702338486909866333e-02 6.615260243415832520e-02 4.208691716194152832e-01 8.132886237220171219e-03 1.029239160010299026e-01 9.900752422464591529e-01 -9.534955881953879886e-02
1.520621267939770699e+09 4.572384431958198547e-02 8.541640639305114746e-02 4.025679230690002441e-01 1.849078014811388754e-02 1.130151525334413820e-01 9.882106186661050451e-01 -1.016141697939370037e-01
1.520621267989771605e+09 5.679650232195854187e-03 1.060995832085609436e-01 3.887414932250976562e-01 3.403020619082188641e-02 1.262858349477138931e-01 9.853948860810737287e-01 -1.090447222172487990e-01
1.520621268039870739e+09 -3.329247608780860901e-02 1.283563375473022461e-01 3.796249926090240479e-01 4.753517426508308691e-02 1.376121212570541874e-01 9.826296110397528816e-01 -1.150754482875736562e-01
1.520621268089872837e+09 -6.903772801160812378e-02 1.512333750724792480e-01 3.752305507659912109e-01 5.224184930296618679e-02 1.416746341567966805e-01 9.814795599698606932e-01 -1.178853705058973272e-01
1.520621268139873981e+09 -1.019735634326934814e-01 1.750976890325546265e-01 3.762877583503723145e-01 5.313584411347207354e-02 1.377787397020537596e-01 9.817515298161371140e-01 -1.198229304437889581e-01
1.520621268189875841e+09 -1.330109238624572754e-01 1.983650624752044678e-01 3.831440210342407227e-01 5.921495943766071773e-02 1.294558465855555063e-01 9.817615524280258743e-01 -1.260120094980074212e-01
1.520621268239876986e+09 -1.610627472400665283e-01 2.203845828771591187e-01 3.935417532920837402e-01 6.389724949032719870e-02 1.226466695376842581e-01 9.814420540292196904e-01 -1.328398680434127732e-01
1.520621268289878845e+09 -1.850492209196090698e-01 2.415445297956466675e-01 4.052563607692718506e-01 6.010772751447103490e-02 1.179210786438767561e-01 9.815784829183121785e-01 -1.377873803230738048e-01
1.520621268339879751e+09 -2.037313282489776611e-01 2.636380195617675781e-01 4.164240062236785889e-01 4.888792786846510308e-02 1.109407561911463502e-01 9.835694589850433323e-01 -1.337656102155323490e-01
1.520621268389881849e+09 -2.176226526498794556e-01 2.869918048381805420e-01 4.257721602916717529e-01 3.970091955763424552e-02 1.010225531925553755e-01 9.861234838332202379e-01 -1.256135158546581032e-01
1.520621268440059662e+09 -2.283422648906707764e-01 3.097686767578125000e-01 4.333404600620269775e-01 3.612579915226123151e-02 9.227810944503346546e-02 9.877372933254572329e-01 -1.206429298672778289e-01
1.520621268490060806e+09 -2.362735271453857422e-01 3.322248756885528564e-01 4.390093982219696045e-01 2.937188138821425487e-02 8.522373301712089788e-02 9.897052487549462541e-01 -1.111653205871914879e-01
1.520621268540062904e+09 -2.415035814046859741e-01 3.546283841133117676e-01 4.423036575317382812e-01 2.448078299432955574e-02 7.817439908997277087e-02 9.916115027919093494e-01 -9.998040868928952107e-02
1.520621268590063810e+09 -2.450503110885620117e-01 3.757290244102478027e-01 4.443442523479461670e-01 2.221033506344698844e-02 6.960603502162299172e-02 9.932097064422669153e-01 -9.053275613723445192e-02
1.520621268640065908e+09 -2.476718276739120483e-01 3.957064449787139893e-01 4.463438093662261963e-01 2.046675194821743343e-02 5.918004247503459020e-02 9.949240489035263701e-01 -7.877164179295098601e-02
1.520621268690067768e+09 -2.485646456480026245e-01 4.154678285121917725e-01 4.483469724655151367e-01 1.520301607014842502e-02 4.562021104296511836e-02 9.969136244364789068e-01 -6.205554012083912968e-02
1.520621268740069628e+09 -2.485535293817520142e-01 4.353341162204742432e-01 4.505639672279357910e-01 1.184874141653879942e-02 3.018109315537395587e-02 9.985315188074262993e-01 -4.339948030708465354e-02
1.520621268790070772e+09 -2.474966943264007568e-01 4.550029039382934570e-01 4.530945718288421631e-01 9.428021330796133512e-03 1.520269150888480317e-02 9.995795907104831901e-01 -2.281737100839146756e-02
1.520621268840071678e+09 -2.465460002422332764e-01 4.747661948204040527e-01 4.556773900985717773e-01 8.952045087833921180e-03 2.504645438745508896e-03 9.999562731960516260e-01 -1.019478216938691714e-03
1.520621268889868498e+09 -2.452233284711837769e-01 4.940916001796722412e-01 4.574429392814636230e-01 7.260456951588231157e-03 -4.836986176927644994e-03 9.997356265050143520e-01 2.127360867847025508e-02
1.520621268939869165e+09 -2.427038252353668213e-01 5.115622878074645996e-01 4.578296244144439697e-01 4.678095067302424220e-03 -6.738678790359638529e-03 9.991985818159475619e-01 3.917779641201252216e-02
1.520621268989871264e+09 -2.408101260662078857e-01 5.264586210250854492e-01 4.565901160240173340e-01 6.515284687059337901e-03 -4.250514582396964364e-03 9.987963554026599855e-01 4.842855176024409014e-02
1.520621269039872408e+09 -2.384971827268600464e-01 5.388423204421997070e-01 4.538670480251312256e-01 6.907404960836043342e-03 6.564621082756563893e-05 9.981986940363645200e-01 5.959572695569926443e-02
1.520621269089874268e+09 -2.354037314653396606e-01 5.491166114807128906e-01 4.501667320728302002e-01 8.025894481198151201e-03 2.163526030852787156e-03 9.974281897195655944e-01 7.118925849902434100e-02
1.520621269139877319e+09 -2.321411520242691040e-01 5.566817522048950195e-01 4.465059340000152588e-01 7.057158471493816219e-03 3.250480504864308815e-03 9.970628236871078576e-01 7.619289016625356570e-02
1.520621269189877272e+09 -2.297219783067703247e-01 5.619423389434814453e-01 4.430856406688690186e-01 5.239434334345368510e-03 4.607382049375913224e-03 9.971726144830322935e-01 7.482043359658538395e-02
1.520621269239880323e+09 -2.289793491363525391e-01 5.662510395050048828e-01 4.397782683372497559e-01 5.052887560571314891e-03 6.899473348839544641e-03 9.976788814198951361e-01 6.755527487587903446e-02
1.520621269289767027e+09 -2.303947955369949341e-01 5.703520774841308594e-01 4.353722035884857178e-01 2.118711198600719593e-04 1.114760300384601450e-02 9.981025705356186828e-01 6.055530322017513289e-02
1.520621269339848042e+09 -2.317013740539550781e-01 5.751042366027832031e-01 4.307538270950317383e-01 -2.624809923142483112e-03 1.293954693390126677e-02 9.983879727315764230e-01 5.520085509252459915e-02
1.520621269389770031e+09 -2.313338071107864380e-01 5.807743072509765625e-01 4.273927509784698486e-01 -1.994499386736958702e-03 1.401712406785053308e-02 9.984529788478294643e-01 5.376979853931480174e-02
1.520621269439771891e+09 -2.303536385297775269e-01 5.868416428565979004e-01 4.239425659179687500e-01 -4.188692469907507807e-03 1.732217626943106936e-02 9.981289046157855172e-01 5.849005757541414496e-02
1.520621269489772797e+09 -2.279175221920013428e-01 5.926311016082763672e-01 4.201481342315673828e-01 -8.448139691714368418e-03 1.883125102716353902e-02 9.977484259629538776e-01 6.381294076399739168e-02
1.520621269539775133e+09 -2.259435951709747314e-01 5.973438024520874023e-01 4.169085621833801270e-01 -8.864651336524476122e-03 1.820107343125201491e-02 9.977278599562652284e-01 6.425928998770123746e-02
1.520621269589776039e+09 -2.236826270818710327e-01 6.012538671493530273e-01 4.145000278949737549e-01 -8.033265134559704895e-03 1.717377778440292227e-02 9.978643972162282161e-01 6.250738177354175917e-02
1.520621269639777899e+09 -2.217336744070053101e-01 6.054121851921081543e-01 4.133229851722717285e-01 -6.157966396492205348e-03 1.585842313437926809e-02 9.979206430327425270e-01 6.216896391824659751e-02
1.520621269689914465e+09 -2.207391560077667236e-01 6.094518899917602539e-01 4.130305647850036621e-01 -4.036774725104012342e-03 1.673396993872326016e-02 9.979608324376186834e-01 6.146426295274044771e-02
1.520621269739915371e+09 -2.198594510555267334e-01 6.135225296020507812e-01 4.136954247951507568e-01 -3.520715842248775714e-03 1.803687262679098263e-02 9.978171255531446127e-01 6.342917103875121698e-02
1.520621269789917231e+09 -2.192157953977584839e-01 6.177896857261657715e-01 4.157677888870239258e-01 -2.489443598355301542e-03 1.634079193484210685e-02 9.976610392211239242e-01 6.632670661008181756e-02
1.520621269839918375e+09 -2.185475379228591919e-01 6.216171383857727051e-01 4.199146926403045654e-01 -8.781490077052952212e-04 1.199071501551485057e-02 9.976071104640343856e-01 6.808454126552554442e-02
1.520621269889920235e+09 -2.179553955793380737e-01 6.251803636550903320e-01 4.247542321681976318e-01 -2.701985722900549381e-03 7.260996419200362387e-03 9.975456601890938524e-01 6.958902960997846721e-02
1.520621269939921141e+09 -2.168828099966049194e-01 6.289395093917846680e-01 4.298702478408813477e-01 -6.523605604160285197e-03 2.224156065898716741e-03 9.975228450637279032e-01 7.000478037735473336e-02
1.520621269989923477e+09 -2.163957804441452026e-01 6.326658129692077637e-01 4.360832571983337402e-01 -7.914159435164911521e-03 -2.363972827995820120e-03 9.976624235549693687e-01 6.783410896686360714e-02
1.520621270039925337e+09 -2.160467356443405151e-01 6.364069581031799316e-01 4.425159394741058350e-01 -8.396702600837928701e-03 -4.586834807217140923e-03 9.978614786792384672e-01 6.466007810054259786e-02
1.520621270089970112e+09 -2.156100124120712280e-01 6.404727101325988770e-01 4.486023485660552979e-01 -7.130663641985069898e-03 -4.413597161969258324e-03 9.979961234587352292e-01 6.271691444461807707e-02
1.520621270139971972e+09 -2.150811553001403809e-01 6.447680592536926270e-01 4.538248777389526367e-01 -3.986574435347574503e-03 -2.196362556769015321e-03 9.980245738555952872e-01 6.265966163448385973e-02
1.520621270189973116e+09 -2.144924104213714600e-01 6.485690474510192871e-01 4.584790766239166260e-01 2.914344477406558866e-04 3.122112344511193899e-04 9.980782244315907770e-01 6.196511523099901275e-02
1.520621270239974976e+09 -2.142210006713867188e-01 6.520650982856750488e-01 4.624297320842742920e-01 4.201124852332882749e-03 2.333014718055665716e-03 9.980698143352868534e-01 6.191569514288430831e-02
1.520621270289976835e+09 -2.137780040502548218e-01 6.549007296562194824e-01 4.659390449523925781e-01 5.503341166404922095e-03 2.827642751192759908e-03 9.980620036025267261e-01 6.191893601627503768e-02
1.520621270339977980e+09 -2.135131806135177612e-01 6.571553349494934082e-01 4.691195189952850342e-01 4.544424593832463270e-03 1.340422245647337725e-03 9.981014222109325651e-01 6.140930266521705400e-02
1.520621270389980078e+09 -2.138402163982391357e-01 6.588560342788696289e-01 4.719333052635192871e-01 1.852213287475783753e-03 -5.525400043665665891e-04 9.982433908770144138e-01 5.921483408607491200e-02
1.520621270439980984e+09 -2.144399881362915039e-01 6.599338054656982422e-01 4.741641581058502197e-01 -2.433766822481436658e-03 -2.119312742829966741e-03 9.983307631982638597e-01 5.766517618566635583e-02
1.520621270489944220e+09 -2.145445495843887329e-01 6.606416106224060059e-01 4.759919643402099609e-01 -5.960511101959890118e-03 -4.901738502353613670e-03 9.982908281878488665e-01 5.792985088084341011e-02
1.520621270539945364e+09 -2.138254195451736450e-01 6.616250276565551758e-01 4.776928722858428955e-01 -7.388671943253859002e-03 -9.327879280523407313e-03 9.981879704281834131e-01 5.898452244027277414e-02
1.520621270589947224e+09 -2.127325087785720825e-01 6.624023914337158203e-01 4.788694977760314941e-01 -8.363890777131668605e-03 -1.172885584901029767e-02 9.980860213694202621e-01 6.013961438604621679e-02
1.520621270639948130e+09 -2.117087841033935547e-01 6.628683805465698242e-01 4.793726503849029541e-01 -8.224756324760117837e-03 -1.120619923497225348e-02 9.980626541944727093e-01 6.064414880587229439e-02
1.520621270689950228e+09 -2.109643816947937012e-01 6.628217697143554688e-01 4.791118502616882324e-01 -6.554972114800590097e-03 -8.377940054520865640e-03 9.981980515380826091e-01 5.905499442547097050e-02
1.520621270739951134e+09 -2.100361883640289307e-01 6.626350879669189453e-01 4.784391224384307861e-01 -5.582813942208580092e-03 -6.859767050868190857e-03 9.982557601973304218e-01 5.837133729275406635e-02
1.520621270789954185e+09 -2.088993638753890991e-01 6.623570322990417480e-01 4.790834784507751465e-01 -5.207623735421232358e-03 -8.770103422644079036e-03 9.982586935503425796e-01 5.809945517945678400e-02
1.520621270839955330e+09 -2.078392803668975830e-01 6.620841026306152344e-01 4.811020791530609131e-01 -5.976115209669793406e-03 -1.264269060781097673e-02 9.981886504417947226e-01 5.851381503870965034e-02
1.520621270889924049e+09 -2.069998681545257568e-01 6.613785624504089355e-01 4.832474589347839355e-01 -5.040839647943697911e-03 -1.375539657912704973e-02 9.982049799481638175e-01 5.807062086184978239e-02
1.520621270939927816e+09 -2.066458314657211304e-01 6.601400375366210938e-01 4.849632382392883301e-01 -3.521708880083745160e-03 -1.351810575269644064e-02 9.983721555031230821e-01 5.529825946149541371e-02
1.520621270989926815e+09 -2.067126333713531494e-01 6.588981151580810547e-01 4.860114753246307373e-01 -4.212049341803724041e-03 -1.458017076273125483e-02 9.984796142245351280e-01 5.299186011922226575e-02
1.520621271039928913e+09 -2.070202082395553589e-01 6.579338312149047852e-01 4.871944487094879150e-01 -6.329540533917528064e-03 -1.811075981465054899e-02 9.985056231058138110e-01 5.117086985420568612e-02
1.520621271089929819e+09 -2.073853164911270142e-01 6.572521924972534180e-01 4.884204268455505371e-01 -7.669626273242263585e-03 -2.131347173005126300e-02 9.985151295779274294e-01 4.954239355961661401e-02
1.520621271139931679e+09 -2.077736109495162964e-01 6.568179726600646973e-01 4.892719686031341553e-01 -7.776249698892311914e-03 -2.294269213912863981e-02 9.986139578443002929e-01 4.672607426878265524e-02
1.520621271189932823e+09 -2.079995423555374146e-01 6.565130352973937988e-01 4.901934564113616943e-01 -7.432884040273250725e-03 -2.194533860545593365e-02 9.987201649357876354e-01 4.495760779855818151e-02
1.520621271239934921e+09 -2.080604434013366699e-01 6.559363007545471191e-01 4.903087615966796875e-01 -7.019270774171373038e-03 -1.615612789975030480e-02 9.989169378113017528e-01 4.306577205598162428e-02
1.520621271289936781e+09 -2.086751461029052734e-01 6.547917723655700684e-01 4.889392852783203125e-01 -7.966258285302089612e-03 -1.263772000260602983e-02 9.990534434019946453e-01 4.085393480051824344e-02
1.520621271339889288e+09 -2.091130614280700684e-01 6.534694433212280273e-01 4.885355532169342041e-01 -9.225271864436555488e-03 -1.583580923549117794e-02 9.990581698206361105e-01 3.933058376792049338e-02
1.520621271389891386e+09 -2.092062383890151978e-01 6.523844003677368164e-01 4.885043501853942871e-01 -1.032438681191952430e-02 -2.083950846866078344e-02 9.989905582620374203e-01 3.843158111560444901e-02
1.520621271439892292e+09 -2.091195136308670044e-01 6.514269709587097168e-01 4.881360232830047607e-01 -9.455416203580879059e-03 -2.190600487579925579e-02 9.990188323078518229e-01 3.731078596136822717e-02
1.520621271489894152e+09 -2.090546041727066040e-01 6.504803895950317383e-01 4.863758087158203125e-01 -7.764381313597116911e-03 -1.880126137064379657e-02 9.991409720159638574e-01 3.610463948974854814e-02
1.520621271539895296e+09 -2.087829411029815674e-01 6.494661569595336914e-01 4.841675460338592529e-01 -7.317198724793577171e-03 -1.602413279347828304e-02 9.992062201879169381e-01 3.572975383087190898e-02
1.520621271589897394e+09 -2.082216888666152954e-01 6.484522223472595215e-01 4.825535118579864502e-01 -7.121246716735892338e-03 -1.531472883033241535e-02 9.992292443384401812e-01 3.543535219075067549e-02
1.520621271639898539e+09 -2.073624134063720703e-01 6.474890708923339844e-01 4.815916419029235840e-01 -7.270960239088266469e-03 -1.509644671067586659e-02 9.992392203098654502e-01 3.521662999841688318e-02
1.520621271689900398e+09 -2.062496244907379150e-01 6.464434862136840820e-01 4.807018935680389404e-01 -6.972290862815649568e-03 -1.372019911479143220e-02 9.992770893068365634e-01 3.476265356429360937e-02
1.520621271739892483e+09 -2.054231762886047363e-01 6.457695960998535156e-01 4.795872569084167480e-01 -7.626920012590182076e-03 -1.165262703680713594e-02 9.993348724792420201e-01 3.370250763904392155e-02
1.520621271789893627e+09 -2.042182832956314087e-01 6.448978185653686523e-01 4.785680770874023438e-01 -9.806140909500394784e-03 -9.362250234439942198e-03 9.993595722531362080e-01 3.311545284363968944e-02
1.520621271839895725e+09 -2.033213227987289429e-01 6.443483233451843262e-01 4.771185517311096191e-01 -1.093815392907035271e-02 -7.269180443779175819e-03 9.993453665679186138e-01 3.370985202477405629e-02
1.520621271889896631e+09 -2.019516080617904663e-01 6.438904404640197754e-01 4.762572050094604492e-01 -1.098248090177401590e-02 -6.534132216990892923e-03 9.993174736121190893e-01 3.465944550774972127e-02
1.520621271939898729e+09 -2.006275653839111328e-01 6.437671780586242676e-01 4.749210178852081299e-01 -1.051518015393430698e-02 -6.990945723494444188e-03 9.993121970599642134e-01 3.486675309530228722e-02
1.520621271989900589e+09 -1.992396116256713867e-01 6.435310244560241699e-01 4.743607342243194580e-01 -9.395547995168144692e-03 -7.413526415062874839e-03 9.993079148001059453e-01 3.522008974758460836e-02
1.520621272039901495e+09 -1.978554576635360718e-01 6.433888077735900879e-01 4.742659628391265869e-01 -8.105096767466029098e-03 -7.860745680781327724e-03 9.992656599720020072e-01 3.661498169399137609e-02
1.520621272089903593e+09 -1.961923837661743164e-01 6.434192657470703125e-01 4.742243587970733643e-01 -7.578186514109057186e-03 -9.555998966800908004e-03 9.991802340228204127e-01 3.860199361439430737e-02
1.520621272139934301e+09 -1.945119947195053101e-01 6.431789398193359375e-01 4.747520089149475098e-01 -7.949977447343169884e-03 -1.229779319285959072e-02 9.991060850692174977e-01 3.965593169796736289e-02
1.520621272189937353e+09 -1.929357051849365234e-01 6.425237655639648438e-01 4.752131402492523193e-01 -8.878540781285531799e-03 -1.424148335587853940e-02 9.990164190054446891e-01 4.104322383728285784e-02
1.520621272239938498e+09 -1.913934201002120972e-01 6.415737867355346680e-01 4.759003221988677979e-01 -9.787804086090786185e-03 -1.617412581986127709e-02 9.989176024103940676e-01 4.249964870214494733e-02
1.520621272289939404e+09 -1.900332123041152954e-01 6.408143043518066406e-01 4.760312736034393311e-01 -1.196649115944901053e-02 -1.643480052017965223e-02 9.989005776436035156e-01 4.224140627947696458e-02
