1305031449.799600 1.295070 -0.011865 1.778805 0.790700 0.439300 -0.177000 -0.387900
1305031449.809600 1.295070 -0.011655 1.778595 0.791100 0.439300 -0.176800 -0.387200
1305031449.819600 1.294650 -0.011655 1.778385 0.791300 0.438700 -0.176900 -0.387300
1305031449.829500 1.294440 -0.011550 1.778280 0.791600 0.438400 -0.176800 -0.387200
1305031449.839600 1.294125 -0.011550 1.778070 0.791900 0.438000 -0.176800 -0.387100
1305031449.849500 1.293915 -0.011550 1.778070 0.792300 0.437900 -0.176000 -0.386600
1305031449.859500 1.293705 -0.011445 1.777860 0.792500 0.437400 -0.175800 -0.386800
1305031449.869600 1.293180 -0.011340 1.777545 0.792600 0.437000 -0.175800 -0.387100
1305031449.879500 1.292760 -0.011340 1.777335 0.792900 0.436800 -0.175500 -0.386900
1305031449.889600 1.292235 -0.011130 1.777020 0.793200 0.436800 -0.175000 -0.386500
1305031449.899400 1.291710 -0.011025 1.776810 0.793500 0.436600 -0.174500 -0.386300
1305031449.909500 1.291290 -0.011025 1.776600 0.793600 0.436800 -0.173900 -0.386100
1305031449.919500 1.290660 -0.010920 1.776285 0.793500 0.436800 -0.173500 -0.386500
1305031449.929500 1.290030 -0.010815 1.776075 0.793400 0.436900 -0.173200 -0.386900
1305031449.939500 1.289295 -0.010710 1.775970 0.792900 0.437000 -0.173300 -0.387600
1305031449.949600 1.288665 -0.010605 1.775865 0.792500 0.437200 -0.173300 -0.388300
1305031449.959500 1.288140 -0.010395 1.775760 0.792100 0.437400 -0.173500 -0.388600
1305031449.969600 1.287510 -0.010185 1.775655 0.791600 0.437500 -0.174100 -0.389500
1305031449.979500 1.286670 -0.009870 1.775550 0.791000 0.437900 -0.174400 -0.390100
1305031449.989500 1.285725 -0.009450 1.775340 0.790100 0.438400 -0.175200 -0.390900
1305031449.999400 1.284885 -0.009030 1.775025 0.789500 0.438900 -0.175600 -0.391500
1305031450.009700 1.284045 -0.008505 1.774710 0.788800 0.439800 -0.175800 -0.391800
1305031450.019500 1.282995 -0.007980 1.774395 0.788100 0.440900 -0.176300 -0.391700
1305031450.029600 1.282155 -0.007560 1.774080 0.787800 0.442300 -0.176200 -0.390800
1305031450.039500 1.281315 -0.006930 1.773660 0.787100 0.444100 -0.176400 -0.390100
1305031450.049500 1.280370 -0.006300 1.773135 0.786300 0.445200 -0.176600 -0.390400
1305031450.059500 1.279425 -0.005670 1.772505 0.785700 0.446700 -0.176700 -0.389800
1305031450.069600 1.278585 -0.005040 1.771980 0.785400 0.448400 -0.177100 -0.388100
1305031450.079500 1.277745 -0.004200 1.771455 0.785100 0.450000 -0.177600 -0.386700
1305031450.089600 1.277010 -0.003465 1.770825 0.784700 0.451300 -0.178200 -0.385700
1305031450.099500 1.276170 -0.002415 1.770300 0.784100 0.452900 -0.179100 -0.384700
1305031450.109600 1.275225 -0.001575 1.769670 0.783400 0.454900 -0.180100 -0.383400
1305031450.119500 1.274595 -0.000630 1.769040 0.782500 0.457000 -0.181100 -0.382100
1305031450.129500 1.273860 0.000315 1.768305 0.781400 0.459200 -0.182500 -0.381100
1305031450.139500 1.273125 0.001365 1.767675 0.780400 0.461100 -0.184200 -0.380000
1305031450.149600 1.272495 0.002520 1.766940 0.779500 0.463700 -0.185600 -0.378100
1305031450.159500 1.271760 0.003675 1.766310 0.778100 0.466000 -0.187600 -0.377100
1305031450.169600 1.271130 0.004830 1.765575 0.777000 0.468100 -0.189700 -0.375700
1305031450.179600 1.270710 0.006090 1.764840 0.776000 0.470600 -0.191600 -0.373600
1305031450.189500 1.270080 0.007455 1.764000 0.774900 0.472500 -0.194400 -0.372200
1305031450.199600 1.269660 0.009030 1.763265 0.773500 0.474500 -0.197100 -0.371000
1305031450.209600 1.269450 0.010395 1.762530 0.772800 0.476500 -0.199600 -0.368600
1305031450.219600 1.269030 0.011970 1.761795 0.771400 0.478600 -0.202700 -0.367100
1305031450.229500 1.268610 0.013650 1.760850 0.769800 0.480700 -0.205900 -0.366000
1305031450.239500 1.268295 0.015225 1.760010 0.768300 0.483400 -0.208400 -0.364100
1305031450.249500 1.267980 0.017115 1.759275 0.765900 0.486100 -0.211500 -0.363800
1305031450.259500 1.267770 0.018900 1.758330 0.763600 0.489400 -0.214300 -0.362600
1305031450.269500 1.267560 0.020790 1.757490 0.761200 0.493100 -0.216900 -0.361100
1305031450.279500 1.267245 0.022890 1.756440 0.758300 0.497000 -0.220000 -0.359900
1305031450.289600 1.267245 0.024570 1.755390 0.754800 0.500300 -0.223600 -0.360500
1305031450.299500 1.267140 0.026565 1.754340 0.752200 0.504300 -0.226900 -0.358500
1305031450.309500 1.267350 0.028665 1.753500 0.749900 0.508000 -0.229200 -0.356400
1305031450.319500 1.267035 0.030975 1.752135 0.746900 0.511600 -0.233300 -0.354800
1305031450.329500 1.267245 0.033285 1.751085 0.744500 0.515700 -0.236200 -0.352100
1305031450.339500 1.267350 0.035805 1.749825 0.742300 0.518700 -0.239500 -0.350100
1305031450.349600 1.267455 0.038325 1.748250 0.740300 0.522000 -0.242900 -0.347100
1305031450.359500 1.267770 0.041265 1.746780 0.739000 0.525000 -0.244700 -0.344200
1305031450.369500 1.268400 0.044205 1.745100 0.738000 0.527900 -0.246500 -0.340400
1305031450.379500 1.268610 0.047145 1.743105 0.736600 0.530300 -0.249100 -0.337900
1305031450.389500 1.268925 0.050190 1.741530 0.735300 0.533900 -0.249700 -0.334600
1305031450.399500 1.269135 0.053445 1.739640 0.733200 0.536200 -0.252300 -0.333700
1305031450.409500 1.269765 0.056700 1.738065 0.731700 0.539600 -0.252600 -0.331100
1305031450.419500 1.270080 0.059850 1.736175 0.729800 0.542300 -0.254200 -0.329700
1305031450.429500 1.270605 0.063420 1.734390 0.727600 0.544900 -0.255700 -0.329200
1305031450.439500 1.271340 0.066675 1.732605 0.726100 0.547300 -0.256800 -0.327500
1305031450.449500 1.271655 0.070245 1.730820 0.724300 0.549300 -0.258400 -0.327000
1305031450.459500 1.272495 0.074025 1.729035 0.723000 0.551400 -0.259000 -0.325800
1305031450.469500 1.273230 0.077700 1.727040 0.721900 0.552200 -0.260300 -0.325800
1305031450.479600 1.274070 0.081690 1.725255 0.721200 0.553800 -0.260400 -0.324600
1305031450.489600 1.274805 0.085785 1.723050 0.720500 0.555000 -0.260600 -0.324100
1305031450.499500 1.275855 0.089880 1.721055 0.720000 0.555900 -0.260300 -0.323800
1305031450.509400 1.276695 0.093975 1.718850 0.719300 0.557000 -0.259800 -0.323800
1305031450.519500 1.277535 0.097965 1.716645 0.718200 0.557800 -0.259800 -0.324700
1305031450.529500 1.278585 0.102480 1.714440 0.716900 0.558500 -0.260100 -0.326300
1305031450.539500 1.279635 0.106680 1.712550 0.716000 0.559300 -0.259200 -0.327600
1305031450.549500 1.280475 0.110775 1.710345 0.714100 0.560400 -0.260000 -0.329200
1305031450.559500 1.281630 0.114870 1.708035 0.712500 0.561100 -0.260300 -0.331300
1305031450.569500 1.282680 0.118965 1.705620 0.711000 0.562200 -0.260800 -0.332100
1305031450.579600 1.283940 0.123270 1.703205 0.710200 0.563100 -0.260600 -0.332600
1305031450.589500 1.285095 0.127575 1.700475 0.709300 0.563300 -0.261300 -0.333700
1305031450.599500 1.286355 0.131775 1.697850 0.708600 0.564200 -0.261100 -0.333700
1305031450.609400 1.287405 0.136185 1.695015 0.708300 0.564100 -0.261700 -0.334100
1305031450.619500 1.288770 0.140595 1.692180 0.708100 0.564100 -0.261800 -0.334300
1305031450.629500 1.290030 0.144795 1.689240 0.708000 0.564100 -0.262500 -0.334200
1305031450.639500 1.291290 0.149310 1.686300 0.707900 0.564000 -0.263500 -0.333700
1305031450.649500 1.292445 0.153510 1.683150 0.707500 0.564200 -0.264700 -0.333300
1305031450.659500 1.293495 0.157815 1.680000 0.707200 0.564300 -0.266000 -0.332700
1305031450.669500 1.294650 0.162015 1.676745 0.707200 0.564500 -0.266700 -0.331700
1305031450.679600 1.295910 0.166425 1.673385 0.707700 0.564700 -0.267100 -0.330100
1305031450.689500 1.296960 0.170520 1.669920 0.707700 0.565400 -0.268000 -0.328200
1305031450.699500 1.298115 0.174720 1.666560 0.708200 0.565900 -0.267600 -0.326500
1305031450.709500 1.299165 0.179130 1.662990 0.708500 0.566300 -0.268200 -0.324700
1305031450.719500 1.300215 0.183225 1.659420 0.709100 0.566600 -0.268100 -0.322800
1305031450.729600 1.301160 0.187530 1.655850 0.709800 0.566400 -0.268000 -0.321800
1305031450.739600 1.302525 0.191835 1.652385 0.710800 0.566000 -0.267700 -0.320300
1305031450.749500 1.303470 0.196245 1.649025 0.711000 0.565600 -0.268400 -0.320300
1305031450.759600 1.304310 0.200550 1.645560 0.711000 0.564800 -0.269100 -0.320800
1305031450.769600 1.305255 0.204750 1.642095 0.711400 0.564400 -0.268900 -0.321000
1305031450.779500 1.306305 0.209055 1.638840 0.711800 0.564200 -0.268100 -0.321200
1305031450.789500 1.307250 0.213360 1.635375 0.712200 0.564000 -0.267100 -0.321500
1305031450.799600 1.308090 0.217560 1.631805 0.712300 0.563800 -0.266400 -0.322000
1305031450.809400 1.309350 0.221655 1.628550 0.713400 0.563900 -0.264100 -0.321300
1305031450.819500 1.310295 0.225855 1.625190 0.714300 0.563500 -0.262700 -0.321300
1305031450.829500 1.311240 0.230055 1.621830 0.715000 0.562700 -0.261500 -0.322200
1305031450.839600 1.311555 0.234150 1.618365 0.715000 0.561900 -0.261900 -0.323400
1305031450.849500 1.312710 0.238245 1.615215 0.716100 0.561400 -0.259700 -0.323400
1305031450.859500 1.313550 0.242235 1.612065 0.717100 0.561300 -0.257800 -0.323000
1305031450.869500 1.314075 0.246435 1.608810 0.716900 0.561400 -0.257000 -0.323900
1305031450.879500 1.315440 0.250425 1.605870 0.718500 0.561400 -0.253500 -0.323000
1305031450.889500 1.315650 0.254625 1.602720 0.717800 0.561900 -0.253500 -0.323800
1305031450.899600 1.316700 0.258615 1.599885 0.718400 0.562100 -0.251700 -0.323500
1305031450.909500 1.317225 0.262815 1.597050 0.717700 0.561500 -0.252400 -0.325500
1305031450.919400 1.317855 0.267015 1.594215 0.717600 0.560600 -0.253300 -0.326600
1305031450.929500 1.318695 0.271110 1.591695 0.717700 0.559100 -0.254100 -0.328300
1305031450.939500 1.319115 0.275310 1.588650 0.717300 0.557300 -0.256300 -0.330500
1305031450.949500 1.319430 0.279510 1.585815 0.717300 0.556000 -0.257700 -0.331500
1305031450.959500 1.320165 0.283500 1.582875 0.717800 0.555300 -0.258100 -0.331300
1305031450.969600 1.320375 0.287595 1.579830 0.717900 0.554400 -0.259300 -0.331700
1305031450.979600 1.320690 0.291585 1.576680 0.718000 0.554100 -0.260000 -0.331500
1305031450.989500 1.320900 0.295575 1.573425 0.718100 0.553300 -0.261400 -0.331400
1305031450.999600 1.321005 0.299460 1.570380 0.718200 0.552200 -0.263400 -0.331500
1305031451.009500 1.321635 0.303135 1.567335 0.719900 0.551200 -0.262700 -0.330000
1305031451.019500 1.321005 0.306915 1.563975 0.718600 0.549200 -0.267900 -0.332000
1305031451.029500 1.320795 0.310905 1.560405 0.718400 0.546500 -0.271400 -0.334000
1305031451.039600 1.320900 0.314370 1.557150 0.719700 0.545300 -0.272200 -0.332500
1305031451.049500 1.320375 0.318255 1.553370 0.719800 0.543000 -0.275200 -0.333600
1305031451.059600 1.320060 0.321615 1.549800 0.721100 0.542100 -0.275800 -0.331700
1305031451.069500 1.319430 0.324975 1.545810 0.721800 0.540600 -0.278000 -0.330900
1305031451.079500 1.318590 0.328440 1.541820 0.722500 0.539100 -0.280500 -0.329700
1305031451.089500 1.317750 0.331905 1.537725 0.723300 0.537200 -0.283100 -0.328700
1305031451.099500 1.317120 0.335265 1.533630 0.724900 0.535500 -0.284700 -0.326800
1305031451.109600 1.315965 0.338625 1.529325 0.726100 0.532800 -0.287400 -0.326000
1305031451.119500 1.315020 0.341775 1.525020 0.728100 0.531000 -0.288900 -0.323300
1305031451.129500 1.314180 0.344925 1.520820 0.729900 0.529200 -0.290000 -0.321200
1305031451.139600 1.312920 0.347865 1.516410 0.731100 0.527600 -0.292000 -0.319300
1305031451.149500 1.311765 0.350700 1.512210 0.732200 0.526700 -0.293700 -0.316700
1305031451.159500 1.310505 0.353325 1.508010 0.732700 0.526100 -0.296000 -0.314400
1305031451.169600 1.309140 0.355845 1.503810 0.732700 0.525300 -0.299200 -0.312700
1305031451.179600 1.307565 0.358470 1.499610 0.732700 0.524900 -0.302400 -0.310300
1305031451.189500 1.306305 0.360990 1.495410 0.732600 0.525600 -0.304300 -0.307200
1305031451.199500 1.304730 0.363405 1.490895 0.733300 0.525900 -0.305700 -0.303700
1305031451.209500 1.303365 0.365610 1.486590 0.734500 0.526900 -0.305900 -0.298900
1305031451.219500 1.301895 0.368025 1.482285 0.735600 0.527400 -0.306100 -0.295000
1305031451.229500 1.300320 0.370335 1.477875 0.736700 0.528400 -0.305700 -0.290900
1305031451.239500 1.299060 0.372645 1.473990 0.737400 0.529000 -0.305700 -0.287900
1305031451.249600 1.297905 0.374955 1.470210 0.738100 0.529800 -0.305000 -0.285500
1305031451.259600 1.296645 0.377265 1.466535 0.737800 0.530200 -0.306300 -0.284300
1305031451.269500 1.295175 0.379365 1.463070 0.737400 0.530400 -0.307300 -0.283700
1305031451.279500 1.293705 0.381675 1.459605 0.736700 0.531500 -0.308000 -0.282800
1305031451.289500 1.292550 0.383775 1.456350 0.735700 0.533300 -0.308300 -0.281600
1305031451.299500 1.291080 0.385980 1.452990 0.733900 0.535100 -0.309300 -0.281600
1305031451.309500 1.289715 0.388185 1.449945 0.732400 0.537800 -0.309700 -0.280000
1305031451.319500 1.288455 0.390285 1.446690 0.730900 0.541100 -0.309500 -0.277900
1305031451.329600 1.286985 0.392490 1.443645 0.729600 0.544100 -0.309100 -0.275800
1305031451.339500 1.285935 0.394905 1.440705 0.728200 0.547200 -0.309400 -0.273000
1305031451.349500 1.284675 0.397215 1.437870 0.727200 0.549800 -0.309500 -0.270500
1305031451.359500 1.283310 0.399735 1.435140 0.725300 0.552100 -0.310700 -0.269500
1305031451.369500 1.282365 0.402150 1.432620 0.723800 0.554900 -0.311400 -0.266900
1305031451.379600 1.281105 0.404880 1.430310 0.721500 0.557500 -0.312200 -0.266700
1305031451.389500 1.280055 0.407400 1.428210 0.719300 0.560200 -0.312600 -0.266600
1305031451.399500 1.279110 0.410235 1.426215 0.716300 0.564100 -0.312500 -0.266400
1305031451.409600 1.278165 0.412860 1.424535 0.713200 0.568700 -0.312200 -0.265500
1305031451.419500 1.277010 0.415695 1.422750 0.709200 0.573500 -0.312000 -0.266200
1305031451.429500 1.276170 0.418635 1.421385 0.705000 0.578600 -0.311300 -0.266900
1305031451.439500 1.275330 0.421575 1.420020 0.701000 0.584000 -0.310700 -0.266600
1305031451.449500 1.274385 0.424830 1.418865 0.696700 0.588900 -0.310900 -0.266800
1305031451.459500 1.273440 0.428085 1.417815 0.692400 0.593400 -0.311500 -0.267300
1305031451.469500 1.272495 0.431655 1.416870 0.689000 0.597500 -0.311700 -0.266700
1305031451.479500 1.271865 0.435225 1.416030 0.686500 0.601400 -0.311200 -0.264900
1305031451.489500 1.271130 0.439110 1.415400 0.683800 0.604700 -0.311800 -0.263600
1305031451.499600 1.270290 0.442995 1.415085 0.680800 0.607300 -0.313700 -0.263200
1305031451.509600 1.269450 0.446775 1.414980 0.677000 0.610100 -0.316400 -0.263400
1305031451.519600 1.268190 0.450660 1.414875 0.672200 0.613200 -0.320600 -0.263400
1305031451.529500 1.267665 0.454545 1.415190 0.668200 0.618000 -0.321600 -0.261000
1305031451.539500 1.266930 0.458640 1.415610 0.663700 0.622800 -0.323800 -0.258400
1305031451.549500 1.266300 0.462735 1.416030 0.659600 0.626800 -0.326100 -0.256300
1305031451.559500 1.265775 0.466935 1.416660 0.655700 0.630200 -0.328800 -0.254500
1305031451.569500 1.265145 0.471555 1.417500 0.652100 0.632500 -0.332400 -0.253400
1305031451.579500 1.264410 0.476280 1.418340 0.650000 0.634300 -0.334200 -0.251800
1305031451.589500 1.263675 0.481320 1.419180 0.647900 0.636200 -0.336000 -0.250000
1305031451.599500 1.263150 0.486465 1.420335 0.647200 0.637800 -0.336400 -0.247300
1305031451.609500 1.262415 0.491715 1.421385 0.647600 0.639200 -0.335700 -0.243600
1305031451.619500 1.261365 0.496965 1.422435 0.647600 0.639400 -0.336700 -0.241900
1305031451.629600 1.260525 0.502320 1.423800 0.647700 0.639700 -0.337300 -0.239900
1305031451.639500 1.259790 0.507780 1.425270 0.648200 0.639700 -0.337500 -0.238200
1305031451.649600 1.258950 0.513240 1.426845 0.648400 0.639600 -0.338200 -0.237200
1305031451.659500 1.258215 0.518700 1.428525 0.647700 0.639700 -0.339300 -0.236800
1305031451.669500 1.257480 0.524160 1.430520 0.646800 0.639700 -0.340700 -0.237200
1305031451.679600 1.256850 0.529725 1.432620 0.645800 0.640000 -0.341600 -0.238000
1305031451.689500 1.255800 0.534975 1.434510 0.643600 0.638500 -0.346400 -0.240900
1305031451.699500 1.255485 0.540435 1.436820 0.643300 0.639300 -0.345800 -0.240500
1305031451.709500 1.254855 0.545895 1.439130 0.642800 0.638200 -0.347900 -0.241900
1305031451.719500 1.254330 0.551355 1.441125 0.643300 0.637500 -0.348300 -0.241600
1305031451.729600 1.254015 0.556605 1.443540 0.643700 0.636800 -0.348800 -0.241800
1305031451.739500 1.253385 0.562065 1.445955 0.644600 0.635500 -0.348900 -0.242700
1305031451.749600 1.252230 0.567420 1.448370 0.644800 0.633500 -0.351000 -0.244300
1305031451.759600 1.251810 0.572565 1.450890 0.646200 0.631800 -0.351300 -0.244600
1305031451.769500 1.251390 0.577710 1.453515 0.647500 0.630300 -0.351400 -0.244900
1305031451.779500 1.250865 0.582750 1.456140 0.648500 0.628400 -0.352200 -0.246000
1305031451.789500 1.250550 0.587790 1.458870 0.650200 0.627000 -0.351900 -0.245600
1305031451.799500 1.250340 0.592410 1.461285 0.652100 0.624900 -0.352000 -0.245900
1305031451.809500 1.250130 0.597135 1.464225 0.653500 0.623100 -0.351900 -0.246700
1305031451.819500 1.249500 0.601965 1.466955 0.654500 0.620800 -0.352800 -0.248500
1305031451.829500 1.249080 0.606795 1.469895 0.655800 0.618500 -0.353300 -0.250200
1305031451.839600 1.248870 0.611310 1.473150 0.656700 0.616900 -0.353200 -0.252000
1305031451.849500 1.248345 0.615510 1.475985 0.657500 0.614800 -0.354100 -0.253500
1305031451.859600 1.247925 0.619815 1.479030 0.658300 0.613000 -0.354600 -0.255000
1305031451.869500 1.247715 0.623910 1.482075 0.659600 0.611800 -0.353600 -0.256000
1305031451.879600 1.247190 0.628005 1.485120 0.660800 0.610200 -0.352800 -0.258000
1305031451.889500 1.246875 0.631995 1.488270 0.662000 0.608600 -0.351800 -0.260100
1305031451.899500 1.246560 0.635670 1.491420 0.662900 0.607100 -0.350400 -0.263000
1305031451.909500 1.246455 0.639135 1.494780 0.663700 0.606500 -0.348400 -0.265100
1305031451.919500 1.245720 0.642915 1.498140 0.663900 0.604500 -0.348000 -0.269500
1305031451.929500 1.245300 0.646275 1.501290 0.665100 0.602700 -0.346700 -0.272300
1305031451.939500 1.245090 0.649635 1.504440 0.666900 0.601200 -0.344300 -0.274300
1305031451.949600 1.244775 0.653100 1.507485 0.668900 0.599700 -0.341600 -0.276200
1305031451.959500 1.245405 0.656355 1.510635 0.673100 0.597600 -0.336000 -0.277400
1305031451.969500 1.245300 0.659610 1.513575 0.676000 0.596200 -0.331800 -0.278500
1305031451.979400 1.244985 0.663075 1.516305 0.679300 0.595800 -0.326700 -0.277300
1305031451.989500 1.244250 0.666225 1.519140 0.682100 0.594000 -0.323700 -0.277700
1305031451.999500 1.244145 0.669585 1.521870 0.686800 0.591600 -0.318900 -0.276900
1305031452.009600 1.243830 0.672840 1.524705 0.691200 0.589700 -0.314100 -0.275200
1305031452.019500 1.243620 0.676305 1.527540 0.695100 0.588200 -0.310300 -0.273100
1305031452.029600 1.243935 0.679665 1.530270 0.700100 0.586400 -0.304900 -0.270300
1305031452.039500 1.243515 0.683235 1.533210 0.703600 0.585000 -0.301500 -0.268100
1305031452.049500 1.243305 0.686700 1.535940 0.706900 0.582400 -0.299600 -0.267000
1305031452.059500 1.243095 0.690270 1.538670 0.710500 0.579800 -0.297600 -0.265400
1305031452.069500 1.242885 0.693945 1.541505 0.713900 0.578000 -0.295200 -0.262900
1305031452.079500 1.243200 0.697620 1.544655 0.717100 0.575900 -0.293100 -0.261100
1305031452.089500 1.243200 0.701715 1.547490 0.719500 0.573200 -0.293100 -0.260600
1305031452.099400 1.243305 0.705600 1.550430 0.722000 0.570200 -0.293200 -0.260200
1305031452.109500 1.243410 0.709380 1.553475 0.724600 0.568100 -0.291800 -0.259000
1305031452.119500 1.243830 0.713370 1.556520 0.727300 0.565400 -0.290200 -0.259000
1305031452.129500 1.243830 0.717255 1.559565 0.729600 0.562000 -0.289900 -0.260500
1305031452.139500 1.244250 0.721350 1.562715 0.731600 0.559600 -0.288800 -0.261100
1305031452.149500 1.244775 0.725340 1.565760 0.733900 0.556900 -0.286900 -0.262500
1305031452.159500 1.244880 0.729540 1.568805 0.735400 0.554100 -0.286100 -0.265200
1305031452.169500 1.245195 0.733530 1.571745 0.736900 0.550900 -0.285300 -0.268500
1305031452.179500 1.245615 0.737835 1.574580 0.738200 0.549000 -0.283400 -0.271000
1305031452.189400 1.246350 0.741930 1.577520 0.740300 0.547000 -0.280300 -0.272200
1305031452.199500 1.246560 0.746130 1.580145 0.741700 0.545600 -0.277600 -0.274100
1305031452.209700 1.247295 0.750435 1.582875 0.742900 0.544300 -0.275200 -0.275800
1305031452.219500 1.247715 0.754320 1.585710 0.744700 0.542200 -0.272600 -0.277600
1305031452.229500 1.248240 0.758730 1.588545 0.746200 0.540700 -0.270200 -0.279000
1305031452.239500 1.248975 0.762825 1.591065 0.747600 0.539100 -0.268700 -0.279800
1305031452.249500 1.249185 0.767025 1.593375 0.748400 0.536700 -0.268300 -0.282400
1305031452.259500 1.249290 0.771225 1.595895 0.748800 0.536000 -0.268000 -0.283000
1305031452.269400 1.249710 0.775320 1.598415 0.749900 0.534700 -0.266900 -0.283900
1305031452.279500 1.250025 0.779205 1.600620 0.750100 0.534100 -0.266700 -0.284700
1305031452.289500 1.250130 0.783195 1.602720 0.750100 0.534100 -0.266100 -0.285200
1305031452.299500 1.250550 0.786975 1.605030 0.750400 0.534400 -0.264900 -0.284900
1305031452.309500 1.250655 0.791175 1.607130 0.750100 0.534600 -0.264300 -0.285700
1305031452.319500 1.250655 0.794955 1.609125 0.749500 0.535600 -0.264100 -0.285800
1305031452.329500 1.250760 0.798735 1.611330 0.749600 0.536600 -0.262600 -0.284800
1305031452.339500 1.250970 0.802830 1.613220 0.750200 0.536500 -0.261500 -0.284600
1305031452.349600 1.251180 0.807030 1.615110 0.750900 0.535700 -0.261200 -0.284700
1305031452.359600 1.250865 0.811545 1.616895 0.751300 0.534000 -0.261300 -0.286600
1305031452.369600 1.251495 0.815955 1.618785 0.753200 0.532700 -0.259000 -0.286200
1305031452.379500 1.251600 0.820470 1.620255 0.754900 0.530200 -0.258200 -0.286700
1305031452.389500 1.251705 0.825405 1.621830 0.757600 0.527200 -0.256600 -0.286900
1305031452.399500 1.251390 0.830445 1.623090 0.759900 0.523800 -0.255900 -0.287700
1305031452.409500 1.251705 0.835275 1.624455 0.763500 0.519100 -0.254500 -0.287800
1305031452.419500 1.251705 0.840105 1.625295 0.767500 0.513500 -0.253700 -0.288000
1305031452.429400 1.251705 0.845355 1.626555 0.770600 0.507900 -0.253500 -0.289900
1305031452.439500 1.251705 0.850815 1.627920 0.773900 0.502200 -0.252500 -0.291700
1305031452.449500 1.252230 0.855540 1.628970 0.777400 0.497000 -0.251400 -0.292400
1305031452.459500 1.252545 0.860370 1.629915 0.780500 0.492200 -0.250200 -0.293100
1305031452.469500 1.253175 0.864885 1.630755 0.783400 0.487600 -0.249300 -0.294100
1305031452.479500 1.253910 0.869610 1.631700 0.786500 0.483700 -0.246900 -0.294200
1305031452.489500 1.254330 0.873915 1.632330 0.788700 0.479800 -0.245500 -0.295800
1305031452.499500 1.255170 0.878325 1.633065 0.791400 0.475800 -0.243200 -0.297000
1305031452.509500 1.255905 0.882525 1.633695 0.793700 0.472400 -0.241200 -0.298000
1305031452.519500 1.256955 0.886830 1.634325 0.796100 0.468300 -0.239200 -0.299400
1305031452.529400 1.257795 0.891030 1.634850 0.799100 0.465200 -0.236100 -0.298800
1305031452.539500 1.258635 0.895230 1.635480 0.801000 0.461800 -0.234600 -0.300200
1305031452.549500 1.259790 0.899115 1.635900 0.803100 0.457700 -0.232900 -0.302300
1305031452.559400 1.259685 0.903315 1.636110 0.803000 0.453300 -0.233800 -0.308400
1305031452.569400 1.260420 0.907095 1.636320 0.804000 0.450100 -0.232900 -0.310900
1305031452.579500 1.261680 0.910350 1.636740 0.805900 0.447600 -0.230000 -0.312000
1305031452.589500 1.262520 0.913710 1.636950 0.807000 0.446200 -0.227400 -0.312900
1305031452.599400 1.263465 0.917070 1.636950 0.808100 0.445100 -0.225200 -0.313200
1305031452.609500 1.264410 0.920220 1.636845 0.809200 0.442600 -0.223200 -0.315300
1305031452.619500 1.265460 0.923370 1.636845 0.810800 0.440300 -0.220600 -0.316300
1305031452.629400 1.266405 0.926520 1.636635 0.811900 0.437800 -0.218900 -0.318300
1305031452.639500 1.267245 0.929565 1.636110 0.813400 0.434100 -0.217900 -0.320100
1305031452.649500 1.268400 0.932505 1.635690 0.815100 0.430900 -0.216500 -0.321100
1305031452.659500 1.269135 0.935235 1.635060 0.816800 0.428000 -0.215300 -0.321400
1305031452.669400 1.270185 0.937965 1.634220 0.818900 0.425100 -0.213800 -0.321000
1305031452.679500 1.271130 0.940590 1.633485 0.820700 0.421600 -0.212500 -0.321800
1305031452.689500 1.272180 0.943215 1.632750 0.822900 0.418000 -0.210500 -0.322200
1305031452.699500 1.273335 0.945630 1.631910 0.825200 0.414000 -0.208800 -0.322600
1305031452.709500 1.274280 0.948150 1.630965 0.827300 0.409500 -0.207800 -0.323600
1305031452.719500 1.275435 0.950355 1.630020 0.829500 0.404100 -0.207000 -0.325200
1305031452.729500 1.276485 0.952560 1.629075 0.832000 0.399300 -0.206100 -0.325400
1305031452.739500 1.277640 0.954345 1.627605 0.834500 0.393600 -0.206400 -0.325800
1305031452.749500 1.278795 0.956025 1.626345 0.837300 0.389100 -0.205700 -0.324500
1305031452.759500 1.279845 0.957705 1.624875 0.839400 0.384500 -0.205700 -0.324400
1305031452.769500 1.281000 0.959070 1.623405 0.842100 0.380500 -0.204900 -0.322600
1305031452.779600 1.282365 0.960225 1.621830 0.845400 0.376000 -0.203000 -0.320500
1305031452.789500 1.283415 0.961485 1.620465 0.847500 0.371000 -0.202600 -0.321100
1305031452.799500 1.284570 0.962640 1.618995 0.849500 0.365600 -0.202200 -0.322200
1305031452.809400 1.286040 0.963375 1.617840 0.852100 0.360300 -0.201600 -0.321700
1305031452.819500 1.287300 0.964005 1.616580 0.854400 0.355200 -0.200800 -0.321800
1305031452.829400 1.288455 0.964530 1.615005 0.855900 0.349000 -0.201600 -0.323900
1305031452.839500 1.290135 0.964425 1.614270 0.858400 0.343900 -0.200200 -0.323800
1305031452.849500 1.291290 0.964635 1.613010 0.859500 0.338800 -0.200700 -0.325900
1305031452.859500 1.292655 0.964425 1.611750 0.860900 0.334900 -0.200200 -0.326400
1305031452.869400 1.294125 0.963900 1.610490 0.863000 0.331000 -0.199400 -0.325500
1305031452.879500 1.295175 0.963585 1.609335 0.863900 0.328500 -0.199300 -0.325700
1305031452.889500 1.296540 0.962850 1.608180 0.865600 0.326400 -0.197800 -0.324200
1305031452.899500 1.297800 0.962220 1.607025 0.866600 0.325600 -0.196400 -0.323300
1305031452.909500 1.298850 0.961380 1.605975 0.867400 0.323900 -0.195200 -0.323300
1305031452.929500 1.300740 0.959385 1.603875 0.867700 0.322500 -0.194500 -0.324500
1305031452.939400 1.302105 0.958335 1.603035 0.868200 0.321800 -0.193300 -0.324500
1305031452.949500 1.303050 0.956970 1.602090 0.868200 0.321500 -0.192800 -0.325100
1305031452.959500 1.304100 0.955815 1.601460 0.867900 0.321600 -0.191700 -0.326600
1305031452.969500 1.304835 0.954660 1.600725 0.867200 0.321000 -0.191000 -0.329400
1305031452.979500 1.306200 0.953190 1.599990 0.867400 0.320200 -0.189600 -0.330300
1305031452.989500 1.307250 0.952140 1.599255 0.866900 0.318600 -0.188000 -0.334100
1305031452.999500 1.308720 0.950670 1.598730 0.867500 0.317200 -0.185300 -0.335300
1305031453.009500 1.310085 0.949200 1.598100 0.867900 0.315200 -0.182400 -0.337700
1305031453.019500 1.311660 0.947835 1.597575 0.868700 0.313000 -0.179300 -0.339400
1305031453.029500 1.312815 0.946785 1.596840 0.869000 0.310800 -0.176500 -0.342200
1305031453.039500 1.314180 0.945525 1.596210 0.869700 0.309000 -0.173400 -0.343700
1305031453.049600 1.315650 0.944055 1.595370 0.870300 0.306400 -0.170200 -0.346000
1305031453.059500 1.317015 0.942690 1.594950 0.871100 0.305200 -0.166600 -0.346800
1305031453.069500 1.318485 0.941430 1.594320 0.871500 0.303200 -0.163300 -0.349100
1305031453.079500 1.320060 0.939960 1.594005 0.872000 0.302000 -0.159700 -0.350500
1305031453.089400 1.321740 0.938385 1.593375 0.872400 0.299000 -0.156600 -0.353700
1305031453.099600 1.323210 0.937125 1.593060 0.872900 0.297600 -0.153000 -0.355100
1305031453.109400 1.324785 0.935970 1.592325 0.872600 0.295700 -0.150000 -0.358700
1305031453.119500 1.326150 0.934290 1.592010 0.873400 0.294200 -0.147100 -0.359100
1305031453.129400 1.327830 0.932925 1.591485 0.873500 0.292600 -0.144000 -0.361500
1305031453.139500 1.329405 0.931350 1.591065 0.874200 0.291600 -0.140700 -0.362000
1305031453.149500 1.331295 0.929565 1.590435 0.874800 0.290500 -0.137100 -0.362800
1305031453.160600 1.332765 0.928095 1.590120 0.874900 0.289300 -0.134300 -0.364400
1305031453.169500 1.334130 0.926835 1.589700 0.874500 0.287900 -0.131400 -0.367600
1305031453.179500 1.335915 0.925155 1.589490 0.874600 0.286400 -0.128100 -0.369600
1305031453.189500 1.337910 0.923475 1.589280 0.875200 0.285000 -0.124300 -0.370700
1305031453.199500 1.339485 0.922110 1.589070 0.875000 0.282800 -0.121700 -0.373600
1305031453.209500 1.341375 0.920535 1.588860 0.874800 0.281200 -0.119200 -0.376200
1305031453.219500 1.343370 0.918645 1.588965 0.875500 0.279800 -0.116200 -0.376500
1305031453.229500 1.345260 0.917175 1.588860 0.875700 0.277400 -0.113600 -0.378500
1305031453.239500 1.347150 0.915600 1.588965 0.876500 0.275700 -0.111300 -0.378600
1305031453.249500 1.349355 0.913710 1.588755 0.877200 0.273600 -0.109200 -0.379000
1305031453.259500 1.351455 0.912135 1.589070 0.878400 0.271200 -0.106400 -0.378900
1305031453.269500 1.353660 0.910245 1.589385 0.879100 0.268000 -0.104400 -0.380000
1305031453.279500 1.356180 0.908670 1.589700 0.879600 0.264700 -0.102600 -0.381700
1305031453.289500 1.358700 0.906885 1.590330 0.880100 0.261500 -0.101300 -0.383000
1305031453.299500 1.361220 0.905310 1.590960 0.880400 0.257600 -0.099500 -0.385700
1305031453.309500 1.363845 0.903735 1.591485 0.880200 0.254000 -0.097800 -0.388900
1305031453.319500 1.366365 0.901635 1.592430 0.880900 0.250100 -0.095900 -0.390200
1305031453.329500 1.368990 0.899535 1.592955 0.881700 0.246600 -0.094100 -0.391200
1305031453.339500 1.371615 0.897540 1.593375 0.882300 0.243100 -0.092300 -0.392400
1305031453.349500 1.374240 0.895440 1.594005 0.883700 0.239500 -0.091000 -0.391800
1305031453.359500 1.376760 0.893235 1.594530 0.885100 0.236200 -0.089800 -0.390900
1305031453.369500 1.379385 0.891030 1.595160 0.886200 0.232600 -0.089300 -0.390600
1305031453.379500 1.381905 0.888825 1.595790 0.886600 0.229300 -0.089400 -0.391700
1305031453.389400 1.384950 0.886830 1.596315 0.887100 0.225800 -0.089400 -0.392600
1305031453.399500 1.387260 0.883995 1.597260 0.888500 0.223200 -0.089600 -0.390800
1305031453.409500 1.389885 0.881895 1.597785 0.888300 0.219600 -0.090500 -0.393000
1305031453.419500 1.392615 0.879375 1.598730 0.888400 0.217100 -0.089900 -0.394300
1305031453.429500 1.395555 0.876750 1.599780 0.888900 0.213400 -0.089600 -0.395500
1305031453.439500 1.398600 0.874125 1.600620 0.889200 0.210600 -0.089000 -0.396300
1305031453.449500 1.401015 0.871605 1.601775 0.889200 0.207100 -0.089300 -0.398200
1305031453.459500 1.403850 0.868770 1.602825 0.889300 0.203700 -0.088500 -0.399800
1305031453.469500 1.406895 0.865830 1.603980 0.889900 0.200000 -0.087900 -0.400500
1305031453.479500 1.409835 0.862890 1.604925 0.889900 0.196700 -0.088000 -0.402000
1305031453.489500 1.412670 0.859950 1.606290 0.890000 0.193300 -0.087700 -0.403600
1305031453.499500 1.415400 0.856590 1.607655 0.890000 0.190600 -0.087900 -0.404800
1305031453.509500 1.418130 0.853545 1.608915 0.889000 0.187700 -0.088600 -0.408200
1305031453.519500 1.420755 0.850185 1.610175 0.888700 0.185200 -0.088800 -0.409900
1305031453.529500 1.423275 0.846615 1.611645 0.888600 0.182400 -0.089400 -0.411200
1305031453.539500 1.425795 0.842940 1.613010 0.888200 0.180400 -0.090000 -0.412900
1305031453.549400 1.428210 0.839265 1.614480 0.887500 0.178600 -0.090700 -0.414900
1305031453.559500 1.430835 0.835485 1.616055 0.886500 0.176300 -0.091500 -0.418000
1305031453.569500 1.433250 0.831495 1.617525 0.886300 0.175100 -0.091400 -0.418800
1305031453.579500 1.435455 0.827610 1.619100 0.885800 0.173300 -0.091900 -0.420500
1305031453.589900 1.437765 0.823515 1.620675 0.885300 0.171700 -0.092200 -0.422200
1305031453.599500 1.439760 0.819525 1.622040 0.883800 0.169900 -0.093200 -0.425800
1305031453.609500 1.441755 0.814800 1.623510 0.884200 0.169200 -0.093300 -0.425200
1305031453.619500 1.443225 0.810705 1.624875 0.882600 0.168600 -0.094800 -0.428500
1305031453.629500 1.445010 0.806400 1.626240 0.881300 0.169000 -0.096200 -0.430800
1305031453.639500 1.446375 0.801255 1.627710 0.880500 0.170000 -0.097300 -0.431700
1305031453.649500 1.447740 0.796530 1.628970 0.879000 0.170900 -0.098600 -0.434200
1305031453.659500 1.449000 0.791490 1.630230 0.878100 0.172200 -0.099900 -0.435200
1305031453.669500 1.449945 0.786555 1.631385 0.876100 0.174100 -0.101700 -0.438000
1305031453.679400 1.451100 0.781410 1.632855 0.875100 0.175200 -0.103100 -0.439100
1305031453.689500 1.452150 0.775950 1.634010 0.874900 0.176500 -0.103800 -0.438800
1305031453.699500 1.452885 0.770910 1.635165 0.873400 0.178100 -0.105200 -0.440800
1305031453.709500 1.453410 0.765555 1.636110 0.872500 0.179900 -0.106400 -0.441700
1305031453.720200 1.454040 0.760410 1.637160 0.871000 0.182500 -0.107600 -0.443300
1305031453.729500 1.454250 0.755055 1.638210 0.869800 0.185100 -0.109400 -0.444100
1305031453.739500 1.454880 0.749280 1.639365 0.869400 0.188600 -0.110300 -0.443200
1305031453.749500 1.454880 0.743925 1.640415 0.867700 0.191700 -0.112400 -0.444600
1305031453.759500 1.455195 0.738675 1.641360 0.866100 0.195000 -0.114600 -0.445700
1305031453.769500 1.455195 0.733425 1.642305 0.864500 0.197500 -0.116700 -0.447200
1305031453.779500 1.455090 0.728175 1.643460 0.863200 0.200700 -0.118500 -0.447900
1305031453.789500 1.455090 0.723135 1.644300 0.861800 0.203100 -0.119700 -0.449100
1305031453.799500 1.454775 0.717780 1.645350 0.861400 0.205600 -0.120900 -0.448400
1305031453.809500 1.454565 0.712530 1.646085 0.860200 0.207400 -0.121800 -0.449600
1305031453.819500 1.453830 0.707595 1.646925 0.858800 0.210600 -0.123800 -0.450300
1305031453.829500 1.453305 0.702555 1.647870 0.857400 0.213700 -0.126000 -0.451000
1305031453.839400 1.452255 0.697515 1.648605 0.856300 0.217100 -0.128400 -0.450700
1305031453.849400 1.451415 0.692475 1.649340 0.855300 0.220900 -0.131300 -0.449900
1305031453.859500 1.450470 0.687645 1.650285 0.854400 0.224500 -0.134400 -0.449000
1305031453.869400 1.449735 0.682920 1.651020 0.853600 0.228700 -0.137800 -0.447400
1305031453.879400 1.448370 0.678195 1.651755 0.852600 0.232300 -0.141000 -0.446400
1305031453.889400 1.447005 0.673680 1.652385 0.851500 0.235700 -0.144900 -0.445300
1305031453.899500 1.445745 0.669165 1.653120 0.851300 0.239100 -0.148700 -0.442800
1305031453.909500 1.444380 0.664545 1.653855 0.850900 0.242700 -0.152900 -0.440200
1305031453.919500 1.442490 0.660345 1.654275 0.849800 0.245600 -0.157600 -0.438900
1305031453.929500 1.440600 0.655830 1.655010 0.849100 0.248900 -0.161600 -0.437000
1305031453.939400 1.438815 0.651735 1.655745 0.848400 0.253200 -0.164500 -0.434900
1305031453.949500 1.436925 0.647640 1.656480 0.847400 0.257200 -0.166800 -0.433600
1305031453.959700 1.434930 0.643440 1.657215 0.846600 0.262100 -0.168500 -0.431500
1305031453.969500 1.432935 0.639345 1.657740 0.846000 0.266800 -0.169900 -0.429200
1305031453.979500 1.430100 0.635250 1.658580 0.844800 0.270900 -0.170500 -0.428800
1305031453.989500 1.428000 0.631470 1.659315 0.843400 0.274500 -0.172200 -0.428700
1305031453.999500 1.425795 0.627480 1.659945 0.841800 0.278000 -0.174500 -0.428600
1305031454.009600 1.423695 0.623595 1.660365 0.840000 0.281200 -0.176900 -0.428900
1305031454.019500 1.421280 0.619920 1.660890 0.837800 0.284600 -0.179600 -0.430000
1305031454.029500 1.419075 0.616140 1.661415 0.836900 0.288700 -0.181000 -0.428300
1305031454.039500 1.416555 0.612570 1.661730 0.834800 0.293100 -0.183200 -0.428500
1305031454.049500 1.413720 0.609210 1.661940 0.833000 0.296900 -0.184500 -0.428900
1305031454.059400 1.410780 0.605850 1.662255 0.830700 0.302300 -0.186300 -0.428800
1305031454.069500 1.408155 0.602385 1.662360 0.828700 0.307000 -0.187600 -0.428800
1305031454.079400 1.405110 0.599340 1.662465 0.827100 0.311500 -0.188500 -0.428200
1305031454.089400 1.402170 0.595980 1.662885 0.824600 0.316300 -0.189900 -0.428700
1305031454.099500 1.399230 0.592515 1.663200 0.822600 0.321100 -0.191300 -0.428600
1305031454.109500 1.396500 0.588840 1.663620 0.820700 0.326900 -0.193100 -0.427000
1305031454.119500 1.393455 0.585690 1.663935 0.817800 0.331900 -0.195800 -0.427400
1305031454.129500 1.390305 0.582435 1.663935 0.815200 0.336500 -0.198600 -0.427500
1305031454.139400 1.387155 0.579390 1.664040 0.813300 0.341400 -0.200300 -0.426400
1305031454.149500 1.384320 0.576240 1.664145 0.811900 0.346600 -0.202000 -0.424200
1305031454.159500 1.381065 0.573405 1.664040 0.809500 0.351200 -0.205100 -0.423500
1305031454.169400 1.378125 0.570045 1.663935 0.807900 0.356400 -0.207100 -0.421200
1305031454.179500 1.375185 0.567000 1.664040 0.805700 0.362200 -0.209600 -0.419200
1305031454.189500 1.371825 0.564060 1.663935 0.802900 0.367800 -0.212300 -0.418300
1305031454.199500 1.368780 0.561015 1.663935 0.799600 0.374200 -0.215200 -0.417500
1305031454.209500 1.365840 0.557970 1.664145 0.796700 0.380400 -0.216800 -0.416600
1305031454.219500 1.363005 0.554925 1.664145 0.793100 0.386400 -0.219200 -0.416600
1305031454.229500 1.360275 0.551985 1.664355 0.789000 0.392300 -0.221900 -0.417600
1305031454.239500 1.357965 0.548835 1.664250 0.786500 0.396800 -0.222700 -0.417600
1305031454.249500 1.355340 0.546105 1.664250 0.783700 0.401000 -0.224400 -0.417900
1305031454.259500 1.352925 0.543480 1.664145 0.781600 0.404700 -0.224900 -0.417900
1305031454.269500 1.350510 0.540960 1.664040 0.780200 0.408200 -0.225100 -0.417100
1305031454.279500 1.348095 0.538335 1.663515 0.779400 0.412300 -0.224500 -0.415000
1305031454.289500 1.345470 0.535815 1.663305 0.777900 0.416100 -0.224600 -0.413900
1305031454.299500 1.342950 0.533190 1.662990 0.775600 0.420600 -0.224900 -0.413400
1305031454.309600 1.340745 0.530460 1.662780 0.772600 0.426000 -0.225800 -0.413000
1305031454.319500 1.338330 0.527940 1.662570 0.768700 0.431400 -0.227400 -0.413900
1305031454.329500 1.336230 0.525315 1.662360 0.764800 0.436600 -0.229200 -0.414600
1305031454.339500 1.334235 0.522690 1.662360 0.761400 0.440900 -0.230700 -0.415500
1305031454.349500 1.332345 0.520275 1.662045 0.758100 0.444800 -0.232300 -0.416400
1305031454.359500 1.330245 0.517965 1.661625 0.755400 0.448000 -0.233800 -0.417200
1305031454.369500 1.328040 0.515550 1.660995 0.753100 0.450400 -0.235300 -0.417800
1305031454.379500 1.326675 0.513240 1.660890 0.751600 0.455400 -0.234200 -0.415800
1305031454.389600 1.324995 0.510930 1.660470 0.749300 0.459600 -0.234200 -0.415200
1305031454.399500 1.323000 0.508410 1.659945 0.746000 0.463800 -0.235900 -0.415700
1305031454.409500 1.321530 0.505890 1.659210 0.742600 0.469500 -0.237400 -0.414400
1305031454.419500 1.319955 0.503370 1.658685 0.738900 0.474900 -0.239300 -0.413800
1305031454.429500 1.318590 0.500955 1.658055 0.735000 0.479800 -0.241500 -0.413900
1305031454.439500 1.317120 0.498750 1.657320 0.731100 0.483900 -0.243500 -0.414700
1305031454.449500 1.316070 0.496230 1.656690 0.728500 0.487800 -0.243700 -0.414700
1305031454.459500 1.314915 0.493815 1.655850 0.726100 0.491600 -0.243200 -0.414600
1305031454.469500 1.313865 0.491295 1.654905 0.723300 0.495700 -0.242600 -0.415100
1305031454.479500 1.313235 0.488985 1.654065 0.720700 0.500200 -0.241300 -0.415000
1305031454.489500 1.312290 0.486360 1.653120 0.717300 0.505300 -0.240700 -0.415000
1305031454.499500 1.311660 0.483945 1.651965 0.713400 0.510000 -0.240800 -0.415900
1305031454.509500 1.311030 0.481530 1.650810 0.710900 0.514700 -0.240300 -0.414700
1305031454.519500 1.310715 0.479220 1.649550 0.708700 0.518800 -0.239900 -0.413600
1305031454.529500 1.310610 0.476910 1.648605 0.707300 0.522700 -0.238900 -0.411700
1305031454.539500 1.310190 0.474705 1.647135 0.705300 0.525800 -0.238900 -0.411000
1305031454.549500 1.310085 0.472500 1.645770 0.703100 0.530000 -0.238800 -0.409500
1305031454.559500 1.310190 0.470295 1.644615 0.700900 0.535300 -0.237700 -0.407000
1305031454.569500 1.310085 0.468195 1.643250 0.697600 0.540800 -0.237900 -0.405300
1305031454.579500 1.310505 0.465885 1.641780 0.694400 0.546500 -0.237900 -0.403100
1305031454.589500 1.310925 0.463785 1.640100 0.689800 0.551700 -0.239900 -0.402700
1305031454.599500 1.311660 0.461685 1.638525 0.686900 0.556400 -0.241100 -0.400600
1305031454.609600 1.311975 0.459900 1.637265 0.682500 0.561700 -0.243100 -0.399500
1305031454.619400 1.312815 0.458010 1.635795 0.680000 0.565700 -0.244800 -0.397100
1305031454.629500 1.313445 0.456540 1.634220 0.677400 0.568500 -0.247500 -0.395800
1305031454.639400 1.314705 0.455070 1.632540 0.676100 0.572000 -0.248800 -0.392100
1305031454.649500 1.315545 0.453810 1.630755 0.674400 0.574500 -0.251300 -0.389800
1305031454.659500 1.316805 0.452445 1.629075 0.673400 0.577600 -0.253000 -0.386000
1305031454.669500 1.317960 0.451080 1.627395 0.671500 0.580700 -0.255600 -0.382700
1305031454.679500 1.319325 0.449820 1.625610 0.669300 0.584200 -0.258400 -0.379500
1305031454.689500 1.320585 0.448560 1.623720 0.666300 0.587200 -0.262200 -0.377500
1305031454.699500 1.322580 0.447510 1.622250 0.664600 0.590700 -0.263300 -0.374200
1305031454.709500 1.324365 0.446355 1.620570 0.662800 0.593000 -0.266200 -0.371900
1305031454.719500 1.326150 0.445515 1.618995 0.661600 0.594200 -0.268900 -0.370100
1305031454.729500 1.327935 0.444780 1.617315 0.661200 0.594700 -0.271300 -0.368200
1305031454.739400 1.329825 0.444045 1.615635 0.661900 0.594100 -0.273400 -0.366500
1305031454.749500 1.332030 0.443520 1.613955 0.663600 0.593500 -0.273800 -0.363800
1305031454.759500 1.333920 0.442890 1.612065 0.664900 0.591700 -0.276300 -0.362600
1305031454.769500 1.336230 0.442155 1.610490 0.666700 0.590600 -0.276900 -0.360600
1305031454.779500 1.338225 0.441525 1.608810 0.668100 0.588600 -0.278800 -0.359800
1305031454.789600 1.340325 0.440790 1.607025 0.669300 0.587600 -0.280100 -0.358400
1305031454.799500 1.342635 0.440055 1.605240 0.670900 0.586100 -0.280800 -0.357100
1305031454.809500 1.344630 0.439110 1.603350 0.672100 0.584800 -0.282200 -0.356000
1305031454.819500 1.346940 0.438270 1.601670 0.674100 0.583400 -0.281900 -0.354500
1305031454.829500 1.349040 0.437325 1.599570 0.676400 0.581400 -0.282200 -0.353300
1305031454.839500 1.351350 0.436275 1.597890 0.678800 0.579400 -0.281900 -0.352200
1305031454.849500 1.353450 0.435225 1.595790 0.681200 0.577600 -0.281400 -0.351000
1305031454.859500 1.355550 0.434070 1.594005 0.683500 0.575500 -0.280700 -0.350500
1305031454.869400 1.357440 0.432705 1.592115 0.685800 0.573000 -0.280000 -0.350600
1305031454.879500 1.359330 0.431235 1.590225 0.688000 0.570700 -0.279300 -0.350600
1305031454.889500 1.361325 0.429555 1.588440 0.690200 0.568600 -0.278700 -0.350100
1305031454.899500 1.363110 0.427980 1.586550 0.692200 0.566500 -0.278000 -0.350300
1305031454.909500 1.365105 0.426195 1.584870 0.694800 0.564700 -0.275900 -0.349700
1305031454.919700 1.366680 0.424305 1.582875 0.696500 0.562600 -0.275700 -0.349800
1305031454.929500 1.368465 0.422310 1.581090 0.698500 0.560800 -0.274500 -0.349700
1305031454.939400 1.370040 0.420000 1.579305 0.700500 0.558900 -0.273700 -0.349400
1305031454.949400 1.371615 0.417690 1.577625 0.702100 0.556900 -0.273000 -0.349700
1305031454.960600 1.373085 0.415275 1.575945 0.704100 0.555100 -0.272100 -0.349400
1305031454.969500 1.374240 0.412545 1.574055 0.705400 0.552900 -0.272600 -0.349800
1305031454.979500 1.375920 0.409710 1.572690 0.707500 0.551700 -0.270900 -0.348900
1305031454.989400 1.376865 0.406980 1.571010 0.707700 0.550300 -0.272300 -0.349600
1305031454.999500 1.377810 0.403935 1.569330 0.708300 0.549400 -0.272400 -0.349800
1305031455.009800 1.379280 0.400680 1.567650 0.709300 0.548600 -0.272100 -0.349300
1305031455.019500 1.380120 0.397425 1.566075 0.710200 0.547900 -0.271400 -0.349100
1305031455.029500 1.381170 0.393960 1.564605 0.711700 0.547400 -0.269600 -0.348000
1305031455.039500 1.381380 0.390600 1.562715 0.711800 0.546300 -0.270300 -0.349100
1305031455.049500 1.382430 0.386820 1.561455 0.713700 0.545200 -0.267900 -0.348900
1305031455.059500 1.382850 0.383145 1.559880 0.714100 0.543900 -0.267300 -0.350500
1305031455.069500 1.383165 0.379365 1.558620 0.714400 0.543300 -0.266500 -0.351400
1305031455.079500 1.382850 0.375480 1.556940 0.713100 0.542600 -0.268100 -0.353900
1305031455.089500 1.382850 0.371595 1.555470 0.712900 0.541700 -0.267600 -0.355900
1305031455.099500 1.383060 0.367500 1.554210 0.713400 0.541300 -0.265900 -0.356900
1305031455.109600 1.382955 0.363405 1.552845 0.714000 0.540600 -0.264600 -0.357600
1305031455.119500 1.382850 0.359310 1.551480 0.715200 0.539800 -0.263300 -0.357500
1305031455.129500 1.382535 0.355215 1.550115 0.716400 0.538400 -0.261500 -0.358500
1305031455.139500 1.381905 0.351225 1.548750 0.717300 0.536700 -0.261200 -0.359500
1305031455.149500 1.381485 0.346920 1.547595 0.719100 0.535500 -0.259700 -0.358800
1305031455.159600 1.380540 0.342720 1.546020 0.719800 0.533700 -0.260000 -0.359700
1305031455.169500 1.380015 0.338520 1.544760 0.722100 0.532300 -0.258200 -0.358500
1305031455.179400 1.378965 0.334425 1.543500 0.723800 0.530500 -0.257800 -0.358100
1305031455.189500 1.377915 0.330225 1.542135 0.725500 0.528500 -0.257400 -0.357900
1305031455.199500 1.376655 0.326025 1.540980 0.727000 0.527000 -0.256600 -0.357700
1305031455.209500 1.375920 0.321825 1.540140 0.728600 0.525500 -0.255400 -0.357400
1305031455.219700 1.374450 0.317625 1.538880 0.729000 0.523200 -0.256500 -0.359200
1305031455.229500 1.373820 0.313635 1.538355 0.730900 0.521700 -0.254100 -0.359200
1305031455.239500 1.372245 0.309540 1.537200 0.732400 0.520200 -0.253600 -0.358800
1305031455.249500 1.370775 0.305550 1.536150 0.734300 0.518700 -0.251900 -0.358100
1305031455.259500 1.369410 0.301665 1.535100 0.736800 0.516700 -0.250800 -0.356800
1305031455.269400 1.367625 0.297885 1.534050 0.739100 0.514600 -0.250000 -0.355500
1305031455.279500 1.366365 0.293475 1.532580 0.742700 0.510400 -0.249800 -0.354100
1305031455.289400 1.364685 0.289590 1.531740 0.745100 0.506900 -0.249800 -0.354200
1305031455.299500 1.363110 0.285495 1.531005 0.747600 0.504200 -0.249800 -0.352700
1305031455.309400 1.361430 0.281295 1.530270 0.750000 0.501200 -0.250200 -0.351700
1305031455.319400 1.359645 0.277200 1.529640 0.752000 0.498900 -0.250700 -0.350300
1305031455.329400 1.357755 0.273105 1.528695 0.753900 0.497100 -0.251000 -0.348700
1305031455.339400 1.355760 0.269010 1.528275 0.756600 0.495900 -0.249900 -0.345200
1305031455.349500 1.354080 0.265125 1.527855 0.759100 0.495100 -0.247800 -0.342300
1305031455.359600 1.352400 0.260820 1.527225 0.762300 0.493400 -0.245100 -0.339600
1305031455.369400 1.350195 0.256830 1.526700 0.765200 0.490400 -0.244000 -0.338400
1305031455.379500 1.348200 0.252945 1.526385 0.768100 0.487500 -0.242100 -0.337300
1305031455.389500 1.346415 0.248745 1.526280 0.771700 0.484500 -0.239700 -0.335100
1305031455.399500 1.344315 0.244545 1.526385 0.774800 0.480900 -0.238400 -0.334100
1305031455.409500 1.342425 0.240345 1.526595 0.777100 0.478100 -0.237400 -0.333400
1305031455.419400 1.340325 0.235935 1.526700 0.779800 0.475300 -0.236100 -0.332000
1305031455.429400 1.338330 0.231630 1.527225 0.782200 0.473100 -0.235000 -0.330300
1305031455.439500 1.336335 0.227115 1.527960 0.784500 0.470500 -0.233800 -0.329500
1305031455.449400 1.334235 0.222810 1.528590 0.785800 0.468100 -0.233700 -0.329800
1305031455.459500 1.331820 0.218295 1.529325 0.787800 0.465500 -0.233500 -0.328900
1305031455.469400 1.329510 0.213675 1.529955 0.789800 0.462900 -0.233200 -0.328100
1305031455.479500 1.326990 0.209160 1.530585 0.792300 0.459300 -0.232900 -0.327300
1305031455.490200 1.324470 0.204540 1.531530 0.794700 0.456000 -0.232600 -0.326200
1305031455.499500 1.321845 0.199710 1.532580 0.797600 0.452500 -0.232100 -0.324400
1305031455.509500 1.319115 0.194985 1.533735 0.799400 0.448500 -0.232600 -0.325000
1305031455.519400 1.316280 0.190050 1.535100 0.801400 0.445100 -0.233000 -0.324500
1305031455.529500 1.313550 0.185010 1.536465 0.803200 0.442200 -0.233800 -0.323500
1305031455.539500 1.310505 0.179970 1.538040 0.804600 0.438500 -0.235500 -0.323900
1305031455.549500 1.307355 0.174930 1.539615 0.806100 0.435000 -0.237600 -0.323400
1305031455.559400 1.304205 0.169470 1.541190 0.808000 0.431200 -0.239600 -0.322100
1305031455.569400 1.301475 0.164115 1.543185 0.810700 0.428600 -0.238900 -0.319200
1305031455.579500 1.298010 0.158865 1.545180 0.812500 0.424900 -0.240400 -0.318700
1305031455.589400 1.294545 0.153510 1.547070 0.815100 0.421000 -0.240700 -0.316900
1305031455.599500 1.291080 0.148260 1.549170 0.817800 0.417500 -0.240800 -0.314600
1305031455.609500 1.287510 0.143115 1.551375 0.819700 0.413900 -0.241100 -0.314200
1305031455.619500 1.283835 0.137655 1.553580 0.821400 0.410800 -0.241000 -0.313700
1305031455.629400 1.280265 0.132510 1.555995 0.822600 0.408100 -0.240600 -0.314600
1305031455.639400 1.276380 0.127365 1.558620 0.822700 0.405600 -0.241300 -0.316900
1305031455.649400 1.272915 0.122010 1.561245 0.822900 0.404600 -0.241000 -0.317800
1305031455.659400 1.269030 0.116760 1.563975 0.822700 0.403700 -0.240700 -0.319800
1305031455.669400 1.265355 0.111510 1.566705 0.822400 0.403100 -0.240600 -0.321300
1305031455.679400 1.261785 0.106155 1.569540 0.822600 0.403600 -0.239100 -0.321500
1305031455.689500 1.258320 0.101010 1.572480 0.822300 0.404100 -0.237900 -0.322600
1305031455.699500 1.254645 0.095865 1.575525 0.822000 0.404800 -0.236300 -0.323400
1305031455.709600 1.250970 0.090930 1.578675 0.821700 0.405500 -0.234500 -0.324600
1305031455.719400 1.247505 0.085890 1.581825 0.821700 0.405700 -0.232400 -0.325800
1305031455.729500 1.244040 0.081165 1.585185 0.821600 0.406600 -0.230100 -0.326700
1305031455.739400 1.240680 0.076440 1.588545 0.821700 0.406900 -0.228100 -0.327400
1305031455.749400 1.237005 0.071820 1.591905 0.822100 0.406300 -0.226000 -0.328600
1305031455.759400 1.233540 0.067305 1.595370 0.822700 0.406000 -0.223900 -0.329100
1305031455.769500 1.229970 0.063210 1.598835 0.821900 0.404900 -0.224000 -0.332200
1305031455.779500 1.226820 0.058695 1.602615 0.822400 0.403900 -0.222100 -0.333400
1305031455.789500 1.223565 0.054285 1.606290 0.822700 0.403300 -0.220900 -0.334300
1305031455.799400 1.220520 0.050085 1.609965 0.822500 0.402700 -0.220500 -0.335700
1305031455.809400 1.217580 0.045675 1.613850 0.822800 0.402400 -0.219200 -0.336200
1305031455.819400 1.214430 0.041580 1.617630 0.822400 0.402100 -0.218900 -0.337800
1305031455.829500 1.211385 0.037170 1.621200 0.822900 0.402200 -0.217500 -0.337300
1305031455.839400 1.208340 0.033180 1.624980 0.822800 0.402000 -0.217400 -0.337900
1305031455.849500 1.205820 0.028980 1.628865 0.823600 0.402500 -0.214800 -0.336800
1305031455.859500 1.202880 0.025200 1.632645 0.823100 0.401700 -0.214700 -0.339100
1305031455.869400 1.199940 0.021420 1.636215 0.823700 0.401900 -0.213300 -0.338300
1305031455.879400 1.196895 0.017430 1.639785 0.824000 0.401100 -0.212500 -0.339100
1305031455.889400 1.194165 0.013965 1.643355 0.824400 0.400800 -0.211100 -0.339400
1305031455.899500 1.191435 0.010185 1.646820 0.825300 0.400500 -0.209300 -0.338700
1305031455.909800 1.188285 0.006720 1.650075 0.825200 0.400200 -0.208600 -0.339800
1305031455.919400 1.185555 0.003150 1.653645 0.825600 0.400300 -0.206600 -0.339700
1305031455.929400 1.182720 -0.000420 1.656900 0.825800 0.400300 -0.205300 -0.340100
1305031455.939400 1.179885 -0.003990 1.660155 0.825900 0.400400 -0.203700 -0.340800
1305031455.949500 1.176735 -0.007350 1.663200 0.825700 0.400400 -0.202600 -0.341800
1305031455.959500 1.174005 -0.010710 1.666350 0.826400 0.401000 -0.199900 -0.341000
1305031455.969400 1.170960 -0.014070 1.669185 0.826800 0.400700 -0.198500 -0.341100
1305031455.979400 1.168125 -0.017220 1.672020 0.827300 0.401000 -0.196400 -0.341000
1305031455.989500 1.165080 -0.020475 1.674855 0.828200 0.400900 -0.193300 -0.340600
1305031455.999400 1.162035 -0.023625 1.677480 0.828600 0.401300 -0.191400 -0.340100
1305031456.009400 1.158990 -0.026565 1.680000 0.829400 0.401800 -0.188200 -0.339400
1305031456.019400 1.155945 -0.029715 1.682520 0.830500 0.403100 -0.184200 -0.337300
1305031456.029500 1.152690 -0.032865 1.684830 0.831200 0.404600 -0.180700 -0.335700
1305031456.039400 1.149645 -0.035700 1.687350 0.831800 0.406600 -0.177000 -0.333800
1305031456.049500 1.146285 -0.038640 1.689555 0.831900 0.408300 -0.174300 -0.332800
1305031456.059500 1.143240 -0.041370 1.692075 0.832400 0.410200 -0.171200 -0.331000
1305031456.069500 1.140090 -0.044310 1.694280 0.832900 0.411200 -0.168600 -0.329800
1305031456.079400 1.136730 -0.046935 1.696695 0.833100 0.411900 -0.166000 -0.329700
1305031456.090400 1.133475 -0.049455 1.698795 0.833500 0.411600 -0.164600 -0.329700
1305031456.099500 1.130115 -0.051975 1.700895 0.833700 0.411600 -0.163000 -0.330000
1305031456.109500 1.126755 -0.054285 1.703205 0.833800 0.411500 -0.161500 -0.330600
1305031456.119400 1.123395 -0.056700 1.705305 0.834200 0.411100 -0.159900 -0.331000
1305031456.129500 1.119930 -0.058905 1.707405 0.834700 0.410400 -0.158300 -0.331200
1305031456.139400 1.116675 -0.061110 1.709400 0.835600 0.409700 -0.156100 -0.330900
1305031456.149500 1.113000 -0.063105 1.711185 0.835700 0.408900 -0.154700 -0.332400
1305031456.159400 1.109850 -0.064995 1.713495 0.836200 0.407600 -0.152600 -0.333600
1305031456.169400 1.106490 -0.066990 1.715490 0.836600 0.406200 -0.150600 -0.335200
1305031456.179400 1.103025 -0.068670 1.717275 0.836500 0.404000 -0.149700 -0.338600
1305031456.189400 1.099560 -0.070350 1.719165 0.836800 0.402100 -0.147500 -0.341000
1305031456.199500 1.095885 -0.071715 1.720635 0.837100 0.399900 -0.145900 -0.343500
1305031456.209400 1.092420 -0.073290 1.722105 0.838500 0.398000 -0.143100 -0.343500
1305031456.219400 1.088745 -0.074865 1.723365 0.839700 0.395900 -0.140100 -0.344400
1305031456.229400 1.085175 -0.076230 1.724520 0.840900 0.394000 -0.136900 -0.344800
1305031456.239400 1.081185 -0.077490 1.725570 0.841900 0.392200 -0.134200 -0.345600
1305031456.249400 1.077510 -0.078750 1.726620 0.843100 0.390400 -0.130600 -0.346000
1305031456.259400 1.073730 -0.079800 1.727775 0.843800 0.388400 -0.128200 -0.347500
1305031456.269400 1.069950 -0.080745 1.728720 0.844600 0.385800 -0.125600 -0.349300
1305031456.279600 1.066170 -0.081795 1.729560 0.845100 0.383600 -0.123700 -0.351200
1305031456.289400 1.062285 -0.082845 1.730400 0.845800 0.380700 -0.122200 -0.353200
1305031456.299400 1.058400 -0.083895 1.731030 0.846900 0.377700 -0.120400 -0.354400
1305031456.309500 1.054410 -0.084945 1.731660 0.847800 0.374500 -0.118500 -0.356400
1305031456.319400 1.050420 -0.085785 1.732185 0.848600 0.371200 -0.116000 -0.358700
1305031456.329400 1.046220 -0.086310 1.732395 0.848600 0.367900 -0.115100 -0.362300
1305031456.339500 1.042125 -0.087045 1.732500 0.849400 0.364900 -0.112500 -0.364400
1305031456.349800 1.037820 -0.087780 1.732500 0.850300 0.362200 -0.109600 -0.365700
1305031456.359500 1.033830 -0.088515 1.732185 0.851700 0.359700 -0.105800 -0.366000
1305031456.369400 1.029735 -0.089250 1.731975 0.852700 0.357700 -0.102700 -0.366600
1305031456.379400 1.025535 -0.089880 1.731555 0.853400 0.355100 -0.100300 -0.368200
1305031456.389400 1.021335 -0.090615 1.731240 0.853900 0.352600 -0.097300 -0.370100
1305031456.399400 1.016925 -0.091140 1.730820 0.853800 0.349900 -0.095700 -0.373300
1305031456.409500 1.012410 -0.091875 1.730190 0.854100 0.347000 -0.094100 -0.375900
1305031456.419400 1.007895 -0.092610 1.729350 0.854600 0.343900 -0.092600 -0.378000
1305031456.429500 1.003275 -0.093240 1.728195 0.854900 0.341500 -0.091600 -0.379700
1305031456.439400 0.998760 -0.093975 1.726935 0.856000 0.339400 -0.090200 -0.379300
1305031456.449400 0.994035 -0.094605 1.725255 0.856900 0.337700 -0.089500 -0.379000
1305031456.459400 0.989310 -0.095445 1.723680 0.858600 0.336700 -0.088700 -0.376300
1305031456.469400 0.984585 -0.096180 1.721790 0.859900 0.335500 -0.088500 -0.374300
1305031456.479500 0.979650 -0.096810 1.719795 0.861200 0.333900 -0.088400 -0.372900
1305031456.489400 0.974715 -0.097335 1.717695 0.862600 0.333000 -0.088700 -0.370400
1305031456.499400 0.969675 -0.097965 1.715700 0.863600 0.331500 -0.089000 -0.369300
1305031456.509500 0.964845 -0.098490 1.713495 0.864600 0.330300 -0.089600 -0.368000
1305031456.519400 0.959910 -0.099015 1.711290 0.865900 0.328800 -0.089800 -0.366100
1305031456.529400 0.954975 -0.099645 1.709190 0.867100 0.327400 -0.089800 -0.364500
1305031456.539400 0.950040 -0.100275 1.706985 0.867700 0.326200 -0.089700 -0.364100
1305031456.549400 0.945105 -0.100905 1.704885 0.868300 0.324000 -0.089700 -0.364800
1305031456.559500 0.940065 -0.101325 1.702680 0.868500 0.321800 -0.089600 -0.366100
1305031456.569400 0.935340 -0.102060 1.700475 0.869400 0.319500 -0.088800 -0.366200
1305031456.579500 0.930300 -0.102480 1.697955 0.870200 0.317000 -0.088300 -0.366600
1305031456.589400 0.925470 -0.102795 1.695330 0.871700 0.314700 -0.086600 -0.365400
1305031456.599400 0.920640 -0.103320 1.692495 0.874100 0.312600 -0.084300 -0.362000
1305031456.609500 0.915810 -0.103740 1.689660 0.876900 0.310700 -0.081700 -0.357500
1305031456.619400 0.911085 -0.103950 1.686825 0.879800 0.308900 -0.079100 -0.352600
1305031456.629400 0.906465 -0.104265 1.683885 0.881800 0.307000 -0.076700 -0.349600
1305031456.639400 0.901845 -0.104790 1.681155 0.883800 0.304900 -0.074800 -0.347000
1305031456.649400 0.897435 -0.105210 1.678635 0.885300 0.302400 -0.073300 -0.345500
1305031456.659500 0.892710 -0.105525 1.676010 0.885800 0.299300 -0.073400 -0.346900
1305031456.669400 0.888405 -0.105840 1.673595 0.886200 0.296500 -0.073800 -0.348200
1305031456.679500 0.883890 -0.106260 1.670970 0.886600 0.293300 -0.074400 -0.349700
1305031456.689500 0.879795 -0.106470 1.668450 0.887600 0.290600 -0.074600 -0.349600
1305031456.699400 0.875175 -0.107205 1.665510 0.889000 0.288000 -0.075200 -0.348100
1305031456.709400 0.871185 -0.107520 1.662465 0.890700 0.285200 -0.075100 -0.345900
1305031456.719400 0.866775 -0.108150 1.659525 0.892500 0.283100 -0.075500 -0.342800
1305031456.729400 0.862575 -0.108570 1.656690 0.894200 0.281700 -0.075700 -0.339700
1305031456.739400 0.858270 -0.108990 1.653750 0.894800 0.280300 -0.077300 -0.338700
1305031456.749400 0.853860 -0.109410 1.651020 0.895200 0.279400 -0.079300 -0.338000
1305031456.759400 0.849345 -0.109935 1.648290 0.895100 0.277900 -0.082300 -0.338800
1305031456.769400 0.844935 -0.110565 1.645665 0.894800 0.276700 -0.085600 -0.339700
1305031456.779400 0.840840 -0.110880 1.642515 0.894400 0.275200 -0.088300 -0.341400
1305031456.789500 0.836220 -0.111300 1.639890 0.894700 0.273600 -0.090700 -0.341100
1305031456.799600 0.831810 -0.111825 1.636950 0.895500 0.271500 -0.092800 -0.340200
1305031456.809600 0.827610 -0.112350 1.633905 0.896900 0.269200 -0.093500 -0.338200
1305031456.819400 0.823305 -0.112770 1.630650 0.898400 0.266800 -0.093800 -0.336100
1305031456.829400 0.819315 -0.113295 1.627500 0.899800 0.264700 -0.093800 -0.333800
1305031456.839500 0.815010 -0.113820 1.624245 0.901100 0.262700 -0.093700 -0.331900
1305031456.849400 0.810705 -0.114345 1.621200 0.902100 0.260700 -0.092800 -0.331100
1305031456.859500 0.806505 -0.114975 1.618155 0.902800 0.258900 -0.092700 -0.330600
1305031456.869400 0.802305 -0.115605 1.615110 0.903300 0.257500 -0.092000 -0.330500
1305031456.879400 0.798210 -0.116340 1.612380 0.904000 0.255700 -0.091300 -0.330200
1305031456.889400 0.794115 -0.116970 1.609755 0.904100 0.253700 -0.090500 -0.331600
1305031456.899500 0.790020 -0.117705 1.607025 0.904000 0.251300 -0.090200 -0.334000
1305031456.909500 0.785715 -0.118440 1.604295 0.903900 0.248100 -0.089300 -0.336700
1305031456.919400 0.781935 -0.119280 1.601565 0.904500 0.245500 -0.088400 -0.337400
1305031456.929400 0.777840 -0.120225 1.598835 0.905200 0.242700 -0.087100 -0.338000
1305031456.939400 0.773745 -0.121275 1.595895 0.906300 0.240600 -0.085800 -0.336700
1305031456.949500 0.769860 -0.122325 1.593270 0.907500 0.238800 -0.083500 -0.335200
1305031456.959400 0.765660 -0.123585 1.590435 0.908700 0.237600 -0.082100 -0.333200
1305031456.969400 0.762090 -0.124740 1.588020 0.909900 0.237300 -0.080100 -0.330800
1305031456.979400 0.757785 -0.126210 1.585605 0.910700 0.236300 -0.078800 -0.329400
1305031456.989400 0.753900 -0.127890 1.583505 0.911700 0.236300 -0.077300 -0.327000
1305031456.999400 0.750120 -0.129045 1.581510 0.911700 0.234700 -0.076200 -0.328500
1305031457.009500 0.746235 -0.130515 1.579830 0.911900 0.232700 -0.075200 -0.329600
1305031457.019500 0.742455 -0.131985 1.578150 0.912400 0.230600 -0.074200 -0.329800
1305031457.029500 0.738570 -0.133560 1.576575 0.913100 0.227700 -0.073300 -0.330000
1305031457.039500 0.735105 -0.135240 1.575105 0.914400 0.225900 -0.071600 -0.328100
1305031457.049400 0.731430 -0.137025 1.573740 0.915800 0.223600 -0.070200 -0.326100
1305031457.059400 0.727545 -0.138810 1.572480 0.917100 0.221700 -0.068400 -0.324300
1305031457.069400 0.724080 -0.140805 1.571535 0.918600 0.220100 -0.066300 -0.321500
1305031457.079400 0.720615 -0.142800 1.570695 0.919700 0.218600 -0.064300 -0.319800
1305031457.089400 0.716940 -0.144900 1.570380 0.920700 0.216800 -0.062700 -0.318500
1305031457.099400 0.713475 -0.146790 1.570065 0.921100 0.215400 -0.061400 -0.318500
1305031457.109400 0.709905 -0.149100 1.570065 0.921600 0.213300 -0.059500 -0.318700
1305031457.119400 0.706650 -0.151305 1.570485 0.922000 0.211100 -0.058200 -0.319300
1305031457.129500 0.703080 -0.153510 1.570800 0.922300 0.208100 -0.056700 -0.320800
1305031457.139400 0.699615 -0.155925 1.571220 0.922700 0.205300 -0.055500 -0.321400
1305031457.149400 0.696045 -0.158235 1.571850 0.923300 0.202300 -0.054400 -0.321900
1305031457.159400 0.692580 -0.160755 1.572690 0.923800 0.199600 -0.052900 -0.322300
1305031457.169400 0.689010 -0.163590 1.573635 0.924000 0.196700 -0.052100 -0.323800
1305031457.179400 0.685335 -0.166005 1.574475 0.924300 0.194400 -0.050900 -0.324400
1305031457.189400 0.682080 -0.168735 1.575420 0.925200 0.191700 -0.048900 -0.323900
1305031457.199500 0.678300 -0.171570 1.576365 0.925900 0.189600 -0.047300 -0.323400
1305031457.209800 0.674625 -0.174510 1.577415 0.926700 0.187000 -0.045400 -0.322800
1305031457.219400 0.670950 -0.177555 1.578780 0.927500 0.184900 -0.043600 -0.321800
1305031457.229500 0.667380 -0.180600 1.580250 0.927900 0.182300 -0.042200 -0.322400
1305031457.239400 0.663495 -0.183750 1.581825 0.927700 0.180100 -0.041400 -0.324400
1305031457.249400 0.659715 -0.186900 1.583610 0.927200 0.177500 -0.040100 -0.327400
1305031457.259400 0.655830 -0.190260 1.585395 0.927000 0.174400 -0.039100 -0.329800
1305031457.269400 0.652155 -0.193515 1.587390 0.926700 0.171300 -0.038100 -0.332400
1305031457.279400 0.648165 -0.197085 1.589175 0.926700 0.167700 -0.036500 -0.334400
1305031457.289500 0.644385 -0.200130 1.591170 0.926100 0.164800 -0.035000 -0.337500
1305031457.299400 0.640395 -0.203700 1.593270 0.926600 0.161700 -0.032500 -0.337900
1305031457.309400 0.636615 -0.207270 1.595160 0.926900 0.159500 -0.030200 -0.338300
1305031457.319400 0.632730 -0.210735 1.597155 0.927400 0.156600 -0.027200 -0.338700
1305031457.329400 0.628845 -0.214200 1.599255 0.927800 0.154100 -0.024600 -0.339000
1305031457.339400 0.625065 -0.217665 1.601460 0.928000 0.151300 -0.022100 -0.339700
1305031457.349400 0.621180 -0.221025 1.603875 0.928500 0.148300 -0.019000 -0.339800
1305031457.359400 0.617505 -0.224490 1.606395 0.928600 0.144900 -0.016900 -0.341200
1305031457.369400 0.613515 -0.227850 1.609125 0.928200 0.141900 -0.014400 -0.343800
1305031457.379400 0.609630 -0.231000 1.611750 0.927500 0.137900 -0.013000 -0.347100
1305031457.389400 0.605745 -0.234255 1.614690 0.927300 0.134400 -0.011500 -0.349000
1305031457.399400 0.601755 -0.237720 1.617525 0.927800 0.131000 -0.010100 -0.349000
1305031457.409400 0.597870 -0.240975 1.620465 0.928100 0.128100 -0.008600 -0.349600
1305031457.419400 0.593985 -0.244230 1.623405 0.928200 0.125800 -0.007500 -0.350000
1305031457.429400 0.589890 -0.247485 1.626555 0.928500 0.123900 -0.007200 -0.350000
1305031457.439400 0.585795 -0.250635 1.629600 0.928700 0.122100 -0.006600 -0.350200
1305031457.449500 0.582015 -0.253890 1.632855 0.929200 0.120800 -0.006000 -0.349200
1305031457.459400 0.577605 -0.256935 1.636005 0.929000 0.119300 -0.006200 -0.350200
1305031457.469400 0.573510 -0.260085 1.639155 0.929200 0.117800 -0.005900 -0.350200
1305031457.479400 0.569520 -0.263130 1.642620 0.929000 0.116400 -0.005500 -0.351300
1305031457.489400 0.565320 -0.266280 1.645770 0.929000 0.114900 -0.005200 -0.351800
1305031457.499400 0.561225 -0.269220 1.649130 0.928700 0.113200 -0.004700 -0.353200
1305031457.509400 0.557130 -0.272475 1.652490 0.928500 0.111900 -0.003900 -0.353900
1305031457.519400 0.553035 -0.275520 1.655745 0.928100 0.110400 -0.003500 -0.355600
1305031457.529400 0.549045 -0.278565 1.659000 0.927800 0.108800 -0.002500 -0.357000
1305031457.539400 0.545055 -0.281715 1.662045 0.927700 0.106800 -0.001500 -0.357800
1305031457.549400 0.540855 -0.284550 1.665090 0.927200 0.104900 -0.000900 -0.359600
1305031457.559500 0.537075 -0.287595 1.668240 0.927100 0.103100 0.000600 -0.360300
1305031457.569400 0.532980 -0.290535 1.671180 0.927000 0.101400 0.001100 -0.361200
1305031457.579400 0.528885 -0.293580 1.674015 0.927100 0.100100 0.002100 -0.361300
1305031457.589400 0.524895 -0.295890 1.676745 0.927000 0.098600 0.002600 -0.361900
1305031457.599400 0.520590 -0.298830 1.679580 0.927500 0.097500 0.002800 -0.360900
1305031457.609400 0.516495 -0.301245 1.682520 0.927600 0.096800 0.003300 -0.360800
1305031457.619400 0.512085 -0.303660 1.685040 0.927200 0.095000 0.003500 -0.362300
1305031457.629400 0.507990 -0.305760 1.687980 0.926900 0.093800 0.003900 -0.363400
1305031457.639400 0.503790 -0.308070 1.691025 0.926900 0.092600 0.004100 -0.363800
1305031457.649400 0.499485 -0.310380 1.693545 0.927000 0.090800 0.004600 -0.363900
1305031457.659400 0.495180 -0.312480 1.696065 0.927600 0.089600 0.004200 -0.362700
1305031457.669400 0.490770 -0.314475 1.698690 0.928300 0.088400 0.004700 -0.361100
1305031457.679400 0.486255 -0.316680 1.701105 0.929000 0.087700 0.005200 -0.359400
1305031457.689600 0.481740 -0.318990 1.703835 0.929900 0.087600 0.006000 -0.357100
1305031457.699400 0.477225 -0.320880 1.706460 0.930000 0.087600 0.006500 -0.356900
1305031457.709500 0.472500 -0.322875 1.709295 0.929700 0.087500 0.007000 -0.357700
1305031457.719400 0.467880 -0.324870 1.712235 0.929500 0.087800 0.007900 -0.358300
1305031457.729400 0.463260 -0.326655 1.714860 0.928800 0.087600 0.008900 -0.360000
1305031457.739400 0.458745 -0.328650 1.717800 0.928400 0.087700 0.009800 -0.361000
1305031457.749400 0.454125 -0.330435 1.720530 0.928000 0.087700 0.010700 -0.362100
1305031457.759500 0.449400 -0.332430 1.723575 0.927700 0.087300 0.011300 -0.362700
1305031457.769400 0.444885 -0.334110 1.726620 0.926700 0.086800 0.012500 -0.365500
1305031457.779400 0.440370 -0.335685 1.729665 0.925300 0.086100 0.013800 -0.369000
1305031457.789400 0.435645 -0.337470 1.732815 0.924300 0.085000 0.014800 -0.371800
1305031457.799400 0.431130 -0.339045 1.735860 0.923100 0.083600 0.016300 -0.375000
1305031457.809400 0.426720 -0.340725 1.738695 0.922200 0.082500 0.018000 -0.377300
1305031457.819400 0.421995 -0.341880 1.741425 0.921300 0.081000 0.020100 -0.379700
1305031457.829400 0.417480 -0.342930 1.743945 0.920500 0.078700 0.022900 -0.382100
1305031457.839400 0.412965 -0.344400 1.746675 0.920700 0.077900 0.025200 -0.381700
1305031457.849400 0.408240 -0.345765 1.749405 0.920700 0.077100 0.027100 -0.381600
1305031457.859400 0.403725 -0.346500 1.751925 0.919500 0.075100 0.029700 -0.384600
1305031457.869400 0.398895 -0.347550 1.754550 0.918600 0.074400 0.031700 -0.386800
1305031457.879400 0.394170 -0.348600 1.757280 0.917200 0.073200 0.032700 -0.390300
1305031457.889400 0.389550 -0.349545 1.760115 0.915600 0.072400 0.033700 -0.394000
1305031457.899400 0.384825 -0.350385 1.762740 0.914200 0.071300 0.034200 -0.397500
1305031457.909400 0.380100 -0.351435 1.765260 0.913200 0.069800 0.034300 -0.400100
1305031457.919500 0.375270 -0.351855 1.767570 0.911700 0.068000 0.034100 -0.403800
1305031457.929500 0.370335 -0.352800 1.769670 0.911600 0.066100 0.033700 -0.404400
1305031457.939400 0.365400 -0.353325 1.771560 0.911300 0.064500 0.033300 -0.405300
1305031457.949400 0.360465 -0.353640 1.773240 0.910800 0.063100 0.033000 -0.406600
1305031457.959400 0.355320 -0.354165 1.774815 0.910700 0.062300 0.032800 -0.407100
1305031457.969400 0.350280 -0.354585 1.776285 0.910200 0.061500 0.032800 -0.408200
1305031457.979600 0.345345 -0.354795 1.777755 0.909800 0.061000 0.033100 -0.409100
1305031457.989400 0.339885 -0.354795 1.778910 0.908300 0.060300 0.033100 -0.412500
1305031457.999400 0.334740 -0.354900 1.780170 0.907600 0.059700 0.033800 -0.414300
1305031458.009800 0.329385 -0.354795 1.781220 0.906200 0.058700 0.034300 -0.417300
1305031458.019400 0.324135 -0.354690 1.782165 0.905100 0.057600 0.035300 -0.419700
1305031458.029400 0.318675 -0.354270 1.782900 0.903600 0.056100 0.036100 -0.423200
1305031458.039500 0.313215 -0.353850 1.783110 0.903100 0.054400 0.037100 -0.424400
1305031458.049400 0.307650 -0.353430 1.783320 0.902000 0.052600 0.038400 -0.426700
1305031458.059400 0.301875 -0.352590 1.783215 0.901700 0.051000 0.039100 -0.427600
1305031458.069400 0.296415 -0.351855 1.783005 0.902000 0.049700 0.040600 -0.426900
1305031458.079400 0.290640 -0.350910 1.782585 0.902300 0.048700 0.041900 -0.426400
1305031458.089400 0.284865 -0.349965 1.781955 0.903000 0.047400 0.043500 -0.424900
1305031458.099500 0.278880 -0.348810 1.781220 0.903000 0.046700 0.045000 -0.424800
1305031458.109500 0.273000 -0.347550 1.780485 0.903100 0.046100 0.046500 -0.424500
1305031458.119400 0.266910 -0.346080 1.779750 0.902600 0.045700 0.047600 -0.425500
1305031458.129400 0.260925 -0.344820 1.779015 0.902900 0.045400 0.048900 -0.424500
1305031458.139400 0.254625 -0.343245 1.777965 0.902600 0.044800 0.049700 -0.425300
1305031458.149700 0.248535 -0.341670 1.777125 0.901800 0.043400 0.050400 -0.427000
1305031458.159400 0.242130 -0.339780 1.775865 0.901800 0.041800 0.050400 -0.427300
1305031458.169400 0.235830 -0.337890 1.774605 0.901900 0.040700 0.050300 -0.427100
1305031458.179400 0.229320 -0.336000 1.773135 0.902300 0.039500 0.050000 -0.426400
1305031458.189400 0.222810 -0.334005 1.771665 0.903100 0.038700 0.049500 -0.424700
1305031458.199400 0.216300 -0.331905 1.770090 0.904400 0.038000 0.050000 -0.422000
1305031458.209400 0.209685 -0.329805 1.768410 0.905800 0.038300 0.049900 -0.419100
1305031458.219400 0.203070 -0.327600 1.766625 0.906700 0.038800 0.050200 -0.416900
1305031458.229400 0.196350 -0.325500 1.765155 0.907700 0.039500 0.050000 -0.414800
1305031458.239400 0.189630 -0.323190 1.763685 0.907800 0.040300 0.050400 -0.414300
1305031458.249600 0.182910 -0.320985 1.762425 0.907100 0.041200 0.050300 -0.415800
1305031458.259400 0.175980 -0.318570 1.761165 0.906100 0.041800 0.049500 -0.418200
1305031458.269400 0.169155 -0.316365 1.759800 0.904800 0.042300 0.048400 -0.420900
1305031458.279400 0.162330 -0.313740 1.758330 0.903400 0.042200 0.047100 -0.424100
1305031458.289400 0.155715 -0.311430 1.756650 0.903800 0.042500 0.045700 -0.423400
1305031458.299400 0.149100 -0.309120 1.754760 0.903800 0.042200 0.044300 -0.423500
1305031458.309600 0.142590 -0.306600 1.752870 0.903700 0.041800 0.042800 -0.423900
1305031458.319400 0.135975 -0.304185 1.750875 0.904000 0.041400 0.041400 -0.423500
1305031458.329400 0.129675 -0.301980 1.748880 0.904000 0.041400 0.040300 -0.423600
1305031458.339400 0.123375 -0.299565 1.746780 0.902800 0.041400 0.038700 -0.426200
1305031458.349400 0.117180 -0.297045 1.744680 0.901600 0.041100 0.037400 -0.429100
1305031458.360200 0.111195 -0.294315 1.742370 0.899600 0.040900 0.036500 -0.433200
1305031458.369400 0.105315 -0.291900 1.739850 0.898100 0.040100 0.035000 -0.436500
1305031458.379400 0.099645 -0.289380 1.737225 0.897200 0.038800 0.033700 -0.438500
1305031458.389400 0.094185 -0.286755 1.734285 0.896200 0.037100 0.032500 -0.440800
1305031458.399400 0.089040 -0.283920 1.731240 0.895500 0.035000 0.031700 -0.442600
1305031458.409400 0.084000 -0.281505 1.727775 0.895100 0.031400 0.030200 -0.443700
1305031458.419400 0.079065 -0.278775 1.724100 0.894000 0.027800 0.029100 -0.446300
1305031458.429400 0.074445 -0.276255 1.720425 0.893000 0.024300 0.028800 -0.448600
1305031458.439400 0.070035 -0.273525 1.716540 0.891300 0.021000 0.028900 -0.452100
1305031458.449400 0.065625 -0.270900 1.712760 0.889000 0.018100 0.029600 -0.456500
1305031458.459400 0.061215 -0.268275 1.708770 0.886700 0.016000 0.031000 -0.461100
1305031458.469400 0.057330 -0.265650 1.704570 0.883000 0.014400 0.033100 -0.468000
1305031458.479400 0.053550 -0.263130 1.700160 0.878800 0.013200 0.035300 -0.475700
1305031458.489400 0.049770 -0.260820 1.695540 0.875100 0.012400 0.037700 -0.482300
1305031458.499400 0.046200 -0.258195 1.690815 0.871400 0.011100 0.039600 -0.488900
1305031458.509400 0.042735 -0.255570 1.685775 0.868500 0.010500 0.041400 -0.493800
1305031458.519400 0.039585 -0.253470 1.680105 0.867100 0.008600 0.043200 -0.496100
1305031458.529400 0.036435 -0.250845 1.674330 0.865200 0.007100 0.045300 -0.499200
1305031458.539400 0.033600 -0.248430 1.668660 -0.863700 -0.006300 -0.047600 0.501600
1305031458.549400 0.030870 -0.245595 1.662990 -0.862500 -0.005700 -0.050200 0.503600
1305031458.559400 0.028035 -0.242760 1.657320 -0.860700 -0.005700 -0.052700 0.506400
1305031458.569400 0.025200 -0.239715 1.651545 -0.858700 -0.006600 -0.054700 0.509600
1305031458.579400 0.022890 -0.236880 1.645770 -0.857500 -0.007500 -0.056100 0.511300
1305031458.589400 0.020580 -0.233625 1.639995 -0.854600 -0.009000 -0.057200 0.516000
1305031458.599400 0.018270 -0.230370 1.633905 -0.853400 -0.010600 -0.057600 0.518000
1305031458.609400 0.016170 -0.227115 1.627710 -0.853200 -0.011900 -0.057800 0.518200
1305031458.619400 0.014175 -0.223650 1.621515 -0.853300 -0.012700 -0.058000 0.518000
1305031458.629400 0.012390 -0.220710 1.615215 -0.855000 -0.012900 -0.058300 0.515200
1305031458.639400 0.010395 -0.217560 1.608915 -0.856400 -0.013000 -0.057700 0.513000
1305031458.649400 0.008610 -0.214305 1.602825 -0.857000 -0.014500 -0.056400 0.512000
1305031458.660700 0.006930 -0.211155 1.596630 -0.857800 -0.016900 -0.053900 0.510800
1305031458.669400 0.005040 -0.207900 1.590645 -0.859000 -0.020200 -0.050200 0.509100
1305031458.679400 0.003675 -0.204645 1.584555 -0.860500 -0.025100 -0.046900 0.506700
1305031458.689400 0.002310 -0.201600 1.578675 -0.861700 -0.029600 -0.043100 0.504800
1305031458.699400 0.001050 -0.198555 1.572900 -0.862300 -0.034100 -0.040400 0.503600
1305031458.709400 -0.000105 -0.195405 1.567440 -0.862600 -0.038100 -0.037400 0.503000
1305031458.719400 -0.001155 -0.192255 1.562190 -0.861600 -0.042200 -0.034800 0.504600
1305031458.729400 -0.002100 -0.189210 1.557255 -0.861000 -0.046400 -0.031800 0.505500
1305031458.739400 -0.002940 -0.185850 1.552425 -0.859100 -0.050900 -0.029200 0.508400
1305031458.749400 -0.003780 -0.182910 1.547805 -0.858000 -0.056800 -0.025600 0.509900
1305031458.759600 -0.004515 -0.180285 1.543290 -0.858200 -0.062500 -0.021800 0.509100
1305031458.769400 -0.005355 -0.177660 1.539090 -0.858600 -0.068300 -0.017300 0.507800
1305031458.779400 -0.006195 -0.174825 1.534890 -0.859100 -0.072100 -0.014600 0.506400
1305031458.789500 -0.007140 -0.171780 1.530690 -0.859300 -0.075600 -0.012400 0.505700
1305031458.799400 -0.008085 -0.168945 1.526805 -0.860300 -0.078000 -0.010200 0.503700
1305031458.809400 -0.009135 -0.166005 1.523235 -0.861200 -0.079800 -0.009000 0.501900
1305031458.819300 -0.010080 -0.163170 1.519875 -0.862000 -0.080400 -0.007300 0.500400
1305031458.829400 -0.011235 -0.160545 1.516830 0.862400 0.080500 0.006000 -0.499800
1305031458.839400 -0.012915 -0.158340 1.513995 0.862500 0.081300 0.004700 -0.499500
1305031458.849400 -0.014490 -0.155820 1.511685 -0.861500 -0.082500 -0.004300 0.501100
1305031458.859400 -0.016380 -0.153930 1.509480 -0.859900 -0.084700 -0.004100 0.503400
1305031458.869400 -0.018270 -0.151830 1.507590 -0.858200 -0.086900 -0.005500 0.505900
1305031458.879400 -0.020790 -0.149625 1.505700 -0.856400 -0.088600 -0.006900 0.508600
1305031458.889400 -0.023205 -0.147945 1.503915 -0.856000 -0.088600 -0.009000 0.509200
1305031458.899400 -0.025830 -0.146160 1.502445 -0.856100 -0.087700 -0.010800 0.509200
1305031458.909400 -0.028455 -0.144060 1.501080 -0.856700 -0.084600 -0.012300 0.508700
1305031458.919400 -0.031395 -0.142275 1.499820 -0.858200 -0.080400 -0.013200 0.506800
1305031458.929400 -0.034545 -0.140070 1.498455 -0.859300 -0.075700 -0.013600 0.505700
1305031458.939400 -0.038115 -0.138180 1.497405 -0.861200 -0.071100 -0.014000 0.503100
1305031458.949400 -0.041895 -0.136395 1.496670 -0.862900 -0.066600 -0.015200 0.500800
1305031458.959400 -0.045990 -0.134610 1.495725 0.864300 0.063400 0.016500 -0.498700
1305031458.969400 -0.050400 -0.132720 1.495305 0.864300 0.061800 0.018100 -0.498800
1305031458.979300 -0.055230 -0.130935 1.495095 -0.863100 -0.061200 -0.019200 0.500900
1305031458.989400 -0.060375 -0.129150 1.495095 -0.862000 -0.061800 -0.019500 0.502700
1305031458.999400 -0.065625 -0.127155 1.495095 -0.860100 -0.062200 -0.019300 0.506000
1305031459.009400 -0.071190 -0.125160 1.494990 -0.858400 -0.062800 -0.018300 0.508800
1305031459.019400 -0.076965 -0.123375 1.494885 -0.857600 -0.062600 -0.016700 0.510200
1305031459.029500 -0.082845 -0.121590 1.494780 -0.857100 -0.061500 -0.014400 0.511300
1305031459.039400 -0.088830 -0.119700 1.494570 -0.856500 -0.059500 -0.011300 0.512500
1305031459.049400 -0.094815 -0.117600 1.494360 -0.855200 -0.057400 -0.007500 0.515000
1305031459.059400 -0.101220 -0.115920 1.494150 -0.854800 -0.055100 -0.002600 0.516100
1305031459.069400 -0.107835 -0.113925 1.493730 -0.853600 -0.053400 0.002700 0.518100
1305031459.079300 -0.114450 -0.112140 1.493520 -0.852500 -0.052900 0.008800 0.519900
1305031459.089400 -0.121485 -0.110040 1.492995 -0.850700 -0.052900 0.014900 0.522800
1305031459.099400 -0.128730 -0.108255 1.492680 -0.849100 -0.053600 0.021800 0.525100
1305031459.109400 -0.135660 -0.106470 1.492260 -0.848500 -0.056200 0.029200 0.525400
1305031459.119400 -0.142695 -0.105105 1.491630 -0.847900 -0.058100 0.036500 0.525600
1305031459.129400 -0.149940 -0.103110 1.490685 -0.846100 -0.060400 0.043400 0.527800
1305031459.139400 -0.156870 -0.101535 1.489635 -0.845400 -0.062900 0.050200 0.528000
1305031459.149400 -0.163695 -0.099855 1.488480 -0.844400 -0.064000 0.056800 0.528900
1305031459.159400 -0.170520 -0.098280 1.487220 -0.843500 -0.065500 0.062500 0.529400
1305031459.169400 -0.177030 -0.096600 1.485750 -0.842800 -0.065900 0.068000 0.529900
1305031459.179300 -0.183435 -0.094815 1.484070 -0.842400 -0.065500 0.073500 0.529900
1305031459.189400 -0.189525 -0.093240 1.482285 -0.842700 -0.064600 0.078200 0.528700
1305031459.199400 -0.195720 -0.091665 1.480290 -0.842400 -0.063000 0.082300 0.528800
1305031459.209400 -0.201600 -0.089985 1.478295 -0.842100 -0.060500 0.086700 0.528900
1305031459.219400 -0.207270 -0.088410 1.475880 -0.842200 -0.058400 0.090000 0.528400
1305031459.229400 -0.212730 -0.087360 1.473570 -0.843000 -0.056300 0.093500 0.526700
1305031459.239400 -0.217980 -0.086205 1.471050 -0.843300 -0.053400 0.095400 0.526200
1305031459.249400 -0.223020 -0.085050 1.468425 -0.843700 -0.050000 0.096100 0.525700
1305031459.259400 -0.227955 -0.083895 1.465695 -0.844500 -0.045100 0.095400 0.525100
1305031459.269400 -0.232575 -0.083160 1.462860 -0.845300 -0.039900 0.093600 0.524500
1305031459.279400 -0.237090 -0.082215 1.460130 -0.845700 -0.033700 0.090900 0.524800
1305031459.289400 -0.241395 -0.081795 1.457190 -0.846800 -0.027200 0.087900 0.523800
1305031459.299400 -0.245175 -0.081060 1.454145 -0.846900 -0.020300 0.084100 0.524700
1305031459.309400 -0.249165 -0.080955 1.451100 -0.847700 -0.013500 0.080600 0.524100
1305031459.319400 -0.253050 -0.080850 1.448055 -0.847600 -0.005200 0.076500 0.525100
1305031459.329400 -0.256515 -0.081060 1.445115 -0.847300 0.003000 0.072000 0.526100
1305031459.339400 -0.260085 -0.081060 1.441965 -0.845900 0.011400 0.068200 0.528900
1305031459.349400 -0.263550 -0.081270 1.438920 -0.845200 0.020400 0.064200 0.530200
1305031459.359400 -0.267015 -0.081690 1.435770 -0.844300 0.030800 0.060400 0.531600
1305031459.369400 -0.269850 -0.082005 1.431780 -0.842000 0.041000 0.056200 0.535000
1305031459.379400 -0.273315 -0.083055 1.427895 -0.844600 0.051900 0.052400 0.530300
1305031459.389400 -0.276465 -0.084105 1.424220 -0.847000 0.064700 0.048100 0.525400
1305031459.399400 -0.279405 -0.084945 1.420335 -0.848900 0.078800 0.042900 0.520900
1305031459.409400 -0.282240 -0.086100 1.416450 -0.850900 0.093700 0.036900 0.515600
1305031459.419400 -0.284970 -0.087150 1.412670 -0.848900 0.109600 0.030600 0.516100
1305031459.429400 -0.288015 -0.088095 1.408995 -0.848100 0.125600 0.023700 0.514200
1305031459.439300 -0.291060 -0.089460 1.405425 -0.845200 0.140700 0.018100 0.515300
1305031459.449400 -0.293895 -0.091140 1.401750 -0.840900 0.155600 0.012200 0.518200
1305031459.459400 -0.297465 -0.092820 1.397970 -0.839900 0.168200 0.009300 0.516000
1305031459.469700 -0.300825 -0.094185 1.394190 -0.837800 0.180600 0.006300 0.515200
1305031459.479400 -0.304500 -0.095970 1.390515 -0.837400 0.192700 0.005000 0.511500
1305031459.489500 -0.308070 -0.097650 1.386630 -0.836800 0.204400 0.003300 0.508000
1305031459.499400 -0.311745 -0.099330 1.383060 -0.837100 0.216500 0.001300 0.502400
1305031459.509500 -0.315420 -0.100800 1.379490 0.836500 -0.228200 0.001200 -0.498200
1305031459.519400 -0.319200 -0.102165 1.376130 0.835500 -0.238800 0.004600 -0.494900
1305031459.529400 -0.322980 -0.103530 1.373085 0.834100 -0.248500 0.006900 -0.492400
1305031459.539400 -0.327285 -0.104685 1.370145 0.832300 -0.256900 0.009300 -0.491200
1305031459.549400 -0.331485 -0.105840 1.367205 0.830500 -0.263800 0.010800 -0.490400
1305031459.559300 -0.336000 -0.106890 1.364370 0.828800 -0.270400 0.011800 -0.489800
1305031459.569300 -0.341040 -0.108045 1.361745 0.828000 -0.276200 0.011300 -0.487800
1305031459.579400 -0.345870 -0.108570 1.359330 0.826000 -0.282200 0.011600 -0.487900
1305031459.589400 -0.351120 -0.108885 1.357125 0.825100 -0.286800 0.011500 -0.486600
1305031459.599500 -0.356475 -0.109305 1.355130 0.825200 -0.290400 0.010700 -0.484300
1305031459.609400 -0.361830 -0.109095 1.353240 0.824500 -0.293200 0.011000 -0.483800
1305031459.619400 -0.367395 -0.109095 1.351770 0.824400 -0.294800 0.011900 -0.483100
1305031459.629400 -0.372855 -0.108675 1.350405 0.823900 -0.295800 0.013300 -0.483300
1305031459.639300 -0.378525 -0.108360 1.349460 0.823300 -0.297300 0.015900 -0.483300
1305031459.649400 -0.383985 -0.107835 1.348515 0.821800 -0.299600 0.019100 -0.484200
1305031459.659400 -0.389655 -0.107205 1.347885 0.821000 -0.302300 0.022300 -0.483800
1305031459.669400 -0.395535 -0.106785 1.347570 0.821500 -0.305500 0.025300 -0.480800
1305031459.679400 -0.401310 -0.106050 1.347360 0.821400 -0.308700 0.028300 -0.478700
1305031459.689400 -0.407295 -0.105315 1.347570 0.821500 -0.312000 0.031100 -0.476400
1305031459.699400 -0.412965 -0.104055 1.348200 0.821600 -0.314000 0.034000 -0.474500
1305031459.709400 -0.418950 -0.103005 1.348830 0.822000 -0.315400 0.036500 -0.472800
1305031459.719400 -0.424935 -0.101745 1.349880 0.822200 -0.315600 0.039100 -0.472100
1305031459.729400 -0.431025 -0.100485 1.351035 0.822000 -0.315400 0.041800 -0.472300
1305031459.739300 -0.436695 -0.098805 1.352505 0.820800 -0.315300 0.045100 -0.474100
1305031459.749400 -0.442680 -0.097230 1.354185 0.820700 -0.315100 0.047100 -0.474200
1305031459.759400 -0.448560 -0.095340 1.355760 0.820100 -0.314300 0.049300 -0.475600
1305031459.769400 -0.454545 -0.093555 1.357545 0.820500 -0.314300 0.050700 -0.474800
1305031459.779400 -0.460320 -0.091560 1.359120 0.820200 -0.314200 0.051900 -0.475200
1305031459.789400 -0.466095 -0.089460 1.360905 0.820600 -0.313500 0.052400 -0.474900
1305031459.799400 -0.472080 -0.087255 1.362480 0.820700 -0.313400 0.052900 -0.474900
1305031459.809400 -0.477645 -0.085155 1.364265 0.821500 -0.313000 0.053600 -0.473600
1305031459.819400 -0.483525 -0.082425 1.365840 0.822000 -0.312400 0.053100 -0.473100
1305031459.829400 -0.488880 -0.079485 1.367310 0.822000 -0.312400 0.054200 -0.473000
1305031459.839400 -0.494445 -0.076860 1.368675 0.823100 -0.312000 0.054200 -0.471400
1305031459.849400 -0.499905 -0.073815 1.370250 0.823800 -0.311900 0.054000 -0.470300
1305031459.859400 -0.505680 -0.070665 1.371405 0.824000 -0.312100 0.053800 -0.469800
1305031459.869300 -0.510930 -0.067830 1.372665 0.824600 -0.312700 0.052900 -0.468400
1305031459.879400 -0.515970 -0.065100 1.374450 0.826900 -0.312000 0.051200 -0.465100
1305031459.889400 -0.521010 -0.061950 1.376025 0.827300 -0.311900 0.050400 -0.464500
1305031459.899400 -0.526155 -0.059010 1.377705 0.827200 -0.312900 0.049900 -0.464000
1305031459.909400 -0.531195 -0.055860 1.379280 0.827200 -0.313200 0.049200 -0.463900
1305031459.919400 -0.535920 -0.052920 1.381065 0.827400 -0.313800 0.048400 -0.463300
1305031459.929400 -0.540960 -0.049455 1.382850 0.827100 -0.314800 0.048000 -0.463100
1305031459.939400 -0.545790 -0.046200 1.384635 0.827300 -0.315900 0.047400 -0.462100
1305031459.949300 -0.550620 -0.042735 1.386315 0.826700 -0.317200 0.047200 -0.462300
1305031459.959400 -0.555240 -0.039375 1.387995 0.827300 -0.318300 0.046300 -0.460600
1305031459.969400 -0.559965 -0.035910 1.389780 0.827400 -0.319700 0.046100 -0.459400
1305031459.979400 -0.564585 -0.032445 1.391670 0.828000 -0.320600 0.045700 -0.457800
1305031459.989500 -0.569205 -0.028980 1.393455 0.828000 -0.321900 0.045500 -0.456800
1305031459.999400 -0.573720 -0.025515 1.395135 0.827900 -0.323000 0.046100 -0.456100
1305031460.009400 -0.578130 -0.021945 1.397130 0.827800 -0.323700 0.046000 -0.455900
1305031460.019300 -0.582330 -0.018480 1.399020 0.827500 -0.324700 0.046600 -0.455800
1305031460.029400 -0.586320 -0.014805 1.401015 0.827500 -0.325000 0.046800 -0.455500
1305031460.039400 -0.590520 -0.010920 1.402695 0.826700 -0.325900 0.047200 -0.456200
1305031460.049400 -0.594300 -0.007350 1.404375 0.826700 -0.326700 0.047000 -0.455600
1305031460.059700 -0.598290 -0.003570 1.406055 0.826300 -0.327200 0.046300 -0.456200
1305031460.069400 -0.601965 0.000105 1.407735 0.826200 -0.328300 0.044600 -0.455700
1305031460.079400 -0.605745 0.003780 1.409520 0.825500 -0.329900 0.042100 -0.456000
1305031460.089300 -0.608895 0.007560 1.411200 0.825000 -0.331300 0.039300 -0.456100
1305031460.099400 -0.612465 0.011445 1.413090 0.824100 -0.333200 0.035000 -0.456800
1305031460.109400 -0.615405 0.014805 1.414875 0.823800 -0.334100 0.032000 -0.456900
1305031460.119300 -0.618975 0.018900 1.416345 0.822000 -0.336600 0.027700 -0.458600
1305031460.129400 -0.621915 0.022680 1.418130 0.820800 -0.337700 0.024800 -0.460100
1305031460.139300 -0.624645 0.025935 1.420125 0.820500 -0.339500 0.021200 -0.459500
1305031460.149300 -0.627270 0.029820 1.421700 0.819500 -0.340900 0.018600 -0.460300
1305031460.159400 -0.629895 0.033390 1.423380 0.819700 -0.342500 0.015400 -0.458900
1305031460.169300 -0.632310 0.037485 1.424850 0.819300 -0.343900 0.012600 -0.458600
1305031460.179300 -0.634830 0.041055 1.426425 0.819900 -0.345000 0.009700 -0.456800
1305031460.189400 -0.637245 0.045045 1.428000 0.820000 -0.346200 0.008200 -0.455700
1305031460.199400 -0.639450 0.048825 1.429890 0.819800 -0.347300 0.007500 -0.455300
1305031460.209400 -0.641655 0.052395 1.431465 0.819600 -0.348200 0.007500 -0.455000
1305031460.219300 -0.643650 0.056070 1.433355 0.818700 -0.349600 0.008800 -0.455400
1305031460.229400 -0.645540 0.059640 1.435035 0.817400 -0.350700 0.010600 -0.456900
1305031460.239400 -0.647955 0.063105 1.436505 0.815600 -0.353600 0.012600 -0.457800
1305031460.249400 -0.649845 0.066570 1.438290 0.814600 -0.354800 0.015400 -0.458600
1305031460.259600 -0.651735 0.069930 1.440075 0.814000 -0.356000 0.017700 -0.458700
1305031460.269400 -0.653205 0.073395 1.441755 0.813000 -0.356800 0.021000 -0.459600
1305031460.279300 -0.655200 0.076755 1.443330 0.813000 -0.358000 0.023300 -0.458600
1305031460.289300 -0.656670 0.080535 1.445220 0.811600 -0.359200 0.026300 -0.460000
1305031460.299400 -0.658455 0.083895 1.446795 0.811100 -0.360400 0.028600 -0.459700
1305031460.309400 -0.659925 0.087465 1.448685 0.811400 -0.362500 0.029900 -0.457500
1305031460.319400 -0.661395 0.091245 1.450365 0.810600 -0.364500 0.031700 -0.457200
1305031460.329400 -0.662865 0.094710 1.451835 0.810300 -0.366600 0.033400 -0.456000
1305031460.339400 -0.664335 0.098700 1.453305 0.809100 -0.368900 0.036000 -0.456100
1305031460.349400 -0.665700 0.102585 1.454670 0.808400 -0.371100 0.038100 -0.455400
1305031460.359400 -0.667170 0.106260 1.456245 0.807900 -0.373700 0.040700 -0.453900
1305031460.369800 -0.668535 0.109830 1.457610 0.808000 -0.375900 0.043200 -0.451500
1305031460.379400 -0.669900 0.113610 1.459080 0.807500 -0.378400 0.046100 -0.450100
1305031460.389400 -0.671160 0.117285 1.460445 0.806600 -0.380800 0.049100 -0.449400
1305031460.399400 -0.672315 0.121170 1.461810 0.805600 -0.383400 0.051700 -0.448800
1305031460.409400 -0.673470 0.124845 1.463175 0.804200 -0.386600 0.054300 -0.448100
1305031460.419300 -0.674625 0.128415 1.464225 0.803100 -0.389300 0.056400 -0.447600
1305031460.429400 -0.675780 0.132090 1.465485 0.802500 -0.391900 0.058900 -0.446100
1305031460.439300 -0.676830 0.135660 1.466955 0.801200 -0.395300 0.062000 -0.445000
1305031460.449400 -0.677880 0.139125 1.468215 0.799900 -0.398300 0.065700 -0.444000
1305031460.459900 -0.678720 0.142800 1.469370 0.798500 -0.401700 0.069500 -0.443000
1305031460.469400 -0.679770 0.146160 1.470630 0.798000 -0.405400 0.073100 -0.439900
1305031460.479700 -0.680820 0.149625 1.471680 0.797100 -0.409500 0.076500 -0.437300
1305031460.489400 -0.682080 0.153090 1.472835 0.796500 -0.414000 0.078900 -0.433600
1305031460.499400 -0.683130 0.156660 1.473780 0.795500 -0.418300 0.081300 -0.430900
1305031460.509400 -0.684390 0.160230 1.474830 0.794200 -0.422700 0.083400 -0.428400
1305031460.519300 -0.685860 0.163485 1.475880 0.793600 -0.426100 0.085600 -0.425800
1305031460.529400 -0.687120 0.167055 1.476930 0.792600 -0.429300 0.088100 -0.423900
1305031460.539300 -0.688590 0.170415 1.477770 0.792400 -0.431400 0.090900 -0.421600
1305031460.549300 -0.690060 0.173775 1.478715 0.792100 -0.432800 0.093800 -0.420100
1305031460.559900 -0.691425 0.177240 1.479660 0.791400 -0.434100 0.097200 -0.419300
1305031460.569300 -0.692895 0.180810 1.480395 0.790900 -0.434800 0.100700 -0.418700
1305031460.579300 -0.694470 0.184170 1.481340 0.790300 -0.436700 0.103100 -0.417300
1305031460.589300 -0.696150 0.187530 1.482180 0.789900 -0.438500 0.105400 -0.415600
1305031460.599400 -0.697725 0.190995 1.483020 0.789000 -0.440500 0.107600 -0.414600
1305031460.609400 -0.699300 0.194565 1.483860 0.788100 -0.442100 0.110200 -0.413900
1305031460.619300 -0.700875 0.197925 1.484700 0.787200 -0.443200 0.113200 -0.413500
1305031460.629400 -0.702555 0.201390 1.485540 0.786900 -0.444400 0.115400 -0.412300
1305031460.639400 -0.704235 0.205065 1.486380 0.786400 -0.445000 0.118100 -0.411700
1305031460.649500 -0.705810 0.208950 1.487115 0.785500 -0.445800 0.120800 -0.411800
1305031460.659500 -0.707490 0.212520 1.487850 0.785500 -0.447100 0.122300 -0.410000
1305031460.669300 -0.709275 0.216195 1.488585 0.785200 -0.448000 0.123800 -0.409200
1305031460.679300 -0.711060 0.219975 1.489215 0.784900 -0.449000 0.125000 -0.408200
1305031460.689400 -0.712845 0.223965 1.489740 0.784700 -0.449800 0.125900 -0.407500
1305031460.699400 -0.714840 0.227850 1.490475 0.785400 -0.450500 0.126500 -0.405100
1305031460.709400 -0.716730 0.231945 1.490895 0.786000 -0.450700 0.127400 -0.403600
1305031460.719300 -0.718515 0.235935 1.491630 0.786300 -0.451100 0.129100 -0.402000
1305031460.729400 -0.720300 0.240030 1.492155 0.786200 -0.451300 0.131200 -0.401200
1305031460.739300 -0.721980 0.243915 1.492785 0.786300 -0.451200 0.133200 -0.400500
1305031460.749400 -0.723450 0.248115 1.493415 0.785900 -0.451600 0.135600 -0.400000
1305031460.759400 -0.724920 0.252315 1.494045 0.785700 -0.452000 0.137400 -0.399300
1305031460.769300 -0.726495 0.256305 1.494675 0.785700 -0.452700 0.139200 -0.397900
1305031460.779400 -0.727860 0.260715 1.495095 0.785600 -0.452800 0.140600 -0.397600
1305031460.789400 -0.729435 0.265125 1.495620 0.786100 -0.452700 0.141600 -0.396400
1305031460.799400 -0.730905 0.269745 1.496145 0.786800 -0.452600 0.142400 -0.394900
1305031460.809300 -0.732165 0.274260 1.496670 0.787500 -0.452000 0.143400 -0.393600
1305031460.819300 -0.733530 0.278670 1.497090 0.788400 -0.451600 0.144700 -0.391800
1305031460.829400 -0.734790 0.283290 1.497720 0.788900 -0.451700 0.146300 -0.390000
1305031460.839300 -0.735735 0.287910 1.498350 0.789700 -0.451600 0.148100 -0.387900
1305031460.849400 -0.736995 0.292425 1.498980 0.790200 -0.451800 0.150100 -0.385900
1305031460.859300 -0.737835 0.296940 1.499505 0.790700 -0.451400 0.152300 -0.384400
1305031460.869400 -0.738570 0.301665 1.500030 0.791300 -0.451600 0.154900 -0.382000
1305031460.879400 -0.739200 0.306495 1.500660 0.791700 -0.451300 0.157000 -0.380600
1305031460.889300 -0.739935 0.310800 1.501290 0.793100 -0.451300 0.157800 -0.377300
1305031460.899400 -0.740250 0.315525 1.501815 0.793500 -0.451000 0.159300 -0.376300
1305031460.909400 -0.740565 0.320145 1.502445 0.793900 -0.451000 0.160400 -0.374900
1305031460.919400 -0.741090 0.324765 1.503180 0.794600 -0.451900 0.160300 -0.372400
1305031460.929400 -0.741300 0.329280 1.503810 0.794900 -0.452600 0.160200 -0.371000
1305031460.939300 -0.741615 0.333690 1.504650 0.795300 -0.453300 0.160200 -0.369200
1305031460.949400 -0.741615 0.337995 1.505700 0.795600 -0.453800 0.160500 -0.368000
1305031460.959500 -0.741720 0.342510 1.506540 0.795000 -0.454300 0.161500 -0.368200
1305031460.970100 -0.741510 0.346710 1.507590 0.794300 -0.454600 0.163000 -0.368700
1305031460.979400 -0.741405 0.351015 1.508640 0.793100 -0.455200 0.164700 -0.369600
1305031460.989400 -0.741300 0.355215 1.509585 0.792800 -0.455700 0.165300 -0.369300
1305031460.999400 -0.741090 0.359415 1.510425 0.792500 -0.456100 0.165900 -0.369500
1305031461.009400 -0.740880 0.363615 1.511370 0.792200 -0.456500 0.166000 -0.369300
1305031461.019300 -0.740775 0.367605 1.512315 0.791700 -0.457000 0.166300 -0.369800
1305031461.029400 -0.740565 0.371805 1.513155 0.791000 -0.457500 0.166700 -0.370500
1305031461.039300 -0.740040 0.375795 1.513995 0.790000 -0.457400 0.167600 -0.372400
1305031461.049300 -0.739935 0.380205 1.514835 0.789800 -0.458000 0.167300 -0.372200
1305031461.059800 -0.739725 0.384405 1.515465 0.790200 -0.457900 0.166700 -0.371700
1305031461.069300 -0.739305 0.388710 1.515990 0.790600 -0.457900 0.166100 -0.371100
1305031461.079300 -0.739095 0.392910 1.516515 0.791800 -0.457400 0.164900 -0.369500
1305031461.089300 -0.738885 0.397215 1.517040 0.792500 -0.457500 0.164700 -0.368200
1305031461.099400 -0.738360 0.401415 1.517565 0.792900 -0.456700 0.164900 -0.368100
1305031461.109300 -0.737940 0.405615 1.518090 0.793100 -0.456000 0.166100 -0.368000
1305031461.119300 -0.737415 0.409500 1.518720 0.793100 -0.455700 0.167000 -0.368000
1305031461.129400 -0.736995 0.413385 1.519560 0.793600 -0.455600 0.167000 -0.367100
1305031461.139300 -0.736470 0.417060 1.520190 0.793200 -0.455200 0.167800 -0.368000
1305031461.149300 -0.735945 0.420840 1.520820 0.793000 -0.454600 0.168300 -0.368900
1305031461.159300 -0.735420 0.424620 1.521345 0.792600 -0.453700 0.169400 -0.370600
1305031461.169300 -0.734895 0.428190 1.521765 0.792700 -0.452700 0.169900 -0.371300
1305031461.179300 -0.734475 0.431655 1.522185 0.793000 -0.451600 0.170200 -0.371700
1305031461.189300 -0.733740 0.435015 1.522605 0.792800 -0.450900 0.171300 -0.372700
1305031461.199300 -0.733320 0.438060 1.522710 0.793400 -0.450300 0.171600 -0.371800
1305031461.209600 -0.732585 0.441000 1.522920 0.793100 -0.449700 0.173000 -0.372500
1305031461.219300 -0.732165 0.444045 1.523025 0.793400 -0.449500 0.173300 -0.372100
1305031461.229300 -0.731745 0.446985 1.523235 0.793700 -0.449200 0.173100 -0.372000
1305031461.239300 -0.731325 0.450030 1.523235 0.793700 -0.448700 0.173300 -0.372500
1305031461.249400 -0.730905 0.453075 1.523025 0.793600 -0.446700 0.174800 -0.374300
1305031461.259300 -0.730170 0.455700 1.523025 0.793100 -0.445400 0.176100 -0.376200
1305031461.269300 -0.729855 0.458535 1.522815 0.793800 -0.443700 0.176700 -0.376500
1305031461.279300 -0.729330 0.461160 1.522605 0.794400 -0.442200 0.177500 -0.376800
1305031461.289400 -0.728385 0.464100 1.522290 0.794400 -0.441000 0.178400 -0.377500
1305031461.299400 -0.727440 0.467250 1.521975 0.794300 -0.439900 0.179900 -0.378400
1305031461.309400 -0.726495 0.470295 1.521660 0.794800 -0.439800 0.180400 -0.377300
1305031461.319300 -0.725340 0.473340 1.521240 0.794800 -0.438700 0.181900 -0.377800
1305031461.329400 -0.723765 0.476490 1.520715 0.794800 -0.438400 0.183900 -0.377200
1305031461.339300 -0.722295 0.479535 1.520190 0.795400 -0.437700 0.185800 -0.375800
1305031461.349300 -0.720720 0.482475 1.519665 0.796200 -0.437600 0.186900 -0.373800
1305031461.359300 -0.719355 0.485415 1.519035 0.797700 -0.437600 0.187200 -0.370400
1305031461.369300 -0.717885 0.488250 1.518405 0.798800 -0.437900 0.187500 -0.367500
1305031461.379300 -0.716415 0.490980 1.517985 0.799300 -0.437800 0.187500 -0.366500
1305031461.389300 -0.714840 0.493605 1.517565 0.800100 -0.437800 0.187100 -0.365000
1305031461.399400 -0.713265 0.496020 1.517460 0.799900 -0.437400 0.188000 -0.365300
1305031461.409500 -0.711480 0.498540 1.517355 0.799400 -0.436800 0.189300 -0.366400
1305031461.419300 -0.709800 0.500640 1.517040 0.799400 -0.436300 0.189700 -0.366900
1305031461.429400 -0.708330 0.502320 1.517040 0.800200 -0.436400 0.189500 -0.365100
1305031461.439300 -0.706755 0.504105 1.516830 0.800600 -0.437100 0.189500 -0.363300
1305031461.449400 -0.705180 0.505785 1.516515 0.801300 -0.438100 0.188600 -0.361000
1305031461.459300 -0.703605 0.506835 1.516305 0.802200 -0.438900 0.187600 -0.358700
1305031461.469300 -0.702240 0.508095 1.516305 0.802800 -0.439400 0.187200 -0.356900
1305031461.479300 -0.700770 0.509145 1.516410 0.802400 -0.439000 0.188000 -0.357900
1305031461.489300 -0.699405 0.510090 1.516830 0.801800 -0.438700 0.189000 -0.359000
1305031461.499400 -0.697935 0.510825 1.517250 0.801400 -0.437800 0.189500 -0.360900
1305031461.509300 -0.696465 0.511245 1.517670 0.800400 -0.437400 0.190300 -0.362900
1305031461.519300 -0.694995 0.511455 1.518195 0.800400 -0.437000 0.190300 -0.363500
1305031461.529300 -0.693525 0.511875 1.518300 0.799900 -0.436800 0.191000 -0.364500
1305031461.539400 -0.692370 0.511770 1.518615 0.800700 -0.436400 0.191300 -0.363100
1305031461.549400 -0.691110 0.511455 1.518825 0.801400 -0.436000 0.191900 -0.361700
1305031461.559300 -0.689640 0.511035 1.519245 0.800800 -0.435300 0.194700 -0.362500
1305031461.569300 -0.688065 0.510510 1.519560 0.800700 -0.434700 0.197200 -0.362000
1305031461.579400 -0.686175 0.509880 1.519770 0.799500 -0.434500 0.200200 -0.363100
1305031461.589300 -0.684495 0.509355 1.519875 0.799000 -0.434800 0.202300 -0.362700
1305031461.599300 -0.682710 0.508410 1.520085 0.798800 -0.435800 0.203600 -0.361400
1305031461.609600 -0.680925 0.507675 1.520295 0.798700 -0.436600 0.204600 -0.360100
1305031461.619300 -0.679245 0.506730 1.520085 0.798900 -0.436800 0.205700 -0.358500
1305031461.629300 -0.677250 0.505470 1.519980 0.799000 -0.436800 0.207300 -0.357700
1305031461.639300 -0.675150 0.504105 1.519770 0.798800 -0.436900 0.208100 -0.357300
1305031461.649400 -0.673260 0.502740 1.519455 0.798800 -0.437300 0.208800 -0.356500
1305031461.659400 -0.671160 0.501375 1.519035 0.798000 -0.438100 0.209700 -0.356700
1305031461.669400 -0.669060 0.499485 1.518825 0.797500 -0.439700 0.209800 -0.355900
1305031461.679300 -0.667170 0.497490 1.518300 0.797200 -0.442100 0.208900 -0.354100
1305031461.689400 -0.665070 0.495705 1.517565 0.796400 -0.444000 0.208400 -0.353900
1305031461.699400 -0.663600 0.493500 1.517040 0.796600 -0.446000 0.206800 -0.351800
1305031461.709400 -0.661710 0.491295 1.516200 0.796000 -0.447800 0.206400 -0.351100
1305031461.719300 -0.660030 0.488880 1.515570 0.795600 -0.448600 0.206300 -0.351100
1305031461.729300 -0.658560 0.486465 1.514730 0.794900 -0.449400 0.206200 -0.351600
1305031461.739300 -0.656880 0.484050 1.513995 0.794300 -0.450200 0.206700 -0.351700
1305031461.749400 -0.655410 0.481215 1.513050 0.793700 -0.451200 0.207000 -0.351500
1305031461.759300 -0.653835 0.478590 1.511685 0.793200 -0.452300 0.207400 -0.351100
1305031461.769400 -0.652680 0.475545 1.510530 0.793300 -0.454000 0.206900 -0.349000
1305031461.779300 -0.651315 0.472290 1.509165 0.793000 -0.455600 0.206500 -0.347600
1305031461.789300 -0.649950 0.469035 1.507590 0.792500 -0.457000 0.207300 -0.346500
1305031461.799400 -0.648585 0.465780 1.506225 0.791800 -0.458500 0.207600 -0.346000
1305031461.809300 -0.647325 0.461895 1.504650 0.790800 -0.460100 0.208300 -0.345700
1305031461.819300 -0.646170 0.458430 1.503075 0.789400 -0.461900 0.209300 -0.345900
1305031461.829300 -0.644700 0.454755 1.501395 0.788200 -0.463900 0.209700 -0.345800
1305031461.839300 -0.643335 0.450660 1.499505 0.787000 -0.466000 0.210000 -0.345500
1305031461.849400 -0.641970 0.446565 1.497510 0.785700 -0.468700 0.209900 -0.344900
1305031461.859300 -0.640815 0.442260 1.495305 0.785000 -0.471800 0.209100 -0.342800
1305031461.869300 -0.639450 0.438375 1.492995 0.783400 -0.475100 0.208400 -0.342200
1305031461.879300 -0.638295 0.434280 1.490685 0.782600 -0.478800 0.206700 -0.339800
1305031461.889300 -0.637140 0.430185 1.488060 0.782100 -0.481900 0.204800 -0.337900
1305031461.899400 -0.636510 0.426510 1.485750 0.781800 -0.484800 0.202500 -0.335700
1305031461.909400 -0.635670 0.422625 1.483230 0.781400 -0.487400 0.200600 -0.334000
1305031461.919300 -0.634935 0.418635 1.480710 0.781400 -0.488800 0.199300 -0.332900
1305031461.929300 -0.634305 0.414645 1.478400 0.780800 -0.489900 0.199500 -0.332600
1305031461.939300 -0.633780 0.410550 1.476195 0.780000 -0.491300 0.200900 -0.331400
1305031461.949400 -0.633045 0.406455 1.473885 0.779000 -0.492700 0.202800 -0.330500
1305031461.959300 -0.632310 0.402255 1.471470 0.777900 -0.494400 0.205000 -0.329200
1305031461.969300 -0.631890 0.398160 1.469160 0.777100 -0.497600 0.206000 -0.325700
1305031461.979300 -0.631365 0.394170 1.466535 0.776400 -0.500700 0.206200 -0.322400
1305031461.989300 -0.631050 0.389970 1.463910 0.776300 -0.503500 0.205300 -0.318700
1305031461.999300 -0.630735 0.386085 1.461180 0.776100 -0.506500 0.203900 -0.315500
1305031462.009300 -0.630420 0.382305 1.458765 0.776100 -0.508900 0.201600 -0.313000
1305031462.019300 -0.630105 0.378630 1.456140 0.775600 -0.511500 0.199500 -0.311500
1305031462.029300 -0.629895 0.375060 1.453620 0.775000 -0.513900 0.196800 -0.310600
1305031462.039300 -0.629895 0.371595 1.451205 0.774300 -0.516500 0.193800 -0.310100
1305031462.049400 -0.629895 0.368340 1.448895 0.773500 -0.519400 0.190400 -0.309400
1305031462.059300 -0.630105 0.364875 1.446690 0.772700 -0.522400 0.186500 -0.308600
1305031462.069300 -0.630105 0.361935 1.444485 0.771600 -0.524900 0.183800 -0.308800
1305031462.079300 -0.630420 0.358680 1.442280 0.770700 -0.527400 0.180900 -0.308300
1305031462.089300 -0.630840 0.355740 1.440285 0.770400 -0.529600 0.178100 -0.307100
1305031462.099300 -0.631470 0.352485 1.438290 0.769800 -0.531800 0.176000 -0.305900
1305031462.109300 -0.631890 0.349545 1.436085 0.769000 -0.533700 0.174800 -0.305400
1305031462.119300 -0.632625 0.346920 1.433985 0.768200 -0.536200 0.173100 -0.304100
1305031462.129300 -0.633465 0.344085 1.432095 0.767300 -0.538100 0.172100 -0.303400
1305031462.139300 -0.634515 0.341460 1.430205 0.767200 -0.539400 0.170300 -0.302400
1305031462.149300 -0.635565 0.338940 1.428525 0.767400 -0.540500 0.168700 -0.300900
1305031462.159300 -0.636300 0.336735 1.426530 0.766800 -0.541000 0.168900 -0.301400
1305031462.169300 -0.637560 0.334635 1.424640 0.767300 -0.540700 0.169300 -0.300200
1305031462.179300 -0.638610 0.332430 1.422750 0.767900 -0.540000 0.169700 -0.300000
1305031462.189300 -0.640080 0.330225 1.420860 0.768300 -0.540400 0.169700 -0.298200
1305031462.199300 -0.641235 0.328125 1.418865 0.768400 -0.540500 0.170500 -0.297300
1305031462.209300 -0.642705 0.325815 1.416870 0.768900 -0.540900 0.170500 -0.295200
1305031462.219300 -0.643860 0.323715 1.414875 0.769900 -0.541100 0.169600 -0.292800
1305031462.229300 -0.645435 0.321825 1.412775 0.770400 -0.540700 0.170400 -0.291800
1305031462.239300 -0.646590 0.319725 1.410780 0.771900 -0.539600 0.170100 -0.290000
1305031462.249300 -0.647955 0.318150 1.408785 0.772500 -0.539000 0.170500 -0.289200
1305031462.259300 -0.649740 0.315945 1.406685 0.774800 -0.537000 0.169700 -0.287200
1305031462.269400 -0.651315 0.314055 1.404480 0.776500 -0.535400 0.169600 -0.285600
1305031462.279300 -0.652785 0.312165 1.402170 0.777700 -0.533700 0.169600 -0.285600
1305031462.289400 -0.654780 0.309960 1.400175 0.780300 -0.532000 0.168400 -0.282500
1305031462.299300 -0.656355 0.308175 1.397760 0.781300 -0.530700 0.168800 -0.281800
1305031462.309300 -0.658035 0.306180 1.395660 0.782800 -0.529000 0.169400 -0.280500
1305031462.319300 -0.659820 0.304080 1.393455 0.784400 -0.527400 0.169600 -0.278900
1305031462.329300 -0.661395 0.302085 1.391145 0.786200 -0.525100 0.170500 -0.277600
1305031462.339300 -0.663390 0.300090 1.388730 0.788100 -0.522900 0.171200 -0.275800
1305031462.349400 -0.665070 0.297885 1.386420 0.790400 -0.520600 0.171200 -0.273700
1305031462.359400 -0.666750 0.295890 1.383795 0.792300 -0.518400 0.171200 -0.272400
1305031462.369300 -0.668640 0.294000 1.381170 0.794700 -0.516400 0.170100 -0.270000
1305031462.379400 -0.670740 0.292005 1.378755 0.796900 -0.514700 0.168700 -0.267700
1305031462.389300 -0.672630 0.289905 1.376130 0.798800 -0.512500 0.167800 -0.266400
1305031462.399300 -0.674730 0.287595 1.373715 0.801200 -0.510400 0.166500 -0.264400
1305031462.409300 -0.677040 0.285495 1.371195 0.803600 -0.508200 0.165500 -0.262000
1305031462.419300 -0.679245 0.283290 1.368885 0.805600 -0.505800 0.164500 -0.260900
1305031462.429300 -0.681450 0.280875 1.366365 0.807900 -0.503100 0.163100 -0.260100
1305031462.439300 -0.683970 0.278565 1.364265 0.810800 -0.500400 0.160700 -0.257700
1305031462.449400 -0.686070 0.276150 1.361850 0.813300 -0.497700 0.159300 -0.256000
1305031462.459400 -0.688485 0.273735 1.359540 0.815800 -0.494900 0.158300 -0.253900
1305031462.469300 -0.690690 0.271215 1.357335 0.818200 -0.492600 0.156400 -0.251700
1305031462.479300 -0.692895 0.268590 1.355340 0.820500 -0.490500 0.154800 -0.249300
1305031462.489300 -0.695310 0.265860 1.353450 0.822800 -0.488000 0.153200 -0.247900
1305031462.499300 -0.697620 0.263235 1.351665 0.824400 -0.486000 0.152000 -0.247100
1305031462.509300 -0.699720 0.260715 1.350090 0.826300 -0.483600 0.149900 -0.246600
1305031462.519300 -0.702030 0.258090 1.348515 0.828200 -0.480700 0.148300 -0.246900
1305031462.529300 -0.704235 0.255150 1.347150 0.830200 -0.477700 0.146900 -0.247000
1305031462.539300 -0.706440 0.252210 1.345995 0.832700 -0.474400 0.144800 -0.246300
1305031462.549300 -0.708645 0.249480 1.344735 0.834300 -0.471600 0.144100 -0.246600
1305031462.559300 -0.710640 0.246540 1.343580 0.835900 -0.468200 0.144500 -0.247300
1305031462.569600 -0.712845 0.243390 1.342845 0.837800 -0.465200 0.144400 -0.246600
1305031462.579400 -0.715050 0.240345 1.342110 0.839400 -0.461800 0.145100 -0.247200
1305031462.589300 -0.716625 0.237510 1.341375 0.840800 -0.458700 0.145400 -0.248100
1305031462.599300 -0.718515 0.234465 1.340745 0.842500 -0.455600 0.145400 -0.248000
1305031462.609400 -0.720195 0.231105 1.340220 0.844400 -0.452000 0.145700 -0.248100
1305031462.619300 -0.721980 0.227850 1.339800 0.845800 -0.448600 0.146700 -0.248800
1305031462.629300 -0.723660 0.224385 1.339590 0.847300 -0.445600 0.146800 -0.248900
1305031462.639400 -0.725235 0.220815 1.339275 0.848700 -0.442000 0.147900 -0.250000
1305031462.649300 -0.726600 0.217140 1.339065 0.849700 -0.438400 0.149300 -0.252000
1305031462.659300 -0.728280 0.213465 1.339170 0.851200 -0.435300 0.149100 -0.252500
1305031462.669300 -0.729645 0.209790 1.338960 0.852000 -0.431800 0.150200 -0.255200
1305031462.679300 -0.731115 0.205695 1.338855 0.853800 -0.428100 0.149600 -0.255800
1305031462.689300 -0.732480 0.201915 1.338855 0.855400 -0.424400 0.149100 -0.256800
1305031462.699300 -0.733845 0.197925 1.338645 0.857300 -0.420500 0.148300 -0.257400
1305031462.709300 -0.735105 0.193830 1.338435 0.859300 -0.416300 0.147100 -0.258100
1305031462.719300 -0.736050 0.189735 1.338225 0.861300 -0.412000 0.146100 -0.258900
1305031462.729300 -0.737100 0.185535 1.338225 0.863100 -0.407900 0.145000 -0.260000
1305031462.739300 -0.738045 0.181020 1.337910 0.865100 -0.403800 0.143700 -0.260500
1305031462.749300 -0.738885 0.176505 1.337805 0.866800 -0.400200 0.142900 -0.261000
1305031462.759300 -0.739620 0.171570 1.337595 0.868200 -0.396600 0.142400 -0.262000
1305031462.769300 -0.739935 0.166845 1.337490 0.869300 -0.393500 0.141900 -0.263300
1305031462.779300 -0.740565 0.161700 1.337490 0.870800 -0.390800 0.140700 -0.262900
1305031462.789300 -0.740880 0.156660 1.337595 0.872100 -0.388200 0.139100 -0.263400
1305031462.799300 -0.740880 0.151410 1.337595 0.873500 -0.385700 0.138000 -0.263100
1305031462.809600 -0.740985 0.146055 1.337280 0.874400 -0.383300 0.136600 -0.264400
1305031462.819300 -0.740985 0.140700 1.337385 0.875700 -0.381100 0.135400 -0.263700
1305031462.829300 -0.740670 0.135135 1.337385 0.876900 -0.379300 0.133800 -0.263100
1305031462.839400 -0.740565 0.129360 1.337700 0.878500 -0.377100 0.132400 -0.261700
1305031462.849400 -0.740040 0.123690 1.337700 0.879000 -0.375200 0.132300 -0.262800
1305031462.859300 -0.739515 0.117810 1.338015 0.879700 -0.373700 0.132100 -0.262600
1305031462.869300 -0.738780 0.112035 1.338330 0.879900 -0.372600 0.132500 -0.263300
1305031462.879300 -0.737940 0.105840 1.338750 0.880500 -0.371200 0.132200 -0.263500
1305031462.889300 -0.736995 0.099960 1.339065 0.880600 -0.370200 0.132300 -0.264700
1305031462.899300 -0.735945 0.094080 1.339485 0.880900 -0.369100 0.132300 -0.265000
1305031462.909300 -0.734790 0.087990 1.340115 0.881300 -0.368600 0.131300 -0.265100
1305031462.919300 -0.733530 0.082215 1.340535 0.881400 -0.366900 0.131300 -0.266800
1305031462.929400 -0.732375 0.076335 1.341270 0.881900 -0.365900 0.130400 -0.267000
1305031462.939300 -0.731220 0.070560 1.341900 0.882700 -0.364500 0.129200 -0.267100
1305031462.949400 -0.729750 0.064995 1.342425 0.882900 -0.362600 0.128600 -0.269400
1305031462.959300 -0.728595 0.059220 1.343265 0.883500 -0.361000 0.126700 -0.270100
1305031462.969300 -0.727125 0.053655 1.344210 0.883400 -0.359500 0.126500 -0.272600
1305031462.979400 -0.725445 0.047880 1.345260 0.883700 -0.356600 0.126100 -0.275800
1305031462.989300 -0.724185 0.042525 1.346310 0.884200 -0.354200 0.124900 -0.277700
1305031462.999300 -0.722820 0.036960 1.347675 0.884500 -0.351800 0.124700 -0.279800
1305031463.009300 -0.721350 0.031395 1.349040 0.884800 -0.349100 0.123900 -0.282500
1305031463.019300 -0.719775 0.026145 1.350090 0.884900 -0.346400 0.123700 -0.285700
1305031463.029400 -0.718305 0.020790 1.351455 0.885600 -0.343300 0.122400 -0.287800
1305031463.039300 -0.716625 0.015435 1.352715 0.886400 -0.340200 0.120900 -0.289800
1305031463.049300 -0.715050 0.010290 1.353870 0.887500 -0.337300 0.119400 -0.290500
1305031463.059300 -0.713160 0.004935 1.355025 0.888200 -0.334000 0.118900 -0.292300
1305031463.073500 -0.711585 -0.000420 1.356390 0.889600 -0.331500 0.117400 -0.291600
1305031463.079300 -0.709905 -0.005565 1.357755 0.890400 -0.328300 0.117300 -0.292700
1305031463.089400 -0.708120 -0.010815 1.359225 0.891100 -0.325300 0.117700 -0.293500
1305031463.099300 -0.706230 -0.015855 1.360695 0.891700 -0.322000 0.117700 -0.295500
1305031463.109400 -0.704445 -0.021105 1.362375 0.891900 -0.318800 0.118600 -0.298000
1305031463.119400 -0.702345 -0.025935 1.363740 0.892300 -0.315600 0.118600 -0.300200
1305031463.129300 -0.700350 -0.030975 1.365420 0.892800 -0.312500 0.118300 -0.301900
1305031463.139300 -0.698250 -0.036015 1.366680 0.893100 -0.309900 0.118300 -0.304000
1305031463.149300 -0.696045 -0.040845 1.367835 0.893600 -0.307000 0.118300 -0.305300
1305031463.159300 -0.693630 -0.045570 1.369095 0.893800 -0.304500 0.118400 -0.307100
1305031463.169400 -0.691320 -0.050400 1.370355 0.894700 -0.302100 0.118600 -0.306700
1305031463.179400 -0.688800 -0.055125 1.371300 0.895600 -0.300000 0.118400 -0.306500
1305031463.189300 -0.686280 -0.059745 1.372245 0.896500 -0.297900 0.118200 -0.305900
1305031463.199400 -0.683655 -0.064470 1.373505 0.897800 -0.295900 0.117100 -0.304500
1305031463.209300 -0.680925 -0.068880 1.374450 0.897600 -0.294500 0.117200 -0.306300
1305031463.219400 -0.677880 -0.073500 1.375500 0.897700 -0.292500 0.117600 -0.307700
1305031463.229400 -0.675045 -0.077910 1.376760 0.897500 -0.291200 0.117100 -0.309800
1305031463.239300 -0.672000 -0.082320 1.377705 0.897000 -0.290000 0.116800 -0.312300
1305031463.249300 -0.668955 -0.086730 1.378755 0.896800 -0.289000 0.116900 -0.314000
1305031463.259300 -0.665700 -0.091140 1.379805 0.896700 -0.287000 0.117500 -0.315800
1305031463.269300 -0.662340 -0.095025 1.380645 0.896700 -0.285000 0.117400 -0.317700
1305031463.279300 -0.659085 -0.099225 1.381275 0.897300 -0.283200 0.116900 -0.317600
1305031463.289300 -0.655725 -0.103320 1.382010 0.898100 -0.281400 0.116600 -0.317400
1305031463.299300 -0.652260 -0.107415 1.382850 0.899200 -0.279500 0.115100 -0.316200
1305031463.309300 -0.649005 -0.111405 1.383585 0.899700 -0.277900 0.114100 -0.316600
1305031463.319300 -0.645435 -0.115290 1.384110 0.899900 -0.276200 0.112800 -0.318200
1305031463.329300 -0.641760 -0.118965 1.384950 0.899800 -0.274600 0.111800 -0.320100
1305031463.339300 -0.638085 -0.122745 1.385790 0.899500 -0.273200 0.110500 -0.322500
1305031463.349300 -0.634305 -0.126630 1.386525 0.899600 -0.271700 0.108600 -0.324200
1305031463.359300 -0.630420 -0.130200 1.386945 0.899300 -0.270100 0.107500 -0.326900
1305031463.369300 -0.626535 -0.133770 1.387680 0.899000 -0.268600 0.106200 -0.329000
1305031463.379300 -0.622545 -0.137445 1.387995 0.899600 -0.267000 0.104500 -0.329400
1305031463.389400 -0.618450 -0.141120 1.388730 0.900200 -0.265500 0.103400 -0.329200
1305031463.399400 -0.614355 -0.144690 1.389360 0.900700 -0.264100 0.103000 -0.329400
1305031463.409300 -0.610155 -0.148260 1.389885 0.901000 -0.262800 0.102100 -0.329700
1305031463.419300 -0.605850 -0.151830 1.390515 0.901500 -0.261400 0.101300 -0.329800
1305031463.429300 -0.601440 -0.155400 1.391145 0.901700 -0.260800 0.100600 -0.329900
1305031463.439300 -0.596925 -0.159180 1.391775 0.901900 -0.260100 0.100200 -0.330000
1305031463.449400 -0.592410 -0.162645 1.392300 0.901800 -0.259700 0.100000 -0.330600
1305031463.459600 -0.587790 -0.166215 1.393035 0.902000 -0.259500 0.100100 -0.330300
1305031463.469300 -0.582960 -0.169995 1.393560 0.902200 -0.259000 0.100300 -0.330000
1305031463.479300 -0.578340 -0.173565 1.394400 0.902400 -0.258900 0.101000 -0.329400
1305031463.489300 -0.573615 -0.177240 1.395240 0.902400 -0.258400 0.102000 -0.329300
1305031463.499300 -0.568785 -0.180705 1.396185 0.902100 -0.258000 0.103000 -0.330100
1305031463.509300 -0.563850 -0.184275 1.397340 0.901500 -0.257700 0.104600 -0.331500
1305031463.519300 -0.559020 -0.187950 1.398600 0.901500 -0.257200 0.105200 -0.331800
1305031463.529400 -0.554400 -0.191835 1.399965 0.901300 -0.257600 0.105300 -0.332100
1305031463.539300 -0.549570 -0.195195 1.401120 0.900500 -0.257800 0.105500 -0.333800
1305031463.549400 -0.544740 -0.198870 1.402380 0.900200 -0.257500 0.105500 -0.335100
1305031463.559300 -0.540015 -0.202440 1.403850 0.900500 -0.257500 0.104300 -0.334600
1305031463.569400 -0.535290 -0.205800 1.405215 0.900700 -0.257100 0.102900 -0.334700
1305031463.579300 -0.530460 -0.209475 1.406790 0.901300 -0.256700 0.101600 -0.333700
1305031463.589400 -0.525525 -0.212940 1.408365 0.901800 -0.255800 0.100600 -0.333600
1305031463.599300 -0.520485 -0.216195 1.410255 0.901900 -0.254800 0.099800 -0.334400
1305031463.609300 -0.515550 -0.219765 1.412355 0.901700 -0.253900 0.099500 -0.335500
1305031463.619300 -0.510615 -0.223440 1.414875 0.902100 -0.253400 0.098300 -0.335100
1305031463.629400 -0.505260 -0.226485 1.417080 0.900400 -0.252500 0.099700 -0.340000
1305031463.639300 -0.500010 -0.230055 1.419810 0.899600 -0.251800 0.100100 -0.342500
1305031463.649400 -0.494865 -0.233310 1.422540 0.899100 -0.251100 0.099400 -0.344500
1305031463.659300 -0.489615 -0.236460 1.425060 0.898200 -0.250300 0.099700 -0.347400
1305031463.669300 -0.484365 -0.239925 1.428000 0.898300 -0.249200 0.098900 -0.348100
1305031463.679300 -0.479115 -0.243180 1.430835 0.899000 -0.248500 0.097900 -0.347100
1305031463.689300 -0.473760 -0.246330 1.433670 0.899500 -0.247100 0.097700 -0.346900
1305031463.699300 -0.468300 -0.249480 1.436610 0.899800 -0.246000 0.097300 -0.347100
1305031463.709300 -0.462735 -0.252525 1.440075 0.900400 -0.244900 0.097600 -0.346100
1305031463.719300 -0.457065 -0.255360 1.443750 0.900200 -0.243800 0.098100 -0.347300
1305031463.729300 -0.451290 -0.258405 1.447530 0.900000 -0.242300 0.099000 -0.348500
1305031463.739300 -0.445620 -0.261030 1.451415 0.899200 -0.241100 0.100400 -0.351000
1305031463.749400 -0.439950 -0.263865 1.455720 0.898700 -0.239400 0.101300 -0.353300
1305031463.759400 -0.434385 -0.266385 1.459920 0.898600 -0.237000 0.102200 -0.354900
1305031463.769400 -0.428715 -0.269115 1.464330 0.898500 -0.234700 0.103300 -0.356200
1305031463.779400 -0.423045 -0.271530 1.468635 0.898400 -0.231700 0.104700 -0.358200
1305031463.789300 -0.417375 -0.274155 1.472940 0.899000 -0.228500 0.105600 -0.358400
1305031463.799800 -0.412020 -0.276465 1.477560 0.899600 -0.225800 0.106500 -0.358300
1305031463.809300 -0.406560 -0.279090 1.482180 0.900500 -0.222600 0.107200 -0.357900
1305031463.819300 -0.401100 -0.281505 1.486905 0.900800 -0.220300 0.108300 -0.358100
1305031463.829300 -0.395745 -0.284130 1.491840 0.901400 -0.217300 0.109500 -0.358200
1305031463.839300 -0.390285 -0.286230 1.496670 0.901100 -0.214600 0.110700 -0.360000
1305031463.849300 -0.384930 -0.288645 1.501815 0.901200 -0.211700 0.112100 -0.361100
1305031463.859300 -0.379470 -0.290850 1.506855 0.900900 -0.208900 0.113500 -0.363200
1305031463.869400 -0.374325 -0.293055 1.512105 0.901000 -0.206800 0.114400 -0.363900
1305031463.879300 -0.368970 -0.295575 1.517040 0.901600 -0.204200 0.115200 -0.363600
1305031463.889300 -0.363720 -0.297465 1.521975 0.901400 -0.201700 0.115800 -0.365200
1305031463.899300 -0.358680 -0.299565 1.527120 0.902200 -0.200100 0.115600 -0.364300
1305031463.909300 -0.353850 -0.301665 1.532265 0.902700 -0.197900 0.115200 -0.364300
1305031463.919300 -0.349020 -0.303660 1.537305 0.902900 -0.196000 0.114600 -0.365000
1305031463.929300 -0.344190 -0.305655 1.542450 0.903200 -0.193500 0.113800 -0.365800
1305031463.939300 -0.339570 -0.307650 1.547595 0.903600 -0.191200 0.113000 -0.366300
1305031463.949400 -0.335055 -0.309750 1.552950 0.903800 -0.188800 0.112200 -0.367400
1305031463.959300 -0.330645 -0.311745 1.557990 0.903300 -0.186600 0.112100 -0.369500
1305031463.969300 -0.326550 -0.313845 1.563450 0.903700 -0.184600 0.111400 -0.369800
1305031463.979300 -0.322245 -0.315945 1.568595 0.903800 -0.181800 0.111200 -0.371100
1305031463.989300 -0.318150 -0.317730 1.573845 0.903700 -0.179600 0.110900 -0.372500
1305031463.999300 -0.314160 -0.319725 1.578990 0.903800 -0.176800 0.110700 -0.373700
1305031464.009300 -0.310275 -0.321615 1.584135 0.904400 -0.173900 0.110400 -0.373800
1305031464.019300 -0.306495 -0.323610 1.589280 0.905100 -0.171300 0.110800 -0.373200
1305031464.029300 -0.302715 -0.325605 1.594635 0.905600 -0.169200 0.110800 -0.372800
1305031464.039300 -0.299250 -0.327495 1.599780 0.905700 -0.166700 0.111400 -0.373600
1305031464.049400 -0.295680 -0.329280 1.605135 0.905600 -0.164100 0.112800 -0.374400
1305031464.059300 -0.292110 -0.330960 1.610385 0.905300 -0.161200 0.114000 -0.376100
1305031464.069300 -0.288750 -0.332955 1.615740 0.905200 -0.158700 0.115300 -0.377000
1305031464.079300 -0.285285 -0.334635 1.621095 0.904700 -0.155800 0.116600 -0.379100
1305031464.089300 -0.282135 -0.336420 1.626450 0.904600 -0.153800 0.117400 -0.379800
1305031464.099300 -0.278880 -0.338415 1.631700 0.904600 -0.151700 0.117900 -0.380500
1305031464.109300 -0.275835 -0.340305 1.636845 0.904800 -0.149800 0.117500 -0.380900
1305031464.119300 -0.272790 -0.342195 1.642095 0.904900 -0.148500 0.116500 -0.381600
1305031464.129300 -0.269850 -0.344085 1.647240 0.904800 -0.147500 0.115600 -0.382500
1305031464.139300 -0.267015 -0.345870 1.652280 0.904200 -0.146600 0.114200 -0.384400
1305031464.149400 -0.264285 -0.347865 1.657425 0.904300 -0.145300 0.112300 -0.385300
1305031464.159300 -0.261555 -0.349755 1.662570 0.903900 -0.143800 0.110400 -0.387400
1305031464.169300 -0.258720 -0.351645 1.667505 0.902700 -0.141800 0.108600 -0.391500
1305031464.179400 -0.255990 -0.353640 1.672440 0.902200 -0.139700 0.106400 -0.393900
1305031464.189300 -0.253470 -0.355635 1.677375 0.901500 -0.137100 0.103900 -0.397100
1305031464.199300 -0.250530 -0.357315 1.681890 0.900600 -0.134600 0.101500 -0.400700
1305031464.209300 -0.247695 -0.359205 1.686300 0.900300 -0.132000 0.098500 -0.402800
1305031464.219300 -0.244860 -0.360885 1.690710 0.899500 -0.129600 0.095200 -0.406100
1305031464.229300 -0.242550 -0.363195 1.694910 0.900200 -0.127400 0.090900 -0.406400
1305031464.239300 -0.239610 -0.364665 1.698585 0.899500 -0.125800 0.087100 -0.409300
1305031464.249300 -0.236880 -0.366765 1.702260 0.899900 -0.123000 0.082400 -0.410100
1305031464.259300 -0.233940 -0.368760 1.705830 0.900600 -0.120000 0.077700 -0.410500
1305031464.269300 -0.230790 -0.370230 1.709400 0.900600 -0.117200 0.073600 -0.412000
1305031464.279400 -0.227955 -0.372225 1.712760 0.901600 -0.113100 0.068300 -0.411900
1305031464.289300 -0.224700 -0.374010 1.716330 0.902200 -0.109700 0.064300 -0.412200
1305031464.299300 -0.221130 -0.375795 1.719690 0.902700 -0.105700 0.060600 -0.412600
1305031464.309300 -0.217875 -0.377475 1.723155 0.902900 -0.102900 0.057600 -0.413400
1305031464.319300 -0.214305 -0.379050 1.726515 0.902900 -0.100200 0.054900 -0.414300
1305031464.329300 -0.210315 -0.380835 1.730085 0.903400 -0.097200 0.052400 -0.414300
1305031464.339300 -0.206325 -0.382305 1.733550 0.903000 -0.094500 0.049600 -0.416100
1305031464.349300 -0.202335 -0.384300 1.737225 0.903000 -0.092200 0.047700 -0.417000
1305031464.359300 -0.198240 -0.385770 1.740795 0.902500 -0.089900 0.046000 -0.418700
1305031464.369300 -0.193935 -0.387450 1.744470 0.902000 -0.087000 0.044500 -0.420500
1305031464.379300 -0.189735 -0.389130 1.748250 0.901700 -0.084100 0.043800 -0.421800
1305031464.389300 -0.185220 -0.390915 1.751925 0.901300 -0.081700 0.043700 -0.423300
1305031464.399300 -0.180915 -0.392805 1.755705 0.901400 -0.078900 0.044300 -0.423400
1305031464.409300 -0.176295 -0.394590 1.759485 0.901400 -0.075800 0.044700 -0.423900
1305031464.419300 -0.171780 -0.396480 1.763475 0.901700 -0.072900 0.045700 -0.423800
1305031464.429300 -0.167055 -0.398370 1.767465 0.901600 -0.069800 0.046300 -0.424400
1305031464.439300 -0.162330 -0.400050 1.771560 0.901400 -0.066800 0.046500 -0.425200
1305031464.449400 -0.157605 -0.401835 1.775865 0.901100 -0.063700 0.045900 -0.426400
1305031464.459300 -0.152880 -0.403620 1.780065 0.900600 -0.061300 0.045700 -0.427800
1305031464.469300 -0.148050 -0.405405 1.784580 0.900500 -0.059100 0.044500 -0.428500
1305031464.479200 -0.143115 -0.407190 1.788990 0.900600 -0.057500 0.044600 -0.428600
1305031464.489300 -0.138390 -0.409080 1.793715 0.899200 -0.055600 0.045100 -0.431600
1305031464.499800 -0.133560 -0.410865 1.798440 0.899200 -0.054000 0.045500 -0.431800
1305031464.509500 -0.128940 -0.413070 1.803270 0.899700 -0.051800 0.046100 -0.431100
1305031464.519400 -0.124530 -0.415065 1.807995 0.899700 -0.048900 0.046600 -0.431300
1305031464.529400 -0.119910 -0.417165 1.812720 0.899800 -0.045300 0.047400 -0.431300
1305031464.539500 -0.115395 -0.419580 1.817550 0.900700 -0.041500 0.047900 -0.429700
1305031464.549400 -0.111195 -0.421785 1.822485 0.901300 -0.037900 0.048600 -0.428800
1305031464.559300 -0.106890 -0.423885 1.827630 0.901900 -0.034300 0.049900 -0.427700
1305031464.569300 -0.102690 -0.426195 1.832985 0.901700 -0.031600 0.051900 -0.428200
1305031464.579300 -0.098385 -0.428400 1.838445 0.900700 -0.029700 0.054200 -0.429900
1305031464.589300 -0.093975 -0.430710 1.843905 0.899100 -0.028400 0.057600 -0.433000
1305031464.599300 -0.089775 -0.432915 1.849365 0.897800 -0.026900 0.060800 -0.435300
1305031464.609300 -0.085470 -0.435015 1.854930 0.896000 -0.026300 0.064500 -0.438500
1305031464.619500 -0.081270 -0.437115 1.860285 0.894500 -0.025500 0.068200 -0.441100
1305031464.629300 -0.077175 -0.438795 1.865535 0.892700 -0.024100 0.072200 -0.444300
1305031464.639300 -0.073185 -0.440580 1.870890 0.891700 -0.022800 0.075800 -0.445600
1305031464.649300 -0.068880 -0.442155 1.875930 0.889500 -0.019400 0.080300 -0.449300
1305031464.659300 -0.064785 -0.443415 1.881180 0.887500 -0.016200 0.084900 -0.452600
1305031464.669300 -0.060795 -0.444675 1.886220 0.886100 -0.013100 0.088900 -0.454800
1305031464.679400 -0.056910 -0.445305 1.891260 0.883200 -0.009400 0.093000 -0.459600
1305031464.689300 -0.052815 -0.445935 1.896195 0.880400 -0.005900 0.096500 -0.464200
1305031464.699300 -0.048825 -0.446565 1.901235 0.877900 -0.002000 0.100000 -0.468300
1305031464.709300 -0.045150 -0.446670 1.905855 0.875300 0.002000 0.102000 -0.472800
1305031464.719300 -0.041370 -0.446670 1.910475 0.872500 0.006400 0.104100 -0.477400
1305031464.729300 -0.037800 -0.446565 1.914570 0.870300 0.011200 0.105700 -0.481000
1305031464.739300 -0.034230 -0.446250 1.918770 0.868200 0.016100 0.107000 -0.484300
1305031464.749300 -0.030660 -0.445620 1.922445 0.866200 0.022100 0.108100 -0.487300
1305031464.759300 -0.026880 -0.445200 1.925910 0.865000 0.028300 0.108600 -0.489100
1305031464.769300 -0.023310 -0.444465 1.929270 0.864100 0.034100 0.109400 -0.490200
1305031464.779300 -0.019845 -0.443415 1.932315 0.863100 0.040000 0.109300 -0.491500
1305031464.789300 -0.016485 -0.442260 1.935255 0.862200 0.045500 0.109000 -0.492600
1305031464.799300 -0.012915 -0.441105 1.938195 0.860900 0.051100 0.107200 -0.494700
1305031464.809300 -0.009450 -0.439635 1.940820 0.859600 0.056700 0.104800 -0.496900
1305031464.819300 -0.006300 -0.437850 1.943340 -0.857800 -0.062500 -0.101700 0.500000
1305031464.829300 -0.002940 -0.436170 1.945545 -0.856700 -0.068100 -0.098100 0.501800
1305031464.839300 0.000420 -0.434070 1.947750 -0.855900 -0.074500 -0.094800 0.502800
1305031464.849300 0.003570 -0.431970 1.949745 -0.855500 -0.081100 -0.091500 0.503200
1305031464.859300 0.006720 -0.429450 1.951530 -0.855000 -0.088200 -0.088600 0.503400
1305031464.869300 0.010185 -0.427035 1.953315 -0.855100 -0.095900 -0.086400 0.502200
1305031464.879500 0.013650 -0.424200 1.954680 -0.855400 -0.103700 -0.084100 0.500500
1305031464.889300 0.017010 -0.420945 1.956150 0.855400 0.111900 0.082400 -0.499000
1305031464.899300 0.020475 -0.417900 1.957410 0.855600 0.119600 0.081000 -0.497100
1305031464.909300 0.024045 -0.414645 1.958355 0.855200 0.126700 0.079700 -0.496200
1305031464.919300 0.027720 -0.411285 1.959405 0.854500 0.133400 0.079200 -0.495700
1305031464.929300 0.031290 -0.407820 1.960140 0.853300 0.138900 0.078300 -0.496400
1305031464.939300 0.034860 -0.403935 1.960875 0.852000 0.144100 0.078400 -0.497100
1305031464.949300 0.038850 -0.400260 1.961295 0.850800 0.148900 0.078500 -0.497800
1305031464.959300 0.042945 -0.396900 1.961400 0.849400 0.154600 0.078900 -0.498300
1305031464.969300 0.047040 -0.392910 1.961295 0.847500 0.159400 0.079500 -0.500000
1305031464.979300 0.051030 -0.389025 1.960665 -0.845600 -0.164500 -0.080900 0.501400
1305031464.989300 0.054915 -0.385140 1.959930 -0.844000 -0.169600 -0.082500 0.502100
1305031464.999300 0.059010 -0.380940 1.958775 -0.841800 -0.175300 -0.084500 0.503500
1305031465.009300 0.063105 -0.376950 1.957200 -0.840200 -0.181500 -0.086700 0.503600
1305031465.019300 0.067095 -0.373275 1.955520 -0.838300 -0.187200 -0.088800 0.504400
1305031465.029300 0.071085 -0.369390 1.953420 -0.836100 -0.193400 -0.090100 0.505400
1305031465.039300 0.075180 -0.365505 1.951110 -0.833700 -0.199900 -0.090200 0.506800
1305031465.049300 0.079170 -0.361515 1.948275 -0.831000 -0.206300 -0.090000 0.508700
1305031465.059300 0.083055 -0.357735 1.944915 -0.829200 -0.212400 -0.088700 0.509300
1305031465.069300 0.087150 -0.353850 1.941240 -0.828400 -0.219000 -0.087500 0.508000
1305031465.079300 0.091245 -0.350280 1.937040 -0.828800 -0.225900 -0.086200 0.504500
1305031465.089300 0.095655 -0.346290 1.932420 -0.829300 -0.232900 -0.085300 0.500800
1305031465.099300 0.100065 -0.342615 1.927380 0.830700 0.239900 0.084600 -0.495200
1305031465.109300 0.104790 -0.338835 1.922025 0.832300 0.246500 0.083900 -0.489400
1305031465.119300 0.109515 -0.335055 1.916670 0.833600 0.252300 0.082600 -0.484300
1305031465.129300 0.114450 -0.331275 1.911105 0.835400 0.257200 0.081700 -0.478700
1305031465.139300 0.119280 -0.327705 1.905330 0.837300 0.261300 0.079900 -0.473600
1305031465.149300 0.124425 -0.323925 1.899660 0.838600 0.265100 0.078100 -0.469500
1305031465.159300 0.129780 -0.320670 1.893885 0.840200 0.268400 0.076300 -0.464900
1305031465.169300 0.135135 -0.317205 1.888215 0.841000 0.272100 0.074000 -0.461800
1305031465.179300 0.140490 -0.313740 1.882335 0.841900 0.275300 0.072100 -0.458500
1305031465.189300 0.146160 -0.310170 1.876560 0.842500 0.278600 0.070100 -0.455700
1305031465.199300 0.151935 -0.306810 1.870890 0.843300 0.281300 0.068400 -0.452900
1305031465.209300 0.157710 -0.303450 1.865115 0.844300 0.284100 0.067000 -0.449500
1305031465.219300 0.163590 -0.300090 1.859340 0.845300 0.287100 0.065200 -0.446000
1305031465.229300 0.169890 -0.296940 1.853670 0.846900 0.289400 0.063600 -0.441600
1305031465.239300 0.176190 -0.294000 1.848105 0.848300 0.291200 0.061800 -0.437900
1305031465.249300 0.182700 -0.290745 1.842645 0.849100 0.292200 0.058600 -0.436100
1305031465.259300 0.189420 -0.287805 1.837500 0.850700 0.292300 0.055700 -0.433400
1305031465.269300 0.196140 -0.284865 1.832250 0.851400 0.291500 0.051300 -0.433000
1305031465.279300 0.203070 -0.282030 1.827315 0.852800 0.290100 0.047100 -0.431700
1305031465.289300 0.210210 -0.279195 1.822170 0.854300 0.288400 0.042300 -0.430300
1305031465.299300 0.217350 -0.276465 1.817235 0.856600 0.286400 0.037600 -0.427600
1305031465.309300 0.224385 -0.273525 1.812405 0.858200 0.285300 0.032300 -0.425400
1305031465.319300 0.231735 -0.271005 1.807575 0.860100 0.283900 0.026500 -0.423000
1305031465.329300 0.238875 -0.268905 1.803270 0.862500 0.282900 0.020300 -0.419200
1305031465.339300 0.246225 -0.266385 1.798965 0.863900 0.281500 0.014400 -0.417500
1305031465.349300 0.253680 -0.263970 1.794765 0.864500 0.280200 0.007500 -0.417200
1305031465.359300 0.261135 -0.261660 1.790670 0.865100 0.279100 0.000600 -0.416800
1305031465.369300 0.268800 -0.259350 1.786785 0.865000 0.278300 -0.006600 -0.417400
1305031465.379300 0.276465 -0.257565 1.783215 0.865800 0.277200 -0.013600 -0.416400
1305031465.389300 0.284235 -0.255570 1.779540 0.865500 0.276400 -0.019800 -0.417200
1305031465.399300 0.292110 -0.253785 1.776285 0.865900 0.275000 -0.025800 -0.417000
1305031465.409300 0.299985 -0.252210 1.773135 0.866300 0.274000 -0.031500 -0.416600
1305031465.419300 0.308070 -0.250530 1.769985 0.866500 0.272100 -0.036700 -0.416800
1305031465.429300 0.315945 -0.249270 1.766940 0.866900 0.270300 -0.041700 -0.416800
1305031465.439300 0.324135 -0.248115 1.763895 0.867200 0.267800 -0.047100 -0.417200
1305031465.449300 0.332115 -0.246855 1.760955 0.867400 0.265300 -0.052500 -0.417800
1305031465.459300 0.340410 -0.245910 1.758015 0.868200 0.263000 -0.057600 -0.416800
1305031465.469900 0.348390 -0.245070 1.755180 0.869100 0.261400 -0.062300 -0.415400
1305031465.479300 0.356475 -0.244125 1.752345 0.869700 0.259900 -0.066600 -0.414200
1305031465.489300 0.364350 -0.243495 1.749720 0.870500 0.259200 -0.070000 -0.412500
1305031465.499300 0.372330 -0.243075 1.747095 0.871000 0.259400 -0.073500 -0.410700
1305031465.509300 0.380205 -0.242550 1.744680 0.870700 0.259800 -0.076900 -0.410500
1305031465.519300 0.388605 -0.242445 1.742370 0.870600 0.260000 -0.080000 -0.410100
1305031465.529300 0.396795 -0.242235 1.740270 0.869500 0.259900 -0.084300 -0.411500
1305031465.539300 0.404985 -0.242130 1.738065 0.868300 0.259700 -0.088400 -0.413200
1305031465.549300 0.413385 -0.242025 1.736070 0.867200 0.259000 -0.092400 -0.415100
1305031465.559400 0.421995 -0.242130 1.733760 0.866800 0.257500 -0.096000 -0.416100
1305031465.569300 0.430500 -0.242235 1.731660 0.866700 0.255300 -0.098900 -0.416900
1305031465.579400 0.439005 -0.242340 1.729455 0.866500 0.253600 -0.102000 -0.417700
1305031465.589300 0.447615 -0.242655 1.727145 0.866500 0.251400 -0.104800 -0.418400
1305031465.599300 0.456435 -0.242865 1.724835 0.866400 0.249400 -0.107200 -0.419100
1305031465.609300 0.465150 -0.243180 1.722315 0.865800 0.247300 -0.110200 -0.420900
1305031465.619300 0.474075 -0.244020 1.720005 0.865700 0.245500 -0.113600 -0.421200
1305031465.629300 0.482790 -0.244965 1.717485 0.865700 0.244400 -0.117400 -0.420800
1305031465.639300 0.491505 -0.245805 1.714860 0.865100 0.243200 -0.122300 -0.421400
1305031465.649300 0.500430 -0.246540 1.712340 0.864400 0.242200 -0.126900 -0.422000
1305031465.659300 0.509250 -0.247380 1.709610 0.863500 0.241000 -0.131300 -0.423100
1305031465.669300 0.518175 -0.248115 1.706880 0.862700 0.240200 -0.135600 -0.423900
1305031465.679300 0.526995 -0.248850 1.704150 0.862000 0.238700 -0.138700 -0.425100
1305031465.689300 0.536025 -0.249795 1.701210 0.861500 0.237400 -0.141500 -0.426000
1305031465.699300 0.545055 -0.250530 1.698165 0.860800 0.235100 -0.144100 -0.427800
1305031465.709300 0.554295 -0.251475 1.695225 0.860200 0.232900 -0.147000 -0.429200
1305031465.719300 0.563430 -0.252315 1.692075 0.859400 0.230500 -0.149800 -0.431200
1305031465.729300 0.572670 -0.253260 1.688715 0.858700 0.228500 -0.153000 -0.432500
1305031465.739300 0.581595 -0.254310 1.685355 0.857800 0.226200 -0.156500 -0.434200
1305031465.749300 0.590940 -0.255150 1.681890 0.857400 0.223600 -0.159700 -0.435200
1305031465.759300 0.600075 -0.255990 1.678320 0.856900 0.222400 -0.162400 -0.435700
1305031465.769300 0.609000 -0.256620 1.674540 0.856000 0.220800 -0.165600 -0.437200
1305031465.779200 0.618135 -0.257460 1.670970 0.855400 0.219600 -0.167700 -0.438200
1305031465.789300 0.627270 -0.258300 1.666980 0.854600 0.217900 -0.169900 -0.439800
1305031465.799300 0.636510 -0.259455 1.663200 0.853900 0.216900 -0.171800 -0.440700
1305031465.809300 0.645855 -0.260295 1.659315 0.852600 0.215800 -0.174200 -0.443000
1305031465.819300 0.654780 -0.261240 1.655430 0.850800 0.214300 -0.177500 -0.445700
1305031465.829300 0.664230 -0.262080 1.651545 0.849100 0.213500 -0.179800 -0.448400
1305031465.839300 0.673260 -0.262920 1.647450 0.847500 0.211500 -0.183100 -0.451100
1305031465.849300 0.682395 -0.263760 1.643250 0.846200 0.209600 -0.184800 -0.453700
1305031465.859200 0.691530 -0.264705 1.638840 0.845500 0.207800 -0.186100 -0.455300
1305031465.869300 0.700560 -0.265650 1.634325 0.845600 0.206200 -0.186300 -0.455800
1305031465.879300 0.709590 -0.266595 1.629915 0.846100 0.204900 -0.185700 -0.455700
1305031465.889300 0.718515 -0.267645 1.625400 0.846100 0.203400 -0.184800 -0.456700
1305031465.899300 0.727650 -0.268590 1.620885 0.845800 0.202300 -0.183900 -0.458200
1305031465.909300 0.736680 -0.269535 1.616370 0.845200 0.200900 -0.182500 -0.460500
1305031465.919200 0.745500 -0.270480 1.611960 0.843900 0.199700 -0.182100 -0.463500
1305031465.929200 0.754425 -0.271530 1.607655 0.842700 0.198300 -0.181300 -0.466600
1305031465.939300 0.763140 -0.272475 1.603245 0.840900 0.197200 -0.180600 -0.470500
1305031465.949300 0.771750 -0.273525 1.598835 0.839200 0.196400 -0.179900 -0.474100
1305031465.959300 0.780045 -0.274575 1.594530 0.838000 0.195200 -0.178800 -0.477200
1305031465.970100 0.788445 -0.275730 1.590120 0.837100 0.195100 -0.177200 -0.479400
1305031465.979300 0.796740 -0.276885 1.585500 0.835800 0.195200 -0.176100 -0.482000
1305031465.989300 0.804720 -0.278250 1.580985 0.835100 0.196000 -0.175200 -0.483300
1305031465.999300 0.812700 -0.279720 1.576470 0.833900 0.196400 -0.175300 -0.485200
1305031466.009300 0.820995 -0.281190 1.572165 0.832800 0.196800 -0.175100 -0.486900
1305031466.019300 0.828555 -0.282345 1.567440 0.831200 0.195700 -0.176300 -0.489600
1305031466.029300 0.836430 -0.284130 1.563135 0.831600 0.195900 -0.176100 -0.489000
1305031466.039300 0.844095 -0.285600 1.558725 0.831700 0.195000 -0.176400 -0.488900
1305031466.049300 0.851550 -0.287490 1.554210 0.833100 0.194900 -0.176500 -0.486700
1305031466.059300 0.859005 -0.289380 1.550115 0.834000 0.194400 -0.176000 -0.485500
1305031466.069200 0.866250 -0.291165 1.545915 0.834000 0.194600 -0.176900 -0.485100
1305031466.079300 0.873600 -0.293370 1.542030 0.834600 0.195400 -0.177100 -0.483600
1305031466.089300 0.880635 -0.295470 1.538355 0.834300 0.196100 -0.178700 -0.483400
1305031466.099300 0.887670 -0.298095 1.534785 0.835100 0.197400 -0.179500 -0.481000
1305031466.109300 0.894915 -0.300615 1.531530 0.835700 0.198400 -0.180400 -0.479300
1305031466.119300 0.902160 -0.303345 1.528485 0.836400 0.199300 -0.181600 -0.477200
1305031466.129300 0.909195 -0.306285 1.525755 0.837200 0.199700 -0.182400 -0.475400
1305031466.139300 0.916125 -0.309015 1.523130 0.837500 0.199700 -0.183900 -0.474200
1305031466.149300 0.922950 -0.312060 1.520715 0.838000 0.200600 -0.185900 -0.472200
1305031466.159300 0.929670 -0.314790 1.518405 0.837900 0.201000 -0.188800 -0.471000
1305031466.169300 0.936495 -0.317835 1.516410 0.838500 0.201800 -0.191100 -0.468700
1305031466.179200 0.943110 -0.320460 1.514625 0.838500 0.203000 -0.194100 -0.466900
1305031466.189300 0.949725 -0.323610 1.513260 0.839600 0.205000 -0.196000 -0.463300
1305031466.199300 0.956550 -0.326550 1.512000 0.840500 0.207400 -0.197600 -0.459900
1305031466.209300 0.963165 -0.329595 1.510845 0.841600 0.210100 -0.198500 -0.456200
1305031466.219300 0.969780 -0.332535 1.510005 0.842200 0.212900 -0.199900 -0.453300
1305031466.229300 0.976500 -0.335475 1.509690 0.842700 0.215700 -0.199900 -0.451100
1305031466.239300 0.983325 -0.338310 1.509585 0.842400 0.217600 -0.199800 -0.450600
1305031466.249300 0.990255 -0.341355 1.510005 0.841900 0.220500 -0.199000 -0.450600
1305031466.259300 0.996870 -0.343875 1.510215 0.840100 0.222200 -0.198100 -0.453400
1305031466.269200 1.003800 -0.346605 1.510845 0.839500 0.224600 -0.195800 -0.454300
1305031466.279300 1.010940 -0.349125 1.511475 0.839100 0.227100 -0.192700 -0.455300
1305031466.289300 1.017765 -0.351225 1.512315 0.838200 0.229000 -0.189900 -0.457200
1305031466.299300 1.024695 -0.353640 1.513050 0.838500 0.230500 -0.185900 -0.457500
1305031466.309300 1.031520 -0.355530 1.513785 0.838000 0.232000 -0.182700 -0.458900
1305031466.319300 1.039080 -0.357420 1.515045 0.839100 0.234500 -0.176900 -0.458000
1305031466.329300 1.045380 -0.359310 1.515255 0.838900 0.233400 -0.175200 -0.459300
1305031466.339300 1.052100 -0.360780 1.515990 0.839500 0.234300 -0.172300 -0.459000
1305031466.349300 1.058925 -0.362460 1.516725 0.840600 0.234800 -0.169200 -0.457900
1305031466.359300 1.065855 -0.364035 1.517565 0.841500 0.236300 -0.166800 -0.456400
1305031466.369300 1.072470 -0.365505 1.518405 0.841000 0.237100 -0.165200 -0.457300
1305031466.379300 1.079400 -0.366765 1.519455 0.840100 0.238800 -0.164700 -0.458300
1305031466.389300 1.086225 -0.368445 1.520610 0.839200 0.239600 -0.164300 -0.459700
1305031466.399300 1.092945 -0.369915 1.521660 0.837500 0.241000 -0.165100 -0.461800
1305031466.409300 1.099875 -0.371070 1.522710 0.836300 0.242100 -0.165700 -0.463200
1305031466.419300 1.106700 -0.372435 1.523340 0.835300 0.243700 -0.166900 -0.463700
1305031466.429300 1.113420 -0.373380 1.524075 0.834400 0.245500 -0.168000 -0.464000
1305031466.439300 1.120245 -0.374115 1.524390 0.833700 0.247200 -0.168600 -0.464000
1305031466.449300 1.126965 -0.374955 1.524495 0.833900 0.249300 -0.169700 -0.462200
1305031466.459200 1.133895 -0.375480 1.524495 0.834100 0.251200 -0.170600 -0.460600
1305031466.469200 1.140615 -0.376005 1.524495 0.834200 0.252400 -0.171900 -0.459200
1305031466.479400 1.147545 -0.376215 1.524285 0.834700 0.253000 -0.172800 -0.457600
1305031466.489300 1.154685 -0.376320 1.524180 0.835800 0.253200 -0.172500 -0.455600
1305031466.499300 1.161825 -0.376110 1.523760 0.835700 0.252700 -0.173400 -0.455800
1305031466.509300 1.168860 -0.375900 1.523235 0.835900 0.252400 -0.172800 -0.455700
1305031466.519300 1.176315 -0.375690 1.522920 0.836900 0.253200 -0.171200 -0.454000
1305031466.529300 1.183350 -0.375060 1.522185 0.835900 0.252500 -0.170900 -0.456500
1305031466.539300 1.190595 -0.374430 1.521450 0.836000 0.252700 -0.170100 -0.456400
1305031466.549500 1.197735 -0.373695 1.520610 0.836500 0.252800 -0.169000 -0.455900
1305031466.559300 1.204980 -0.372750 1.519770 0.837400 0.253900 -0.168200 -0.453800
1305031466.569300 1.212120 -0.371595 1.518720 0.838100 0.254900 -0.167600 -0.452200
1305031466.579200 1.219260 -0.370230 1.517670 0.838900 0.256800 -0.167700 -0.449600
1305031466.589300 1.226505 -0.368970 1.516620 0.840300 0.257700 -0.166500 -0.446900
1305031466.599200 1.233855 -0.367815 1.515780 0.841800 0.259500 -0.165100 -0.443600
1305031466.609300 1.241100 -0.366555 1.514835 0.842300 0.260600 -0.163900 -0.442400
1305031466.619300 1.248450 -0.365190 1.514310 0.842000 0.261200 -0.163200 -0.442900
1305031466.629300 1.255590 -0.363825 1.513470 0.840700 0.261700 -0.162500 -0.445400
1305031466.639200 1.262940 -0.362460 1.513260 0.839200 0.262600 -0.161500 -0.447900
1305031466.649300 1.270290 -0.360780 1.512735 0.837800 0.264200 -0.160900 -0.449900
1305031466.659200 1.277115 -0.359415 1.512105 0.836300 0.265400 -0.160400 -0.452100
1305031466.669200 1.284045 -0.358050 1.511475 0.835400 0.267400 -0.159900 -0.452800
1305031466.679400 1.290975 -0.356580 1.510530 0.834900 0.270100 -0.159700 -0.452300
1305031466.689300 1.297800 -0.355110 1.509795 0.834800 0.273400 -0.159200 -0.450600
1305031466.699300 1.304730 -0.353325 1.508640 0.834700 0.276400 -0.158100 -0.449400
1305031466.709300 1.311240 -0.351960 1.508010 0.834900 0.279600 -0.158000 -0.446900
1305031466.719300 1.318170 -0.350700 1.507380 0.835700 0.282600 -0.156400 -0.444200
1305031466.729300 1.324680 -0.348810 1.506645 0.834200 0.285100 -0.156900 -0.445300
1305031466.739200 1.331400 -0.347445 1.506225 0.833300 0.287400 -0.155400 -0.445900
1305031466.749300 1.338120 -0.346080 1.506120 0.831800 0.289200 -0.155000 -0.447700
1305031466.759300 1.344735 -0.344505 1.505910 0.829700 0.290500 -0.154900 -0.450700
1305031466.769300 1.351350 -0.343140 1.505700 0.828000 0.292700 -0.154700 -0.452600
1305031466.779300 1.357650 -0.341565 1.505490 0.826300 0.294200 -0.155600 -0.454400
1305031466.789300 1.364055 -0.339990 1.505070 0.825200 0.296200 -0.155800 -0.455000
1305031466.799300 1.370355 -0.338625 1.504755 0.825000 0.298200 -0.156500 -0.453900
1305031466.809200 1.376340 -0.337050 1.504335 0.825100 0.299600 -0.157300 -0.452400
1305031466.819600 1.382430 -0.335370 1.503915 0.825300 0.301200 -0.158200 -0.450800
1305031466.829300 1.388415 -0.333900 1.503600 0.825800 0.302200 -0.159200 -0.448900
1305031466.839300 1.394400 -0.332640 1.503495 0.825900 0.302800 -0.160900 -0.447600
1305031466.849300 1.400175 -0.331275 1.503495 0.825600 0.302900 -0.163000 -0.447300
1305031466.859300 1.405950 -0.329910 1.503600 0.824700 0.303700 -0.165600 -0.447500
1305031466.869300 1.411515 -0.328545 1.503810 0.823000 0.305000 -0.168900 -0.448400
1305031466.879300 1.417080 -0.327180 1.504020 0.821700 0.307200 -0.172200 -0.448200
1305031466.889300 1.422645 -0.325710 1.504335 0.820100 0.309500 -0.175900 -0.448000
1305031466.899300 1.428315 -0.324240 1.504545 0.819400 0.312100 -0.179300 -0.446200
1305031466.909300 1.433670 -0.322665 1.504650 0.817900 0.314600 -0.183100 -0.445600
1305031466.919300 1.439130 -0.321090 1.504860 0.816800 0.316500 -0.186900 -0.444800
1305031466.929200 1.444380 -0.319515 1.505070 0.816100 0.318400 -0.190100 -0.443200
1305031466.939300 1.449945 -0.317835 1.505490 0.815000 0.319500 -0.193100 -0.443200
1305031466.949300 1.455195 -0.316155 1.505805 0.813700 0.320200 -0.196500 -0.443500
1305031466.959300 1.460340 -0.314370 1.506015 0.812400 0.321100 -0.199200 -0.444200
1305031466.969300 1.465800 -0.312585 1.506435 0.811900 0.322600 -0.200400 -0.443400
1305031466.979200 1.471470 -0.311010 1.506960 0.811600 0.324000 -0.200500 -0.442900
1305031466.989300 1.476930 -0.309540 1.507380 0.811800 0.325700 -0.200200 -0.441500
1305031466.999400 1.481970 -0.307545 1.508010 0.810800 0.327600 -0.200900 -0.441500
1305031467.009200 1.487220 -0.305760 1.508430 0.810100 0.329200 -0.201400 -0.441300
1305031467.019300 1.492680 -0.304080 1.508640 0.809300 0.331000 -0.202100 -0.441100
1305031467.029200 1.498140 -0.302295 1.508955 0.809100 0.331800 -0.203000 -0.440500
1305031467.039200 1.503495 -0.300510 1.509060 0.808600 0.333500 -0.202800 -0.440300
1305031467.049300 1.508535 -0.298620 1.509270 0.808100 0.333900 -0.203500 -0.440500
1305031467.059300 1.513890 -0.296625 1.509375 0.808000 0.335300 -0.203300 -0.439800
1305031467.069300 1.518615 -0.294630 1.509270 0.807000 0.336400 -0.204000 -0.440300
1305031467.079200 1.523655 -0.292845 1.509375 0.807000 0.338400 -0.202800 -0.439400
1305031467.089300 1.528590 -0.291060 1.509270 0.806400 0.340900 -0.202400 -0.438800
1305031467.099200 1.533630 -0.289695 1.509165 0.805900 0.343800 -0.201200 -0.438000
1305031467.109200 1.537410 -0.287490 1.508850 0.802500 0.345500 -0.204100 -0.441600
1305031467.119300 1.542870 -0.286020 1.509165 0.802000 0.350200 -0.201900 -0.439800
1305031467.129300 1.547700 -0.284550 1.509270 0.800900 0.352400 -0.201100 -0.440300
1305031467.139300 1.552005 -0.282660 1.509060 0.798900 0.354900 -0.201900 -0.441600
1305031467.149300 1.556730 -0.280980 1.509165 0.797700 0.357000 -0.202100 -0.442000
1305031467.159200 1.561350 -0.279615 1.508955 0.797000 0.357800 -0.202900 -0.442300
1305031467.169300 1.565970 -0.277935 1.509165 0.796700 0.360600 -0.202100 -0.440900
1305031467.179400 1.570170 -0.276045 1.508955 0.794600 0.362300 -0.204500 -0.442100
1305031467.189300 1.574790 -0.274680 1.509270 0.794200 0.364900 -0.204500 -0.440700
1305031467.199200 1.578990 -0.273000 1.509165 0.792100 0.366900 -0.206500 -0.441900
1305031467.209300 1.583715 -0.271530 1.509375 0.791500 0.369800 -0.207100 -0.440300
1305031467.219300 1.588230 -0.270165 1.509270 0.790700 0.372100 -0.208000 -0.439500
1305031467.229300 1.592535 -0.268800 1.509270 0.789500 0.373500 -0.209600 -0.439600
1305031467.239300 1.597260 -0.267540 1.509165 0.789100 0.375100 -0.210100 -0.438700
1305031467.249300 1.601460 -0.265650 1.509585 0.786700 0.377000 -0.211700 -0.440700
1305031467.259200 1.606395 -0.264390 1.509480 0.786000 0.378800 -0.211800 -0.440300
1305031467.269300 1.610910 -0.263025 1.509690 0.784500 0.381300 -0.212300 -0.440600
1305031467.279200 1.615215 -0.261450 1.509690 0.782500 0.383800 -0.213500 -0.441300
1305031467.289200 1.620045 -0.260400 1.509795 0.781700 0.385900 -0.214100 -0.440700
1305031467.299200 1.624770 -0.259035 1.510005 0.780200 0.388100 -0.214700 -0.441100
1305031467.309200 1.629285 -0.257670 1.509900 0.778800 0.390200 -0.216000 -0.441200
1305031467.319200 1.634220 -0.256305 1.510320 0.778100 0.392100 -0.216000 -0.440700
1305031467.329200 1.638525 -0.254940 1.510005 0.776800 0.393400 -0.218500 -0.440500
1305031467.339300 1.643355 -0.253470 1.510110 0.776500 0.394200 -0.219800 -0.439700
1305031467.349300 1.647765 -0.251895 1.510110 0.775800 0.396100 -0.221400 -0.438400
1305031467.359200 1.652595 -0.250740 1.510110 0.776000 0.398100 -0.222500 -0.435600
1305031467.369300 1.657425 -0.249375 1.510110 0.776200 0.400400 -0.223000 -0.433000
1305031467.379300 1.662045 -0.248115 1.509795 0.775500 0.402800 -0.224100 -0.431400
1305031467.389300 1.666455 -0.246435 1.510005 0.773400 0.405600 -0.226700 -0.431100
1305031467.399300 1.671600 -0.245595 1.510320 0.774000 0.406900 -0.226800 -0.428900
1305031467.409200 1.676745 -0.244440 1.510320 0.773600 0.409200 -0.226700 -0.427400
1305031467.419300 1.681890 -0.242865 1.510635 0.772700 0.410000 -0.228000 -0.427700
1305031467.429200 1.686615 -0.241500 1.510950 0.771200 0.410800 -0.230200 -0.428400
1305031467.439200 1.691865 -0.240345 1.511370 0.770800 0.411900 -0.231800 -0.427100
1305031467.449300 1.695855 -0.238875 1.511055 0.768500 0.412700 -0.235600 -0.428400
1305031467.459200 1.701000 -0.237720 1.511370 0.767900 0.414700 -0.237000 -0.426900
1305031467.509200 1.725045 -0.229845 1.511265 0.764800 0.426700 -0.239600 -0.419100
1305031467.519300 1.729875 -0.228375 1.511370 0.764400 0.428800 -0.239400 -0.417700
1305031467.529300 1.734495 -0.226485 1.511580 0.763800 0.430100 -0.239300 -0.417500
1305031467.539200 1.739220 -0.224385 1.512315 0.763400 0.431700 -0.238000 -0.417300
1305031467.549300 1.743630 -0.222390 1.512630 0.763200 0.431700 -0.238200 -0.417700
1305031467.559200 1.747935 -0.220080 1.512945 0.763000 0.431800 -0.238400 -0.417600
1305031467.569200 1.752030 -0.217560 1.513470 0.762600 0.431600 -0.239300 -0.418200
1305031467.579400 1.756020 -0.214935 1.513890 0.762500 0.432000 -0.239900 -0.417500
1305031467.589200 1.760010 -0.212310 1.514415 0.762700 0.431800 -0.240600 -0.417100
1305031467.599300 1.764105 -0.209895 1.515045 0.763400 0.432300 -0.240600 -0.415300
1305031467.609400 1.767570 -0.206955 1.515570 0.763000 0.432500 -0.242400 -0.414700
1305031467.619200 1.770930 -0.203805 1.516200 0.761900 0.432100 -0.245200 -0.415500
1305031467.629200 1.774290 -0.200865 1.517040 0.761300 0.431600 -0.247000 -0.416200
1305031467.639200 1.776075 -0.197610 1.517145 0.758400 0.429600 -0.253600 -0.419400
1305031467.649300 1.779225 -0.194355 1.517880 0.757900 0.429100 -0.255500 -0.419700
1305031467.659300 1.781430 -0.190575 1.518405 0.756200 0.428000 -0.257900 -0.422400
1305031467.679300 1.786575 -0.183225 1.519665 0.754800 0.429500 -0.260300 -0.421900
1305031467.689300 1.788675 -0.179655 1.519980 0.754200 0.432400 -0.260000 -0.420200
1305031467.699200 1.790355 -0.175665 1.520295 0.752400 0.433400 -0.261200 -0.421800
1305031467.709300 1.792245 -0.171780 1.520715 0.751300 0.434600 -0.260900 -0.422700
1305031467.719300 1.793925 -0.167475 1.521135 0.749500 0.436100 -0.261600 -0.423900
1305031467.729300 1.795395 -0.163485 1.521555 0.748500 0.436200 -0.261800 -0.425300
1305031467.739200 1.796970 -0.158970 1.521975 0.748200 0.437300 -0.261100 -0.425200
1305031467.749300 1.797810 -0.154350 1.522395 0.745600 0.436700 -0.263500 -0.428900
1305031467.759200 1.798755 -0.149730 1.522395 0.744600 0.437900 -0.264000 -0.429100
1305031467.769300 1.799490 -0.145320 1.522500 0.743900 0.439100 -0.264500 -0.428800
1305031467.779300 1.800015 -0.140385 1.522500 0.742300 0.440000 -0.266000 -0.429700
1305031467.789300 1.800435 -0.135345 1.522500 0.741000 0.441000 -0.266900 -0.430300
1305031467.799200 1.800855 -0.130200 1.522395 0.740200 0.441900 -0.267500 -0.430400
1305031467.809200 1.801065 -0.125265 1.522395 0.739200 0.442300 -0.268300 -0.431200
1305031467.819200 1.801380 -0.119910 1.522500 0.738300 0.441800 -0.269700 -0.432400
1305031467.829300 1.801485 -0.114555 1.522395 0.737100 0.441500 -0.271200 -0.433700
1305031467.839300 1.801170 -0.109095 1.522185 0.735700 0.441000 -0.273600 -0.435200
1305031467.849300 1.800645 -0.103425 1.522185 0.734500 0.439800 -0.276200 -0.436900
1305031467.859200 1.800225 -0.097860 1.521975 0.732900 0.439400 -0.278800 -0.438200
1305031467.869200 1.799700 -0.092190 1.521660 0.731300 0.439700 -0.281600 -0.438900
1305031467.879400 1.799070 -0.086730 1.521345 0.730000 0.440300 -0.284100 -0.438900
1305031467.889200 1.798125 -0.080955 1.520820 0.728400 0.441600 -0.286500 -0.438700
1305031467.899200 1.797180 -0.075495 1.520400 0.727400 0.443300 -0.288000 -0.437500
1305031467.909300 1.796025 -0.069720 1.519980 0.725600 0.444600 -0.290100 -0.437800
1305031467.919300 1.794765 -0.063840 1.519455 0.723600 0.445900 -0.292300 -0.438400
1305031467.929300 1.793820 -0.057960 1.519035 0.722500 0.446400 -0.293600 -0.438900
1305031467.939200 1.792455 -0.051975 1.518720 0.720700 0.447200 -0.295700 -0.439500
1305031467.949300 1.791300 -0.045885 1.518300 0.719700 0.447600 -0.296600 -0.440100
1305031467.959300 1.789725 -0.039690 1.517880 0.717800 0.448200 -0.298600 -0.441300
1305031467.969200 1.788360 -0.033390 1.517460 0.717000 0.447900 -0.299700 -0.442100
1305031467.979200 1.786785 -0.027300 1.516515 0.716700 0.449500 -0.299500 -0.441200
1305031467.989500 1.784895 -0.020895 1.515885 0.716300 0.450300 -0.299700 -0.440800
1305031467.999200 1.783215 -0.014490 1.515150 0.716200 0.451700 -0.299400 -0.439700
1305031468.009200 1.781325 -0.008085 1.514520 0.716000 0.452700 -0.299100 -0.439300
1305031468.019200 1.779645 -0.001575 1.513995 0.715700 0.453400 -0.299100 -0.439100
1305031468.029200 1.777755 0.004410 1.513575 0.715700 0.455400 -0.297900 -0.437700
1305031468.039200 1.775655 0.010710 1.513365 0.713700 0.455800 -0.299100 -0.439700
1305031468.049400 1.773870 0.017325 1.513260 0.712100 0.456900 -0.300200 -0.440400
1305031468.059200 1.771875 0.023730 1.513050 0.710200 0.457200 -0.301900 -0.442200
1305031468.069300 1.769775 0.030345 1.512945 0.709000 0.458300 -0.302900 -0.442300
1305031468.079300 1.767885 0.036960 1.512945 0.708400 0.458800 -0.303800 -0.442000
1305031468.089200 1.765575 0.043470 1.512735 0.708000 0.459900 -0.304700 -0.441000
1305031468.099200 1.763580 0.050400 1.512630 0.707600 0.460600 -0.305500 -0.440200
1305031468.109200 1.761375 0.056805 1.512735 0.707500 0.460900 -0.306200 -0.439600
1305031468.119200 1.759800 0.063315 1.513050 0.709100 0.462400 -0.304400 -0.436600
1305031468.129200 1.757490 0.069930 1.513365 0.708100 0.463100 -0.305400 -0.436900
1305031468.139200 1.755495 0.076755 1.513785 0.707000 0.463700 -0.306300 -0.437400
1305031468.149300 1.753605 0.083580 1.514415 0.705900 0.465100 -0.306400 -0.437600
1305031468.159300 1.751610 0.090300 1.514940 0.705400 0.466300 -0.306500 -0.437100
1305031468.169300 1.749825 0.097020 1.515675 0.704900 0.467500 -0.306300 -0.436800
1305031468.179700 1.747935 0.103950 1.516515 0.704800 0.468400 -0.305800 -0.436200
1305031468.189300 1.745835 0.110985 1.517565 0.704100 0.469600 -0.306000 -0.436000
1305031468.199300 1.743840 0.118020 1.518615 0.704300 0.470200 -0.305700 -0.435200
1305031468.209200 1.742265 0.125265 1.520085 0.705000 0.470300 -0.305200 -0.434300
1305031468.219200 1.740795 0.132405 1.521555 0.706000 0.470300 -0.304600 -0.433000
1305031468.229200 1.738590 0.139755 1.523235 0.706100 0.470100 -0.305200 -0.432700
1305031468.239200 1.736700 0.147105 1.525125 0.706000 0.469800 -0.305700 -0.432900
1305031468.249300 1.735125 0.154350 1.527015 0.707200 0.469500 -0.305000 -0.431800
1305031468.259300 1.733340 0.161595 1.528905 0.707500 0.468900 -0.305000 -0.431900
1305031468.269400 1.731555 0.168945 1.531215 0.707900 0.469200 -0.304500 -0.431400
1305031468.279200 1.729875 0.175980 1.533315 0.708400 0.469800 -0.303800 -0.430400
1305031468.289300 1.728510 0.183015 1.535730 0.708900 0.470100 -0.303100 -0.429700
1305031468.299200 1.726935 0.190050 1.538355 0.709400 0.469700 -0.302100 -0.430000
1305031468.309300 1.725360 0.197085 1.540875 0.709600 0.469000 -0.302300 -0.430300
1305031468.319200 1.723575 0.204015 1.543710 0.709500 0.468100 -0.303000 -0.431000
1305031468.329300 1.722210 0.210840 1.546545 0.709800 0.466800 -0.303200 -0.431600
1305031468.339200 1.720635 0.217665 1.549590 0.710400 0.465200 -0.303600 -0.432100
1305031468.349300 1.719165 0.224490 1.552530 0.711000 0.464200 -0.303600 -0.432200
1305031468.359200 1.717485 0.231105 1.555680 0.711500 0.463500 -0.303800 -0.432000
1305031468.369400 1.715910 0.237510 1.558515 0.712700 0.463600 -0.303100 -0.430400
1305031468.379200 1.714020 0.243915 1.561560 0.713200 0.464000 -0.302700 -0.429500
1305031468.389200 1.712235 0.250320 1.564605 0.713700 0.464900 -0.302000 -0.428200
1305031468.399200 1.710660 0.256410 1.567860 0.714400 0.466000 -0.300800 -0.426600
1305031468.409200 1.708665 0.262185 1.571220 0.715000 0.466300 -0.300900 -0.425100
1305031468.419200 1.706880 0.268065 1.574580 0.715500 0.466400 -0.300700 -0.424400
1305031468.429200 1.705095 0.273840 1.578255 0.716000 0.466100 -0.301200 -0.423400
1305031468.439200 1.702995 0.279510 1.582035 0.716400 0.465700 -0.301900 -0.422800
1305031468.449300 1.701105 0.285390 1.585815 0.716800 0.465800 -0.302200 -0.421700
1305031468.459200 1.698900 0.290745 1.589595 0.717800 0.465300 -0.302200 -0.420700
1305031468.469400 1.696800 0.296100 1.593375 0.718600 0.465600 -0.301500 -0.419500
1305031468.479200 1.694490 0.301035 1.597365 0.719700 0.465800 -0.300400 -0.418200
1305031468.489300 1.692075 0.306180 1.601250 0.720300 0.466700 -0.298900 -0.417100
1305031468.499300 1.689660 0.310905 1.605135 0.720500 0.467800 -0.297200 -0.416700
1305031468.509200 1.687245 0.315315 1.609335 0.720200 0.468800 -0.296400 -0.416900
1305031468.519300 1.684410 0.319620 1.613430 0.719100 0.470400 -0.295500 -0.417500
1305031468.529200 1.681995 0.323715 1.617735 0.717600 0.472300 -0.294400 -0.418700
1305031468.539200 1.679370 0.327915 1.622145 0.715700 0.474200 -0.293600 -0.420300
1305031468.549300 1.676325 0.331800 1.626450 0.713300 0.476200 -0.293400 -0.422300
1305031468.559200 1.673490 0.335580 1.630755 0.711600 0.477800 -0.293000 -0.423700
1305031468.569400 1.670655 0.339465 1.634955 0.709900 0.480000 -0.292500 -0.424400
1305031468.579200 1.667505 0.343035 1.639155 0.709000 0.481300 -0.292100 -0.424600
1305031468.589300 1.664460 0.346605 1.643250 0.709300 0.482300 -0.291200 -0.423700
1305031468.599200 1.661310 0.350070 1.647240 0.709300 0.483500 -0.291100 -0.422400
1305031468.609200 1.658265 0.353430 1.651125 0.710600 0.485100 -0.289700 -0.419300
1305031468.619200 1.654905 0.356475 1.654905 0.711600 0.485400 -0.289100 -0.417600
1305031468.629200 1.651755 0.359625 1.658790 0.712100 0.486400 -0.289000 -0.415700
1305031468.639200 1.648500 0.362985 1.662570 0.711500 0.487200 -0.290000 -0.415200
1305031468.649300 1.645245 0.365820 1.666665 0.710900 0.487900 -0.290600 -0.414900
1305031468.659200 1.642095 0.368655 1.670655 0.709400 0.489500 -0.291600 -0.414800
1305031468.669200 1.638735 0.371385 1.674645 0.708000 0.491000 -0.292500 -0.414800
1305031468.679200 1.635060 0.374115 1.678425 0.705700 0.491400 -0.294200 -0.417000
1305031468.689300 1.631595 0.376740 1.682310 0.703900 0.492700 -0.295900 -0.417400
1305031468.699200 1.628130 0.379155 1.686090 0.702600 0.493200 -0.297700 -0.417800
1305031468.709200 1.624770 0.381780 1.689975 0.701300 0.494300 -0.298500 -0.418000
1305031468.719200 1.621410 0.383985 1.693755 0.700600 0.494700 -0.300300 -0.417500
1305031468.729200 1.618155 0.386400 1.697325 0.700200 0.494600 -0.301600 -0.417300
1305031468.739200 1.614690 0.388815 1.700895 0.699300 0.494600 -0.303400 -0.417500
1305031468.749300 1.611225 0.390915 1.704465 0.699100 0.495300 -0.303900 -0.416700
1305031468.759300 1.607865 0.393225 1.708035 0.698700 0.496200 -0.304200 -0.416000
1305031468.769200 1.604190 0.395325 1.711395 0.697300 0.496900 -0.305100 -0.416800
1305031468.779800 1.600830 0.397425 1.714860 0.696200 0.498100 -0.305000 -0.417400
1305031468.789200 1.597365 0.399315 1.718430 0.694200 0.499300 -0.305100 -0.419100
1305031468.799300 1.594005 0.401310 1.721895 0.692200 0.500700 -0.305100 -0.420800
1305031468.810100 1.590750 0.403200 1.725360 0.690200 0.502300 -0.304900 -0.422400
1305031468.819200 1.587075 0.405090 1.728615 0.687600 0.503000 -0.305900 -0.425000
1305031468.830700 1.583715 0.406980 1.731975 0.686300 0.504100 -0.305800 -0.425800
1305031468.839300 1.579935 0.408660 1.735020 0.685400 0.504200 -0.305600 -0.427200
1305031468.849200 1.576785 0.410445 1.737960 0.685400 0.505700 -0.304400 -0.426500
1305031468.859200 1.573215 0.412230 1.740795 0.685800 0.506400 -0.302600 -0.426200
1305031468.870200 1.570170 0.413910 1.743420 0.686300 0.507200 -0.300700 -0.425700
1305031468.879300 1.566810 0.415590 1.746255 0.687800 0.507000 -0.297800 -0.425600
1305031468.889200 1.563555 0.417270 1.748775 0.688500 0.507100 -0.296100 -0.425600
1305031468.899200 1.560195 0.419160 1.751295 0.689300 0.506500 -0.295000 -0.425800
1305031468.909200 1.557360 0.420945 1.753500 0.691000 0.505500 -0.293300 -0.425400
1305031468.919200 1.554105 0.422730 1.755705 0.693100 0.504600 -0.291600 -0.424300
1305031468.929200 1.550955 0.424515 1.757805 0.695200 0.502600 -0.290500 -0.424000
1305031468.939200 1.547805 0.426195 1.759800 0.697900 0.501800 -0.288400 -0.421900
1305031468.949300 1.544550 0.427875 1.761585 0.699800 0.501000 -0.286900 -0.420600
1305031468.959200 1.541505 0.429660 1.763265 0.701300 0.501500 -0.285000 -0.418800
1305031468.969200 1.538250 0.431445 1.764525 0.703100 0.502400 -0.282700 -0.416300
1305031468.979200 1.534890 0.433230 1.765680 0.704300 0.504000 -0.280900 -0.413500
1305031468.989200 1.531635 0.434910 1.766415 0.707100 0.507000 -0.277100 -0.407700
1305031468.999200 1.528695 0.436695 1.767045 0.709100 0.509300 -0.273900 -0.403300
1305031469.009200 1.525650 0.438480 1.767675 0.711600 0.512200 -0.270100 -0.397900
1305031469.019200 1.522290 0.440265 1.768200 0.713600 0.514000 -0.267000 -0.394000
1305031469.029200 1.519140 0.442260 1.768725 0.714900 0.516000 -0.264600 -0.390800
1305031469.039200 1.515780 0.444045 1.769145 0.715500 0.517800 -0.263200 -0.388200
1305031469.049200 1.512525 0.445830 1.769460 0.715700 0.520200 -0.261700 -0.385700
1305031469.059200 1.509270 0.447510 1.769670 0.716100 0.522800 -0.259500 -0.382800
1305031469.069200 1.506120 0.449400 1.769670 0.716000 0.525500 -0.257700 -0.380500
1305031469.079300 1.502865 0.451185 1.769775 0.716300 0.529000 -0.254600 -0.377200
1305031469.089200 1.500030 0.453075 1.769460 0.716900 0.532000 -0.250800 -0.374400
1305031469.099200 1.496775 0.455175 1.768935 0.717000 0.534600 -0.247700 -0.372300
1305031469.109200 1.493940 0.457170 1.768305 0.718300 0.537400 -0.242800 -0.369200
1305031469.119200 1.490895 0.459270 1.767675 0.719200 0.539300 -0.238500 -0.367600
1305031469.129200 1.488060 0.461265 1.766940 0.720200 0.541300 -0.233900 -0.365500
1305031469.139200 1.484805 0.463470 1.765995 0.720900 0.542700 -0.230500 -0.364200
1305031469.149200 1.481970 0.465675 1.765050 0.721900 0.544000 -0.226300 -0.362900
1305031469.159300 1.479870 0.467670 1.764315 0.724300 0.545000 -0.220200 -0.360400
1305031469.169200 1.476510 0.469875 1.763055 0.724800 0.545400 -0.217900 -0.360200
1305031469.179300 1.473465 0.472080 1.761900 0.725600 0.546200 -0.214300 -0.359500
1305031469.189300 1.470420 0.474285 1.760640 0.726200 0.546500 -0.211700 -0.359300
1305031469.199200 1.467375 0.476595 1.759275 0.726300 0.546900 -0.210300 -0.359300
1305031469.209200 1.464330 0.478695 1.758015 0.726900 0.547800 -0.207800 -0.358400
1305031469.219200 1.461075 0.480900 1.756650 0.726800 0.547800 -0.206900 -0.359000
1305031469.229200 1.458135 0.482685 1.754970 0.726900 0.548800 -0.206100 -0.357700
1305031469.239200 1.455090 0.484785 1.753185 0.726900 0.549700 -0.204800 -0.357100
1305031469.249200 1.452675 0.486780 1.751505 0.727500 0.551300 -0.202400 -0.354800
1305031469.259300 1.450050 0.488775 1.749825 0.727800 0.552900 -0.200600 -0.352500
1305031469.269200 1.446900 0.490560 1.747725 0.728500 0.553300 -0.198700 -0.351600
1305031469.279300 1.444905 0.492555 1.746255 0.729700 0.553500 -0.194500 -0.351100
1305031469.289200 1.441965 0.494445 1.743945 0.730400 0.553500 -0.193000 -0.350600
1305031469.299300 1.439130 0.496125 1.741530 0.731000 0.553900 -0.191100 -0.349700
1305031469.309200 1.436505 0.497805 1.739010 0.731600 0.554300 -0.189800 -0.348500
1305031469.319200 1.433565 0.499275 1.736280 0.731800 0.554500 -0.189100 -0.348200
1305031469.329200 1.430940 0.500850 1.733445 0.732500 0.555200 -0.187200 -0.346500
1305031469.339200 1.428315 0.502425 1.730505 0.733200 0.556400 -0.184900 -0.344500
1305031469.349300 1.425795 0.503895 1.727460 0.733500 0.556900 -0.182600 -0.344300
1305031469.359200 1.423380 0.505365 1.724415 0.734800 0.557900 -0.177600 -0.342500
1305031469.369200 1.420965 0.506835 1.721370 0.735500 0.558100 -0.173200 -0.343000
1305031469.379500 1.418550 0.508200 1.718325 0.735800 0.558000 -0.169500 -0.344300
1305031469.389200 1.416240 0.509565 1.714965 0.735900 0.557800 -0.165800 -0.346200
1305031469.399200 1.414140 0.511035 1.711815 0.736100 0.558000 -0.161500 -0.347400
1305031469.409200 1.411830 0.512295 1.708455 0.735700 0.558300 -0.158200 -0.349400
1305031469.419200 1.409730 0.513660 1.704990 0.735400 0.559000 -0.154200 -0.350500
1305031469.429300 1.407630 0.514920 1.701420 0.735100 0.559800 -0.150600 -0.351600
1305031469.439200 1.405425 0.516180 1.697640 0.734700 0.560900 -0.147000 -0.352200
1305031469.449300 1.403535 0.517545 1.694070 0.734100 0.562000 -0.143700 -0.353000
1305031469.459200 1.401540 0.518805 1.690290 0.734200 0.562600 -0.140300 -0.353300
1305031469.469200 1.399755 0.519855 1.686405 0.734400 0.563200 -0.137300 -0.353000
1305031469.479200 1.397340 0.521220 1.682310 0.733100 0.563200 -0.137900 -0.355500
1305031469.489300 1.395975 0.522375 1.678530 0.733700 0.563300 -0.135900 -0.354700
1305031469.499300 1.393665 0.523530 1.674225 0.733500 0.564300 -0.136200 -0.353600
1305031469.509200 1.391775 0.524685 1.670025 0.733500 0.564600 -0.136400 -0.353000
1305031469.519200 1.390410 0.525525 1.665825 0.734700 0.564600 -0.135100 -0.350900
1305031469.529400 1.388625 0.526785 1.661310 0.734700 0.565100 -0.135400 -0.350000
1305031469.539200 1.386735 0.527730 1.656585 0.734600 0.566300 -0.135800 -0.348200
1305031469.549200 1.385475 0.528570 1.652175 0.736000 0.566300 -0.134200 -0.345900
1305031469.559200 1.384005 0.529515 1.647450 0.736800 0.566700 -0.133400 -0.343700
1305031469.569200 1.382430 0.530460 1.642620 0.737400 0.566300 -0.133800 -0.343100
1305031469.579200 1.381065 0.531195 1.637580 0.738500 0.566800 -0.133000 -0.340100
1305031469.589200 1.379490 0.532140 1.632540 0.738900 0.567200 -0.133400 -0.338300
1305031469.599200 1.378020 0.532875 1.627500 0.740300 0.566900 -0.132800 -0.336100
1305031469.609200 1.376760 0.533400 1.622355 0.741900 0.566600 -0.131300 -0.333600
1305031469.619300 1.375290 0.534030 1.617105 0.743000 0.566800 -0.130300 -0.331300
1305031469.629200 1.374030 0.534660 1.612065 0.744200 0.565900 -0.129000 -0.330400
1305031469.639200 1.372665 0.534975 1.606920 0.745400 0.565500 -0.127200 -0.329200
1305031469.649300 1.371090 0.535290 1.601775 0.746100 0.565100 -0.126300 -0.328700
1305031469.659200 1.369620 0.535605 1.596630 0.746800 0.564600 -0.125200 -0.328300
1305031469.669200 1.368150 0.535710 1.591380 0.747700 0.564300 -0.124100 -0.327400
1305031469.679200 1.366890 0.535815 1.586340 0.748500 0.564000 -0.122600 -0.326500
1305031469.689300 1.365315 0.535605 1.580985 0.749500 0.563600 -0.121300 -0.325400
1305031469.699200 1.363845 0.535605 1.575630 0.750400 0.563100 -0.119800 -0.324700
1305031469.709200 1.362480 0.535290 1.570380 0.751700 0.562200 -0.118300 -0.323900
1305031469.719200 1.360800 0.534870 1.564920 0.752900 0.561300 -0.116800 -0.323100
1305031469.729200 1.359435 0.534345 1.559880 0.754300 0.560300 -0.115200 -0.322200
1305031469.739200 1.357860 0.533610 1.554420 0.755600 0.559300 -0.114100 -0.321200
1305031469.749200 1.356495 0.532770 1.548960 0.757100 0.558700 -0.112100 -0.319400
1305031469.759500 1.354920 0.531825 1.543710 0.758300 0.557800 -0.111300 -0.318500
1305031469.769200 1.353555 0.530880 1.538250 0.759600 0.557400 -0.110600 -0.316300
1305031469.779200 1.351770 0.529515 1.532790 0.760600 0.557200 -0.110100 -0.314500
1305031469.789200 1.350195 0.528045 1.527435 0.761600 0.556300 -0.110400 -0.313400
1305031469.799200 1.348830 0.526470 1.522290 0.762500 0.556300 -0.110000 -0.311400
1305031469.809200 1.347150 0.524790 1.516935 0.763300 0.555900 -0.110500 -0.310100
1305031469.819500 1.345680 0.522900 1.511580 0.763900 0.555700 -0.110700 -0.308900
1305031469.829200 1.344210 0.520905 1.506330 0.765100 0.555500 -0.110600 -0.306400
1305031469.839200 1.342740 0.518700 1.500975 0.766300 0.555100 -0.110300 -0.304200
1305031469.849300 1.341375 0.516495 1.495725 0.767100 0.555200 -0.110000 -0.301900
1305031469.859200 1.339905 0.514185 1.490475 0.767900 0.555000 -0.110300 -0.300300
1305031469.869300 1.338435 0.511665 1.485330 0.768600 0.554400 -0.110900 -0.299400
1305031469.879200 1.337070 0.509145 1.480185 0.769500 0.554100 -0.110500 -0.297800
1305031469.889200 1.335390 0.506415 1.474935 0.770300 0.553000 -0.111200 -0.297300
1305031469.899200 1.334025 0.503475 1.469895 0.771400 0.552600 -0.111000 -0.295500
1305031469.909300 1.332450 0.500535 1.464960 0.772400 0.551900 -0.110900 -0.294100
1305031469.919200 1.330980 0.497175 1.460130 0.773100 0.551400 -0.111500 -0.292800
1305031469.929200 1.329195 0.494130 1.455090 0.773200 0.551300 -0.112700 -0.292300
1305031469.939300 1.327830 0.490665 1.450365 0.773600 0.551000 -0.113300 -0.291700
1305031469.949300 1.326255 0.487095 1.445535 0.774000 0.550600 -0.114500 -0.291000
1305031469.959200 1.324575 0.483630 1.440915 0.774400 0.550100 -0.115100 -0.290800
1305031469.969300 1.322895 0.479850 1.436190 0.774900 0.549700 -0.115400 -0.289800
1305031469.979500 1.321320 0.476175 1.431675 0.775300 0.549400 -0.115300 -0.289400
1305031469.989200 1.319535 0.472290 1.427055 0.775500 0.548900 -0.116700 -0.289100
1305031469.999200 1.317960 0.468300 1.422750 0.776000 0.548900 -0.116600 -0.288000
1305031470.009200 1.316385 0.463995 1.418340 0.776300 0.548700 -0.117100 -0.287200
1305031470.019300 1.314600 0.460110 1.414035 0.776300 0.548900 -0.117500 -0.286800
1305031470.029200 1.313340 0.455700 1.410045 0.776600 0.548900 -0.117300 -0.285900
1305031470.039200 1.311660 0.451395 1.406055 0.777000 0.548900 -0.116800 -0.285300
1305031470.049200 1.310190 0.447090 1.402170 0.777200 0.548700 -0.116500 -0.285200
1305031470.059200 1.308615 0.442680 1.398285 0.777400 0.548600 -0.116600 -0.284800
1305031470.069200 1.307145 0.438270 1.394715 0.777800 0.547600 -0.116700 -0.285600
1305031470.079200 1.305675 0.433545 1.391040 0.778600 0.547200 -0.116000 -0.284500
1305031470.089200 1.303995 0.429135 1.387365 0.778800 0.546700 -0.117000 -0.284500
1305031470.099200 1.302735 0.424410 1.384005 0.779600 0.546300 -0.116400 -0.283100
1305031470.109200 1.301370 0.419580 1.380645 0.780900 0.545700 -0.115700 -0.281100
1305031470.119200 1.299900 0.414855 1.377390 0.781600 0.545300 -0.115200 -0.280200
1305031470.129200 1.298325 0.410130 1.374135 0.782200 0.544700 -0.115300 -0.279600
1305031470.139200 1.296855 0.405300 1.370985 0.782900 0.543900 -0.115600 -0.279100
1305031470.149200 1.295280 0.400470 1.367835 0.783500 0.543300 -0.116000 -0.278500
1305031470.159200 1.293915 0.395745 1.365105 0.784100 0.542800 -0.116100 -0.277700
1305031470.169200 1.292445 0.390810 1.362165 0.784600 0.541900 -0.117000 -0.277500
1305031470.179200 1.290765 0.385875 1.359435 0.784900 0.541300 -0.118300 -0.277400
1305031470.189200 1.289400 0.381045 1.356705 0.786100 0.540500 -0.117700 -0.276000
1305031470.199200 1.288035 0.376215 1.354080 0.787000 0.539900 -0.117500 -0.274400
1305031470.209200 1.286460 0.371175 1.351455 0.788000 0.539000 -0.117500 -0.273300
1305031470.219200 1.284780 0.366345 1.348725 0.788900 0.538100 -0.117500 -0.272400
1305031470.229200 1.283100 0.361410 1.346100 0.789800 0.537200 -0.117300 -0.271700
1305031470.239200 1.281420 0.356580 1.343475 0.790800 0.536500 -0.117100 -0.270500
1305031470.249200 1.279950 0.351645 1.341060 0.791700 0.536100 -0.116400 -0.268700
1305031470.259200 1.278165 0.346710 1.338330 0.792700 0.535300 -0.116600 -0.267500
1305031470.269200 1.276695 0.341775 1.336125 0.793900 0.534700 -0.115100 -0.265600
1305031470.279200 1.274700 0.336945 1.333500 0.794700 0.534100 -0.114700 -0.264800
1305031470.289200 1.273020 0.332115 1.331085 0.795500 0.533800 -0.114100 -0.263200
1305031470.299200 1.271235 0.327285 1.328670 0.796500 0.533200 -0.113400 -0.261500
1305031470.309200 1.269450 0.322455 1.326360 0.797600 0.532700 -0.112800 -0.259300
1305031470.319200 1.267665 0.317625 1.324050 0.798500 0.532100 -0.112800 -0.257900
1305031470.329200 1.265985 0.312795 1.321950 0.799800 0.531100 -0.112500 -0.255900
1305031470.339200 1.264200 0.307860 1.319745 0.800800 0.530100 -0.113100 -0.254800
1305031470.349200 1.262415 0.303030 1.317855 0.801800 0.529300 -0.113300 -0.253100
1305031470.359200 1.260525 0.298200 1.316175 0.803100 0.528300 -0.113200 -0.251100
1305031470.369200 1.258740 0.293370 1.314285 0.804100 0.527400 -0.113600 -0.249800
1305031470.379200 1.257060 0.288540 1.312605 0.805000 0.526300 -0.113900 -0.249000
1305031470.389200 1.254960 0.283815 1.310820 0.805300 0.526000 -0.114500 -0.248300
1305031470.399200 1.253070 0.278985 1.309140 0.805300 0.526300 -0.114800 -0.247400
1305031470.409200 1.251285 0.274155 1.307565 0.805500 0.526600 -0.114700 -0.246600
1305031470.419200 1.249500 0.269535 1.306410 0.805400 0.526900 -0.114100 -0.246100
1305031470.429200 1.247505 0.265230 1.304940 0.804600 0.527500 -0.115200 -0.247000
1305031470.439200 1.245510 0.260505 1.303680 0.804700 0.527700 -0.115600 -0.246500
1305031470.449200 1.243515 0.256095 1.302315 0.804600 0.527500 -0.116000 -0.246900
1305031470.459200 1.241520 0.251580 1.301265 0.804600 0.527300 -0.116400 -0.247100
1305031470.469200 1.239630 0.247275 1.300215 0.804800 0.527000 -0.116800 -0.246800
1305031470.479200 1.237530 0.242970 1.299165 0.804900 0.526600 -0.117600 -0.246900
1305031470.489200 1.235640 0.238665 1.298115 0.805300 0.526000 -0.117900 -0.246700
1305031470.499200 1.233750 0.234465 1.297065 0.805300 0.526100 -0.118200 -0.246600
1305031470.509200 1.231755 0.230475 1.295910 0.805200 0.525900 -0.118300 -0.247100
1305031470.519200 1.229760 0.226275 1.294965 0.805200 0.526100 -0.118100 -0.246800
1305031470.529200 1.227765 0.222495 1.293810 0.805200 0.526200 -0.117800 -0.246600
1305031470.539200 1.225665 0.218715 1.292655 0.805400 0.525900 -0.117800 -0.246500
1305031470.549200 1.223460 0.214830 1.291500 0.805700 0.525300 -0.117700 -0.246900
1305031470.559200 1.221675 0.211260 1.290660 0.806400 0.525300 -0.116500 -0.245500
1305031470.569200 1.219575 0.207585 1.289715 0.807000 0.524300 -0.116800 -0.245500
1305031470.579500 1.217475 0.204120 1.288665 0.807600 0.523300 -0.117200 -0.245600
1305031470.589200 1.215480 0.200550 1.287720 0.808500 0.522000 -0.117400 -0.245300
1305031470.599200 1.213485 0.197085 1.286670 0.809400 0.520900 -0.117200 -0.244400
1305031470.609200 1.211490 0.193935 1.285620 0.810200 0.520000 -0.117400 -0.243600
1305031470.619200 1.209495 0.190365 1.284885 0.811500 0.518900 -0.116500 -0.242000
1305031470.629200 1.207395 0.187320 1.283835 0.812000 0.518000 -0.117000 -0.241900
1305031470.639200 1.205295 0.184170 1.282785 0.813000 0.516700 -0.117200 -0.241600
1305031470.649200 1.203090 0.181125 1.281945 0.813600 0.516000 -0.117500 -0.240800
1305031470.659200 1.200885 0.177975 1.281000 0.814300 0.514800 -0.117900 -0.240800
1305031470.669200 1.198680 0.174930 1.279950 0.815200 0.514200 -0.117700 -0.239100
1305031470.679200 1.196685 0.171990 1.279110 0.815800 0.513700 -0.117800 -0.238100
1305031470.689200 1.194375 0.168945 1.278270 0.816500 0.513200 -0.117900 -0.236800
1305031470.699200 1.192275 0.166320 1.277430 0.816800 0.512800 -0.118200 -0.236200
1305031470.709200 1.190070 0.163275 1.276800 0.817300 0.511900 -0.118700 -0.236400
1305031470.719200 1.187760 0.160650 1.276170 0.817400 0.510900 -0.119700 -0.237700
1305031470.729200 1.185765 0.158025 1.275645 0.818200 0.509800 -0.118800 -0.237700
1305031470.739200 1.183875 0.155505 1.275225 0.819200 0.508400 -0.118300 -0.237500
1305031470.749500 1.182090 0.152775 1.274595 0.820700 0.506800 -0.116800 -0.236700
1305031470.759200 1.179990 0.150255 1.274175 0.822100 0.505400 -0.114900 -0.235800
1305031470.769500 1.178205 0.147840 1.273650 0.823300 0.503800 -0.113700 -0.235500
1305031470.779200 1.176105 0.145530 1.273020 0.824100 0.502400 -0.112800 -0.235900
1305031470.789200 1.174005 0.143010 1.272705 0.824800 0.501400 -0.112400 -0.236000
1305031470.799300 1.171905 0.140490 1.272600 0.825600 0.499900 -0.112500 -0.236400
1305031470.809200 1.169910 0.138180 1.272390 0.825900 0.498800 -0.113200 -0.237200
1305031470.819200 1.167810 0.135870 1.272495 0.826200 0.497300 -0.114200 -0.238800
1305031470.829200 1.165605 0.133455 1.272390 0.826300 0.496000 -0.115500 -0.240600
1305031470.839200 1.163505 0.130935 1.272495 0.826700 0.494700 -0.116400 -0.241700
1305031470.849200 1.161510 0.128520 1.272810 0.827300 0.493500 -0.116700 -0.241700
1305031470.859200 1.159410 0.126105 1.272915 0.827400 0.492400 -0.117600 -0.243100
1305031470.869200 1.157310 0.123795 1.273125 0.827600 0.491100 -0.118700 -0.244400
1305031470.879200 1.155420 0.121485 1.273440 0.828200 0.490200 -0.119000 -0.244300
1305031470.889200 1.153005 0.119280 1.273545 0.828200 0.489100 -0.121300 -0.245300
1305031470.899200 1.151010 0.116760 1.274175 0.828700 0.488000 -0.121800 -0.245500
1305031470.909200 1.148910 0.114450 1.274700 0.828800 0.486900 -0.123500 -0.246300
1305031470.919200 1.146705 0.112035 1.275330 0.828900 0.485900 -0.125200 -0.247400
1305031470.929200 1.144605 0.109515 1.276065 0.828800 0.484800 -0.127100 -0.248800
1305031470.939200 1.142400 0.107205 1.277115 0.828200 0.483800 -0.129500 -0.251400
1305031470.949200 1.140300 0.105105 1.278060 0.827500 0.483000 -0.131300 -0.254500
1305031470.959200 1.138200 0.102900 1.279110 0.826800 0.482500 -0.132800 -0.256700
1305031470.969200 1.136100 0.100590 1.280055 0.826800 0.481400 -0.133800 -0.258200
1305031470.979200 1.134000 0.098490 1.281000 0.826900 0.480300 -0.134300 -0.260000
1305031470.989100 1.131690 0.096495 1.281945 0.826600 0.479300 -0.134800 -0.262200
1305031470.999200 1.129695 0.094395 1.282995 0.826700 0.478100 -0.134900 -0.264200
1305031471.009200 1.127595 0.092505 1.284045 0.826400 0.476900 -0.135400 -0.266900
1305031471.019200 1.125390 0.090720 1.285095 0.826100 0.475700 -0.136300 -0.269600
1305031471.029200 1.123185 0.088725 1.286250 0.826000 0.474200 -0.136700 -0.272300
1305031471.039200 1.121190 0.086940 1.287720 0.825800 0.472500 -0.137200 -0.275500
1305031471.049200 1.119090 0.085155 1.288770 0.826000 0.471100 -0.137500 -0.277500
1305031471.059200 1.117305 0.083580 1.290135 0.826300 0.469200 -0.137700 -0.279600
1305031471.069200 1.115205 0.081900 1.291185 0.826300 0.467300 -0.138700 -0.282200
1305031471.079200 1.113000 0.080220 1.292235 0.826600 0.465500 -0.140000 -0.283700
1305031471.089200 1.111110 0.078540 1.293495 0.827300 0.464000 -0.140400 -0.284000
1305031471.099200 1.109220 0.076965 1.294545 0.827500 0.462000 -0.142200 -0.285700
1305031471.109200 1.107540 0.075180 1.295700 0.828200 0.460200 -0.143100 -0.285900
1305031471.119200 1.105650 0.073605 1.296855 0.828600 0.458400 -0.144300 -0.287300
1305031471.129200 1.103655 0.072135 1.297905 0.828600 0.456300 -0.145800 -0.289800
1305031471.139200 1.101975 0.070560 1.298850 0.829200 0.454400 -0.146600 -0.290700
1305031471.149200 1.100190 0.069090 1.299795 0.829800 0.452700 -0.147000 -0.291400
1305031471.159200 1.098405 0.067725 1.300530 0.830100 0.451100 -0.147500 -0.292700
1305031471.169200 1.096725 0.066255 1.301370 0.831100 0.448900 -0.147200 -0.293400
1305031471.179300 1.094730 0.064890 1.301895 0.831900 0.446700 -0.147300 -0.294300
1305031471.189200 1.092945 0.063735 1.302420 0.832600 0.445100 -0.147100 -0.295000
1305031471.199200 1.091055 0.062265 1.302945 0.833700 0.443200 -0.146500 -0.295100
1305031471.209200 1.088955 0.060900 1.303470 0.834500 0.441700 -0.146200 -0.295300
1305031471.219200 1.087275 0.059535 1.303995 0.835600 0.440900 -0.144900 -0.294000
1305031471.229200 1.085385 0.058065 1.304310 0.836200 0.439600 -0.144700 -0.294300
1305031471.239200 1.083390 0.056700 1.304625 0.836700 0.438700 -0.144300 -0.294300
1305031471.249200 1.081395 0.055335 1.305045 0.837200 0.437400 -0.144000 -0.295000
1305031471.259200 1.079925 0.053970 1.305675 0.838300 0.436500 -0.143400 -0.293700
1305031471.269200 1.078140 0.052605 1.306200 0.838800 0.434800 -0.143400 -0.294600
1305031471.279200 1.076460 0.051345 1.306620 0.839400 0.433000 -0.143600 -0.295600
1305031471.289200 1.074990 0.050085 1.307355 0.839900 0.431300 -0.143500 -0.296600
1305031471.299200 1.073520 0.048825 1.308090 0.840400 0.429300 -0.143200 -0.298100
1305031471.309200 1.072050 0.047775 1.308615 0.840500 0.427700 -0.143000 -0.300200
1305031471.319200 1.070685 0.046620 1.309245 0.841100 0.426100 -0.142200 -0.301300
1305031471.329200 1.069320 0.045570 1.309875 0.841600 0.424900 -0.140500 -0.302300
1305031471.340600 1.068165 0.044415 1.310400 0.842500 0.423600 -0.138300 -0.302700
1305031471.349200 1.066905 0.043365 1.310925 0.843300 0.422000 -0.136500 -0.303500
1305031471.359200 1.066065 0.042420 1.311555 0.844900 0.420100 -0.133800 -0.303100
1305031471.369200 1.065015 0.041160 1.312500 0.846000 0.418300 -0.131500 -0.303300
1305031471.379200 1.063755 0.040215 1.313235 0.846400 0.416300 -0.131500 -0.304900
1305031471.389200 1.062600 0.039375 1.314075 0.846500 0.414300 -0.131300 -0.307400
1305031471.399200 1.061655 0.038325 1.315020 0.847200 0.412300 -0.131500 -0.308200
1305031471.409300 1.060500 0.037380 1.315965 0.847300 0.410500 -0.132700 -0.309700
1305031471.419200 1.059450 0.036330 1.316700 0.847800 0.408700 -0.133600 -0.310300
1305031471.429300 1.058295 0.035070 1.317540 0.848600 0.407200 -0.134100 -0.310100
1305031471.439200 1.057140 0.034020 1.318275 0.849300 0.405900 -0.134300 -0.309600
1305031471.449200 1.055880 0.033075 1.319010 0.849600 0.405000 -0.134900 -0.309800
1305031471.459300 1.054725 0.031815 1.319640 0.850300 0.404000 -0.135100 -0.309000
1305031471.469200 1.053570 0.030450 1.320375 0.851100 0.403100 -0.135100 -0.308000
1305031471.479200 1.052625 0.029505 1.321005 0.851700 0.401400 -0.135100 -0.308600
1305031471.489200 1.051680 0.028350 1.321740 0.852500 0.400200 -0.135000 -0.307900
1305031471.499200 1.050630 0.027090 1.322475 0.853200 0.398700 -0.135200 -0.307700
1305031471.509200 1.049475 0.026040 1.323105 0.853600 0.397100 -0.136000 -0.308600
1305031471.519200 1.048530 0.024675 1.323735 0.854300 0.396100 -0.135800 -0.308000
1305031471.529200 1.047690 0.023415 1.324575 0.854700 0.395300 -0.135800 -0.307900
1305031471.539200 1.046955 0.022050 1.325310 0.855200 0.394100 -0.135500 -0.308100
1305031471.549200 1.046220 0.020685 1.326045 0.855800 0.393400 -0.134700 -0.307700
1305031471.559200 1.045485 0.019425 1.326675 0.856400 0.392400 -0.133700 -0.307800
1305031471.569200 1.044960 0.018165 1.327410 0.857200 0.391300 -0.132200 -0.307700
1305031471.579200 1.044330 0.016800 1.328250 0.857700 0.390000 -0.131100 -0.308300
1305031471.589200 1.043805 0.015750 1.328880 0.858000 0.388800 -0.130200 -0.309300
1305031471.599200 1.043175 0.014490 1.329615 0.858300 0.387600 -0.129300 -0.310500
1305031471.609200 1.042755 0.013335 1.330350 0.858700 0.386600 -0.128300 -0.310900
1305031471.619100 1.042335 0.012285 1.331190 0.859200 0.385800 -0.126900 -0.311200
1305031471.629100 1.042020 0.011025 1.332030 0.859800 0.384400 -0.125500 -0.311700
1305031471.639200 1.041705 0.010080 1.332765 0.860100 0.383000 -0.124900 -0.312900
1305031471.649200 1.041390 0.009030 1.333500 0.860300 0.381600 -0.124100 -0.314400
1305031471.659200 1.041180 0.007875 1.334130 0.861200 0.379800 -0.123400 -0.314500
1305031471.669100 1.040970 0.006930 1.334970 0.861700 0.378100 -0.122800 -0.315300
1305031471.679100 1.040865 0.005985 1.335705 0.862300 0.376300 -0.122300 -0.316100
1305031471.689200 1.040550 0.005145 1.336230 0.862900 0.374700 -0.122100 -0.316500
1305031471.699200 1.040445 0.004095 1.336860 0.863700 0.373200 -0.121300 -0.316200
1305031471.709800 1.040235 0.003255 1.337175 0.864500 0.371900 -0.120900 -0.315800
1305031471.719100 1.040130 0.002415 1.337595 0.865400 0.370300 -0.120100 -0.315600
1305031471.729200 1.040025 0.001575 1.337910 0.866600 0.368200 -0.119100 -0.315100
1305031471.739100 1.039815 0.000840 1.338120 0.867400 0.366100 -0.118900 -0.315300
1305031471.749200 1.039815 0.000105 1.338435 0.868500 0.363900 -0.118300 -0.315000
1305031471.759200 1.039920 -0.000525 1.338750 0.869600 0.360900 -0.117500 -0.315700
1305031471.769200 1.039815 -0.001260 1.338960 0.870500 0.357800 -0.117100 -0.317100
1305031471.779100 1.039920 -0.001890 1.339170 0.871400 0.355200 -0.116400 -0.317800
1305031471.789200 1.040025 -0.002625 1.339275 0.872500 0.352800 -0.114900 -0.317900
1305031471.799200 1.040025 -0.003465 1.339275 0.873900 0.350800 -0.113400 -0.316900
1305031471.809200 1.039815 -0.004305 1.338960 0.875200 0.348600 -0.112600 -0.315900
1305031471.819200 1.039710 -0.005145 1.338750 0.876400 0.347200 -0.111700 -0.314400
1305031471.829200 1.039500 -0.006090 1.338330 0.877600 0.345300 -0.111100 -0.313500
1305031471.839300 1.039395 -0.007035 1.337910 0.878700 0.343100 -0.110800 -0.312900
1305031471.849300 1.038975 -0.007875 1.337595 0.879400 0.341000 -0.110900 -0.313200
1305031471.859100 1.038870 -0.008925 1.337175 0.880800 0.338600 -0.110100 -0.312200
1305031471.869200 1.038450 -0.009765 1.336650 0.881500 0.336300 -0.109800 -0.312600
1305031471.879200 1.038240 -0.010920 1.336125 0.883200 0.334300 -0.108500 -0.310500
1305031471.889500 1.037715 -0.011760 1.335600 0.884300 0.332500 -0.107600 -0.309700
1305031471.899200 1.037190 -0.012915 1.334865 0.885500 0.330500 -0.106000 -0.308900
1305031471.909200 1.036875 -0.013860 1.334340 0.886900 0.329200 -0.104300 -0.306800
1305031471.919200 1.036350 -0.015120 1.333605 0.887900 0.327700 -0.102800 -0.306000
1305031471.929200 1.035930 -0.016380 1.333080 0.888800 0.326700 -0.100500 -0.305200
1305031471.939200 1.035195 -0.017430 1.332555 0.889300 0.324800 -0.099100 -0.306300
1305031471.949200 1.034670 -0.018480 1.332240 0.889500 0.323600 -0.097300 -0.307500
1305031471.959200 1.034250 -0.019530 1.331820 0.889700 0.322100 -0.095800 -0.309000
1305031471.969200 1.033725 -0.020580 1.331400 0.890300 0.320300 -0.093500 -0.310000
1305031471.979300 1.032990 -0.021840 1.330455 0.890900 0.318400 -0.091900 -0.310500
1305031471.989200 1.032255 -0.022995 1.329825 0.892100 0.317100 -0.089700 -0.309200
1305031471.999200 1.031520 -0.024150 1.328775 0.893000 0.315700 -0.087700 -0.308400
1305031472.009200 1.030785 -0.025305 1.327725 0.894500 0.314700 -0.085600 -0.305900
1305031472.019200 1.030050 -0.026670 1.326990 0.895500 0.314200 -0.083600 -0.303900
1305031472.029200 1.029315 -0.027930 1.326255 0.896500 0.312900 -0.082200 -0.302700
1305031472.039200 1.028790 -0.029085 1.325625 0.896700 0.311800 -0.081300 -0.303500
1305031472.049200 1.027950 -0.030135 1.324995 0.896900 0.309800 -0.080900 -0.305200
1305031472.059200 1.027110 -0.031290 1.324470 0.897200 0.308000 -0.080300 -0.306200
1305031472.069200 1.026585 -0.032340 1.323840 0.897900 0.305600 -0.079600 -0.306700
1305031472.079300 1.025745 -0.033180 1.323210 0.898200 0.303200 -0.078900 -0.308200
1305031472.089200 1.024905 -0.034545 1.322475 0.899500 0.301900 -0.077400 -0.306200
1305031472.099200 1.024065 -0.035595 1.321635 0.900600 0.301000 -0.076100 -0.304200
1305031472.109200 1.022805 -0.036750 1.320585 0.901200 0.300100 -0.075000 -0.303600
1305031472.119200 1.021755 -0.037800 1.319745 0.901800 0.299900 -0.074300 -0.302100
1305031472.129100 1.020705 -0.038955 1.319010 0.902600 0.299400 -0.074000 -0.300200
1305031472.139200 1.019655 -0.040110 1.318380 0.903100 0.298700 -0.073400 -0.299500
1305031472.149200 1.018920 -0.041160 1.317960 0.903800 0.297900 -0.073100 -0.298500
1305031472.159200 1.017870 -0.042000 1.317750 0.903800 0.296600 -0.073300 -0.299600
1305031472.169200 1.017030 -0.042945 1.317645 0.903900 0.295100 -0.073800 -0.300800
1305031472.179200 1.016085 -0.043890 1.317435 0.903900 0.293100 -0.074300 -0.302400
1305031472.189200 1.015140 -0.044625 1.317330 0.904000 0.291600 -0.075000 -0.303700
1305031472.199100 1.014510 -0.045360 1.317330 0.904000 0.290800 -0.075000 -0.304200
1305031472.209200 1.013670 -0.046095 1.317120 0.904000 0.289900 -0.075500 -0.305000
1305031472.219200 1.012725 -0.047145 1.317225 0.904400 0.289000 -0.075100 -0.304700
1305031472.229200 1.011990 -0.047670 1.317120 0.904400 0.288500 -0.074800 -0.305400
1305031472.239400 1.011255 -0.048405 1.317120 0.904100 0.287700 -0.074700 -0.307000
1305031472.249200 1.010730 -0.049140 1.317435 0.904200 0.287100 -0.074500 -0.307300
1305031472.259100 1.010205 -0.049665 1.317645 0.903700 0.286200 -0.074800 -0.309500
1305031472.269200 1.009575 -0.050085 1.318170 0.903200 0.285000 -0.074800 -0.312200
1305031472.279100 1.009155 -0.050400 1.318485 0.902700 0.283900 -0.075300 -0.314300
1305031472.289200 1.008840 -0.050820 1.318905 0.902300 0.282800 -0.075600 -0.316500
1305031472.299100 1.008735 -0.051345 1.319640 0.902300 0.282200 -0.075000 -0.317100
1305031472.309200 1.008000 -0.051660 1.319955 0.901700 0.281700 -0.075900 -0.319100
1305031472.319200 1.007685 -0.051870 1.320375 0.901700 0.281400 -0.076100 -0.319500
1305031472.329200 1.007265 -0.051975 1.320690 0.901400 0.281300 -0.076300 -0.320300
1305031472.339200 1.006950 -0.052080 1.321110 0.901600 0.281200 -0.076200 -0.319700
1305031472.349200 1.006530 -0.052185 1.321425 0.902000 0.280900 -0.076100 -0.318900
1305031472.359100 1.006110 -0.052185 1.321740 0.902300 0.280700 -0.076100 -0.318100
1305031472.369200 1.005690 -0.052290 1.322055 0.902600 0.280500 -0.076500 -0.317400
1305031472.379200 1.005165 -0.052185 1.322580 0.902500 0.280400 -0.077300 -0.317500
1305031472.389200 1.004745 -0.051975 1.323210 0.902500 0.280100 -0.078300 -0.317700
1305031472.399200 1.004220 -0.051765 1.323735 0.902300 0.279800 -0.079500 -0.318100
1305031472.409200 1.003800 -0.051555 1.324365 0.902000 0.280000 -0.080500 -0.318500
1305031472.419200 1.003170 -0.051240 1.324995 0.901700 0.280400 -0.081400 -0.318800
1305031472.429100 1.002645 -0.050820 1.325520 0.901500 0.280200 -0.082000 -0.319600
1305031472.439200 1.002330 -0.050610 1.326150 0.901400 0.280600 -0.082300 -0.319400
1305031472.449100 1.001910 -0.050190 1.326885 0.901500 0.280900 -0.082300 -0.318800
1305031472.459200 1.001490 -0.049665 1.327410 0.901400 0.280800 -0.082300 -0.319300
1305031472.469100 1.001175 -0.049140 1.327935 0.901300 0.280900 -0.081700 -0.319400
1305031472.479200 1.000860 -0.048405 1.328565 0.901500 0.280800 -0.080700 -0.319400
1305031472.489200 1.000755 -0.047985 1.329300 0.901900 0.280400 -0.079600 -0.318700
1305031472.499100 1.000545 -0.047565 1.329930 0.902100 0.279900 -0.079300 -0.318600
1305031472.509300 1.000230 -0.046935 1.330560 0.902100 0.279400 -0.079100 -0.319200
1305031472.519200 1.000335 -0.046305 1.331505 0.901900 0.279200 -0.079000 -0.319900
1305031472.529100 1.000440 -0.045675 1.332555 0.901900 0.278800 -0.079100 -0.320400
1305031472.539200 1.000335 -0.045045 1.333605 0.901200 0.278500 -0.080400 -0.322200
1305031472.549200 1.000335 -0.044310 1.334445 0.900700 0.277900 -0.081500 -0.323700
1305031472.559200 1.000335 -0.043680 1.335495 0.900100 0.277500 -0.082700 -0.325400
1305031472.569200 1.000230 -0.043050 1.336545 0.899900 0.277100 -0.083800 -0.326100
1305031472.579200 1.000440 -0.042210 1.337175 0.900100 0.276300 -0.084700 -0.326000
1305031472.589200 1.000440 -0.041265 1.337910 0.900200 0.275900 -0.085100 -0.326100
1305031472.599100 1.000440 -0.040320 1.338540 0.900300 0.275600 -0.085800 -0.325800
1305031472.609400 1.000545 -0.039480 1.339170 0.900700 0.275200 -0.085900 -0.325000
1305031472.619200 1.000650 -0.038430 1.339695 0.900700 0.275000 -0.086300 -0.325100
1305031472.629100 1.000545 -0.037485 1.340325 0.900900 0.274700 -0.086700 -0.324700
1305031472.640400 1.000440 -0.036540 1.340850 0.901000 0.274200 -0.087300 -0.324600
1305031472.649200 1.000545 -0.035385 1.341480 0.901000 0.274000 -0.087500 -0.324800
1305031472.659200 1.000755 -0.034335 1.342215 0.901000 0.273500 -0.088300 -0.324900
1305031472.669400 1.000755 -0.033495 1.342845 0.901200 0.273300 -0.088900 -0.324500
1305031472.679200 1.000650 -0.032340 1.343370 0.900800 0.273000 -0.089600 -0.325500
1305031472.689200 1.000755 -0.031395 1.344105 0.900800 0.273000 -0.089800 -0.325400
1305031472.699200 1.000755 -0.030345 1.344735 0.900500 0.273000 -0.090400 -0.326100
1305031472.709100 1.000650 -0.029505 1.345260 0.900400 0.272900 -0.090900 -0.326400
1305031472.719100 1.000545 -0.028350 1.345785 0.900000 0.272800 -0.091600 -0.327400
1305031472.729200 1.000545 -0.027405 1.346415 0.899700 0.273200 -0.091600 -0.328000
1305031472.739100 1.000545 -0.026355 1.346940 0.899500 0.273600 -0.091200 -0.328100
1305031472.749200 1.000335 -0.025305 1.347360 0.899200 0.273700 -0.091400 -0.328900
1305031472.759200 1.000125 -0.024465 1.347780 0.899000 0.273900 -0.091400 -0.329300
1305031472.769200 1.000020 -0.023520 1.348200 0.898900 0.274400 -0.090800 -0.329400
1305031472.779200 0.999705 -0.022680 1.348620 0.898500 0.274700 -0.090600 -0.330100
1305031472.789200 0.999705 -0.021525 1.349040 0.898200 0.274700 -0.090000 -0.331100
1305031472.799200 0.999390 -0.020580 1.349460 0.897800 0.275100 -0.090100 -0.331900
1305031472.809200 0.999285 -0.019740 1.349985 0.897800 0.274700 -0.090000 -0.332200
1305031472.819200 0.999075 -0.019005 1.350300 0.897900 0.274400 -0.090000 -0.332300
1305031472.829200 0.998970 -0.018060 1.350720 0.897400 0.274200 -0.090400 -0.333600
1305031472.839200 0.998760 -0.017115 1.350930 0.897000 0.274000 -0.090700 -0.334700
1305031472.849200 0.998445 -0.016170 1.351350 0.896800 0.274200 -0.091400 -0.334900
1305031472.859200 0.998340 -0.015540 1.351455 0.897300 0.273900 -0.091700 -0.333900
1305031472.869100 0.998130 -0.014700 1.351560 0.897400 0.273500 -0.092200 -0.333800
1305031472.879200 0.998025 -0.013965 1.351665 0.897600 0.273000 -0.092700 -0.333400
1305031472.889200 0.997815 -0.013335 1.351770 0.898000 0.272500 -0.093200 -0.332700
1305031472.899200 0.997500 -0.012705 1.351875 0.898200 0.272200 -0.093900 -0.332100
1305031472.909200 0.997290 -0.011970 1.351980 0.898400 0.271900 -0.094200 -0.331800
1305031472.919200 0.997080 -0.011235 1.351980 0.898500 0.271400 -0.094600 -0.331700
1305031472.929100 0.996975 -0.010710 1.351980 0.898500 0.271100 -0.095000 -0.331800
1305031472.939300 0.996870 -0.010185 1.351980 0.898600 0.270800 -0.095200 -0.331800
1305031472.949200 0.996660 -0.009765 1.351980 0.898700 0.270300 -0.095100 -0.332000
1305031472.959100 0.996450 -0.009345 1.351980 0.898900 0.270100 -0.095200 -0.331500
1305031472.969100 0.996345 -0.008820 1.351980 0.899200 0.270000 -0.095300 -0.330900
1305031472.979200 0.996135 -0.008400 1.351770 0.899100 0.270000 -0.095600 -0.330900
1305031472.989200 0.995820 -0.007980 1.351665 0.899100 0.270100 -0.096000 -0.330900
1305031472.999100 0.995715 -0.007770 1.351560 0.899200 0.270300 -0.096200 -0.330200
1305031473.009200 0.995505 -0.007455 1.351455 0.899300 0.270500 -0.096600 -0.329800
1305031473.019200 0.995190 -0.007140 1.351455 0.899300 0.270700 -0.096900 -0.329500
1305031473.029200 0.995085 -0.007035 1.351350 0.899400 0.270900 -0.096900 -0.329000
1305031473.039300 0.994875 -0.006720 1.351350 0.899400 0.271200 -0.096900 -0.329000
1305031473.049200 0.994665 -0.006405 1.351350 0.899300 0.271600 -0.096800 -0.329000
1305031473.059200 0.994455 -0.006300 1.351350 0.899200 0.271900 -0.096500 -0.328900
1305031473.069200 0.994245 -0.006090 1.351350 0.899100 0.272100 -0.096100 -0.329200
1305031473.079200 0.994140 -0.005880 1.351455 0.898900 0.272500 -0.095500 -0.329500
1305031473.089200 0.993930 -0.005670 1.351560 0.898800 0.272800 -0.094900 -0.329800
1305031473.099100 0.993825 -0.005355 1.351560 0.898800 0.273200 -0.094200 -0.329600
1305031473.109200 0.993615 -0.005145 1.351560 0.898700 0.273500 -0.093700 -0.329800
1305031473.119200 0.993300 -0.005145 1.351665 0.898700 0.273900 -0.093300 -0.329600
1305031473.129100 0.993195 -0.004935 1.351770 0.898500 0.273900 -0.093300 -0.330200
1305031473.139200 0.992985 -0.004830 1.351980 0.898200 0.274000 -0.093700 -0.330600
1305031473.149200 0.992880 -0.004620 1.352085 0.898000 0.274200 -0.094200 -0.330900
1305031473.159200 0.992775 -0.004515 1.352295 0.897900 0.274300 -0.094700 -0.331000
1305031473.169100 0.992670 -0.004410 1.352610 0.897800 0.274500 -0.095000 -0.331100
1305031473.179200 0.992775 -0.004200 1.352715 0.898000 0.274500 -0.094900 -0.330500
1305031473.189200 0.992670 -0.003990 1.353030 0.897700 0.274400 -0.095100 -0.331300
1305031473.199100 0.992565 -0.003990 1.353240 0.897800 0.274600 -0.095000 -0.331000
