1305031449.814600 1.233400 -0.011300 1.694100 0.790700 0.439300 -0.177000 -0.387900
1305031449.824600 1.233400 -0.011100 1.693900 0.791100 0.439300 -0.176800 -0.387200
1305031449.834600 1.233000 -0.011100 1.693700 0.791300 0.438700 -0.176900 -0.387300
1305031449.844500 1.232800 -0.011000 1.693600 0.791600 0.438400 -0.176800 -0.387200
1305031449.854600 1.232500 -0.011000 1.693400 0.791900 0.438000 -0.176800 -0.387100
1305031449.864500 1.232300 -0.011000 1.693400 0.792300 0.437900 -0.176000 -0.386600
1305031449.874500 1.232100 -0.010900 1.693200 0.792500 0.437400 -0.175800 -0.386800
1305031449.884600 1.231600 -0.010800 1.692900 0.792600 0.437000 -0.175800 -0.387100
1305031449.894500 1.231200 -0.010800 1.692700 0.792900 0.436800 -0.175500 -0.386900
1305031449.904600 1.230700 -0.010600 1.692400 0.793200 0.436800 -0.175000 -0.386500
1305031449.914400 1.230200 -0.010500 1.692200 0.793500 0.436600 -0.174500 -0.386300
1305031449.924500 1.229800 -0.010500 1.692000 0.793600 0.436800 -0.173900 -0.386100
1305031449.934500 1.229200 -0.010400 1.691700 0.793500 0.436800 -0.173500 -0.386500
1305031449.944500 1.228600 -0.010300 1.691500 0.793400 0.436900 -0.173200 -0.386900
1305031449.954500 1.227900 -0.010200 1.691400 0.792900 0.437000 -0.173300 -0.387600
1305031449.964600 1.227300 -0.010100 1.691300 0.792500 0.437200 -0.173300 -0.388300
1305031449.974500 1.226800 -0.009900 1.691200 0.792100 0.437400 -0.173500 -0.388600
1305031449.984600 1.226200 -0.009700 1.691100 0.791600 0.437500 -0.174100 -0.389500
1305031449.994500 1.225400 -0.009400 1.691000 0.791000 0.437900 -0.174400 -0.390100
1305031450.004500 1.224500 -0.009000 1.690800 0.790100 0.438400 -0.175200 -0.390900
1305031450.014400 1.223700 -0.008600 1.690500 0.789500 0.438900 -0.175600 -0.391500
1305031450.024700 1.222900 -0.008100 1.690200 0.788800 0.439800 -0.175800 -0.391800
1305031450.034500 1.221900 -0.007600 1.689900 0.788100 0.440900 -0.176300 -0.391700
1305031450.044600 1.221100 -0.007200 1.689600 0.787800 0.442300 -0.176200 -0.390800
1305031450.054500 1.220300 -0.006600 1.689200 0.787100 0.444100 -0.176400 -0.390100
1305031450.064500 1.219400 -0.006000 1.688700 0.786300 0.445200 -0.176600 -0.390400
1305031450.074500 1.218500 -0.005400 1.688100 0.785700 0.446700 -0.176700 -0.389800
1305031450.084600 1.217700 -0.004800 1.687600 0.785400 0.448400 -0.177100 -0.388100
1305031450.094500 1.216900 -0.004000 1.687100 0.785100 0.450000 -0.177600 -0.386700
1305031450.104600 1.216200 -0.003300 1.686500 0.784700 0.451300 -0.178200 -0.385700
1305031450.114500 1.215400 -0.002300 1.686000 0.784100 0.452900 -0.179100 -0.384700
1305031450.124600 1.214500 -0.001500 1.685400 0.783400 0.454900 -0.180100 -0.383400
1305031450.134500 1.213900 -0.000600 1.684800 0.782500 0.457000 -0.181100 -0.382100
1305031450.144500 1.213200 0.000300 1.684100 0.781400 0.459200 -0.182500 -0.381100
1305031450.154500 1.212500 0.001300 1.683500 0.780400 0.461100 -0.184200 -0.380000
1305031450.164600 1.211900 0.002400 1.682800 0.779500 0.463700 -0.185600 -0.378100
1305031450.174500 1.211200 0.003500 1.682200 0.778100 0.466000 -0.187600 -0.377100
1305031450.184600 1.210600 0.004600 1.681500 0.777000 0.468100 -0.189700 -0.375700
1305031450.194600 1.210200 0.005800 1.680800 0.776000 0.470600 -0.191600 -0.373600
1305031450.204500 1.209600 0.007100 1.680000 0.774900 0.472500 -0.194400 -0.372200
1305031450.214600 1.209200 0.008600 1.679300 0.773500 0.474500 -0.197100 -0.371000
1305031450.224600 1.209000 0.009900 1.678600 0.772800 0.476500 -0.199600 -0.368600
1305031450.234600 1.208600 0.011400 1.677900 0.771400 0.478600 -0.202700 -0.367100
1305031450.244500 1.208200 0.013000 1.677000 0.769800 0.480700 -0.205900 -0.366000
1305031450.254500 1.207900 0.014500 1.676200 0.768300 0.483400 -0.208400 -0.364100
1305031450.264500 1.207600 0.016300 1.675500 0.765900 0.486100 -0.211500 -0.363800
1305031450.274500 1.207400 0.018000 1.674600 0.763600 0.489400 -0.214300 -0.362600
1305031450.284500 1.207200 0.019800 1.673800 0.761200 0.493100 -0.216900 -0.361100
1305031450.294500 1.206900 0.021800 1.672800 0.758300 0.497000 -0.220000 -0.359900
1305031450.304600 1.206900 0.023400 1.671800 0.754800 0.500300 -0.223600 -0.360500
1305031450.314500 1.206800 0.025300 1.670800 0.752200 0.504300 -0.226900 -0.358500
1305031450.324500 1.207000 0.027300 1.670000 0.749900 0.508000 -0.229200 -0.356400
1305031450.334500 1.206700 0.029500 1.668700 0.746900 0.511600 -0.233300 -0.354800
1305031450.344500 1.206900 0.031700 1.667700 0.744500 0.515700 -0.236200 -0.352100
1305031450.354500 1.207000 0.034100 1.666500 0.742300 0.518700 -0.239500 -0.350100
1305031450.364600 1.207100 0.036500 1.665000 0.740300 0.522000 -0.242900 -0.347100
1305031450.374500 1.207400 0.039300 1.663600 0.739000 0.525000 -0.244700 -0.344200
1305031450.384500 1.208000 0.042100 1.662000 0.738000 0.527900 -0.246500 -0.340400
1305031450.394500 1.208200 0.044900 1.660100 0.736600 0.530300 -0.249100 -0.337900
1305031450.404500 1.208500 0.047800 1.658600 0.735300 0.533900 -0.249700 -0.334600
1305031450.414500 1.208700 0.050900 1.656800 0.733200 0.536200 -0.252300 -0.333700
1305031450.424500 1.209300 0.054000 1.655300 0.731700 0.539600 -0.252600 -0.331100
1305031450.434500 1.209600 0.057000 1.653500 0.729800 0.542300 -0.254200 -0.329700
1305031450.444500 1.210100 0.060400 1.651800 0.727600 0.544900 -0.255700 -0.329200
1305031450.454500 1.210800 0.063500 1.650100 0.726100 0.547300 -0.256800 -0.327500
1305031450.464500 1.211100 0.066900 1.648400 0.724300 0.549300 -0.258400 -0.327000
1305031450.474500 1.211900 0.070500 1.646700 0.723000 0.551400 -0.259000 -0.325800
1305031450.484500 1.212600 0.074000 1.644800 0.721900 0.552200 -0.260300 -0.325800
1305031450.494600 1.213400 0.077800 1.643100 0.721200 0.553800 -0.260400 -0.324600
1305031450.504600 1.214100 0.081700 1.641000 0.720500 0.555000 -0.260600 -0.324100
1305031450.514500 1.215100 0.085600 1.639100 0.720000 0.555900 -0.260300 -0.323800
1305031450.524400 1.215900 0.089500 1.637000 0.719300 0.557000 -0.259800 -0.323800
1305031450.534500 1.216700 0.093300 1.634900 0.718200 0.557800 -0.259800 -0.324700
1305031450.544500 1.217700 0.097600 1.632800 0.716900 0.558500 -0.260100 -0.326300
1305031450.554500 1.218700 0.101600 1.631000 0.716000 0.559300 -0.259200 -0.327600
1305031450.564500 1.219500 0.105500 1.628900 0.714100 0.560400 -0.260000 -0.329200
1305031450.574500 1.220600 0.109400 1.626700 0.712500 0.561100 -0.260300 -0.331300
1305031450.584500 1.221600 0.113300 1.624400 0.711000 0.562200 -0.260800 -0.332100
1305031450.594600 1.222800 0.117400 1.622100 0.710200 0.563100 -0.260600 -0.332600
1305031450.604500 1.223900 0.121500 1.619500 0.709300 0.563300 -0.261300 -0.333700
1305031450.614500 1.225100 0.125500 1.617000 0.708600 0.564200 -0.261100 -0.333700
1305031450.624400 1.226100 0.129700 1.614300 0.708300 0.564100 -0.261700 -0.334100
1305031450.634500 1.227400 0.133900 1.611600 0.708100 0.564100 -0.261800 -0.334300
1305031450.644500 1.228600 0.137900 1.608800 0.708000 0.564100 -0.262500 -0.334200
1305031450.654500 1.229800 0.142200 1.606000 0.707900 0.564000 -0.263500 -0.333700
1305031450.664500 1.230900 0.146200 1.603000 0.707500 0.564200 -0.264700 -0.333300
1305031450.674500 1.231900 0.150300 1.600000 0.707200 0.564300 -0.266000 -0.332700
1305031450.684500 1.233000 0.154300 1.596900 0.707200 0.564500 -0.266700 -0.331700
1305031450.694600 1.234200 0.158500 1.593700 0.707700 0.564700 -0.267100 -0.330100
1305031450.704500 1.235200 0.162400 1.590400 0.707700 0.565400 -0.268000 -0.328200
1305031450.714500 1.236300 0.166400 1.587200 0.708200 0.565900 -0.267600 -0.326500
1305031450.724500 1.237300 0.170600 1.583800 0.708500 0.566300 -0.268200 -0.324700
1305031450.734500 1.238300 0.174500 1.580400 0.709100 0.566600 -0.268100 -0.322800
1305031450.744600 1.239200 0.178600 1.577000 0.709800 0.566400 -0.268000 -0.321800
1305031450.754600 1.240500 0.182700 1.573700 0.710800 0.566000 -0.267700 -0.320300
1305031450.764500 1.241400 0.186900 1.570500 0.711000 0.565600 -0.268400 -0.320300
1305031450.774600 1.242200 0.191000 1.567200 0.711000 0.564800 -0.269100 -0.320800
1305031450.784600 1.243100 0.195000 1.563900 0.711400 0.564400 -0.268900 -0.321000
1305031450.794500 1.244100 0.199100 1.560800 0.711800 0.564200 -0.268100 -0.321200
1305031450.804500 1.245000 0.203200 1.557500 0.712200 0.564000 -0.267100 -0.321500
1305031450.814600 1.245800 0.207200 1.554100 0.712300 0.563800 -0.266400 -0.322000
1305031450.824400 1.247000 0.211100 1.551000 0.713400 0.563900 -0.264100 -0.321300
1305031450.834500 1.247900 0.215100 1.547800 0.714300 0.563500 -0.262700 -0.321300
1305031450.844500 1.248800 0.219100 1.544600 0.715000 0.562700 -0.261500 -0.322200
1305031450.854600 1.249100 0.223000 1.541300 0.715000 0.561900 -0.261900 -0.323400
1305031450.864500 1.250200 0.226900 1.538300 0.716100 0.561400 -0.259700 -0.323400
1305031450.874500 1.251000 0.230700 1.535300 0.717100 0.561300 -0.257800 -0.323000
1305031450.884500 1.251500 0.234700 1.532200 0.716900 0.561400 -0.257000 -0.323900
1305031450.894500 1.252800 0.238500 1.529400 0.718500 0.561400 -0.253500 -0.323000
1305031450.904500 1.253000 0.242500 1.526400 0.717800 0.561900 -0.253500 -0.323800
1305031450.914600 1.254000 0.246300 1.523700 0.718400 0.562100 -0.251700 -0.323500
1305031450.924500 1.254500 0.250300 1.521000 0.717700 0.561500 -0.252400 -0.325500
1305031450.934400 1.255100 0.254300 1.518300 0.717600 0.560600 -0.253300 -0.326600
1305031450.944500 1.255900 0.258200 1.515900 0.717700 0.559100 -0.254100 -0.328300
1305031450.954500 1.256300 0.262200 1.513000 0.717300 0.557300 -0.256300 -0.330500
1305031450.964500 1.256600 0.266200 1.510300 0.717300 0.556000 -0.257700 -0.331500
1305031450.974500 1.257300 0.270000 1.507500 0.717800 0.555300 -0.258100 -0.331300
1305031450.984600 1.257500 0.273900 1.504600 0.717900 0.554400 -0.259300 -0.331700
1305031450.994600 1.257800 0.277700 1.501600 0.718000 0.554100 -0.260000 -0.331500
1305031451.004500 1.258000 0.281500 1.498500 0.718100 0.553300 -0.261400 -0.331400
1305031451.014600 1.258100 0.285200 1.495600 0.718200 0.552200 -0.263400 -0.331500
1305031451.024500 1.258700 0.288700 1.492700 0.719900 0.551200 -0.262700 -0.330000
1305031451.034500 1.258100 0.292300 1.489500 0.718600 0.549200 -0.267900 -0.332000
1305031451.044500 1.257900 0.296100 1.486100 0.718400 0.546500 -0.271400 -0.334000
1305031451.054600 1.258000 0.299400 1.483000 0.719700 0.545300 -0.272200 -0.332500
1305031451.064500 1.257500 0.303100 1.479400 0.719800 0.543000 -0.275200 -0.333600
1305031451.074600 1.257200 0.306300 1.476000 0.721100 0.542100 -0.275800 -0.331700
1305031451.084500 1.256600 0.309500 1.472200 0.721800 0.540600 -0.278000 -0.330900
1305031451.094500 1.255800 0.312800 1.468400 0.722500 0.539100 -0.280500 -0.329700
1305031451.104500 1.255000 0.316100 1.464500 0.723300 0.537200 -0.283100 -0.328700
1305031451.114500 1.254400 0.319300 1.460600 0.724900 0.535500 -0.284700 -0.326800
1305031451.124600 1.253300 0.322500 1.456500 0.726100 0.532800 -0.287400 -0.326000
1305031451.134500 1.252400 0.325500 1.452400 0.728100 0.531000 -0.288900 -0.323300
1305031451.144500 1.251600 0.328500 1.448400 0.729900 0.529200 -0.290000 -0.321200
1305031451.154600 1.250400 0.331300 1.444200 0.731100 0.527600 -0.292000 -0.319300
1305031451.164500 1.249300 0.334000 1.440200 0.732200 0.526700 -0.293700 -0.316700
1305031451.174500 1.248100 0.336500 1.436200 0.732700 0.526100 -0.296000 -0.314400
1305031451.184600 1.246800 0.338900 1.432200 0.732700 0.525300 -0.299200 -0.312700
1305031451.194600 1.245300 0.341400 1.428200 0.732700 0.524900 -0.302400 -0.310300
1305031451.204500 1.244100 0.343800 1.424200 0.732600 0.525600 -0.304300 -0.307200
1305031451.214500 1.242600 0.346100 1.419900 0.733300 0.525900 -0.305700 -0.303700
1305031451.224500 1.241300 0.348200 1.415800 0.734500 0.526900 -0.305900 -0.298900
1305031451.234500 1.239900 0.350500 1.411700 0.735600 0.527400 -0.306100 -0.295000
1305031451.244500 1.238400 0.352700 1.407500 0.736700 0.528400 -0.305700 -0.290900
1305031451.254500 1.237200 0.354900 1.403800 0.737400 0.529000 -0.305700 -0.287900
1305031451.264600 1.236100 0.357100 1.400200 0.738100 0.529800 -0.305000 -0.285500
1305031451.274600 1.234900 0.359300 1.396700 0.737800 0.530200 -0.306300 -0.284300
1305031451.284500 1.233500 0.361300 1.393400 0.737400 0.530400 -0.307300 -0.283700
1305031451.294500 1.232100 0.363500 1.390100 0.736700 0.531500 -0.308000 -0.282800
1305031451.304500 1.231000 0.365500 1.387000 0.735700 0.533300 -0.308300 -0.281600
1305031451.314500 1.229600 0.367600 1.383800 0.733900 0.535100 -0.309300 -0.281600
1305031451.324500 1.228300 0.369700 1.380900 0.732400 0.537800 -0.309700 -0.280000
1305031451.334500 1.227100 0.371700 1.377800 0.730900 0.541100 -0.309500 -0.277900
1305031451.344600 1.225700 0.373800 1.374900 0.729600 0.544100 -0.309100 -0.275800
1305031451.354500 1.224700 0.376100 1.372100 0.728200 0.547200 -0.309400 -0.273000
1305031451.364500 1.223500 0.378300 1.369400 0.727200 0.549800 -0.309500 -0.270500
1305031451.374500 1.222200 0.380700 1.366800 0.725300 0.552100 -0.310700 -0.269500
1305031451.384500 1.221300 0.383000 1.364400 0.723800 0.554900 -0.311400 -0.266900
1305031451.394600 1.220100 0.385600 1.362200 0.721500 0.557500 -0.312200 -0.266700
1305031451.404500 1.219100 0.388000 1.360200 0.719300 0.560200 -0.312600 -0.266600
1305031451.414500 1.218200 0.390700 1.358300 0.716300 0.564100 -0.312500 -0.266400
1305031451.424600 1.217300 0.393200 1.356700 0.713200 0.568700 -0.312200 -0.265500
1305031451.434500 1.216200 0.395900 1.355000 0.709200 0.573500 -0.312000 -0.266200
1305031451.444500 1.215400 0.398700 1.353700 0.705000 0.578600 -0.311300 -0.266900
1305031451.454500 1.214600 0.401500 1.352400 0.701000 0.584000 -0.310700 -0.266600
1305031451.464500 1.213700 0.404600 1.351300 0.696700 0.588900 -0.310900 -0.266800
1305031451.474500 1.212800 0.407700 1.350300 0.692400 0.593400 -0.311500 -0.267300
1305031451.484500 1.211900 0.411100 1.349400 0.689000 0.597500 -0.311700 -0.266700
1305031451.494500 1.211300 0.414500 1.348600 0.686500 0.601400 -0.311200 -0.264900
1305031451.504500 1.210600 0.418200 1.348000 0.683800 0.604700 -0.311800 -0.263600
1305031451.514600 1.209800 0.421900 1.347700 0.680800 0.607300 -0.313700 -0.263200
1305031451.524600 1.209000 0.425500 1.347600 0.677000 0.610100 -0.316400 -0.263400
1305031451.534600 1.207800 0.429200 1.347500 0.672200 0.613200 -0.320600 -0.263400
1305031451.544500 1.207300 0.432900 1.347800 0.668200 0.618000 -0.321600 -0.261000
1305031451.554500 1.206600 0.436800 1.348200 0.663700 0.622800 -0.323800 -0.258400
1305031451.564500 1.206000 0.440700 1.348600 0.659600 0.626800 -0.326100 -0.256300
1305031451.574500 1.205500 0.444700 1.349200 0.655700 0.630200 -0.328800 -0.254500
1305031451.584500 1.204900 0.449100 1.350000 0.652100 0.632500 -0.332400 -0.253400
1305031451.594500 1.204200 0.453600 1.350800 0.650000 0.634300 -0.334200 -0.251800
1305031451.604500 1.203500 0.458400 1.351600 0.647900 0.636200 -0.336000 -0.250000
1305031451.614500 1.203000 0.463300 1.352700 0.647200 0.637800 -0.336400 -0.247300
1305031451.624500 1.202300 0.468300 1.353700 0.647600 0.639200 -0.335700 -0.243600
1305031451.634500 1.201300 0.473300 1.354700 0.647600 0.639400 -0.336700 -0.241900
1305031451.644600 1.200500 0.478400 1.356000 0.647700 0.639700 -0.337300 -0.239900
1305031451.654500 1.199800 0.483600 1.357400 0.648200 0.639700 -0.337500 -0.238200
1305031451.664600 1.199000 0.488800 1.358900 0.648400 0.639600 -0.338200 -0.237200
1305031451.674500 1.198300 0.494000 1.360500 0.647700 0.639700 -0.339300 -0.236800
1305031451.684500 1.197600 0.499200 1.362400 0.646800 0.639700 -0.340700 -0.237200
1305031451.694600 1.197000 0.504500 1.364400 0.645800 0.640000 -0.341600 -0.238000
1305031451.704500 1.196000 0.509500 1.366200 0.643600 0.638500 -0.346400 -0.240900
1305031451.714500 1.195700 0.514700 1.368400 0.643300 0.639300 -0.345800 -0.240500
1305031451.724500 1.195100 0.519900 1.370600 0.642800 0.638200 -0.347900 -0.241900
1305031451.734500 1.194600 0.525100 1.372500 0.643300 0.637500 -0.348300 -0.241600
1305031451.744600 1.194300 0.530100 1.374800 0.643700 0.636800 -0.348800 -0.241800
1305031451.754500 1.193700 0.535300 1.377100 0.644600 0.635500 -0.348900 -0.242700
1305031451.764600 1.192600 0.540400 1.379400 0.644800 0.633500 -0.351000 -0.244300
1305031451.774600 1.192200 0.545300 1.381800 0.646200 0.631800 -0.351300 -0.244600
1305031451.784500 1.191800 0.550200 1.384300 0.647500 0.630300 -0.351400 -0.244900
1305031451.794500 1.191300 0.555000 1.386800 0.648500 0.628400 -0.352200 -0.246000
1305031451.804500 1.191000 0.559800 1.389400 0.650200 0.627000 -0.351900 -0.245600
1305031451.814500 1.190800 0.564200 1.391700 0.652100 0.624900 -0.352000 -0.245900
1305031451.824500 1.190600 0.568700 1.394500 0.653500 0.623100 -0.351900 -0.246700
1305031451.834500 1.190000 0.573300 1.397100 0.654500 0.620800 -0.352800 -0.248500
1305031451.844500 1.189600 0.577900 1.399900 0.655800 0.618500 -0.353300 -0.250200
1305031451.854600 1.189400 0.582200 1.403000 0.656700 0.616900 -0.353200 -0.252000
1305031451.864500 1.188900 0.586200 1.405700 0.657500 0.614800 -0.354100 -0.253500
1305031451.874600 1.188500 0.590300 1.408600 0.658300 0.613000 -0.354600 -0.255000
1305031451.884500 1.188300 0.594200 1.411500 0.659600 0.611800 -0.353600 -0.256000
1305031451.894600 1.187800 0.598100 1.414400 0.660800 0.610200 -0.352800 -0.258000
1305031451.904500 1.187500 0.601900 1.417400 0.662000 0.608600 -0.351800 -0.260100
1305031451.914500 1.187200 0.605400 1.420400 0.662900 0.607100 -0.350400 -0.263000
1305031451.924500 1.187100 0.608700 1.423600 0.663700 0.606500 -0.348400 -0.265100
1305031451.934500 1.186400 0.612300 1.426800 0.663900 0.604500 -0.348000 -0.269500
1305031451.944500 1.186000 0.615500 1.429800 0.665100 0.602700 -0.346700 -0.272300
1305031451.954500 1.185800 0.618700 1.432800 0.666900 0.601200 -0.344300 -0.274300
1305031451.964600 1.185500 0.622000 1.435700 0.668900 0.599700 -0.341600 -0.276200
1305031451.974500 1.186100 0.625100 1.438700 0.673100 0.597600 -0.336000 -0.277400
1305031451.984500 1.186000 0.628200 1.441500 0.676000 0.596200 -0.331800 -0.278500
1305031451.994400 1.185700 0.631500 1.444100 0.679300 0.595800 -0.326700 -0.277300
1305031452.004500 1.185000 0.634500 1.446800 0.682100 0.594000 -0.323700 -0.277700
1305031452.014500 1.184900 0.637700 1.449400 0.686800 0.591600 -0.318900 -0.276900
1305031452.024600 1.184600 0.640800 1.452100 0.691200 0.589700 -0.314100 -0.275200
1305031452.034500 1.184400 0.644100 1.454800 0.695100 0.588200 -0.310300 -0.273100
1305031452.044600 1.184700 0.647300 1.457400 0.700100 0.586400 -0.304900 -0.270300
1305031452.054500 1.184300 0.650700 1.460200 0.703600 0.585000 -0.301500 -0.268100
1305031452.064500 1.184100 0.654000 1.462800 0.706900 0.582400 -0.299600 -0.267000
1305031452.074500 1.183900 0.657400 1.465400 0.710500 0.579800 -0.297600 -0.265400
1305031452.084500 1.183700 0.660900 1.468100 0.713900 0.578000 -0.295200 -0.262900
1305031452.094500 1.184000 0.664400 1.471100 0.717100 0.575900 -0.293100 -0.261100
1305031452.104500 1.184000 0.668300 1.473800 0.719500 0.573200 -0.293100 -0.260600
1305031452.114400 1.184100 0.672000 1.476600 0.722000 0.570200 -0.293200 -0.260200
1305031452.124500 1.184200 0.675600 1.479500 0.724600 0.568100 -0.291800 -0.259000
1305031452.134500 1.184600 0.679400 1.482400 0.727300 0.565400 -0.290200 -0.259000
1305031452.144500 1.184600 0.683100 1.485300 0.729600 0.562000 -0.289900 -0.260500
1305031452.154500 1.185000 0.687000 1.488300 0.731600 0.559600 -0.288800 -0.261100
1305031452.164500 1.185500 0.690800 1.491200 0.733900 0.556900 -0.286900 -0.262500
1305031452.174500 1.185600 0.694800 1.494100 0.735400 0.554100 -0.286100 -0.265200
1305031452.184500 1.185900 0.698600 1.496900 0.736900 0.550900 -0.285300 -0.268500
1305031452.194500 1.186300 0.702700 1.499600 0.738200 0.549000 -0.283400 -0.271000
1305031452.204400 1.187000 0.706600 1.502400 0.740300 0.547000 -0.280300 -0.272200
1305031452.214500 1.187200 0.710600 1.504900 0.741700 0.545600 -0.277600 -0.274100
1305031452.224700 1.187900 0.714700 1.507500 0.742900 0.544300 -0.275200 -0.275800
1305031452.234500 1.188300 0.718400 1.510200 0.744700 0.542200 -0.272600 -0.277600
1305031452.244500 1.188800 0.722600 1.512900 0.746200 0.540700 -0.270200 -0.279000
1305031452.254500 1.189500 0.726500 1.515300 0.747600 0.539100 -0.268700 -0.279800
1305031452.264500 1.189700 0.730500 1.517500 0.748400 0.536700 -0.268300 -0.282400
1305031452.274500 1.189800 0.734500 1.519900 0.748800 0.536000 -0.268000 -0.283000
1305031452.284400 1.190200 0.738400 1.522300 0.749900 0.534700 -0.266900 -0.283900
1305031452.294500 1.190500 0.742100 1.524400 0.750100 0.534100 -0.266700 -0.284700
1305031452.304500 1.190600 0.745900 1.526400 0.750100 0.534100 -0.266100 -0.285200
1305031452.314500 1.191000 0.749500 1.528600 0.750400 0.534400 -0.264900 -0.284900
1305031452.324500 1.191100 0.753500 1.530600 0.750100 0.534600 -0.264300 -0.285700
1305031452.334500 1.191100 0.757100 1.532500 0.749500 0.535600 -0.264100 -0.285800
1305031452.344500 1.191200 0.760700 1.534600 0.749600 0.536600 -0.262600 -0.284800
1305031452.354500 1.191400 0.764600 1.536400 0.750200 0.536500 -0.261500 -0.284600
1305031452.364600 1.191600 0.768600 1.538200 0.750900 0.535700 -0.261200 -0.284700
1305031452.374600 1.191300 0.772900 1.539900 0.751300 0.534000 -0.261300 -0.286600
1305031452.384600 1.191900 0.777100 1.541700 0.753200 0.532700 -0.259000 -0.286200
1305031452.394500 1.192000 0.781400 1.543100 0.754900 0.530200 -0.258200 -0.286700
1305031452.404500 1.192100 0.786100 1.544600 0.757600 0.527200 -0.256600 -0.286900
1305031452.414500 1.191800 0.790900 1.545800 0.759900 0.523800 -0.255900 -0.287700
1305031452.424500 1.192100 0.795500 1.547100 0.763500 0.519100 -0.254500 -0.287800
1305031452.434500 1.192100 0.800100 1.547900 0.767500 0.513500 -0.253700 -0.288000
1305031452.444400 1.192100 0.805100 1.549100 0.770600 0.507900 -0.253500 -0.289900
1305031452.454500 1.192100 0.810300 1.550400 0.773900 0.502200 -0.252500 -0.291700
1305031452.464500 1.192600 0.814800 1.551400 0.777400 0.497000 -0.251400 -0.292400
1305031452.474500 1.192900 0.819400 1.552300 0.780500 0.492200 -0.250200 -0.293100
1305031452.484500 1.193500 0.823700 1.553100 0.783400 0.487600 -0.249300 -0.294100
1305031452.494500 1.194200 0.828200 1.554000 0.786500 0.483700 -0.246900 -0.294200
1305031452.504500 1.194600 0.832300 1.554600 0.788700 0.479800 -0.245500 -0.295800
1305031452.514500 1.195400 0.836500 1.555300 0.791400 0.475800 -0.243200 -0.297000
1305031452.524500 1.196100 0.840500 1.555900 0.793700 0.472400 -0.241200 -0.298000
1305031452.534500 1.197100 0.844600 1.556500 0.796100 0.468300 -0.239200 -0.299400
1305031452.544400 1.197900 0.848600 1.557000 0.799100 0.465200 -0.236100 -0.298800
1305031452.554500 1.198700 0.852600 1.557600 0.801000 0.461800 -0.234600 -0.300200
1305031452.564500 1.199800 0.856300 1.558000 0.803100 0.457700 -0.232900 -0.302300
1305031452.574400 1.199700 0.860300 1.558200 0.803000 0.453300 -0.233800 -0.308400
1305031452.584400 1.200400 0.863900 1.558400 0.804000 0.450100 -0.232900 -0.310900
1305031452.594500 1.201600 0.867000 1.558800 0.805900 0.447600 -0.230000 -0.312000
1305031452.604500 1.202400 0.870200 1.559000 0.807000 0.446200 -0.227400 -0.312900
1305031452.614400 1.203300 0.873400 1.559000 0.808100 0.445100 -0.225200 -0.313200
1305031452.624500 1.204200 0.876400 1.558900 0.809200 0.442600 -0.223200 -0.315300
1305031452.634500 1.205200 0.879400 1.558900 0.810800 0.440300 -0.220600 -0.316300
1305031452.644400 1.206100 0.882400 1.558700 0.811900 0.437800 -0.218900 -0.318300
1305031452.654500 1.206900 0.885300 1.558200 0.813400 0.434100 -0.217900 -0.320100
1305031452.664500 1.208000 0.888100 1.557800 0.815100 0.430900 -0.216500 -0.321100
1305031452.674500 1.208700 0.890700 1.557200 0.816800 0.428000 -0.215300 -0.321400
1305031452.684400 1.209700 0.893300 1.556400 0.818900 0.425100 -0.213800 -0.321000
1305031452.694500 1.210600 0.895800 1.555700 0.820700 0.421600 -0.212500 -0.321800
1305031452.704500 1.211600 0.898300 1.555000 0.822900 0.418000 -0.210500 -0.322200
1305031452.714500 1.212700 0.900600 1.554200 0.825200 0.414000 -0.208800 -0.322600
1305031452.724500 1.213600 0.903000 1.553300 0.827300 0.409500 -0.207800 -0.323600
1305031452.734500 1.214700 0.905100 1.552400 0.829500 0.404100 -0.207000 -0.325200
1305031452.744500 1.215700 0.907200 1.551500 0.832000 0.399300 -0.206100 -0.325400
1305031452.754500 1.216800 0.908900 1.550100 0.834500 0.393600 -0.206400 -0.325800
1305031452.764500 1.217900 0.910500 1.548900 0.837300 0.389100 -0.205700 -0.324500
1305031452.774500 1.218900 0.912100 1.547500 0.839400 0.384500 -0.205700 -0.324400
1305031452.784500 1.220000 0.913400 1.546100 0.842100 0.380500 -0.204900 -0.322600
1305031452.794600 1.221300 0.914500 1.544600 0.845400 0.376000 -0.203000 -0.320500
1305031452.804500 1.222300 0.915700 1.543300 0.847500 0.371000 -0.202600 -0.321100
1305031452.814500 1.223400 0.916800 1.541900 0.849500 0.365600 -0.202200 -0.322200
1305031452.824400 1.224800 0.917500 1.540800 0.852100 0.360300 -0.201600 -0.321700
1305031452.834500 1.226000 0.918100 1.539600 0.854400 0.355200 -0.200800 -0.321800
1305031452.844400 1.227100 0.918600 1.538100 0.855900 0.349000 -0.201600 -0.323900
1305031452.854500 1.228700 0.918500 1.537400 0.858400 0.343900 -0.200200 -0.323800
1305031452.864500 1.229800 0.918700 1.536200 0.859500 0.338800 -0.200700 -0.325900
1305031452.874500 1.231100 0.918500 1.535000 0.860900 0.334900 -0.200200 -0.326400
1305031452.884400 1.232500 0.918000 1.533800 0.863000 0.331000 -0.199400 -0.325500
1305031452.894500 1.233500 0.917700 1.532700 0.863900 0.328500 -0.199300 -0.325700
1305031452.904500 1.234800 0.917000 1.531600 0.865600 0.326400 -0.197800 -0.324200
1305031452.914500 1.236000 0.916400 1.530500 0.866600 0.325600 -0.196400 -0.323300
1305031452.924500 1.237000 0.915600 1.529500 0.867400 0.323900 -0.195200 -0.323300
1305031452.944500 1.238800 0.913700 1.527500 0.867700 0.322500 -0.194500 -0.324500
1305031452.954400 1.240100 0.912700 1.526700 0.868200 0.321800 -0.193300 -0.324500
1305031452.964500 1.241000 0.911400 1.525800 0.868200 0.321500 -0.192800 -0.325100
1305031452.974500 1.242000 0.910300 1.525200 0.867900 0.321600 -0.191700 -0.326600
1305031452.984500 1.242700 0.909200 1.524500 0.867200 0.321000 -0.191000 -0.329400
1305031452.994500 1.244000 0.907800 1.523800 0.867400 0.320200 -0.189600 -0.330300
1305031453.004500 1.245000 0.906800 1.523100 0.866900 0.318600 -0.188000 -0.334100
1305031453.014500 1.246400 0.905400 1.522600 0.867500 0.317200 -0.185300 -0.335300
1305031453.024500 1.247700 0.904000 1.522000 0.867900 0.315200 -0.182400 -0.337700
1305031453.034500 1.249200 0.902700 1.521500 0.868700 0.313000 -0.179300 -0.339400
1305031453.044500 1.250300 0.901700 1.520800 0.869000 0.310800 -0.176500 -0.342200
1305031453.054500 1.251600 0.900500 1.520200 0.869700 0.309000 -0.173400 -0.343700
1305031453.064600 1.253000 0.899100 1.519400 0.870300 0.306400 -0.170200 -0.346000
1305031453.074500 1.254300 0.897800 1.519000 0.871100 0.305200 -0.166600 -0.346800
1305031453.084500 1.255700 0.896600 1.518400 0.871500 0.303200 -0.163300 -0.349100
1305031453.094500 1.257200 0.895200 1.518100 0.872000 0.302000 -0.159700 -0.350500
1305031453.104400 1.258800 0.893700 1.517500 0.872400 0.299000 -0.156600 -0.353700
1305031453.114600 1.260200 0.892500 1.517200 0.872900 0.297600 -0.153000 -0.355100
1305031453.124400 1.261700 0.891400 1.516500 0.872600 0.295700 -0.150000 -0.358700
1305031453.134500 1.263000 0.889800 1.516200 0.873400 0.294200 -0.147100 -0.359100
1305031453.144400 1.264600 0.888500 1.515700 0.873500 0.292600 -0.144000 -0.361500
1305031453.154500 1.266100 0.887000 1.515300 0.874200 0.291600 -0.140700 -0.362000
1305031453.164500 1.267900 0.885300 1.514700 0.874800 0.290500 -0.137100 -0.362800
1305031453.175600 1.269300 0.883900 1.514400 0.874900 0.289300 -0.134300 -0.364400
1305031453.184500 1.270600 0.882700 1.514000 0.874500 0.287900 -0.131400 -0.367600
1305031453.194500 1.272300 0.881100 1.513800 0.874600 0.286400 -0.128100 -0.369600
1305031453.204500 1.274200 0.879500 1.513600 0.875200 0.285000 -0.124300 -0.370700
1305031453.214500 1.275700 0.878200 1.513400 0.875000 0.282800 -0.121700 -0.373600
1305031453.224500 1.277500 0.876700 1.513200 0.874800 0.281200 -0.119200 -0.376200
1305031453.234500 1.279400 0.874900 1.513300 0.875500 0.279800 -0.116200 -0.376500
1305031453.244500 1.281200 0.873500 1.513200 0.875700 0.277400 -0.113600 -0.378500
1305031453.254500 1.283000 0.872000 1.513300 0.876500 0.275700 -0.111300 -0.378600
1305031453.264500 1.285100 0.870200 1.513100 0.877200 0.273600 -0.109200 -0.379000
1305031453.274500 1.287100 0.868700 1.513400 0.878400 0.271200 -0.106400 -0.378900
1305031453.284500 1.289200 0.866900 1.513700 0.879100 0.268000 -0.104400 -0.380000
1305031453.294500 1.291600 0.865400 1.514000 0.879600 0.264700 -0.102600 -0.381700
1305031453.304500 1.294000 0.863700 1.514600 0.880100 0.261500 -0.101300 -0.383000
1305031453.314500 1.296400 0.862200 1.515200 0.880400 0.257600 -0.099500 -0.385700
1305031453.324500 1.298900 0.860700 1.515700 0.880200 0.254000 -0.097800 -0.388900
1305031453.334500 1.301300 0.858700 1.516600 0.880900 0.250100 -0.095900 -0.390200
1305031453.344500 1.303800 0.856700 1.517100 0.881700 0.246600 -0.094100 -0.391200
1305031453.354500 1.306300 0.854800 1.517500 0.882300 0.243100 -0.092300 -0.392400
1305031453.364500 1.308800 0.852800 1.518100 0.883700 0.239500 -0.091000 -0.391800
1305031453.374500 1.311200 0.850700 1.518600 0.885100 0.236200 -0.089800 -0.390900
1305031453.384500 1.313700 0.848600 1.519200 0.886200 0.232600 -0.089300 -0.390600
1305031453.394500 1.316100 0.846500 1.519800 0.886600 0.229300 -0.089400 -0.391700
1305031453.404400 1.319000 0.844600 1.520300 0.887100 0.225800 -0.089400 -0.392600
1305031453.414500 1.321200 0.841900 1.521200 0.888500 0.223200 -0.089600 -0.390800
1305031453.424500 1.323700 0.839900 1.521700 0.888300 0.219600 -0.090500 -0.393000
1305031453.434500 1.326300 0.837500 1.522600 0.888400 0.217100 -0.089900 -0.394300
1305031453.444500 1.329100 0.835000 1.523600 0.888900 0.213400 -0.089600 -0.395500
1305031453.454500 1.332000 0.832500 1.524400 0.889200 0.210600 -0.089000 -0.396300
1305031453.464500 1.334300 0.830100 1.525500 0.889200 0.207100 -0.089300 -0.398200
1305031453.474500 1.337000 0.827400 1.526500 0.889300 0.203700 -0.088500 -0.399800
1305031453.484500 1.339900 0.824600 1.527600 0.889900 0.200000 -0.087900 -0.400500
1305031453.494500 1.342700 0.821800 1.528500 0.889900 0.196700 -0.088000 -0.402000
1305031453.504500 1.345400 0.819000 1.529800 0.890000 0.193300 -0.087700 -0.403600
1305031453.514500 1.348000 0.815800 1.531100 0.890000 0.190600 -0.087900 -0.404800
1305031453.524500 1.350600 0.812900 1.532300 0.889000 0.187700 -0.088600 -0.408200
1305031453.534500 1.353100 0.809700 1.533500 0.888700 0.185200 -0.088800 -0.409900
1305031453.544500 1.355500 0.806300 1.534900 0.888600 0.182400 -0.089400 -0.411200
1305031453.554500 1.357900 0.802800 1.536200 0.888200 0.180400 -0.090000 -0.412900
1305031453.564400 1.360200 0.799300 1.537600 0.887500 0.178600 -0.090700 -0.414900
1305031453.574500 1.362700 0.795700 1.539100 0.886500 0.176300 -0.091500 -0.418000
1305031453.584500 1.365000 0.791900 1.540500 0.886300 0.175100 -0.091400 -0.418800
1305031453.594500 1.367100 0.788200 1.542000 0.885800 0.173300 -0.091900 -0.420500
1305031453.604900 1.369300 0.784300 1.543500 0.885300 0.171700 -0.092200 -0.422200
1305031453.614500 1.371200 0.780500 1.544800 0.883800 0.169900 -0.093200 -0.425800
1305031453.624500 1.373100 0.776000 1.546200 0.884200 0.169200 -0.093300 -0.425200
1305031453.634500 1.374500 0.772100 1.547500 0.882600 0.168600 -0.094800 -0.428500
1305031453.644500 1.376200 0.768000 1.548800 0.881300 0.169000 -0.096200 -0.430800
1305031453.654500 1.377500 0.763100 1.550200 0.880500 0.170000 -0.097300 -0.431700
1305031453.664500 1.378800 0.758600 1.551400 0.879000 0.170900 -0.098600 -0.434200
1305031453.674500 1.380000 0.753800 1.552600 0.878100 0.172200 -0.099900 -0.435200
1305031453.684500 1.380900 0.749100 1.553700 0.876100 0.174100 -0.101700 -0.438000
1305031453.694400 1.382000 0.744200 1.555100 0.875100 0.175200 -0.103100 -0.439100
1305031453.704500 1.383000 0.739000 1.556200 0.874900 0.176500 -0.103800 -0.438800
1305031453.714500 1.383700 0.734200 1.557300 0.873400 0.178100 -0.105200 -0.440800
1305031453.724500 1.384200 0.729100 1.558200 0.872500 0.179900 -0.106400 -0.441700
1305031453.735200 1.384800 0.724200 1.559200 0.871000 0.182500 -0.107600 -0.443300
1305031453.744500 1.385000 0.719100 1.560200 0.869800 0.185100 -0.109400 -0.444100
1305031453.754500 1.385600 0.713600 1.561300 0.869400 0.188600 -0.110300 -0.443200
1305031453.764500 1.385600 0.708500 1.562300 0.867700 0.191700 -0.112400 -0.444600
1305031453.774500 1.385900 0.703500 1.563200 0.866100 0.195000 -0.114600 -0.445700
1305031453.784500 1.385900 0.698500 1.564100 0.864500 0.197500 -0.116700 -0.447200
1305031453.794500 1.385800 0.693500 1.565200 0.863200 0.200700 -0.118500 -0.447900
1305031453.804500 1.385800 0.688700 1.566000 0.861800 0.203100 -0.119700 -0.449100
1305031453.814500 1.385500 0.683600 1.567000 0.861400 0.205600 -0.120900 -0.448400
1305031453.824500 1.385300 0.678600 1.567700 0.860200 0.207400 -0.121800 -0.449600
1305031453.834500 1.384600 0.673900 1.568500 0.858800 0.210600 -0.123800 -0.450300
1305031453.844500 1.384100 0.669100 1.569400 0.857400 0.213700 -0.126000 -0.451000
1305031453.854400 1.383100 0.664300 1.570100 0.856300 0.217100 -0.128400 -0.450700
1305031453.864400 1.382300 0.659500 1.570800 0.855300 0.220900 -0.131300 -0.449900
1305031453.874500 1.381400 0.654900 1.571700 0.854400 0.224500 -0.134400 -0.449000
1305031453.884400 1.380700 0.650400 1.572400 0.853600 0.228700 -0.137800 -0.447400
1305031453.894400 1.379400 0.645900 1.573100 0.852600 0.232300 -0.141000 -0.446400
1305031453.904400 1.378100 0.641600 1.573700 0.851500 0.235700 -0.144900 -0.445300
1305031453.914500 1.376900 0.637300 1.574400 0.851300 0.239100 -0.148700 -0.442800
1305031453.924500 1.375600 0.632900 1.575100 0.850900 0.242700 -0.152900 -0.440200
1305031453.934500 1.373800 0.628900 1.575500 0.849800 0.245600 -0.157600 -0.438900
1305031453.944500 1.372000 0.624600 1.576200 0.849100 0.248900 -0.161600 -0.437000
1305031453.954400 1.370300 0.620700 1.576900 0.848400 0.253200 -0.164500 -0.434900
1305031453.964500 1.368500 0.616800 1.577600 0.847400 0.257200 -0.166800 -0.433600
1305031453.974700 1.366600 0.612800 1.578300 0.846600 0.262100 -0.168500 -0.431500
1305031453.984500 1.364700 0.608900 1.578800 0.846000 0.266800 -0.169900 -0.429200
1305031453.994500 1.362000 0.605000 1.579600 0.844800 0.270900 -0.170500 -0.428800
1305031454.004500 1.360000 0.601400 1.580300 0.843400 0.274500 -0.172200 -0.428700
1305031454.014500 1.357900 0.597600 1.580900 0.841800 0.278000 -0.174500 -0.428600
1305031454.024600 1.355900 0.593900 1.581300 0.840000 0.281200 -0.176900 -0.428900
1305031454.034500 1.353600 0.590400 1.581800 0.837800 0.284600 -0.179600 -0.430000
1305031454.044500 1.351500 0.586800 1.582300 0.836900 0.288700 -0.181000 -0.428300
1305031454.054500 1.349100 0.583400 1.582600 0.834800 0.293100 -0.183200 -0.428500
1305031454.064500 1.346400 0.580200 1.582800 0.833000 0.296900 -0.184500 -0.428900
1305031454.074400 1.343600 0.577000 1.583100 0.830700 0.302300 -0.186300 -0.428800
1305031454.084500 1.341100 0.573700 1.583200 0.828700 0.307000 -0.187600 -0.428800
1305031454.094400 1.338200 0.570800 1.583300 0.827100 0.311500 -0.188500 -0.428200
1305031454.104400 1.335400 0.567600 1.583700 0.824600 0.316300 -0.189900 -0.428700
1305031454.114500 1.332600 0.564300 1.584000 0.822600 0.321100 -0.191300 -0.428600
1305031454.124500 1.330000 0.560800 1.584400 0.820700 0.326900 -0.193100 -0.427000
1305031454.134500 1.327100 0.557800 1.584700 0.817800 0.331900 -0.195800 -0.427400
1305031454.144500 1.324100 0.554700 1.584700 0.815200 0.336500 -0.198600 -0.427500
1305031454.154400 1.321100 0.551800 1.584800 0.813300 0.341400 -0.200300 -0.426400
1305031454.164500 1.318400 0.548800 1.584900 0.811900 0.346600 -0.202000 -0.424200
1305031454.174500 1.315300 0.546100 1.584800 0.809500 0.351200 -0.205100 -0.423500
1305031454.184400 1.312500 0.542900 1.584700 0.807900 0.356400 -0.207100 -0.421200
1305031454.194500 1.309700 0.540000 1.584800 0.805700 0.362200 -0.209600 -0.419200
1305031454.204500 1.306500 0.537200 1.584700 0.802900 0.367800 -0.212300 -0.418300
1305031454.214500 1.303600 0.534300 1.584700 0.799600 0.374200 -0.215200 -0.417500
1305031454.224500 1.300800 0.531400 1.584900 0.796700 0.380400 -0.216800 -0.416600
1305031454.234500 1.298100 0.528500 1.584900 0.793100 0.386400 -0.219200 -0.416600
1305031454.244500 1.295500 0.525700 1.585100 0.789000 0.392300 -0.221900 -0.417600
1305031454.254500 1.293300 0.522700 1.585000 0.786500 0.396800 -0.222700 -0.417600
1305031454.264500 1.290800 0.520100 1.585000 0.783700 0.401000 -0.224400 -0.417900
1305031454.274500 1.288500 0.517600 1.584900 0.781600 0.404700 -0.224900 -0.417900
1305031454.284500 1.286200 0.515200 1.584800 0.780200 0.408200 -0.225100 -0.417100
1305031454.294500 1.283900 0.512700 1.584300 0.779400 0.412300 -0.224500 -0.415000
1305031454.304500 1.281400 0.510300 1.584100 0.777900 0.416100 -0.224600 -0.413900
1305031454.314500 1.279000 0.507800 1.583800 0.775600 0.420600 -0.224900 -0.413400
1305031454.324600 1.276900 0.505200 1.583600 0.772600 0.426000 -0.225800 -0.413000
1305031454.334500 1.274600 0.502800 1.583400 0.768700 0.431400 -0.227400 -0.413900
1305031454.344500 1.272600 0.500300 1.583200 0.764800 0.436600 -0.229200 -0.414600
1305031454.354500 1.270700 0.497800 1.583200 0.761400 0.440900 -0.230700 -0.415500
1305031454.364500 1.268900 0.495500 1.582900 0.758100 0.444800 -0.232300 -0.416400
1305031454.374500 1.266900 0.493300 1.582500 0.755400 0.448000 -0.233800 -0.417200
1305031454.384500 1.264800 0.491000 1.581900 0.753100 0.450400 -0.235300 -0.417800
1305031454.394500 1.263500 0.488800 1.581800 0.751600 0.455400 -0.234200 -0.415800
1305031454.404600 1.261900 0.486600 1.581400 0.749300 0.459600 -0.234200 -0.415200
1305031454.414500 1.260000 0.484200 1.580900 0.746000 0.463800 -0.235900 -0.415700
1305031454.424500 1.258600 0.481800 1.580200 0.742600 0.469500 -0.237400 -0.414400
1305031454.434500 1.257100 0.479400 1.579700 0.738900 0.474900 -0.239300 -0.413800
1305031454.444500 1.255800 0.477100 1.579100 0.735000 0.479800 -0.241500 -0.413900
1305031454.454500 1.254400 0.475000 1.578400 0.731100 0.483900 -0.243500 -0.414700
1305031454.464500 1.253400 0.472600 1.577800 0.728500 0.487800 -0.243700 -0.414700
1305031454.474500 1.252300 0.470300 1.577000 0.726100 0.491600 -0.243200 -0.414600
1305031454.484500 1.251300 0.467900 1.576100 0.723300 0.495700 -0.242600 -0.415100
1305031454.494500 1.250700 0.465700 1.575300 0.720700 0.500200 -0.241300 -0.415000
1305031454.504500 1.249800 0.463200 1.574400 0.717300 0.505300 -0.240700 -0.415000
1305031454.514500 1.249200 0.460900 1.573300 0.713400 0.510000 -0.240800 -0.415900
1305031454.524500 1.248600 0.458600 1.572200 0.710900 0.514700 -0.240300 -0.414700
1305031454.534500 1.248300 0.456400 1.571000 0.708700 0.518800 -0.239900 -0.413600
1305031454.544500 1.248200 0.454200 1.570100 0.707300 0.522700 -0.238900 -0.411700
1305031454.554500 1.247800 0.452100 1.568700 0.705300 0.525800 -0.238900 -0.411000
1305031454.564500 1.247700 0.450000 1.567400 0.703100 0.530000 -0.238800 -0.409500
1305031454.574500 1.247800 0.447900 1.566300 0.700900 0.535300 -0.237700 -0.407000
1305031454.584500 1.247700 0.445900 1.565000 0.697600 0.540800 -0.237900 -0.405300
1305031454.594500 1.248100 0.443700 1.563600 0.694400 0.546500 -0.237900 -0.403100
1305031454.604500 1.248500 0.441700 1.562000 0.689800 0.551700 -0.239900 -0.402700
1305031454.614500 1.249200 0.439700 1.560500 0.686900 0.556400 -0.241100 -0.400600
1305031454.624600 1.249500 0.438000 1.559300 0.682500 0.561700 -0.243100 -0.399500
1305031454.634400 1.250300 0.436200 1.557900 0.680000 0.565700 -0.244800 -0.397100
1305031454.644500 1.250900 0.434800 1.556400 0.677400 0.568500 -0.247500 -0.395800
1305031454.654400 1.252100 0.433400 1.554800 0.676100 0.572000 -0.248800 -0.392100
1305031454.664500 1.252900 0.432200 1.553100 0.674400 0.574500 -0.251300 -0.389800
1305031454.674500 1.254100 0.430900 1.551500 0.673400 0.577600 -0.253000 -0.386000
1305031454.684500 1.255200 0.429600 1.549900 0.671500 0.580700 -0.255600 -0.382700
1305031454.694500 1.256500 0.428400 1.548200 0.669300 0.584200 -0.258400 -0.379500
1305031454.704500 1.257700 0.427200 1.546400 0.666300 0.587200 -0.262200 -0.377500
1305031454.714500 1.259600 0.426200 1.545000 0.664600 0.590700 -0.263300 -0.374200
1305031454.724500 1.261300 0.425100 1.543400 0.662800 0.593000 -0.266200 -0.371900
1305031454.734500 1.263000 0.424300 1.541900 0.661600 0.594200 -0.268900 -0.370100
1305031454.744500 1.264700 0.423600 1.540300 0.661200 0.594700 -0.271300 -0.368200
1305031454.754400 1.266500 0.422900 1.538700 0.661900 0.594100 -0.273400 -0.366500
1305031454.764500 1.268600 0.422400 1.537100 0.663600 0.593500 -0.273800 -0.363800
1305031454.774500 1.270400 0.421800 1.535300 0.664900 0.591700 -0.276300 -0.362600
1305031454.784500 1.272600 0.421100 1.533800 0.666700 0.590600 -0.276900 -0.360600
1305031454.794500 1.274500 0.420500 1.532200 0.668100 0.588600 -0.278800 -0.359800
1305031454.804600 1.276500 0.419800 1.530500 0.669300 0.587600 -0.280100 -0.358400
1305031454.814500 1.278700 0.419100 1.528800 0.670900 0.586100 -0.280800 -0.357100
1305031454.824500 1.280600 0.418200 1.527000 0.672100 0.584800 -0.282200 -0.356000
1305031454.834500 1.282800 0.417400 1.525400 0.674100 0.583400 -0.281900 -0.354500
1305031454.844500 1.284800 0.416500 1.523400 0.676400 0.581400 -0.282200 -0.353300
1305031454.854500 1.287000 0.415500 1.521800 0.678800 0.579400 -0.281900 -0.352200
1305031454.864500 1.289000 0.414500 1.519800 0.681200 0.577600 -0.281400 -0.351000
1305031454.874500 1.291000 0.413400 1.518100 0.683500 0.575500 -0.280700 -0.350500
1305031454.884400 1.292800 0.412100 1.516300 0.685800 0.573000 -0.280000 -0.350600
1305031454.894500 1.294600 0.410700 1.514500 0.688000 0.570700 -0.279300 -0.350600
1305031454.904500 1.296500 0.409100 1.512800 0.690200 0.568600 -0.278700 -0.350100
1305031454.914500 1.298200 0.407600 1.511000 0.692200 0.566500 -0.278000 -0.350300
1305031454.924500 1.300100 0.405900 1.509400 0.694800 0.564700 -0.275900 -0.349700
1305031454.934700 1.301600 0.404100 1.507500 0.696500 0.562600 -0.275700 -0.349800
1305031454.944500 1.303300 0.402200 1.505800 0.698500 0.560800 -0.274500 -0.349700
1305031454.954400 1.304800 0.400000 1.504100 0.700500 0.558900 -0.273700 -0.349400
1305031454.964400 1.306300 0.397800 1.502500 0.702100 0.556900 -0.273000 -0.349700
1305031454.975600 1.307700 0.395500 1.500900 0.704100 0.555100 -0.272100 -0.349400
1305031454.984500 1.308800 0.392900 1.499100 0.705400 0.552900 -0.272600 -0.349800
1305031454.994500 1.310400 0.390200 1.497800 0.707500 0.551700 -0.270900 -0.348900
1305031455.004400 1.311300 0.387600 1.496200 0.707700 0.550300 -0.272300 -0.349600
1305031455.014500 1.312200 0.384700 1.494600 0.708300 0.549400 -0.272400 -0.349800
1305031455.024800 1.313600 0.381600 1.493000 0.709300 0.548600 -0.272100 -0.349300
1305031455.034500 1.314400 0.378500 1.491500 0.710200 0.547900 -0.271400 -0.349100
1305031455.044500 1.315400 0.375200 1.490100 0.711700 0.547400 -0.269600 -0.348000
1305031455.054500 1.315600 0.372000 1.488300 0.711800 0.546300 -0.270300 -0.349100
1305031455.064500 1.316600 0.368400 1.487100 0.713700 0.545200 -0.267900 -0.348900
1305031455.074500 1.317000 0.364900 1.485600 0.714100 0.543900 -0.267300 -0.350500
1305031455.084500 1.317300 0.361300 1.484400 0.714400 0.543300 -0.266500 -0.351400
1305031455.094500 1.317000 0.357600 1.482800 0.713100 0.542600 -0.268100 -0.353900
1305031455.104500 1.317000 0.353900 1.481400 0.712900 0.541700 -0.267600 -0.355900
1305031455.114500 1.317200 0.350000 1.480200 0.713400 0.541300 -0.265900 -0.356900
1305031455.124600 1.317100 0.346100 1.478900 0.714000 0.540600 -0.264600 -0.357600
1305031455.134500 1.317000 0.342200 1.477600 0.715200 0.539800 -0.263300 -0.357500
1305031455.144500 1.316700 0.338300 1.476300 0.716400 0.538400 -0.261500 -0.358500
1305031455.154500 1.316100 0.334500 1.475000 0.717300 0.536700 -0.261200 -0.359500
1305031455.164500 1.315700 0.330400 1.473900 0.719100 0.535500 -0.259700 -0.358800
1305031455.174600 1.314800 0.326400 1.472400 0.719800 0.533700 -0.260000 -0.359700
1305031455.184500 1.314300 0.322400 1.471200 0.722100 0.532300 -0.258200 -0.358500
1305031455.194400 1.313300 0.318500 1.470000 0.723800 0.530500 -0.257800 -0.358100
1305031455.204500 1.312300 0.314500 1.468700 0.725500 0.528500 -0.257400 -0.357900
1305031455.214500 1.311100 0.310500 1.467600 0.727000 0.527000 -0.256600 -0.357700
1305031455.224500 1.310400 0.306500 1.466800 0.728600 0.525500 -0.255400 -0.357400
1305031455.234700 1.309000 0.302500 1.465600 0.729000 0.523200 -0.256500 -0.359200
1305031455.244500 1.308400 0.298700 1.465100 0.730900 0.521700 -0.254100 -0.359200
1305031455.254500 1.306900 0.294800 1.464000 0.732400 0.520200 -0.253600 -0.358800
1305031455.264500 1.305500 0.291000 1.463000 0.734300 0.518700 -0.251900 -0.358100
1305031455.274500 1.304200 0.287300 1.462000 0.736800 0.516700 -0.250800 -0.356800
1305031455.284400 1.302500 0.283700 1.461000 0.739100 0.514600 -0.250000 -0.355500
1305031455.294500 1.301300 0.279500 1.459600 0.742700 0.510400 -0.249800 -0.354100
1305031455.304400 1.299700 0.275800 1.458800 0.745100 0.506900 -0.249800 -0.354200
1305031455.314500 1.298200 0.271900 1.458100 0.747600 0.504200 -0.249800 -0.352700
1305031455.324400 1.296600 0.267900 1.457400 0.750000 0.501200 -0.250200 -0.351700
1305031455.334400 1.294900 0.264000 1.456800 0.752000 0.498900 -0.250700 -0.350300
1305031455.344400 1.293100 0.260100 1.455900 0.753900 0.497100 -0.251000 -0.348700
1305031455.354400 1.291200 0.256200 1.455500 0.756600 0.495900 -0.249900 -0.345200
1305031455.364500 1.289600 0.252500 1.455100 0.759100 0.495100 -0.247800 -0.342300
1305031455.374600 1.288000 0.248400 1.454500 0.762300 0.493400 -0.245100 -0.339600
1305031455.384400 1.285900 0.244600 1.454000 0.765200 0.490400 -0.244000 -0.338400
1305031455.394500 1.284000 0.240900 1.453700 0.768100 0.487500 -0.242100 -0.337300
1305031455.404500 1.282300 0.236900 1.453600 0.771700 0.484500 -0.239700 -0.335100
1305031455.414500 1.280300 0.232900 1.453700 0.774800 0.480900 -0.238400 -0.334100
1305031455.424500 1.278500 0.228900 1.453900 0.777100 0.478100 -0.237400 -0.333400
1305031455.434400 1.276500 0.224700 1.454000 0.779800 0.475300 -0.236100 -0.332000
1305031455.444400 1.274600 0.220600 1.454500 0.782200 0.473100 -0.235000 -0.330300
1305031455.454500 1.272700 0.216300 1.455200 0.784500 0.470500 -0.233800 -0.329500
1305031455.464400 1.270700 0.212200 1.455800 0.785800 0.468100 -0.233700 -0.329800
1305031455.474500 1.268400 0.207900 1.456500 0.787800 0.465500 -0.233500 -0.328900
1305031455.484400 1.266200 0.203500 1.457100 0.789800 0.462900 -0.233200 -0.328100
1305031455.494500 1.263800 0.199200 1.457700 0.792300 0.459300 -0.232900 -0.327300
1305031455.505200 1.261400 0.194800 1.458600 0.794700 0.456000 -0.232600 -0.326200
1305031455.514500 1.258900 0.190200 1.459600 0.797600 0.452500 -0.232100 -0.324400
1305031455.524500 1.256300 0.185700 1.460700 0.799400 0.448500 -0.232600 -0.325000
1305031455.534400 1.253600 0.181000 1.462000 0.801400 0.445100 -0.233000 -0.324500
1305031455.544500 1.251000 0.176200 1.463300 0.803200 0.442200 -0.233800 -0.323500
1305031455.554500 1.248100 0.171400 1.464800 0.804600 0.438500 -0.235500 -0.323900
1305031455.564500 1.245100 0.166600 1.466300 0.806100 0.435000 -0.237600 -0.323400
1305031455.574400 1.242100 0.161400 1.467800 0.808000 0.431200 -0.239600 -0.322100
1305031455.584400 1.239500 0.156300 1.469700 0.810700 0.428600 -0.238900 -0.319200
1305031455.594500 1.236200 0.151300 1.471600 0.812500 0.424900 -0.240400 -0.318700
1305031455.604400 1.232900 0.146200 1.473400 0.815100 0.421000 -0.240700 -0.316900
1305031455.614500 1.229600 0.141200 1.475400 0.817800 0.417500 -0.240800 -0.314600
1305031455.624500 1.226200 0.136300 1.477500 0.819700 0.413900 -0.241100 -0.314200
1305031455.634500 1.222700 0.131100 1.479600 0.821400 0.410800 -0.241000 -0.313700
1305031455.644400 1.219300 0.126200 1.481900 0.822600 0.408100 -0.240600 -0.314600
1305031455.654400 1.215600 0.121300 1.484400 0.822700 0.405600 -0.241300 -0.316900
1305031455.664400 1.212300 0.116200 1.486900 0.822900 0.404600 -0.241000 -0.317800
1305031455.674400 1.208600 0.111200 1.489500 0.822700 0.403700 -0.240700 -0.319800
1305031455.684400 1.205100 0.106200 1.492100 0.822400 0.403100 -0.240600 -0.321300
1305031455.694400 1.201700 0.101100 1.494800 0.822600 0.403600 -0.239100 -0.321500
1305031455.704500 1.198400 0.096200 1.497600 0.822300 0.404100 -0.237900 -0.322600
1305031455.714500 1.194900 0.091300 1.500500 0.822000 0.404800 -0.236300 -0.323400
1305031455.724600 1.191400 0.086600 1.503500 0.821700 0.405500 -0.234500 -0.324600
1305031455.734400 1.188100 0.081800 1.506500 0.821700 0.405700 -0.232400 -0.325800
1305031455.744500 1.184800 0.077300 1.509700 0.821600 0.406600 -0.230100 -0.326700
1305031455.754400 1.181600 0.072800 1.512900 0.821700 0.406900 -0.228100 -0.327400
1305031455.764400 1.178100 0.068400 1.516100 0.822100 0.406300 -0.226000 -0.328600
1305031455.774400 1.174800 0.064100 1.519400 0.822700 0.406000 -0.223900 -0.329100
1305031455.784500 1.171400 0.060200 1.522700 0.821900 0.404900 -0.224000 -0.332200
1305031455.794500 1.168400 0.055900 1.526300 0.822400 0.403900 -0.222100 -0.333400
1305031455.804500 1.165300 0.051700 1.529800 0.822700 0.403300 -0.220900 -0.334300
1305031455.814400 1.162400 0.047700 1.533300 0.822500 0.402700 -0.220500 -0.335700
1305031455.824400 1.159600 0.043500 1.537000 0.822800 0.402400 -0.219200 -0.336200
1305031455.834400 1.156600 0.039600 1.540600 0.822400 0.402100 -0.218900 -0.337800
1305031455.844500 1.153700 0.035400 1.544000 0.822900 0.402200 -0.217500 -0.337300
1305031455.854400 1.150800 0.031600 1.547600 0.822800 0.402000 -0.217400 -0.337900
1305031455.864500 1.148400 0.027600 1.551300 0.823600 0.402500 -0.214800 -0.336800
1305031455.874500 1.145600 0.024000 1.554900 0.823100 0.401700 -0.214700 -0.339100
1305031455.884400 1.142800 0.020400 1.558300 0.823700 0.401900 -0.213300 -0.338300
1305031455.894400 1.139900 0.016600 1.561700 0.824000 0.401100 -0.212500 -0.339100
1305031455.904400 1.137300 0.013300 1.565100 0.824400 0.400800 -0.211100 -0.339400
1305031455.914500 1.134700 0.009700 1.568400 0.825300 0.400500 -0.209300 -0.338700
1305031455.924800 1.131700 0.006400 1.571500 0.825200 0.400200 -0.208600 -0.339800
1305031455.934400 1.129100 0.003000 1.574900 0.825600 0.400300 -0.206600 -0.339700
1305031455.944400 1.126400 -0.000400 1.578000 0.825800 0.400300 -0.205300 -0.340100
1305031455.954400 1.123700 -0.003800 1.581100 0.825900 0.400400 -0.203700 -0.340800
1305031455.964500 1.120700 -0.007000 1.584000 0.825700 0.400400 -0.202600 -0.341800
1305031455.974500 1.118100 -0.010200 1.587000 0.826400 0.401000 -0.199900 -0.341000
1305031455.984400 1.115200 -0.013400 1.589700 0.826800 0.400700 -0.198500 -0.341100
1305031455.994400 1.112500 -0.016400 1.592400 0.827300 0.401000 -0.196400 -0.341000
1305031456.004500 1.109600 -0.019500 1.595100 0.828200 0.400900 -0.193300 -0.340600
1305031456.014400 1.106700 -0.022500 1.597600 0.828600 0.401300 -0.191400 -0.340100
1305031456.024400 1.103800 -0.025300 1.600000 0.829400 0.401800 -0.188200 -0.339400
1305031456.034400 1.100900 -0.028300 1.602400 0.830500 0.403100 -0.184200 -0.337300
1305031456.044500 1.097800 -0.031300 1.604600 0.831200 0.404600 -0.180700 -0.335700
1305031456.054400 1.094900 -0.034000 1.607000 0.831800 0.406600 -0.177000 -0.333800
1305031456.064500 1.091700 -0.036800 1.609100 0.831900 0.408300 -0.174300 -0.332800
1305031456.074500 1.088800 -0.039400 1.611500 0.832400 0.410200 -0.171200 -0.331000
1305031456.084500 1.085800 -0.042200 1.613600 0.832900 0.411200 -0.168600 -0.329800
1305031456.094400 1.082600 -0.044700 1.615900 0.833100 0.411900 -0.166000 -0.329700
1305031456.105400 1.079500 -0.047100 1.617900 0.833500 0.411600 -0.164600 -0.329700
1305031456.114500 1.076300 -0.049500 1.619900 0.833700 0.411600 -0.163000 -0.330000
1305031456.124500 1.073100 -0.051700 1.622100 0.833800 0.411500 -0.161500 -0.330600
1305031456.134400 1.069900 -0.054000 1.624100 0.834200 0.411100 -0.159900 -0.331000
1305031456.144500 1.066600 -0.056100 1.626100 0.834700 0.410400 -0.158300 -0.331200
1305031456.154400 1.063500 -0.058200 1.628000 0.835600 0.409700 -0.156100 -0.330900
1305031456.164500 1.060000 -0.060100 1.629700 0.835700 0.408900 -0.154700 -0.332400
1305031456.174400 1.057000 -0.061900 1.631900 0.836200 0.407600 -0.152600 -0.333600
1305031456.184400 1.053800 -0.063800 1.633800 0.836600 0.406200 -0.150600 -0.335200
1305031456.194400 1.050500 -0.065400 1.635500 0.836500 0.404000 -0.149700 -0.338600
1305031456.204400 1.047200 -0.067000 1.637300 0.836800 0.402100 -0.147500 -0.341000
1305031456.214500 1.043700 -0.068300 1.638700 0.837100 0.399900 -0.145900 -0.343500
1305031456.224400 1.040400 -0.069800 1.640100 0.838500 0.398000 -0.143100 -0.343500
1305031456.234400 1.036900 -0.071300 1.641300 0.839700 0.395900 -0.140100 -0.344400
1305031456.244400 1.033500 -0.072600 1.642400 0.840900 0.394000 -0.136900 -0.344800
1305031456.254400 1.029700 -0.073800 1.643400 0.841900 0.392200 -0.134200 -0.345600
1305031456.264400 1.026200 -0.075000 1.644400 0.843100 0.390400 -0.130600 -0.346000
1305031456.274400 1.022600 -0.076000 1.645500 0.843800 0.388400 -0.128200 -0.347500
1305031456.284400 1.019000 -0.076900 1.646400 0.844600 0.385800 -0.125600 -0.349300
1305031456.294600 1.015400 -0.077900 1.647200 0.845100 0.383600 -0.123700 -0.351200
1305031456.304400 1.011700 -0.078900 1.648000 0.845800 0.380700 -0.122200 -0.353200
1305031456.314400 1.008000 -0.079900 1.648600 0.846900 0.377700 -0.120400 -0.354400
1305031456.324500 1.004200 -0.080900 1.649200 0.847800 0.374500 -0.118500 -0.356400
1305031456.334400 1.000400 -0.081700 1.649700 0.848600 0.371200 -0.116000 -0.358700
1305031456.344400 0.996400 -0.082200 1.649900 0.848600 0.367900 -0.115100 -0.362300
1305031456.354500 0.992500 -0.082900 1.650000 0.849400 0.364900 -0.112500 -0.364400
1305031456.364800 0.988400 -0.083600 1.650000 0.850300 0.362200 -0.109600 -0.365700
1305031456.374500 0.984600 -0.084300 1.649700 0.851700 0.359700 -0.105800 -0.366000
1305031456.384400 0.980700 -0.085000 1.649500 0.852700 0.357700 -0.102700 -0.366600
1305031456.394400 0.976700 -0.085600 1.649100 0.853400 0.355100 -0.100300 -0.368200
1305031456.404400 0.972700 -0.086300 1.648800 0.853900 0.352600 -0.097300 -0.370100
1305031456.414400 0.968500 -0.086800 1.648400 0.853800 0.349900 -0.095700 -0.373300
1305031456.424500 0.964200 -0.087500 1.647800 0.854100 0.347000 -0.094100 -0.375900
1305031456.434400 0.959900 -0.088200 1.647000 0.854600 0.343900 -0.092600 -0.378000
1305031456.444500 0.955500 -0.088800 1.645900 0.854900 0.341500 -0.091600 -0.379700
1305031456.454400 0.951200 -0.089500 1.644700 0.856000 0.339400 -0.090200 -0.379300
1305031456.464400 0.946700 -0.090100 1.643100 0.856900 0.337700 -0.089500 -0.379000
1305031456.474400 0.942200 -0.090900 1.641600 0.858600 0.336700 -0.088700 -0.376300
1305031456.484400 0.937700 -0.091600 1.639800 0.859900 0.335500 -0.088500 -0.374300
1305031456.494500 0.933000 -0.092200 1.637900 0.861200 0.333900 -0.088400 -0.372900
1305031456.504400 0.928300 -0.092700 1.635900 0.862600 0.333000 -0.088700 -0.370400
1305031456.514400 0.923500 -0.093300 1.634000 0.863600 0.331500 -0.089000 -0.369300
1305031456.524500 0.918900 -0.093800 1.631900 0.864600 0.330300 -0.089600 -0.368000
1305031456.534400 0.914200 -0.094300 1.629800 0.865900 0.328800 -0.089800 -0.366100
1305031456.544400 0.909500 -0.094900 1.627800 0.867100 0.327400 -0.089800 -0.364500
1305031456.554400 0.904800 -0.095500 1.625700 0.867700 0.326200 -0.089700 -0.364100
1305031456.564400 0.900100 -0.096100 1.623700 0.868300 0.324000 -0.089700 -0.364800
1305031456.574500 0.895300 -0.096500 1.621600 0.868500 0.321800 -0.089600 -0.366100
1305031456.584400 0.890800 -0.097200 1.619500 0.869400 0.319500 -0.088800 -0.366200
1305031456.594500 0.886000 -0.097600 1.617100 0.870200 0.317000 -0.088300 -0.366600
1305031456.604400 0.881400 -0.097900 1.614600 0.871700 0.314700 -0.086600 -0.365400
1305031456.614400 0.876800 -0.098400 1.611900 0.874100 0.312600 -0.084300 -0.362000
1305031456.624500 0.872200 -0.098800 1.609200 0.876900 0.310700 -0.081700 -0.357500
1305031456.634400 0.867700 -0.099000 1.606500 0.879800 0.308900 -0.079100 -0.352600
1305031456.644400 0.863300 -0.099300 1.603700 0.881800 0.307000 -0.076700 -0.349600
1305031456.654400 0.858900 -0.099800 1.601100 0.883800 0.304900 -0.074800 -0.347000
1305031456.664400 0.854700 -0.100200 1.598700 0.885300 0.302400 -0.073300 -0.345500
1305031456.674500 0.850200 -0.100500 1.596200 0.885800 0.299300 -0.073400 -0.346900
1305031456.684400 0.846100 -0.100800 1.593900 0.886200 0.296500 -0.073800 -0.348200
1305031456.694500 0.841800 -0.101200 1.591400 0.886600 0.293300 -0.074400 -0.349700
1305031456.704500 0.837900 -0.101400 1.589000 0.887600 0.290600 -0.074600 -0.349600
1305031456.714400 0.833500 -0.102100 1.586200 0.889000 0.288000 -0.075200 -0.348100
1305031456.724400 0.829700 -0.102400 1.583300 0.890700 0.285200 -0.075100 -0.345900
1305031456.734400 0.825500 -0.103000 1.580500 0.892500 0.283100 -0.075500 -0.342800
1305031456.744400 0.821500 -0.103400 1.577800 0.894200 0.281700 -0.075700 -0.339700
1305031456.754400 0.817400 -0.103800 1.575000 0.894800 0.280300 -0.077300 -0.338700
1305031456.764400 0.813200 -0.104200 1.572400 0.895200 0.279400 -0.079300 -0.338000
1305031456.774400 0.808900 -0.104700 1.569800 0.895100 0.277900 -0.082300 -0.338800
1305031456.784400 0.804700 -0.105300 1.567300 0.894800 0.276700 -0.085600 -0.339700
1305031456.794400 0.800800 -0.105600 1.564300 0.894400 0.275200 -0.088300 -0.341400
1305031456.804500 0.796400 -0.106000 1.561800 0.894700 0.273600 -0.090700 -0.341100
1305031456.814600 0.792200 -0.106500 1.559000 0.895500 0.271500 -0.092800 -0.340200
1305031456.824600 0.788200 -0.107000 1.556100 0.896900 0.269200 -0.093500 -0.338200
1305031456.834400 0.784100 -0.107400 1.553000 0.898400 0.266800 -0.093800 -0.336100
1305031456.844400 0.780300 -0.107900 1.550000 0.899800 0.264700 -0.093800 -0.333800
1305031456.854500 0.776200 -0.108400 1.546900 0.901100 0.262700 -0.093700 -0.331900
1305031456.864400 0.772100 -0.108900 1.544000 0.902100 0.260700 -0.092800 -0.331100
1305031456.874500 0.768100 -0.109500 1.541100 0.902800 0.258900 -0.092700 -0.330600
1305031456.884400 0.764100 -0.110100 1.538200 0.903300 0.257500 -0.092000 -0.330500
1305031456.894400 0.760200 -0.110800 1.535600 0.904000 0.255700 -0.091300 -0.330200
1305031456.904400 0.756300 -0.111400 1.533100 0.904100 0.253700 -0.090500 -0.331600
1305031456.914500 0.752400 -0.112100 1.530500 0.904000 0.251300 -0.090200 -0.334000
1305031456.924500 0.748300 -0.112800 1.527900 0.903900 0.248100 -0.089300 -0.336700
1305031456.934400 0.744700 -0.113600 1.525300 0.904500 0.245500 -0.088400 -0.337400
1305031456.944400 0.740800 -0.114500 1.522700 0.905200 0.242700 -0.087100 -0.338000
1305031456.954400 0.736900 -0.115500 1.519900 0.906300 0.240600 -0.085800 -0.336700
1305031456.964500 0.733200 -0.116500 1.517400 0.907500 0.238800 -0.083500 -0.335200
1305031456.974400 0.729200 -0.117700 1.514700 0.908700 0.237600 -0.082100 -0.333200
1305031456.984400 0.725800 -0.118800 1.512400 0.909900 0.237300 -0.080100 -0.330800
1305031456.994400 0.721700 -0.120200 1.510100 0.910700 0.236300 -0.078800 -0.329400
1305031457.004400 0.718000 -0.121800 1.508100 0.911700 0.236300 -0.077300 -0.327000
1305031457.014400 0.714400 -0.122900 1.506200 0.911700 0.234700 -0.076200 -0.328500
1305031457.024500 0.710700 -0.124300 1.504600 0.911900 0.232700 -0.075200 -0.329600
1305031457.034500 0.707100 -0.125700 1.503000 0.912400 0.230600 -0.074200 -0.329800
1305031457.044500 0.703400 -0.127200 1.501500 0.913100 0.227700 -0.073300 -0.330000
1305031457.054500 0.700100 -0.128800 1.500100 0.914400 0.225900 -0.071600 -0.328100
1305031457.064400 0.696600 -0.130500 1.498800 0.915800 0.223600 -0.070200 -0.326100
1305031457.074400 0.692900 -0.132200 1.497600 0.917100 0.221700 -0.068400 -0.324300
1305031457.084400 0.689600 -0.134100 1.496700 0.918600 0.220100 -0.066300 -0.321500
1305031457.094400 0.686300 -0.136000 1.495900 0.919700 0.218600 -0.064300 -0.319800
1305031457.104400 0.682800 -0.138000 1.495600 0.920700 0.216800 -0.062700 -0.318500
1305031457.114400 0.679500 -0.139800 1.495300 0.921100 0.215400 -0.061400 -0.318500
1305031457.124400 0.676100 -0.142000 1.495300 0.921600 0.213300 -0.059500 -0.318700
1305031457.134400 0.673000 -0.144100 1.495700 0.922000 0.211100 -0.058200 -0.319300
1305031457.144500 0.669600 -0.146200 1.496000 0.922300 0.208100 -0.056700 -0.320800
1305031457.154400 0.666300 -0.148500 1.496400 0.922700 0.205300 -0.055500 -0.321400
1305031457.164400 0.662900 -0.150700 1.497000 0.923300 0.202300 -0.054400 -0.321900
1305031457.174400 0.659600 -0.153100 1.497800 0.923800 0.199600 -0.052900 -0.322300
1305031457.184400 0.656200 -0.155800 1.498700 0.924000 0.196700 -0.052100 -0.323800
1305031457.194400 0.652700 -0.158100 1.499500 0.924300 0.194400 -0.050900 -0.324400
1305031457.204400 0.649600 -0.160700 1.500400 0.925200 0.191700 -0.048900 -0.323900
1305031457.214500 0.646000 -0.163400 1.501300 0.925900 0.189600 -0.047300 -0.323400
1305031457.224800 0.642500 -0.166200 1.502300 0.926700 0.187000 -0.045400 -0.322800
1305031457.234400 0.639000 -0.169100 1.503600 0.927500 0.184900 -0.043600 -0.321800
1305031457.244500 0.635600 -0.172000 1.505000 0.927900 0.182300 -0.042200 -0.322400
1305031457.254400 0.631900 -0.175000 1.506500 0.927700 0.180100 -0.041400 -0.324400
1305031457.264400 0.628300 -0.178000 1.508200 0.927200 0.177500 -0.040100 -0.327400
1305031457.274400 0.624600 -0.181200 1.509900 0.927000 0.174400 -0.039100 -0.329800
1305031457.284400 0.621100 -0.184300 1.511800 0.926700 0.171300 -0.038100 -0.332400
1305031457.294400 0.617300 -0.187700 1.513500 0.926700 0.167700 -0.036500 -0.334400
1305031457.304500 0.613700 -0.190600 1.515400 0.926100 0.164800 -0.035000 -0.337500
1305031457.314400 0.609900 -0.194000 1.517400 0.926600 0.161700 -0.032500 -0.337900
1305031457.324400 0.606300 -0.197400 1.519200 0.926900 0.159500 -0.030200 -0.338300
1305031457.334400 0.602600 -0.200700 1.521100 0.927400 0.156600 -0.027200 -0.338700
1305031457.344400 0.598900 -0.204000 1.523100 0.927800 0.154100 -0.024600 -0.339000
1305031457.354400 0.595300 -0.207300 1.525200 0.928000 0.151300 -0.022100 -0.339700
1305031457.364400 0.591600 -0.210500 1.527500 0.928500 0.148300 -0.019000 -0.339800
1305031457.374400 0.588100 -0.213800 1.529900 0.928600 0.144900 -0.016900 -0.341200
1305031457.384400 0.584300 -0.217000 1.532500 0.928200 0.141900 -0.014400 -0.343800
1305031457.394400 0.580600 -0.220000 1.535000 0.927500 0.137900 -0.013000 -0.347100
1305031457.404400 0.576900 -0.223100 1.537800 0.927300 0.134400 -0.011500 -0.349000
1305031457.414400 0.573100 -0.226400 1.540500 0.927800 0.131000 -0.010100 -0.349000
1305031457.424400 0.569400 -0.229500 1.543300 0.928100 0.128100 -0.008600 -0.349600
1305031457.434400 0.565700 -0.232600 1.546100 0.928200 0.125800 -0.007500 -0.350000
1305031457.444400 0.561800 -0.235700 1.549100 0.928500 0.123900 -0.007200 -0.350000
1305031457.454400 0.557900 -0.238700 1.552000 0.928700 0.122100 -0.006600 -0.350200
1305031457.464500 0.554300 -0.241800 1.555100 0.929200 0.120800 -0.006000 -0.349200
1305031457.474400 0.550100 -0.244700 1.558100 0.929000 0.119300 -0.006200 -0.350200
1305031457.484400 0.546200 -0.247700 1.561100 0.929200 0.117800 -0.005900 -0.350200
1305031457.494400 0.542400 -0.250600 1.564400 0.929000 0.116400 -0.005500 -0.351300
1305031457.504400 0.538400 -0.253600 1.567400 0.929000 0.114900 -0.005200 -0.351800
1305031457.514400 0.534500 -0.256400 1.570600 0.928700 0.113200 -0.004700 -0.353200
1305031457.524400 0.530600 -0.259500 1.573800 0.928500 0.111900 -0.003900 -0.353900
1305031457.534400 0.526700 -0.262400 1.576900 0.928100 0.110400 -0.003500 -0.355600
1305031457.544400 0.522900 -0.265300 1.580000 0.927800 0.108800 -0.002500 -0.357000
1305031457.554400 0.519100 -0.268300 1.582900 0.927700 0.106800 -0.001500 -0.357800
1305031457.564400 0.515100 -0.271000 1.585800 0.927200 0.104900 -0.000900 -0.359600
1305031457.574500 0.511500 -0.273900 1.588800 0.927100 0.103100 0.000600 -0.360300
1305031457.584400 0.507600 -0.276700 1.591600 0.927000 0.101400 0.001100 -0.361200
1305031457.594400 0.503700 -0.279600 1.594300 0.927100 0.100100 0.002100 -0.361300
1305031457.604400 0.499900 -0.281800 1.596900 0.927000 0.098600 0.002600 -0.361900
1305031457.614400 0.495800 -0.284600 1.599600 0.927500 0.097500 0.002800 -0.360900
1305031457.624400 0.491900 -0.286900 1.602400 0.927600 0.096800 0.003300 -0.360800
1305031457.634400 0.487700 -0.289200 1.604800 0.927200 0.095000 0.003500 -0.362300
1305031457.644400 0.483800 -0.291200 1.607600 0.926900 0.093800 0.003900 -0.363400
1305031457.654400 0.479800 -0.293400 1.610500 0.926900 0.092600 0.004100 -0.363800
1305031457.664400 0.475700 -0.295600 1.612900 0.927000 0.090800 0.004600 -0.363900
1305031457.674400 0.471600 -0.297600 1.615300 0.927600 0.089600 0.004200 -0.362700
1305031457.684400 0.467400 -0.299500 1.617800 0.928300 0.088400 0.004700 -0.361100
1305031457.694400 0.463100 -0.301600 1.620100 0.929000 0.087700 0.005200 -0.359400
1305031457.704600 0.458800 -0.303800 1.622700 0.929900 0.087600 0.006000 -0.357100
1305031457.714400 0.454500 -0.305600 1.625200 0.930000 0.087600 0.006500 -0.356900
1305031457.724500 0.450000 -0.307500 1.627900 0.929700 0.087500 0.007000 -0.357700
1305031457.734400 0.445600 -0.309400 1.630700 0.929500 0.087800 0.007900 -0.358300
1305031457.744400 0.441200 -0.311100 1.633200 0.928800 0.087600 0.008900 -0.360000
1305031457.754400 0.436900 -0.313000 1.636000 0.928400 0.087700 0.009800 -0.361000
1305031457.764400 0.432500 -0.314700 1.638600 0.928000 0.087700 0.010700 -0.362100
1305031457.774500 0.428000 -0.316600 1.641500 0.927700 0.087300 0.011300 -0.362700
1305031457.784400 0.423700 -0.318200 1.644400 0.926700 0.086800 0.012500 -0.365500
1305031457.794400 0.419400 -0.319700 1.647300 0.925300 0.086100 0.013800 -0.369000
1305031457.804400 0.414900 -0.321400 1.650300 0.924300 0.085000 0.014800 -0.371800
1305031457.814400 0.410600 -0.322900 1.653200 0.923100 0.083600 0.016300 -0.375000
1305031457.824400 0.406400 -0.324500 1.655900 0.922200 0.082500 0.018000 -0.377300
1305031457.834400 0.401900 -0.325600 1.658500 0.921300 0.081000 0.020100 -0.379700
1305031457.844400 0.397600 -0.326600 1.660900 0.920500 0.078700 0.022900 -0.382100
1305031457.854400 0.393300 -0.328000 1.663500 0.920700 0.077900 0.025200 -0.381700
1305031457.864400 0.388800 -0.329300 1.666100 0.920700 0.077100 0.027100 -0.381600
1305031457.874400 0.384500 -0.330000 1.668500 0.919500 0.075100 0.029700 -0.384600
1305031457.884400 0.379900 -0.331000 1.671000 0.918600 0.074400 0.031700 -0.386800
1305031457.894400 0.375400 -0.332000 1.673600 0.917200 0.073200 0.032700 -0.390300
1305031457.904400 0.371000 -0.332900 1.676300 0.915600 0.072400 0.033700 -0.394000
1305031457.914400 0.366500 -0.333700 1.678800 0.914200 0.071300 0.034200 -0.397500
1305031457.924400 0.362000 -0.334700 1.681200 0.913200 0.069800 0.034300 -0.400100
1305031457.934500 0.357400 -0.335100 1.683400 0.911700 0.068000 0.034100 -0.403800
1305031457.944500 0.352700 -0.336000 1.685400 0.911600 0.066100 0.033700 -0.404400
1305031457.954400 0.348000 -0.336500 1.687200 0.911300 0.064500 0.033300 -0.405300
1305031457.964400 0.343300 -0.336800 1.688800 0.910800 0.063100 0.033000 -0.406600
1305031457.974400 0.338400 -0.337300 1.690300 0.910700 0.062300 0.032800 -0.407100
1305031457.984400 0.333600 -0.337700 1.691700 0.910200 0.061500 0.032800 -0.408200
1305031457.994600 0.328900 -0.337900 1.693100 0.909800 0.061000 0.033100 -0.409100
1305031458.004400 0.323700 -0.337900 1.694200 0.908300 0.060300 0.033100 -0.412500
1305031458.014400 0.318800 -0.338000 1.695400 0.907600 0.059700 0.033800 -0.414300
1305031458.024800 0.313700 -0.337900 1.696400 0.906200 0.058700 0.034300 -0.417300
1305031458.034400 0.308700 -0.337800 1.697300 0.905100 0.057600 0.035300 -0.419700
1305031458.044400 0.303500 -0.337400 1.698000 0.903600 0.056100 0.036100 -0.423200
1305031458.054500 0.298300 -0.337000 1.698200 0.903100 0.054400 0.037100 -0.424400
1305031458.064400 0.293000 -0.336600 1.698400 0.902000 0.052600 0.038400 -0.426700
1305031458.074400 0.287500 -0.335800 1.698300 0.901700 0.051000 0.039100 -0.427600
1305031458.084400 0.282300 -0.335100 1.698100 0.902000 0.049700 0.040600 -0.426900
1305031458.094400 0.276800 -0.334200 1.697700 0.902300 0.048700 0.041900 -0.426400
1305031458.104400 0.271300 -0.333300 1.697100 0.903000 0.047400 0.043500 -0.424900
1305031458.114500 0.265600 -0.332200 1.696400 0.903000 0.046700 0.045000 -0.424800
1305031458.124500 0.260000 -0.331000 1.695700 0.903100 0.046100 0.046500 -0.424500
1305031458.134400 0.254200 -0.329600 1.695000 0.902600 0.045700 0.047600 -0.425500
1305031458.144400 0.248500 -0.328400 1.694300 0.902900 0.045400 0.048900 -0.424500
1305031458.154400 0.242500 -0.326900 1.693300 0.902600 0.044800 0.049700 -0.425300
1305031458.164700 0.236700 -0.325400 1.692500 0.901800 0.043400 0.050400 -0.427000
1305031458.174400 0.230600 -0.323600 1.691300 0.901800 0.041800 0.050400 -0.427300
1305031458.184400 0.224600 -0.321800 1.690100 0.901900 0.040700 0.050300 -0.427100
1305031458.194400 0.218400 -0.320000 1.688700 0.902300 0.039500 0.050000 -0.426400
1305031458.204400 0.212200 -0.318100 1.687300 0.903100 0.038700 0.049500 -0.424700
1305031458.214400 0.206000 -0.316100 1.685800 0.904400 0.038000 0.050000 -0.422000
1305031458.224400 0.199700 -0.314100 1.684200 0.905800 0.038300 0.049900 -0.419100
1305031458.234400 0.193400 -0.312000 1.682500 0.906700 0.038800 0.050200 -0.416900
1305031458.244400 0.187000 -0.310000 1.681100 0.907700 0.039500 0.050000 -0.414800
1305031458.254400 0.180600 -0.307800 1.679700 0.907800 0.040300 0.050400 -0.414300
1305031458.264600 0.174200 -0.305700 1.678500 0.907100 0.041200 0.050300 -0.415800
1305031458.274400 0.167600 -0.303400 1.677300 0.906100 0.041800 0.049500 -0.418200
1305031458.284400 0.161100 -0.301300 1.676000 0.904800 0.042300 0.048400 -0.420900
1305031458.294400 0.154600 -0.298800 1.674600 0.903400 0.042200 0.047100 -0.424100
1305031458.304400 0.148300 -0.296600 1.673000 0.903800 0.042500 0.045700 -0.423400
1305031458.314400 0.142000 -0.294400 1.671200 0.903800 0.042200 0.044300 -0.423500
1305031458.324600 0.135800 -0.292000 1.669400 0.903700 0.041800 0.042800 -0.423900
1305031458.334400 0.129500 -0.289700 1.667500 0.904000 0.041400 0.041400 -0.423500
1305031458.344400 0.123500 -0.287600 1.665600 0.904000 0.041400 0.040300 -0.423600
1305031458.354400 0.117500 -0.285300 1.663600 0.902800 0.041400 0.038700 -0.426200
1305031458.364400 0.111600 -0.282900 1.661600 0.901600 0.041100 0.037400 -0.429100
1305031458.375200 0.105900 -0.280300 1.659400 0.899600 0.040900 0.036500 -0.433200
1305031458.384400 0.100300 -0.278000 1.657000 0.898100 0.040100 0.035000 -0.436500
1305031458.394400 0.094900 -0.275600 1.654500 0.897200 0.038800 0.033700 -0.438500
1305031458.404400 0.089700 -0.273100 1.651700 0.896200 0.037100 0.032500 -0.440800
1305031458.414400 0.084800 -0.270400 1.648800 0.895500 0.035000 0.031700 -0.442600
1305031458.424400 0.080000 -0.268100 1.645500 0.895100 0.031400 0.030200 -0.443700
1305031458.434400 0.075300 -0.265500 1.642000 0.894000 0.027800 0.029100 -0.446300
1305031458.444400 0.070900 -0.263100 1.638500 0.893000 0.024300 0.028800 -0.448600
1305031458.454400 0.066700 -0.260500 1.634800 0.891300 0.021000 0.028900 -0.452100
1305031458.464400 0.062500 -0.258000 1.631200 0.889000 0.018100 0.029600 -0.456500
1305031458.474400 0.058300 -0.255500 1.627400 0.886700 0.016000 0.031000 -0.461100
1305031458.484400 0.054600 -0.253000 1.623400 0.883000 0.014400 0.033100 -0.468000
1305031458.494400 0.051000 -0.250600 1.619200 0.878800 0.013200 0.035300 -0.475700
1305031458.504400 0.047400 -0.248400 1.614800 0.875100 0.012400 0.037700 -0.482300
1305031458.514400 0.044000 -0.245900 1.610300 0.871400 0.011100 0.039600 -0.488900
1305031458.524400 0.040700 -0.243400 1.605500 0.868500 0.010500 0.041400 -0.493800
1305031458.534400 0.037700 -0.241400 1.600100 0.867100 0.008600 0.043200 -0.496100
1305031458.544400 0.034700 -0.238900 1.594600 0.865200 0.007100 0.045300 -0.499200
1305031458.554400 0.032000 -0.236600 1.589200 -0.863700 -0.006300 -0.047600 0.501600
1305031458.564400 0.029400 -0.233900 1.583800 -0.862500 -0.005700 -0.050200 0.503600
1305031458.574400 0.026700 -0.231200 1.578400 -0.860700 -0.005700 -0.052700 0.506400
1305031458.584400 0.024000 -0.228300 1.572900 -0.858700 -0.006600 -0.054700 0.509600
1305031458.594400 0.021800 -0.225600 1.567400 -0.857500 -0.007500 -0.056100 0.511300
1305031458.604400 0.019600 -0.222500 1.561900 -0.854600 -0.009000 -0.057200 0.516000
1305031458.614400 0.017400 -0.219400 1.556100 -0.853400 -0.010600 -0.057600 0.518000
1305031458.624400 0.015400 -0.216300 1.550200 -0.853200 -0.011900 -0.057800 0.518200
1305031458.634400 0.013500 -0.213000 1.544300 -0.853300 -0.012700 -0.058000 0.518000
1305031458.644400 0.011800 -0.210200 1.538300 -0.855000 -0.012900 -0.058300 0.515200
1305031458.654400 0.009900 -0.207200 1.532300 -0.856400 -0.013000 -0.057700 0.513000
1305031458.664400 0.008200 -0.204100 1.526500 -0.857000 -0.014500 -0.056400 0.512000
1305031458.675700 0.006600 -0.201100 1.520600 -0.857800 -0.016900 -0.053900 0.510800
1305031458.684400 0.004800 -0.198000 1.514900 -0.859000 -0.020200 -0.050200 0.509100
1305031458.694400 0.003500 -0.194900 1.509100 -0.860500 -0.025100 -0.046900 0.506700
1305031458.704400 0.002200 -0.192000 1.503500 -0.861700 -0.029600 -0.043100 0.504800
1305031458.714400 0.001000 -0.189100 1.498000 -0.862300 -0.034100 -0.040400 0.503600
1305031458.724400 -0.000100 -0.186100 1.492800 -0.862600 -0.038100 -0.037400 0.503000
1305031458.734400 -0.001100 -0.183100 1.487800 -0.861600 -0.042200 -0.034800 0.504600
1305031458.744400 -0.002000 -0.180200 1.483100 -0.861000 -0.046400 -0.031800 0.505500
1305031458.754400 -0.002800 -0.177000 1.478500 -0.859100 -0.050900 -0.029200 0.508400
1305031458.764400 -0.003600 -0.174200 1.474100 -0.858000 -0.056800 -0.025600 0.509900
1305031458.774600 -0.004300 -0.171700 1.469800 -0.858200 -0.062500 -0.021800 0.509100
1305031458.784400 -0.005100 -0.169200 1.465800 -0.858600 -0.068300 -0.017300 0.507800
1305031458.794400 -0.005900 -0.166500 1.461800 -0.859100 -0.072100 -0.014600 0.506400
1305031458.804500 -0.006800 -0.163600 1.457800 -0.859300 -0.075600 -0.012400 0.505700
1305031458.814400 -0.007700 -0.160900 1.454100 -0.860300 -0.078000 -0.010200 0.503700
1305031458.824400 -0.008700 -0.158100 1.450700 -0.861200 -0.079800 -0.009000 0.501900
1305031458.834300 -0.009600 -0.155400 1.447500 -0.862000 -0.080400 -0.007300 0.500400
1305031458.844400 -0.010700 -0.152900 1.444600 0.862400 0.080500 0.006000 -0.499800
1305031458.854400 -0.012300 -0.150800 1.441900 0.862500 0.081300 0.004700 -0.499500
1305031458.864400 -0.013800 -0.148400 1.439700 -0.861500 -0.082500 -0.004300 0.501100
1305031458.874400 -0.015600 -0.146600 1.437600 -0.859900 -0.084700 -0.004100 0.503400
1305031458.884400 -0.017400 -0.144600 1.435800 -0.858200 -0.086900 -0.005500 0.505900
1305031458.894400 -0.019800 -0.142500 1.434000 -0.856400 -0.088600 -0.006900 0.508600
1305031458.904400 -0.022100 -0.140900 1.432300 -0.856000 -0.088600 -0.009000 0.509200
1305031458.914400 -0.024600 -0.139200 1.430900 -0.856100 -0.087700 -0.010800 0.509200
1305031458.924400 -0.027100 -0.137200 1.429600 -0.856700 -0.084600 -0.012300 0.508700
1305031458.934400 -0.029900 -0.135500 1.428400 -0.858200 -0.080400 -0.013200 0.506800
1305031458.944400 -0.032900 -0.133400 1.427100 -0.859300 -0.075700 -0.013600 0.505700
1305031458.954400 -0.036300 -0.131600 1.426100 -0.861200 -0.071100 -0.014000 0.503100
1305031458.964400 -0.039900 -0.129900 1.425400 -0.862900 -0.066600 -0.015200 0.500800
1305031458.974400 -0.043800 -0.128200 1.424500 0.864300 0.063400 0.016500 -0.498700
1305031458.984400 -0.048000 -0.126400 1.424100 0.864300 0.061800 0.018100 -0.498800
1305031458.994300 -0.052600 -0.124700 1.423900 -0.863100 -0.061200 -0.019200 0.500900
1305031459.004400 -0.057500 -0.123000 1.423900 -0.862000 -0.061800 -0.019500 0.502700
1305031459.014400 -0.062500 -0.121100 1.423900 -0.860100 -0.062200 -0.019300 0.506000
1305031459.024400 -0.067800 -0.119200 1.423800 -0.858400 -0.062800 -0.018300 0.508800
1305031459.034400 -0.073300 -0.117500 1.423700 -0.857600 -0.062600 -0.016700 0.510200
1305031459.044500 -0.078900 -0.115800 1.423600 -0.857100 -0.061500 -0.014400 0.511300
1305031459.054400 -0.084600 -0.114000 1.423400 -0.856500 -0.059500 -0.011300 0.512500
1305031459.064400 -0.090300 -0.112000 1.423200 -0.855200 -0.057400 -0.007500 0.515000
1305031459.074400 -0.096400 -0.110400 1.423000 -0.854800 -0.055100 -0.002600 0.516100
1305031459.084400 -0.102700 -0.108500 1.422600 -0.853600 -0.053400 0.002700 0.518100
1305031459.094300 -0.109000 -0.106800 1.422400 -0.852500 -0.052900 0.008800 0.519900
1305031459.104400 -0.115700 -0.104800 1.421900 -0.850700 -0.052900 0.014900 0.522800
1305031459.114400 -0.122600 -0.103100 1.421600 -0.849100 -0.053600 0.021800 0.525100
1305031459.124400 -0.129200 -0.101400 1.421200 -0.848500 -0.056200 0.029200 0.525400
1305031459.134400 -0.135900 -0.100100 1.420600 -0.847900 -0.058100 0.036500 0.525600
1305031459.144400 -0.142800 -0.098200 1.419700 -0.846100 -0.060400 0.043400 0.527800
1305031459.154400 -0.149400 -0.096700 1.418700 -0.845400 -0.062900 0.050200 0.528000
1305031459.164400 -0.155900 -0.095100 1.417600 -0.844400 -0.064000 0.056800 0.528900
1305031459.174400 -0.162400 -0.093600 1.416400 -0.843500 -0.065500 0.062500 0.529400
1305031459.184400 -0.168600 -0.092000 1.415000 -0.842800 -0.065900 0.068000 0.529900
1305031459.194300 -0.174700 -0.090300 1.413400 -0.842400 -0.065500 0.073500 0.529900
1305031459.204400 -0.180500 -0.088800 1.411700 -0.842700 -0.064600 0.078200 0.528700
1305031459.214400 -0.186400 -0.087300 1.409800 -0.842400 -0.063000 0.082300 0.528800
1305031459.224400 -0.192000 -0.085700 1.407900 -0.842100 -0.060500 0.086700 0.528900
1305031459.234400 -0.197400 -0.084200 1.405600 -0.842200 -0.058400 0.090000 0.528400
1305031459.244400 -0.202600 -0.083200 1.403400 -0.843000 -0.056300 0.093500 0.526700
1305031459.254400 -0.207600 -0.082100 1.401000 -0.843300 -0.053400 0.095400 0.526200
1305031459.264400 -0.212400 -0.081000 1.398500 -0.843700 -0.050000 0.096100 0.525700
1305031459.274400 -0.217100 -0.079900 1.395900 -0.844500 -0.045100 0.095400 0.525100
1305031459.284400 -0.221500 -0.079200 1.393200 -0.845300 -0.039900 0.093600 0.524500
1305031459.294400 -0.225800 -0.078300 1.390600 -0.845700 -0.033700 0.090900 0.524800
1305031459.304400 -0.229900 -0.077900 1.387800 -0.846800 -0.027200 0.087900 0.523800
1305031459.314400 -0.233500 -0.077200 1.384900 -0.846900 -0.020300 0.084100 0.524700
1305031459.324400 -0.237300 -0.077100 1.382000 -0.847700 -0.013500 0.080600 0.524100
1305031459.334400 -0.241000 -0.077000 1.379100 -0.847600 -0.005200 0.076500 0.525100
1305031459.344400 -0.244300 -0.077200 1.376300 -0.847300 0.003000 0.072000 0.526100
1305031459.354400 -0.247700 -0.077200 1.373300 -0.845900 0.011400 0.068200 0.528900
1305031459.364400 -0.251000 -0.077400 1.370400 -0.845200 0.020400 0.064200 0.530200
1305031459.374400 -0.254300 -0.077800 1.367400 -0.844300 0.030800 0.060400 0.531600
1305031459.384400 -0.257000 -0.078100 1.363600 -0.842000 0.041000 0.056200 0.535000
1305031459.394400 -0.260300 -0.079100 1.359900 -0.844600 0.051900 0.052400 0.530300
1305031459.404400 -0.263300 -0.080100 1.356400 -0.847000 0.064700 0.048100 0.525400
1305031459.414400 -0.266100 -0.080900 1.352700 -0.848900 0.078800 0.042900 0.520900
1305031459.424400 -0.268800 -0.082000 1.349000 -0.850900 0.093700 0.036900 0.515600
1305031459.434400 -0.271400 -0.083000 1.345400 -0.848900 0.109600 0.030600 0.516100
1305031459.444400 -0.274300 -0.083900 1.341900 -0.848100 0.125600 0.023700 0.514200
1305031459.454300 -0.277200 -0.085200 1.338500 -0.845200 0.140700 0.018100 0.515300
1305031459.464400 -0.279900 -0.086800 1.335000 -0.840900 0.155600 0.012200 0.518200
1305031459.474400 -0.283300 -0.088400 1.331400 -0.839900 0.168200 0.009300 0.516000
1305031459.484700 -0.286500 -0.089700 1.327800 -0.837800 0.180600 0.006300 0.515200
1305031459.494400 -0.290000 -0.091400 1.324300 -0.837400 0.192700 0.005000 0.511500
1305031459.504500 -0.293400 -0.093000 1.320600 -0.836800 0.204400 0.003300 0.508000
1305031459.514400 -0.296900 -0.094600 1.317200 -0.837100 0.216500 0.001300 0.502400
1305031459.524500 -0.300400 -0.096000 1.313800 0.836500 -0.228200 0.001200 -0.498200
1305031459.534400 -0.304000 -0.097300 1.310600 0.835500 -0.238800 0.004600 -0.494900
1305031459.544400 -0.307600 -0.098600 1.307700 0.834100 -0.248500 0.006900 -0.492400
1305031459.554400 -0.311700 -0.099700 1.304900 0.832300 -0.256900 0.009300 -0.491200
1305031459.564400 -0.315700 -0.100800 1.302100 0.830500 -0.263800 0.010800 -0.490400
1305031459.574300 -0.320000 -0.101800 1.299400 0.828800 -0.270400 0.011800 -0.489800
1305031459.584300 -0.324800 -0.102900 1.296900 0.828000 -0.276200 0.011300 -0.487800
1305031459.594400 -0.329400 -0.103400 1.294600 0.826000 -0.282200 0.011600 -0.487900
1305031459.604400 -0.334400 -0.103700 1.292500 0.825100 -0.286800 0.011500 -0.486600
1305031459.614500 -0.339500 -0.104100 1.290600 0.825200 -0.290400 0.010700 -0.484300
1305031459.624400 -0.344600 -0.103900 1.288800 0.824500 -0.293200 0.011000 -0.483800
1305031459.634400 -0.349900 -0.103900 1.287400 0.824400 -0.294800 0.011900 -0.483100
1305031459.644400 -0.355100 -0.103500 1.286100 0.823900 -0.295800 0.013300 -0.483300
1305031459.654300 -0.360500 -0.103200 1.285200 0.823300 -0.297300 0.015900 -0.483300
1305031459.664400 -0.365700 -0.102700 1.284300 0.821800 -0.299600 0.019100 -0.484200
1305031459.674400 -0.371100 -0.102100 1.283700 0.821000 -0.302300 0.022300 -0.483800
1305031459.684400 -0.376700 -0.101700 1.283400 0.821500 -0.305500 0.025300 -0.480800
1305031459.694400 -0.382200 -0.101000 1.283200 0.821400 -0.308700 0.028300 -0.478700
1305031459.704400 -0.387900 -0.100300 1.283400 0.821500 -0.312000 0.031100 -0.476400
1305031459.714400 -0.393300 -0.099100 1.284000 0.821600 -0.314000 0.034000 -0.474500
1305031459.724400 -0.399000 -0.098100 1.284600 0.822000 -0.315400 0.036500 -0.472800
1305031459.734400 -0.404700 -0.096900 1.285600 0.822200 -0.315600 0.039100 -0.472100
1305031459.744400 -0.410500 -0.095700 1.286700 0.822000 -0.315400 0.041800 -0.472300
1305031459.754300 -0.415900 -0.094100 1.288100 0.820800 -0.315300 0.045100 -0.474100
1305031459.764400 -0.421600 -0.092600 1.289700 0.820700 -0.315100 0.047100 -0.474200
1305031459.774400 -0.427200 -0.090800 1.291200 0.820100 -0.314300 0.049300 -0.475600
1305031459.784400 -0.432900 -0.089100 1.292900 0.820500 -0.314300 0.050700 -0.474800
1305031459.794400 -0.438400 -0.087200 1.294400 0.820200 -0.314200 0.051900 -0.475200
1305031459.804400 -0.443900 -0.085200 1.296100 0.820600 -0.313500 0.052400 -0.474900
1305031459.814400 -0.449600 -0.083100 1.297600 0.820700 -0.313400 0.052900 -0.474900
1305031459.824400 -0.454900 -0.081100 1.299300 0.821500 -0.313000 0.053600 -0.473600
1305031459.834400 -0.460500 -0.078500 1.300800 0.822000 -0.312400 0.053100 -0.473100
1305031459.844400 -0.465600 -0.075700 1.302200 0.822000 -0.312400 0.054200 -0.473000
1305031459.854400 -0.470900 -0.073200 1.303500 0.823100 -0.312000 0.054200 -0.471400
1305031459.864400 -0.476100 -0.070300 1.305000 0.823800 -0.311900 0.054000 -0.470300
1305031459.874400 -0.481600 -0.067300 1.306100 0.824000 -0.312100 0.053800 -0.469800
1305031459.884300 -0.486600 -0.064600 1.307300 0.824600 -0.312700 0.052900 -0.468400
1305031459.894400 -0.491400 -0.062000 1.309000 0.826900 -0.312000 0.051200 -0.465100
1305031459.904400 -0.496200 -0.059000 1.310500 0.827300 -0.311900 0.050400 -0.464500
1305031459.914400 -0.501100 -0.056200 1.312100 0.827200 -0.312900 0.049900 -0.464000
1305031459.924400 -0.505900 -0.053200 1.313600 0.827200 -0.313200 0.049200 -0.463900
1305031459.934400 -0.510400 -0.050400 1.315300 0.827400 -0.313800 0.048400 -0.463300
1305031459.944400 -0.515200 -0.047100 1.317000 0.827100 -0.314800 0.048000 -0.463100
1305031459.954400 -0.519800 -0.044000 1.318700 0.827300 -0.315900 0.047400 -0.462100
1305031459.964300 -0.524400 -0.040700 1.320300 0.826700 -0.317200 0.047200 -0.462300
1305031459.974400 -0.528800 -0.037500 1.321900 0.827300 -0.318300 0.046300 -0.460600
1305031459.984400 -0.533300 -0.034200 1.323600 0.827400 -0.319700 0.046100 -0.459400
1305031459.994400 -0.537700 -0.030900 1.325400 0.828000 -0.320600 0.045700 -0.457800
1305031460.004500 -0.542100 -0.027600 1.327100 0.828000 -0.321900 0.045500 -0.456800
1305031460.014400 -0.546400 -0.024300 1.328700 0.827900 -0.323000 0.046100 -0.456100
1305031460.024400 -0.550600 -0.020900 1.330600 0.827800 -0.323700 0.046000 -0.455900
1305031460.034300 -0.554600 -0.017600 1.332400 0.827500 -0.324700 0.046600 -0.455800
1305031460.044400 -0.558400 -0.014100 1.334300 0.827500 -0.325000 0.046800 -0.455500
1305031460.054400 -0.562400 -0.010400 1.335900 0.826700 -0.325900 0.047200 -0.456200
1305031460.064400 -0.566000 -0.007000 1.337500 0.826700 -0.326700 0.047000 -0.455600
1305031460.074700 -0.569800 -0.003400 1.339100 0.826300 -0.327200 0.046300 -0.456200
1305031460.084400 -0.573300 0.000100 1.340700 0.826200 -0.328300 0.044600 -0.455700
1305031460.094400 -0.576900 0.003600 1.342400 0.825500 -0.329900 0.042100 -0.456000
1305031460.104300 -0.579900 0.007200 1.344000 0.825000 -0.331300 0.039300 -0.456100
1305031460.114400 -0.583300 0.010900 1.345800 0.824100 -0.333200 0.035000 -0.456800
1305031460.124400 -0.586100 0.014100 1.347500 0.823800 -0.334100 0.032000 -0.456900
1305031460.134300 -0.589500 0.018000 1.348900 0.822000 -0.336600 0.027700 -0.458600
1305031460.144400 -0.592300 0.021600 1.350600 0.820800 -0.337700 0.024800 -0.460100
1305031460.154300 -0.594900 0.024700 1.352500 0.820500 -0.339500 0.021200 -0.459500
1305031460.164300 -0.597400 0.028400 1.354000 0.819500 -0.340900 0.018600 -0.460300
1305031460.174400 -0.599900 0.031800 1.355600 0.819700 -0.342500 0.015400 -0.458900
1305031460.184300 -0.602200 0.035700 1.357000 0.819300 -0.343900 0.012600 -0.458600
1305031460.194300 -0.604600 0.039100 1.358500 0.819900 -0.345000 0.009700 -0.456800
1305031460.204400 -0.606900 0.042900 1.360000 0.820000 -0.346200 0.008200 -0.455700
1305031460.214400 -0.609000 0.046500 1.361800 0.819800 -0.347300 0.007500 -0.455300
1305031460.224400 -0.611100 0.049900 1.363300 0.819600 -0.348200 0.007500 -0.455000
1305031460.234300 -0.613000 0.053400 1.365100 0.818700 -0.349600 0.008800 -0.455400
1305031460.244400 -0.614800 0.056800 1.366700 0.817400 -0.350700 0.010600 -0.456900
1305031460.254400 -0.617100 0.060100 1.368100 0.815600 -0.353600 0.012600 -0.457800
1305031460.264400 -0.618900 0.063400 1.369800 0.814600 -0.354800 0.015400 -0.458600
1305031460.274600 -0.620700 0.066600 1.371500 0.814000 -0.356000 0.017700 -0.458700
1305031460.284400 -0.622100 0.069900 1.373100 0.813000 -0.356800 0.021000 -0.459600
1305031460.294300 -0.624000 0.073100 1.374600 0.813000 -0.358000 0.023300 -0.458600
1305031460.304300 -0.625400 0.076700 1.376400 0.811600 -0.359200 0.026300 -0.460000
1305031460.314400 -0.627100 0.079900 1.377900 0.811100 -0.360400 0.028600 -0.459700
1305031460.324400 -0.628500 0.083300 1.379700 0.811400 -0.362500 0.029900 -0.457500
1305031460.334400 -0.629900 0.086900 1.381300 0.810600 -0.364500 0.031700 -0.457200
1305031460.344400 -0.631300 0.090200 1.382700 0.810300 -0.366600 0.033400 -0.456000
1305031460.354400 -0.632700 0.094000 1.384100 0.809100 -0.368900 0.036000 -0.456100
1305031460.364400 -0.634000 0.097700 1.385400 0.808400 -0.371100 0.038100 -0.455400
1305031460.374400 -0.635400 0.101200 1.386900 0.807900 -0.373700 0.040700 -0.453900
1305031460.384800 -0.636700 0.104600 1.388200 0.808000 -0.375900 0.043200 -0.451500
1305031460.394400 -0.638000 0.108200 1.389600 0.807500 -0.378400 0.046100 -0.450100
1305031460.404400 -0.639200 0.111700 1.390900 0.806600 -0.380800 0.049100 -0.449400
1305031460.414400 -0.640300 0.115400 1.392200 0.805600 -0.383400 0.051700 -0.448800
1305031460.424400 -0.641400 0.118900 1.393500 0.804200 -0.386600 0.054300 -0.448100
1305031460.434300 -0.642500 0.122300 1.394500 0.803100 -0.389300 0.056400 -0.447600
1305031460.444400 -0.643600 0.125800 1.395700 0.802500 -0.391900 0.058900 -0.446100
1305031460.454300 -0.644600 0.129200 1.397100 0.801200 -0.395300 0.062000 -0.445000
1305031460.464400 -0.645600 0.132500 1.398300 0.799900 -0.398300 0.065700 -0.444000
1305031460.474900 -0.646400 0.136000 1.399400 0.798500 -0.401700 0.069500 -0.443000
1305031460.484400 -0.647400 0.139200 1.400600 0.798000 -0.405400 0.073100 -0.439900
1305031460.494700 -0.648400 0.142500 1.401600 0.797100 -0.409500 0.076500 -0.437300
1305031460.504400 -0.649600 0.145800 1.402700 0.796500 -0.414000 0.078900 -0.433600
1305031460.514400 -0.650600 0.149200 1.403600 0.795500 -0.418300 0.081300 -0.430900
1305031460.524400 -0.651800 0.152600 1.404600 0.794200 -0.422700 0.083400 -0.428400
1305031460.534300 -0.653200 0.155700 1.405600 0.793600 -0.426100 0.085600 -0.425800
1305031460.544400 -0.654400 0.159100 1.406600 0.792600 -0.429300 0.088100 -0.423900
1305031460.554300 -0.655800 0.162300 1.407400 0.792400 -0.431400 0.090900 -0.421600
1305031460.564300 -0.657200 0.165500 1.408300 0.792100 -0.432800 0.093800 -0.420100
1305031460.574900 -0.658500 0.168800 1.409200 0.791400 -0.434100 0.097200 -0.419300
1305031460.584300 -0.659900 0.172200 1.409900 0.790900 -0.434800 0.100700 -0.418700
1305031460.594300 -0.661400 0.175400 1.410800 0.790300 -0.436700 0.103100 -0.417300
1305031460.604300 -0.663000 0.178600 1.411600 0.789900 -0.438500 0.105400 -0.415600
1305031460.614400 -0.664500 0.181900 1.412400 0.789000 -0.440500 0.107600 -0.414600
1305031460.624400 -0.666000 0.185300 1.413200 0.788100 -0.442100 0.110200 -0.413900
1305031460.634300 -0.667500 0.188500 1.414000 0.787200 -0.443200 0.113200 -0.413500
1305031460.644400 -0.669100 0.191800 1.414800 0.786900 -0.444400 0.115400 -0.412300
1305031460.654400 -0.670700 0.195300 1.415600 0.786400 -0.445000 0.118100 -0.411700
1305031460.664500 -0.672200 0.199000 1.416300 0.785500 -0.445800 0.120800 -0.411800
1305031460.674500 -0.673800 0.202400 1.417000 0.785500 -0.447100 0.122300 -0.410000
1305031460.684300 -0.675500 0.205900 1.417700 0.785200 -0.448000 0.123800 -0.409200
1305031460.694300 -0.677200 0.209500 1.418300 0.784900 -0.449000 0.125000 -0.408200
1305031460.704400 -0.678900 0.213300 1.418800 0.784700 -0.449800 0.125900 -0.407500
1305031460.714400 -0.680800 0.217000 1.419500 0.785400 -0.450500 0.126500 -0.405100
1305031460.724400 -0.682600 0.220900 1.419900 0.786000 -0.450700 0.127400 -0.403600
1305031460.734300 -0.684300 0.224700 1.420600 0.786300 -0.451100 0.129100 -0.402000
1305031460.744400 -0.686000 0.228600 1.421100 0.786200 -0.451300 0.131200 -0.401200
1305031460.754300 -0.687600 0.232300 1.421700 0.786300 -0.451200 0.133200 -0.400500
1305031460.764400 -0.689000 0.236300 1.422300 0.785900 -0.451600 0.135600 -0.400000
1305031460.774400 -0.690400 0.240300 1.422900 0.785700 -0.452000 0.137400 -0.399300
1305031460.784300 -0.691900 0.244100 1.423500 0.785700 -0.452700 0.139200 -0.397900
1305031460.794400 -0.693200 0.248300 1.423900 0.785600 -0.452800 0.140600 -0.397600
1305031460.804400 -0.694700 0.252500 1.424400 0.786100 -0.452700 0.141600 -0.396400
1305031460.814400 -0.696100 0.256900 1.424900 0.786800 -0.452600 0.142400 -0.394900
1305031460.824300 -0.697300 0.261200 1.425400 0.787500 -0.452000 0.143400 -0.393600
1305031460.834300 -0.698600 0.265400 1.425800 0.788400 -0.451600 0.144700 -0.391800
1305031460.844400 -0.699800 0.269800 1.426400 0.788900 -0.451700 0.146300 -0.390000
1305031460.854300 -0.700700 0.274200 1.427000 0.789700 -0.451600 0.148100 -0.387900
1305031460.864400 -0.701900 0.278500 1.427600 0.790200 -0.451800 0.150100 -0.385900
1305031460.874300 -0.702700 0.282800 1.428100 0.790700 -0.451400 0.152300 -0.384400
1305031460.884400 -0.703400 0.287300 1.428600 0.791300 -0.451600 0.154900 -0.382000
1305031460.894400 -0.704000 0.291900 1.429200 0.791700 -0.451300 0.157000 -0.380600
1305031460.904300 -0.704700 0.296000 1.429800 0.793100 -0.451300 0.157800 -0.377300
1305031460.914400 -0.705000 0.300500 1.430300 0.793500 -0.451000 0.159300 -0.376300
1305031460.924400 -0.705300 0.304900 1.430900 0.793900 -0.451000 0.160400 -0.374900
1305031460.934400 -0.705800 0.309300 1.431600 0.794600 -0.451900 0.160300 -0.372400
1305031460.944400 -0.706000 0.313600 1.432200 0.794900 -0.452600 0.160200 -0.371000
1305031460.954300 -0.706300 0.317800 1.433000 0.795300 -0.453300 0.160200 -0.369200
1305031460.964400 -0.706300 0.321900 1.434000 0.795600 -0.453800 0.160500 -0.368000
1305031460.974500 -0.706400 0.326200 1.434800 0.795000 -0.454300 0.161500 -0.368200
1305031460.985100 -0.706200 0.330200 1.435800 0.794300 -0.454600 0.163000 -0.368700
1305031460.994400 -0.706100 0.334300 1.436800 0.793100 -0.455200 0.164700 -0.369600
1305031461.004400 -0.706000 0.338300 1.437700 0.792800 -0.455700 0.165300 -0.369300
1305031461.014400 -0.705800 0.342300 1.438500 0.792500 -0.456100 0.165900 -0.369500
1305031461.024400 -0.705600 0.346300 1.439400 0.792200 -0.456500 0.166000 -0.369300
1305031461.034300 -0.705500 0.350100 1.440300 0.791700 -0.457000 0.166300 -0.369800
1305031461.044400 -0.705300 0.354100 1.441100 0.791000 -0.457500 0.166700 -0.370500
1305031461.054300 -0.704800 0.357900 1.441900 0.790000 -0.457400 0.167600 -0.372400
1305031461.064300 -0.704700 0.362100 1.442700 0.789800 -0.458000 0.167300 -0.372200
1305031461.074800 -0.704500 0.366100 1.443300 0.790200 -0.457900 0.166700 -0.371700
1305031461.084300 -0.704100 0.370200 1.443800 0.790600 -0.457900 0.166100 -0.371100
1305031461.094300 -0.703900 0.374200 1.444300 0.791800 -0.457400 0.164900 -0.369500
1305031461.104300 -0.703700 0.378300 1.444800 0.792500 -0.457500 0.164700 -0.368200
1305031461.114400 -0.703200 0.382300 1.445300 0.792900 -0.456700 0.164900 -0.368100
1305031461.124300 -0.702800 0.386300 1.445800 0.793100 -0.456000 0.166100 -0.368000
1305031461.134300 -0.702300 0.390000 1.446400 0.793100 -0.455700 0.167000 -0.368000
1305031461.144400 -0.701900 0.393700 1.447200 0.793600 -0.455600 0.167000 -0.367100
1305031461.154300 -0.701400 0.397200 1.447800 0.793200 -0.455200 0.167800 -0.368000
1305031461.164300 -0.700900 0.400800 1.448400 0.793000 -0.454600 0.168300 -0.368900
1305031461.174300 -0.700400 0.404400 1.448900 0.792600 -0.453700 0.169400 -0.370600
1305031461.184300 -0.699900 0.407800 1.449300 0.792700 -0.452700 0.169900 -0.371300
1305031461.194300 -0.699500 0.411100 1.449700 0.793000 -0.451600 0.170200 -0.371700
1305031461.204300 -0.698800 0.414300 1.450100 0.792800 -0.450900 0.171300 -0.372700
1305031461.214300 -0.698400 0.417200 1.450200 0.793400 -0.450300 0.171600 -0.371800
1305031461.224600 -0.697700 0.420000 1.450400 0.793100 -0.449700 0.173000 -0.372500
1305031461.234300 -0.697300 0.422900 1.450500 0.793400 -0.449500 0.173300 -0.372100
1305031461.244300 -0.696900 0.425700 1.450700 0.793700 -0.449200 0.173100 -0.372000
1305031461.254300 -0.696500 0.428600 1.450700 0.793700 -0.448700 0.173300 -0.372500
1305031461.264400 -0.696100 0.431500 1.450500 0.793600 -0.446700 0.174800 -0.374300
1305031461.274300 -0.695400 0.434000 1.450500 0.793100 -0.445400 0.176100 -0.376200
1305031461.284300 -0.695100 0.436700 1.450300 0.793800 -0.443700 0.176700 -0.376500
1305031461.294300 -0.694600 0.439200 1.450100 0.794400 -0.442200 0.177500 -0.376800
1305031461.304400 -0.693700 0.442000 1.449800 0.794400 -0.441000 0.178400 -0.377500
1305031461.314400 -0.692800 0.445000 1.449500 0.794300 -0.439900 0.179900 -0.378400
1305031461.324400 -0.691900 0.447900 1.449200 0.794800 -0.439800 0.180400 -0.377300
1305031461.334300 -0.690800 0.450800 1.448800 0.794800 -0.438700 0.181900 -0.377800
1305031461.344400 -0.689300 0.453800 1.448300 0.794800 -0.438400 0.183900 -0.377200
1305031461.354300 -0.687900 0.456700 1.447800 0.795400 -0.437700 0.185800 -0.375800
1305031461.364300 -0.686400 0.459500 1.447300 0.796200 -0.437600 0.186900 -0.373800
1305031461.374300 -0.685100 0.462300 1.446700 0.797700 -0.437600 0.187200 -0.370400
1305031461.384300 -0.683700 0.465000 1.446100 0.798800 -0.437900 0.187500 -0.367500
1305031461.394300 -0.682300 0.467600 1.445700 0.799300 -0.437800 0.187500 -0.366500
1305031461.404300 -0.680800 0.470100 1.445300 0.800100 -0.437800 0.187100 -0.365000
1305031461.414400 -0.679300 0.472400 1.445200 0.799900 -0.437400 0.188000 -0.365300
1305031461.424500 -0.677600 0.474800 1.445100 0.799400 -0.436800 0.189300 -0.366400
1305031461.434300 -0.676000 0.476800 1.444800 0.799400 -0.436300 0.189700 -0.366900
1305031461.444400 -0.674600 0.478400 1.444800 0.800200 -0.436400 0.189500 -0.365100
1305031461.454300 -0.673100 0.480100 1.444600 0.800600 -0.437100 0.189500 -0.363300
1305031461.464400 -0.671600 0.481700 1.444300 0.801300 -0.438100 0.188600 -0.361000
1305031461.474300 -0.670100 0.482700 1.444100 0.802200 -0.438900 0.187600 -0.358700
1305031461.484300 -0.668800 0.483900 1.444100 0.802800 -0.439400 0.187200 -0.356900
1305031461.494300 -0.667400 0.484900 1.444200 0.802400 -0.439000 0.188000 -0.357900
1305031461.504300 -0.666100 0.485800 1.444600 0.801800 -0.438700 0.189000 -0.359000
1305031461.514400 -0.664700 0.486500 1.445000 0.801400 -0.437800 0.189500 -0.360900
1305031461.524300 -0.663300 0.486900 1.445400 0.800400 -0.437400 0.190300 -0.362900
1305031461.534300 -0.661900 0.487100 1.445900 0.800400 -0.437000 0.190300 -0.363500
1305031461.544300 -0.660500 0.487500 1.446000 0.799900 -0.436800 0.191000 -0.364500
1305031461.554400 -0.659400 0.487400 1.446300 0.800700 -0.436400 0.191300 -0.363100
1305031461.564400 -0.658200 0.487100 1.446500 0.801400 -0.436000 0.191900 -0.361700
1305031461.574300 -0.656800 0.486700 1.446900 0.800800 -0.435300 0.194700 -0.362500
1305031461.584300 -0.655300 0.486200 1.447200 0.800700 -0.434700 0.197200 -0.362000
1305031461.594400 -0.653500 0.485600 1.447400 0.799500 -0.434500 0.200200 -0.363100
1305031461.604300 -0.651900 0.485100 1.447500 0.799000 -0.434800 0.202300 -0.362700
1305031461.614300 -0.650200 0.484200 1.447700 0.798800 -0.435800 0.203600 -0.361400
1305031461.624600 -0.648500 0.483500 1.447900 0.798700 -0.436600 0.204600 -0.360100
1305031461.634300 -0.646900 0.482600 1.447700 0.798900 -0.436800 0.205700 -0.358500
1305031461.644300 -0.645000 0.481400 1.447600 0.799000 -0.436800 0.207300 -0.357700
1305031461.654300 -0.643000 0.480100 1.447400 0.798800 -0.436900 0.208100 -0.357300
1305031461.664400 -0.641200 0.478800 1.447100 0.798800 -0.437300 0.208800 -0.356500
1305031461.674400 -0.639200 0.477500 1.446700 0.798000 -0.438100 0.209700 -0.356700
1305031461.684400 -0.637200 0.475700 1.446500 0.797500 -0.439700 0.209800 -0.355900
1305031461.694300 -0.635400 0.473800 1.446000 0.797200 -0.442100 0.208900 -0.354100
1305031461.704400 -0.633400 0.472100 1.445300 0.796400 -0.444000 0.208400 -0.353900
1305031461.714400 -0.632000 0.470000 1.444800 0.796600 -0.446000 0.206800 -0.351800
1305031461.724400 -0.630200 0.467900 1.444000 0.796000 -0.447800 0.206400 -0.351100
1305031461.734300 -0.628600 0.465600 1.443400 0.795600 -0.448600 0.206300 -0.351100
1305031461.744300 -0.627200 0.463300 1.442600 0.794900 -0.449400 0.206200 -0.351600
1305031461.754300 -0.625600 0.461000 1.441900 0.794300 -0.450200 0.206700 -0.351700
1305031461.764400 -0.624200 0.458300 1.441000 0.793700 -0.451200 0.207000 -0.351500
1305031461.774300 -0.622700 0.455800 1.439700 0.793200 -0.452300 0.207400 -0.351100
1305031461.784400 -0.621600 0.452900 1.438600 0.793300 -0.454000 0.206900 -0.349000
1305031461.794300 -0.620300 0.449800 1.437300 0.793000 -0.455600 0.206500 -0.347600
1305031461.804300 -0.619000 0.446700 1.435800 0.792500 -0.457000 0.207300 -0.346500
1305031461.814400 -0.617700 0.443600 1.434500 0.791800 -0.458500 0.207600 -0.346000
1305031461.824300 -0.616500 0.439900 1.433000 0.790800 -0.460100 0.208300 -0.345700
1305031461.834300 -0.615400 0.436600 1.431500 0.789400 -0.461900 0.209300 -0.345900
1305031461.844300 -0.614000 0.433100 1.429900 0.788200 -0.463900 0.209700 -0.345800
1305031461.854300 -0.612700 0.429200 1.428100 0.787000 -0.466000 0.210000 -0.345500
1305031461.864400 -0.611400 0.425300 1.426200 0.785700 -0.468700 0.209900 -0.344900
1305031461.874300 -0.610300 0.421200 1.424100 0.785000 -0.471800 0.209100 -0.342800
1305031461.884300 -0.609000 0.417500 1.421900 0.783400 -0.475100 0.208400 -0.342200
1305031461.894300 -0.607900 0.413600 1.419700 0.782600 -0.478800 0.206700 -0.339800
1305031461.904300 -0.606800 0.409700 1.417200 0.782100 -0.481900 0.204800 -0.337900
1305031461.914400 -0.606200 0.406200 1.415000 0.781800 -0.484800 0.202500 -0.335700
1305031461.924400 -0.605400 0.402500 1.412600 0.781400 -0.487400 0.200600 -0.334000
1305031461.934300 -0.604700 0.398700 1.410200 0.781400 -0.488800 0.199300 -0.332900
1305031461.944300 -0.604100 0.394900 1.408000 0.780800 -0.489900 0.199500 -0.332600
1305031461.954300 -0.603600 0.391000 1.405900 0.780000 -0.491300 0.200900 -0.331400
1305031461.964400 -0.602900 0.387100 1.403700 0.779000 -0.492700 0.202800 -0.330500
1305031461.974300 -0.602200 0.383100 1.401400 0.777900 -0.494400 0.205000 -0.329200
1305031461.984300 -0.601800 0.379200 1.399200 0.777100 -0.497600 0.206000 -0.325700
1305031461.994300 -0.601300 0.375400 1.396700 0.776400 -0.500700 0.206200 -0.322400
1305031462.004300 -0.601000 0.371400 1.394200 0.776300 -0.503500 0.205300 -0.318700
1305031462.014300 -0.600700 0.367700 1.391600 0.776100 -0.506500 0.203900 -0.315500
1305031462.024300 -0.600400 0.364100 1.389300 0.776100 -0.508900 0.201600 -0.313000
1305031462.034300 -0.600100 0.360600 1.386800 0.775600 -0.511500 0.199500 -0.311500
1305031462.044300 -0.599900 0.357200 1.384400 0.775000 -0.513900 0.196800 -0.310600
1305031462.054300 -0.599900 0.353900 1.382100 0.774300 -0.516500 0.193800 -0.310100
1305031462.064400 -0.599900 0.350800 1.379900 0.773500 -0.519400 0.190400 -0.309400
1305031462.074300 -0.600100 0.347500 1.377800 0.772700 -0.522400 0.186500 -0.308600
1305031462.084300 -0.600100 0.344700 1.375700 0.771600 -0.524900 0.183800 -0.308800
1305031462.094300 -0.600400 0.341600 1.373600 0.770700 -0.527400 0.180900 -0.308300
1305031462.104300 -0.600800 0.338800 1.371700 0.770400 -0.529600 0.178100 -0.307100
1305031462.114300 -0.601400 0.335700 1.369800 0.769800 -0.531800 0.176000 -0.305900
1305031462.124300 -0.601800 0.332900 1.367700 0.769000 -0.533700 0.174800 -0.305400
1305031462.134300 -0.602500 0.330400 1.365700 0.768200 -0.536200 0.173100 -0.304100
1305031462.144300 -0.603300 0.327700 1.363900 0.767300 -0.538100 0.172100 -0.303400
1305031462.154300 -0.604300 0.325200 1.362100 0.767200 -0.539400 0.170300 -0.302400
1305031462.164300 -0.605300 0.322800 1.360500 0.767400 -0.540500 0.168700 -0.300900
1305031462.174300 -0.606000 0.320700 1.358600 0.766800 -0.541000 0.168900 -0.301400
1305031462.184300 -0.607200 0.318700 1.356800 0.767300 -0.540700 0.169300 -0.300200
1305031462.194300 -0.608200 0.316600 1.355000 0.767900 -0.540000 0.169700 -0.300000
1305031462.204300 -0.609600 0.314500 1.353200 0.768300 -0.540400 0.169700 -0.298200
1305031462.214300 -0.610700 0.312500 1.351300 0.768400 -0.540500 0.170500 -0.297300
1305031462.224300 -0.612100 0.310300 1.349400 0.768900 -0.540900 0.170500 -0.295200
1305031462.234300 -0.613200 0.308300 1.347500 0.769900 -0.541100 0.169600 -0.292800
1305031462.244300 -0.614700 0.306500 1.345500 0.770400 -0.540700 0.170400 -0.291800
1305031462.254300 -0.615800 0.304500 1.343600 0.771900 -0.539600 0.170100 -0.290000
1305031462.264300 -0.617100 0.303000 1.341700 0.772500 -0.539000 0.170500 -0.289200
1305031462.274300 -0.618800 0.300900 1.339700 0.774800 -0.537000 0.169700 -0.287200
1305031462.284400 -0.620300 0.299100 1.337600 0.776500 -0.535400 0.169600 -0.285600
1305031462.294300 -0.621700 0.297300 1.335400 0.777700 -0.533700 0.169600 -0.285600
1305031462.304400 -0.623600 0.295200 1.333500 0.780300 -0.532000 0.168400 -0.282500
1305031462.314300 -0.625100 0.293500 1.331200 0.781300 -0.530700 0.168800 -0.281800
1305031462.324300 -0.626700 0.291600 1.329200 0.782800 -0.529000 0.169400 -0.280500
1305031462.334300 -0.628400 0.289600 1.327100 0.784400 -0.527400 0.169600 -0.278900
1305031462.344300 -0.629900 0.287700 1.324900 0.786200 -0.525100 0.170500 -0.277600
1305031462.354300 -0.631800 0.285800 1.322600 0.788100 -0.522900 0.171200 -0.275800
1305031462.364400 -0.633400 0.283700 1.320400 0.790400 -0.520600 0.171200 -0.273700
1305031462.374400 -0.635000 0.281800 1.317900 0.792300 -0.518400 0.171200 -0.272400
1305031462.384300 -0.636800 0.280000 1.315400 0.794700 -0.516400 0.170100 -0.270000
1305031462.394400 -0.638800 0.278100 1.313100 0.796900 -0.514700 0.168700 -0.267700
1305031462.404300 -0.640600 0.276100 1.310600 0.798800 -0.512500 0.167800 -0.266400
1305031462.414300 -0.642600 0.273900 1.308300 0.801200 -0.510400 0.166500 -0.264400
1305031462.424300 -0.644800 0.271900 1.305900 0.803600 -0.508200 0.165500 -0.262000
1305031462.434300 -0.646900 0.269800 1.303700 0.805600 -0.505800 0.164500 -0.260900
1305031462.444300 -0.649000 0.267500 1.301300 0.807900 -0.503100 0.163100 -0.260100
1305031462.454300 -0.651400 0.265300 1.299300 0.810800 -0.500400 0.160700 -0.257700
1305031462.464400 -0.653400 0.263000 1.297000 0.813300 -0.497700 0.159300 -0.256000
1305031462.474400 -0.655700 0.260700 1.294800 0.815800 -0.494900 0.158300 -0.253900
1305031462.484300 -0.657800 0.258300 1.292700 0.818200 -0.492600 0.156400 -0.251700
1305031462.494300 -0.659900 0.255800 1.290800 0.820500 -0.490500 0.154800 -0.249300
1305031462.504300 -0.662200 0.253200 1.289000 0.822800 -0.488000 0.153200 -0.247900
1305031462.514300 -0.664400 0.250700 1.287300 0.824400 -0.486000 0.152000 -0.247100
1305031462.524300 -0.666400 0.248300 1.285800 0.826300 -0.483600 0.149900 -0.246600
1305031462.534300 -0.668600 0.245800 1.284300 0.828200 -0.480700 0.148300 -0.246900
1305031462.544300 -0.670700 0.243000 1.283000 0.830200 -0.477700 0.146900 -0.247000
1305031462.554300 -0.672800 0.240200 1.281900 0.832700 -0.474400 0.144800 -0.246300
1305031462.564300 -0.674900 0.237600 1.280700 0.834300 -0.471600 0.144100 -0.246600
1305031462.574300 -0.676800 0.234800 1.279600 0.835900 -0.468200 0.144500 -0.247300
1305031462.584600 -0.678900 0.231800 1.278900 0.837800 -0.465200 0.144400 -0.246600
1305031462.594400 -0.681000 0.228900 1.278200 0.839400 -0.461800 0.145100 -0.247200
1305031462.604300 -0.682500 0.226200 1.277500 0.840800 -0.458700 0.145400 -0.248100
1305031462.614300 -0.684300 0.223300 1.276900 0.842500 -0.455600 0.145400 -0.248000
1305031462.624400 -0.685900 0.220100 1.276400 0.844400 -0.452000 0.145700 -0.248100
1305031462.634300 -0.687600 0.217000 1.276000 0.845800 -0.448600 0.146700 -0.248800
1305031462.644300 -0.689200 0.213700 1.275800 0.847300 -0.445600 0.146800 -0.248900
1305031462.654400 -0.690700 0.210300 1.275500 0.848700 -0.442000 0.147900 -0.250000
1305031462.664300 -0.692000 0.206800 1.275300 0.849700 -0.438400 0.149300 -0.252000
1305031462.674300 -0.693600 0.203300 1.275400 0.851200 -0.435300 0.149100 -0.252500
1305031462.684300 -0.694900 0.199800 1.275200 0.852000 -0.431800 0.150200 -0.255200
1305031462.694300 -0.696300 0.195900 1.275100 0.853800 -0.428100 0.149600 -0.255800
1305031462.704300 -0.697600 0.192300 1.275100 0.855400 -0.424400 0.149100 -0.256800
1305031462.714300 -0.698900 0.188500 1.274900 0.857300 -0.420500 0.148300 -0.257400
1305031462.724300 -0.700100 0.184600 1.274700 0.859300 -0.416300 0.147100 -0.258100
1305031462.734300 -0.701000 0.180700 1.274500 0.861300 -0.412000 0.146100 -0.258900
1305031462.744300 -0.702000 0.176700 1.274500 0.863100 -0.407900 0.145000 -0.260000
1305031462.754300 -0.702900 0.172400 1.274200 0.865100 -0.403800 0.143700 -0.260500
1305031462.764300 -0.703700 0.168100 1.274100 0.866800 -0.400200 0.142900 -0.261000
1305031462.774300 -0.704400 0.163400 1.273900 0.868200 -0.396600 0.142400 -0.262000
1305031462.784300 -0.704700 0.158900 1.273800 0.869300 -0.393500 0.141900 -0.263300
1305031462.794300 -0.705300 0.154000 1.273800 0.870800 -0.390800 0.140700 -0.262900
1305031462.804300 -0.705600 0.149200 1.273900 0.872100 -0.388200 0.139100 -0.263400
1305031462.814300 -0.705600 0.144200 1.273900 0.873500 -0.385700 0.138000 -0.263100
1305031462.824600 -0.705700 0.139100 1.273600 0.874400 -0.383300 0.136600 -0.264400
1305031462.834300 -0.705700 0.134000 1.273700 0.875700 -0.381100 0.135400 -0.263700
1305031462.844300 -0.705400 0.128700 1.273700 0.876900 -0.379300 0.133800 -0.263100
1305031462.854400 -0.705300 0.123200 1.274000 0.878500 -0.377100 0.132400 -0.261700
1305031462.864400 -0.704800 0.117800 1.274000 0.879000 -0.375200 0.132300 -0.262800
1305031462.874300 -0.704300 0.112200 1.274300 0.879700 -0.373700 0.132100 -0.262600
1305031462.884300 -0.703600 0.106700 1.274600 0.879900 -0.372600 0.132500 -0.263300
1305031462.894300 -0.702800 0.100800 1.275000 0.880500 -0.371200 0.132200 -0.263500
1305031462.904300 -0.701900 0.095200 1.275300 0.880600 -0.370200 0.132300 -0.264700
1305031462.914300 -0.700900 0.089600 1.275700 0.880900 -0.369100 0.132300 -0.265000
1305031462.924300 -0.699800 0.083800 1.276300 0.881300 -0.368600 0.131300 -0.265100
1305031462.934300 -0.698600 0.078300 1.276700 0.881400 -0.366900 0.131300 -0.266800
1305031462.944400 -0.697500 0.072700 1.277400 0.881900 -0.365900 0.130400 -0.267000
1305031462.954300 -0.696400 0.067200 1.278000 0.882700 -0.364500 0.129200 -0.267100
1305031462.964400 -0.695000 0.061900 1.278500 0.882900 -0.362600 0.128600 -0.269400
1305031462.974300 -0.693900 0.056400 1.279300 0.883500 -0.361000 0.126700 -0.270100
1305031462.984300 -0.692500 0.051100 1.280200 0.883400 -0.359500 0.126500 -0.272600
1305031462.994400 -0.690900 0.045600 1.281200 0.883700 -0.356600 0.126100 -0.275800
1305031463.004300 -0.689700 0.040500 1.282200 0.884200 -0.354200 0.124900 -0.277700
1305031463.014300 -0.688400 0.035200 1.283500 0.884500 -0.351800 0.124700 -0.279800
1305031463.024300 -0.687000 0.029900 1.284800 0.884800 -0.349100 0.123900 -0.282500
1305031463.034300 -0.685500 0.024900 1.285800 0.884900 -0.346400 0.123700 -0.285700
1305031463.044400 -0.684100 0.019800 1.287100 0.885600 -0.343300 0.122400 -0.287800
1305031463.054300 -0.682500 0.014700 1.288300 0.886400 -0.340200 0.120900 -0.289800
1305031463.064300 -0.681000 0.009800 1.289400 0.887500 -0.337300 0.119400 -0.290500
1305031463.074300 -0.679200 0.004700 1.290500 0.888200 -0.334000 0.118900 -0.292300
1305031463.088500 -0.677700 -0.000400 1.291800 0.889600 -0.331500 0.117400 -0.291600
1305031463.094300 -0.676100 -0.005300 1.293100 0.890400 -0.328300 0.117300 -0.292700
1305031463.104400 -0.674400 -0.010300 1.294500 0.891100 -0.325300 0.117700 -0.293500
1305031463.114300 -0.672600 -0.015100 1.295900 0.891700 -0.322000 0.117700 -0.295500
1305031463.124400 -0.670900 -0.020100 1.297500 0.891900 -0.318800 0.118600 -0.298000
1305031463.134400 -0.668900 -0.024700 1.298800 0.892300 -0.315600 0.118600 -0.300200
1305031463.144300 -0.667000 -0.029500 1.300400 0.892800 -0.312500 0.118300 -0.301900
1305031463.154300 -0.665000 -0.034300 1.301600 0.893100 -0.309900 0.118300 -0.304000
1305031463.164300 -0.662900 -0.038900 1.302700 0.893600 -0.307000 0.118300 -0.305300
1305031463.174300 -0.660600 -0.043400 1.303900 0.893800 -0.304500 0.118400 -0.307100
1305031463.184400 -0.658400 -0.048000 1.305100 0.894700 -0.302100 0.118600 -0.306700
1305031463.194400 -0.656000 -0.052500 1.306000 0.895600 -0.300000 0.118400 -0.306500
1305031463.204300 -0.653600 -0.056900 1.306900 0.896500 -0.297900 0.118200 -0.305900
1305031463.214400 -0.651100 -0.061400 1.308100 0.897800 -0.295900 0.117100 -0.304500
1305031463.224300 -0.648500 -0.065600 1.309000 0.897600 -0.294500 0.117200 -0.306300
1305031463.234400 -0.645600 -0.070000 1.310000 0.897700 -0.292500 0.117600 -0.307700
1305031463.244400 -0.642900 -0.074200 1.311200 0.897500 -0.291200 0.117100 -0.309800
1305031463.254300 -0.640000 -0.078400 1.312100 0.897000 -0.290000 0.116800 -0.312300
1305031463.264300 -0.637100 -0.082600 1.313100 0.896800 -0.289000 0.116900 -0.314000
1305031463.274300 -0.634000 -0.086800 1.314100 0.896700 -0.287000 0.117500 -0.315800
1305031463.284300 -0.630800 -0.090500 1.314900 0.896700 -0.285000 0.117400 -0.317700
1305031463.294300 -0.627700 -0.094500 1.315500 0.897300 -0.283200 0.116900 -0.317600
1305031463.304300 -0.624500 -0.098400 1.316200 0.898100 -0.281400 0.116600 -0.317400
1305031463.314300 -0.621200 -0.102300 1.317000 0.899200 -0.279500 0.115100 -0.316200
1305031463.324300 -0.618100 -0.106100 1.317700 0.899700 -0.277900 0.114100 -0.316600
1305031463.334300 -0.614700 -0.109800 1.318200 0.899900 -0.276200 0.112800 -0.318200
1305031463.344300 -0.611200 -0.113300 1.319000 0.899800 -0.274600 0.111800 -0.320100
1305031463.354300 -0.607700 -0.116900 1.319800 0.899500 -0.273200 0.110500 -0.322500
1305031463.364300 -0.604100 -0.120600 1.320500 0.899600 -0.271700 0.108600 -0.324200
1305031463.374300 -0.600400 -0.124000 1.320900 0.899300 -0.270100 0.107500 -0.326900
1305031463.384300 -0.596700 -0.127400 1.321600 0.899000 -0.268600 0.106200 -0.329000
1305031463.394300 -0.592900 -0.130900 1.321900 0.899600 -0.267000 0.104500 -0.329400
1305031463.404400 -0.589000 -0.134400 1.322600 0.900200 -0.265500 0.103400 -0.329200
1305031463.414400 -0.585100 -0.137800 1.323200 0.900700 -0.264100 0.103000 -0.329400
1305031463.424300 -0.581100 -0.141200 1.323700 0.901000 -0.262800 0.102100 -0.329700
1305031463.434300 -0.577000 -0.144600 1.324300 0.901500 -0.261400 0.101300 -0.329800
1305031463.444300 -0.572800 -0.148000 1.324900 0.901700 -0.260800 0.100600 -0.329900
1305031463.454300 -0.568500 -0.151600 1.325500 0.901900 -0.260100 0.100200 -0.330000
1305031463.464400 -0.564200 -0.154900 1.326000 0.901800 -0.259700 0.100000 -0.330600
1305031463.474600 -0.559800 -0.158300 1.326700 0.902000 -0.259500 0.100100 -0.330300
1305031463.484300 -0.555200 -0.161900 1.327200 0.902200 -0.259000 0.100300 -0.330000
1305031463.494300 -0.550800 -0.165300 1.328000 0.902400 -0.258900 0.101000 -0.329400
1305031463.504300 -0.546300 -0.168800 1.328800 0.902400 -0.258400 0.102000 -0.329300
1305031463.514300 -0.541700 -0.172100 1.329700 0.902100 -0.258000 0.103000 -0.330100
1305031463.524300 -0.537000 -0.175500 1.330800 0.901500 -0.257700 0.104600 -0.331500
1305031463.534300 -0.532400 -0.179000 1.332000 0.901500 -0.257200 0.105200 -0.331800
1305031463.544400 -0.528000 -0.182700 1.333300 0.901300 -0.257600 0.105300 -0.332100
1305031463.554300 -0.523400 -0.185900 1.334400 0.900500 -0.257800 0.105500 -0.333800
1305031463.564400 -0.518800 -0.189400 1.335600 0.900200 -0.257500 0.105500 -0.335100
1305031463.574300 -0.514300 -0.192800 1.337000 0.900500 -0.257500 0.104300 -0.334600
1305031463.584400 -0.509800 -0.196000 1.338300 0.900700 -0.257100 0.102900 -0.334700
1305031463.594300 -0.505200 -0.199500 1.339800 0.901300 -0.256700 0.101600 -0.333700
1305031463.604400 -0.500500 -0.202800 1.341300 0.901800 -0.255800 0.100600 -0.333600
1305031463.614300 -0.495700 -0.205900 1.343100 0.901900 -0.254800 0.099800 -0.334400
1305031463.624300 -0.491000 -0.209300 1.345100 0.901700 -0.253900 0.099500 -0.335500
1305031463.634300 -0.486300 -0.212800 1.347500 0.902100 -0.253400 0.098300 -0.335100
1305031463.644400 -0.481200 -0.215700 1.349600 0.900400 -0.252500 0.099700 -0.340000
1305031463.654300 -0.476200 -0.219100 1.352200 0.899600 -0.251800 0.100100 -0.342500
1305031463.664400 -0.471300 -0.222200 1.354800 0.899100 -0.251100 0.099400 -0.344500
1305031463.674300 -0.466300 -0.225200 1.357200 0.898200 -0.250300 0.099700 -0.347400
1305031463.684300 -0.461300 -0.228500 1.360000 0.898300 -0.249200 0.098900 -0.348100
1305031463.694300 -0.456300 -0.231600 1.362700 0.899000 -0.248500 0.097900 -0.347100
1305031463.704300 -0.451200 -0.234600 1.365400 0.899500 -0.247100 0.097700 -0.346900
1305031463.714300 -0.446000 -0.237600 1.368200 0.899800 -0.246000 0.097300 -0.347100
1305031463.724300 -0.440700 -0.240500 1.371500 0.900400 -0.244900 0.097600 -0.346100
1305031463.734300 -0.435300 -0.243200 1.375000 0.900200 -0.243800 0.098100 -0.347300
1305031463.744300 -0.429800 -0.246100 1.378600 0.900000 -0.242300 0.099000 -0.348500
1305031463.754300 -0.424400 -0.248600 1.382300 0.899200 -0.241100 0.100400 -0.351000
1305031463.764400 -0.419000 -0.251300 1.386400 0.898700 -0.239400 0.101300 -0.353300
1305031463.774400 -0.413700 -0.253700 1.390400 0.898600 -0.237000 0.102200 -0.354900
1305031463.784400 -0.408300 -0.256300 1.394600 0.898500 -0.234700 0.103300 -0.356200
1305031463.794400 -0.402900 -0.258600 1.398700 0.898400 -0.231700 0.104700 -0.358200
1305031463.804300 -0.397500 -0.261100 1.402800 0.899000 -0.228500 0.105600 -0.358400
1305031463.814800 -0.392400 -0.263300 1.407200 0.899600 -0.225800 0.106500 -0.358300
1305031463.824300 -0.387200 -0.265800 1.411600 0.900500 -0.222600 0.107200 -0.357900
1305031463.834300 -0.382000 -0.268100 1.416100 0.900800 -0.220300 0.108300 -0.358100
1305031463.844300 -0.376900 -0.270600 1.420800 0.901400 -0.217300 0.109500 -0.358200
1305031463.854300 -0.371700 -0.272600 1.425400 0.901100 -0.214600 0.110700 -0.360000
1305031463.864300 -0.366600 -0.274900 1.430300 0.901200 -0.211700 0.112100 -0.361100
1305031463.874300 -0.361400 -0.277000 1.435100 0.900900 -0.208900 0.113500 -0.363200
1305031463.884400 -0.356500 -0.279100 1.440100 0.901000 -0.206800 0.114400 -0.363900
1305031463.894300 -0.351400 -0.281500 1.444800 0.901600 -0.204200 0.115200 -0.363600
1305031463.904300 -0.346400 -0.283300 1.449500 0.901400 -0.201700 0.115800 -0.365200
1305031463.914300 -0.341600 -0.285300 1.454400 0.902200 -0.200100 0.115600 -0.364300
1305031463.924300 -0.337000 -0.287300 1.459300 0.902700 -0.197900 0.115200 -0.364300
1305031463.934300 -0.332400 -0.289200 1.464100 0.902900 -0.196000 0.114600 -0.365000
1305031463.944300 -0.327800 -0.291100 1.469000 0.903200 -0.193500 0.113800 -0.365800
1305031463.954300 -0.323400 -0.293000 1.473900 0.903600 -0.191200 0.113000 -0.366300
1305031463.964400 -0.319100 -0.295000 1.479000 0.903800 -0.188800 0.112200 -0.367400
1305031463.974300 -0.314900 -0.296900 1.483800 0.903300 -0.186600 0.112100 -0.369500
1305031463.984300 -0.311000 -0.298900 1.489000 0.903700 -0.184600 0.111400 -0.369800
1305031463.994300 -0.306900 -0.300900 1.493900 0.903800 -0.181800 0.111200 -0.371100
1305031464.004300 -0.303000 -0.302600 1.498900 0.903700 -0.179600 0.110900 -0.372500
1305031464.014300 -0.299200 -0.304500 1.503800 0.903800 -0.176800 0.110700 -0.373700
1305031464.024300 -0.295500 -0.306300 1.508700 0.904400 -0.173900 0.110400 -0.373800
1305031464.034300 -0.291900 -0.308200 1.513600 0.905100 -0.171300 0.110800 -0.373200
1305031464.044300 -0.288300 -0.310100 1.518700 0.905600 -0.169200 0.110800 -0.372800
1305031464.054300 -0.285000 -0.311900 1.523600 0.905700 -0.166700 0.111400 -0.373600
1305031464.064400 -0.281600 -0.313600 1.528700 0.905600 -0.164100 0.112800 -0.374400
1305031464.074300 -0.278200 -0.315200 1.533700 0.905300 -0.161200 0.114000 -0.376100
1305031464.084300 -0.275000 -0.317100 1.538800 0.905200 -0.158700 0.115300 -0.377000
1305031464.094300 -0.271700 -0.318700 1.543900 0.904700 -0.155800 0.116600 -0.379100
1305031464.104300 -0.268700 -0.320400 1.549000 0.904600 -0.153800 0.117400 -0.379800
1305031464.114300 -0.265600 -0.322300 1.554000 0.904600 -0.151700 0.117900 -0.380500
1305031464.124300 -0.262700 -0.324100 1.558900 0.904800 -0.149800 0.117500 -0.380900
1305031464.134300 -0.259800 -0.325900 1.563900 0.904900 -0.148500 0.116500 -0.381600
1305031464.144300 -0.257000 -0.327700 1.568800 0.904800 -0.147500 0.115600 -0.382500
1305031464.154300 -0.254300 -0.329400 1.573600 0.904200 -0.146600 0.114200 -0.384400
1305031464.164400 -0.251700 -0.331300 1.578500 0.904300 -0.145300 0.112300 -0.385300
1305031464.174300 -0.249100 -0.333100 1.583400 0.903900 -0.143800 0.110400 -0.387400
1305031464.184300 -0.246400 -0.334900 1.588100 0.902700 -0.141800 0.108600 -0.391500
1305031464.194400 -0.243800 -0.336800 1.592800 0.902200 -0.139700 0.106400 -0.393900
1305031464.204300 -0.241400 -0.338700 1.597500 0.901500 -0.137100 0.103900 -0.397100
1305031464.214300 -0.238600 -0.340300 1.601800 0.900600 -0.134600 0.101500 -0.400700
1305031464.224300 -0.235900 -0.342100 1.606000 0.900300 -0.132000 0.098500 -0.402800
1305031464.234300 -0.233200 -0.343700 1.610200 0.899500 -0.129600 0.095200 -0.406100
1305031464.244300 -0.231000 -0.345900 1.614200 0.900200 -0.127400 0.090900 -0.406400
1305031464.254300 -0.228200 -0.347300 1.617700 0.899500 -0.125800 0.087100 -0.409300
1305031464.264300 -0.225600 -0.349300 1.621200 0.899900 -0.123000 0.082400 -0.410100
1305031464.274300 -0.222800 -0.351200 1.624600 0.900600 -0.120000 0.077700 -0.410500
1305031464.284300 -0.219800 -0.352600 1.628000 0.900600 -0.117200 0.073600 -0.412000
1305031464.294400 -0.217100 -0.354500 1.631200 0.901600 -0.113100 0.068300 -0.411900
1305031464.304300 -0.214000 -0.356200 1.634600 0.902200 -0.109700 0.064300 -0.412200
1305031464.314300 -0.210600 -0.357900 1.637800 0.902700 -0.105700 0.060600 -0.412600
1305031464.324300 -0.207500 -0.359500 1.641100 0.902900 -0.102900 0.057600 -0.413400
1305031464.334300 -0.204100 -0.361000 1.644300 0.902900 -0.100200 0.054900 -0.414300
1305031464.344300 -0.200300 -0.362700 1.647700 0.903400 -0.097200 0.052400 -0.414300
1305031464.354300 -0.196500 -0.364100 1.651000 0.903000 -0.094500 0.049600 -0.416100
1305031464.364300 -0.192700 -0.366000 1.654500 0.903000 -0.092200 0.047700 -0.417000
1305031464.374300 -0.188800 -0.367400 1.657900 0.902500 -0.089900 0.046000 -0.418700
1305031464.384300 -0.184700 -0.369000 1.661400 0.902000 -0.087000 0.044500 -0.420500
1305031464.394300 -0.180700 -0.370600 1.665000 0.901700 -0.084100 0.043800 -0.421800
1305031464.404300 -0.176400 -0.372300 1.668500 0.901300 -0.081700 0.043700 -0.423300
1305031464.414300 -0.172300 -0.374100 1.672100 0.901400 -0.078900 0.044300 -0.423400
1305031464.424300 -0.167900 -0.375800 1.675700 0.901400 -0.075800 0.044700 -0.423900
1305031464.434300 -0.163600 -0.377600 1.679500 0.901700 -0.072900 0.045700 -0.423800
1305031464.444300 -0.159100 -0.379400 1.683300 0.901600 -0.069800 0.046300 -0.424400
1305031464.454300 -0.154600 -0.381000 1.687200 0.901400 -0.066800 0.046500 -0.425200
1305031464.464400 -0.150100 -0.382700 1.691300 0.901100 -0.063700 0.045900 -0.426400
1305031464.474300 -0.145600 -0.384400 1.695300 0.900600 -0.061300 0.045700 -0.427800
1305031464.484300 -0.141000 -0.386100 1.699600 0.900500 -0.059100 0.044500 -0.428500
1305031464.494200 -0.136300 -0.387800 1.703800 0.900600 -0.057500 0.044600 -0.428600
1305031464.504300 -0.131800 -0.389600 1.708300 0.899200 -0.055600 0.045100 -0.431600
1305031464.514800 -0.127200 -0.391300 1.712800 0.899200 -0.054000 0.045500 -0.431800
1305031464.524500 -0.122800 -0.393400 1.717400 0.899700 -0.051800 0.046100 -0.431100
1305031464.534400 -0.118600 -0.395300 1.721900 0.899700 -0.048900 0.046600 -0.431300
1305031464.544400 -0.114200 -0.397300 1.726400 0.899800 -0.045300 0.047400 -0.431300
1305031464.554500 -0.109900 -0.399600 1.731000 0.900700 -0.041500 0.047900 -0.429700
1305031464.564400 -0.105900 -0.401700 1.735700 0.901300 -0.037900 0.048600 -0.428800
1305031464.574300 -0.101800 -0.403700 1.740600 0.901900 -0.034300 0.049900 -0.427700
1305031464.584300 -0.097800 -0.405900 1.745700 0.901700 -0.031600 0.051900 -0.428200
1305031464.594300 -0.093700 -0.408000 1.750900 0.900700 -0.029700 0.054200 -0.429900
1305031464.604300 -0.089500 -0.410200 1.756100 0.899100 -0.028400 0.057600 -0.433000
1305031464.614300 -0.085500 -0.412300 1.761300 0.897800 -0.026900 0.060800 -0.435300
1305031464.624300 -0.081400 -0.414300 1.766600 0.896000 -0.026300 0.064500 -0.438500
1305031464.634500 -0.077400 -0.416300 1.771700 0.894500 -0.025500 0.068200 -0.441100
1305031464.644300 -0.073500 -0.417900 1.776700 0.892700 -0.024100 0.072200 -0.444300
1305031464.654300 -0.069700 -0.419600 1.781800 0.891700 -0.022800 0.075800 -0.445600
1305031464.664300 -0.065600 -0.421100 1.786600 0.889500 -0.019400 0.080300 -0.449300
1305031464.674300 -0.061700 -0.422300 1.791600 0.887500 -0.016200 0.084900 -0.452600
1305031464.684300 -0.057900 -0.423500 1.796400 0.886100 -0.013100 0.088900 -0.454800
1305031464.694400 -0.054200 -0.424100 1.801200 0.883200 -0.009400 0.093000 -0.459600
1305031464.704300 -0.050300 -0.424700 1.805900 0.880400 -0.005900 0.096500 -0.464200
1305031464.714300 -0.046500 -0.425300 1.810700 0.877900 -0.002000 0.100000 -0.468300
1305031464.724300 -0.043000 -0.425400 1.815100 0.875300 0.002000 0.102000 -0.472800
1305031464.734300 -0.039400 -0.425400 1.819500 0.872500 0.006400 0.104100 -0.477400
1305031464.744300 -0.036000 -0.425300 1.823400 0.870300 0.011200 0.105700 -0.481000
1305031464.754300 -0.032600 -0.425000 1.827400 0.868200 0.016100 0.107000 -0.484300
1305031464.764300 -0.029200 -0.424400 1.830900 0.866200 0.022100 0.108100 -0.487300
1305031464.774300 -0.025600 -0.424000 1.834200 0.865000 0.028300 0.108600 -0.489100
1305031464.784300 -0.022200 -0.423300 1.837400 0.864100 0.034100 0.109400 -0.490200
1305031464.794300 -0.018900 -0.422300 1.840300 0.863100 0.040000 0.109300 -0.491500
1305031464.804300 -0.015700 -0.421200 1.843100 0.862200 0.045500 0.109000 -0.492600
1305031464.814300 -0.012300 -0.420100 1.845900 0.860900 0.051100 0.107200 -0.494700
1305031464.824300 -0.009000 -0.418700 1.848400 0.859600 0.056700 0.104800 -0.496900
1305031464.834300 -0.006000 -0.417000 1.850800 -0.857800 -0.062500 -0.101700 0.500000
1305031464.844300 -0.002800 -0.415400 1.852900 -0.856700 -0.068100 -0.098100 0.501800
1305031464.854300 0.000400 -0.413400 1.855000 -0.855900 -0.074500 -0.094800 0.502800
1305031464.864300 0.003400 -0.411400 1.856900 -0.855500 -0.081100 -0.091500 0.503200
1305031464.874300 0.006400 -0.409000 1.858600 -0.855000 -0.088200 -0.088600 0.503400
1305031464.884300 0.009700 -0.406700 1.860300 -0.855100 -0.095900 -0.086400 0.502200
1305031464.894500 0.013000 -0.404000 1.861600 -0.855400 -0.103700 -0.084100 0.500500
1305031464.904300 0.016200 -0.400900 1.863000 0.855400 0.111900 0.082400 -0.499000
1305031464.914300 0.019500 -0.398000 1.864200 0.855600 0.119600 0.081000 -0.497100
1305031464.924300 0.022900 -0.394900 1.865100 0.855200 0.126700 0.079700 -0.496200
1305031464.934300 0.026400 -0.391700 1.866100 0.854500 0.133400 0.079200 -0.495700
1305031464.944300 0.029800 -0.388400 1.866800 0.853300 0.138900 0.078300 -0.496400
1305031464.954300 0.033200 -0.384700 1.867500 0.852000 0.144100 0.078400 -0.497100
1305031464.964300 0.037000 -0.381200 1.867900 0.850800 0.148900 0.078500 -0.497800
1305031464.974300 0.040900 -0.378000 1.868000 0.849400 0.154600 0.078900 -0.498300
1305031464.984300 0.044800 -0.374200 1.867900 0.847500 0.159400 0.079500 -0.500000
1305031464.994300 0.048600 -0.370500 1.867300 -0.845600 -0.164500 -0.080900 0.501400
1305031465.004300 0.052300 -0.366800 1.866600 -0.844000 -0.169600 -0.082500 0.502100
1305031465.014300 0.056200 -0.362800 1.865500 -0.841800 -0.175300 -0.084500 0.503500
1305031465.024300 0.060100 -0.359000 1.864000 -0.840200 -0.181500 -0.086700 0.503600
1305031465.034300 0.063900 -0.355500 1.862400 -0.838300 -0.187200 -0.088800 0.504400
1305031465.044300 0.067700 -0.351800 1.860400 -0.836100 -0.193400 -0.090100 0.505400
1305031465.054300 0.071600 -0.348100 1.858200 -0.833700 -0.199900 -0.090200 0.506800
1305031465.064300 0.075400 -0.344300 1.855500 -0.831000 -0.206300 -0.090000 0.508700
1305031465.074300 0.079100 -0.340700 1.852300 -0.829200 -0.212400 -0.088700 0.509300
1305031465.084300 0.083000 -0.337000 1.848800 -0.828400 -0.219000 -0.087500 0.508000
1305031465.094300 0.086900 -0.333600 1.844800 -0.828800 -0.225900 -0.086200 0.504500
1305031465.104300 0.091100 -0.329800 1.840400 -0.829300 -0.232900 -0.085300 0.500800
1305031465.114300 0.095300 -0.326300 1.835600 0.830700 0.239900 0.084600 -0.495200
1305031465.124300 0.099800 -0.322700 1.830500 0.832300 0.246500 0.083900 -0.489400
1305031465.134300 0.104300 -0.319100 1.825400 0.833600 0.252300 0.082600 -0.484300
1305031465.144300 0.109000 -0.315500 1.820100 0.835400 0.257200 0.081700 -0.478700
1305031465.154300 0.113600 -0.312100 1.814600 0.837300 0.261300 0.079900 -0.473600
1305031465.164300 0.118500 -0.308500 1.809200 0.838600 0.265100 0.078100 -0.469500
1305031465.174300 0.123600 -0.305400 1.803700 0.840200 0.268400 0.076300 -0.464900
1305031465.184300 0.128700 -0.302100 1.798300 0.841000 0.272100 0.074000 -0.461800
1305031465.194300 0.133800 -0.298800 1.792700 0.841900 0.275300 0.072100 -0.458500
1305031465.204300 0.139200 -0.295400 1.787200 0.842500 0.278600 0.070100 -0.455700
1305031465.214300 0.144700 -0.292200 1.781800 0.843300 0.281300 0.068400 -0.452900
1305031465.224300 0.150200 -0.289000 1.776300 0.844300 0.284100 0.067000 -0.449500
1305031465.234300 0.155800 -0.285800 1.770800 0.845300 0.287100 0.065200 -0.446000
1305031465.244300 0.161800 -0.282800 1.765400 0.846900 0.289400 0.063600 -0.441600
1305031465.254300 0.167800 -0.280000 1.760100 0.848300 0.291200 0.061800 -0.437900
1305031465.264300 0.174000 -0.276900 1.754900 0.849100 0.292200 0.058600 -0.436100
1305031465.274300 0.180400 -0.274100 1.750000 0.850700 0.292300 0.055700 -0.433400
1305031465.284300 0.186800 -0.271300 1.745000 0.851400 0.291500 0.051300 -0.433000
1305031465.294300 0.193400 -0.268600 1.740300 0.852800 0.290100 0.047100 -0.431700
1305031465.304300 0.200200 -0.265900 1.735400 0.854300 0.288400 0.042300 -0.430300
1305031465.314300 0.207000 -0.263300 1.730700 0.856600 0.286400 0.037600 -0.427600
1305031465.324300 0.213700 -0.260500 1.726100 0.858200 0.285300 0.032300 -0.425400
1305031465.334300 0.220700 -0.258100 1.721500 0.860100 0.283900 0.026500 -0.423000
1305031465.344300 0.227500 -0.256100 1.717400 0.862500 0.282900 0.020300 -0.419200
1305031465.354300 0.234500 -0.253700 1.713300 0.863900 0.281500 0.014400 -0.417500
1305031465.364300 0.241600 -0.251400 1.709300 0.864500 0.280200 0.007500 -0.417200
1305031465.374300 0.248700 -0.249200 1.705400 0.865100 0.279100 0.000600 -0.416800
1305031465.384300 0.256000 -0.247000 1.701700 0.865000 0.278300 -0.006600 -0.417400
1305031465.394300 0.263300 -0.245300 1.698300 0.865800 0.277200 -0.013600 -0.416400
1305031465.404300 0.270700 -0.243400 1.694800 0.865500 0.276400 -0.019800 -0.417200
1305031465.414300 0.278200 -0.241700 1.691700 0.865900 0.275000 -0.025800 -0.417000
1305031465.424300 0.285700 -0.240200 1.688700 0.866300 0.274000 -0.031500 -0.416600
1305031465.434300 0.293400 -0.238600 1.685700 0.866500 0.272100 -0.036700 -0.416800
1305031465.444300 0.300900 -0.237400 1.682800 0.866900 0.270300 -0.041700 -0.416800
1305031465.454300 0.308700 -0.236300 1.679900 0.867200 0.267800 -0.047100 -0.417200
1305031465.464300 0.316300 -0.235100 1.677100 0.867400 0.265300 -0.052500 -0.417800
1305031465.474300 0.324200 -0.234200 1.674300 0.868200 0.263000 -0.057600 -0.416800
1305031465.484900 0.331800 -0.233400 1.671600 0.869100 0.261400 -0.062300 -0.415400
1305031465.494300 0.339500 -0.232500 1.668900 0.869700 0.259900 -0.066600 -0.414200
1305031465.504300 0.347000 -0.231900 1.666400 0.870500 0.259200 -0.070000 -0.412500
1305031465.514300 0.354600 -0.231500 1.663900 0.871000 0.259400 -0.073500 -0.410700
1305031465.524300 0.362100 -0.231000 1.661600 0.870700 0.259800 -0.076900 -0.410500
1305031465.534300 0.370100 -0.230900 1.659400 0.870600 0.260000 -0.080000 -0.410100
1305031465.544300 0.377900 -0.230700 1.657400 0.869500 0.259900 -0.084300 -0.411500
1305031465.554300 0.385700 -0.230600 1.655300 0.868300 0.259700 -0.088400 -0.413200
1305031465.564300 0.393700 -0.230500 1.653400 0.867200 0.259000 -0.092400 -0.415100
1305031465.574400 0.401900 -0.230600 1.651200 0.866800 0.257500 -0.096000 -0.416100
1305031465.584300 0.410000 -0.230700 1.649200 0.866700 0.255300 -0.098900 -0.416900
1305031465.594400 0.418100 -0.230800 1.647100 0.866500 0.253600 -0.102000 -0.417700
1305031465.604300 0.426300 -0.231100 1.644900 0.866500 0.251400 -0.104800 -0.418400
1305031465.614300 0.434700 -0.231300 1.642700 0.866400 0.249400 -0.107200 -0.419100
1305031465.624300 0.443000 -0.231600 1.640300 0.865800 0.247300 -0.110200 -0.420900
1305031465.634300 0.451500 -0.232400 1.638100 0.865700 0.245500 -0.113600 -0.421200
1305031465.644300 0.459800 -0.233300 1.635700 0.865700 0.244400 -0.117400 -0.420800
1305031465.654300 0.468100 -0.234100 1.633200 0.865100 0.243200 -0.122300 -0.421400
1305031465.664300 0.476600 -0.234800 1.630800 0.864400 0.242200 -0.126900 -0.422000
1305031465.674300 0.485000 -0.235600 1.628200 0.863500 0.241000 -0.131300 -0.423100
1305031465.684300 0.493500 -0.236300 1.625600 0.862700 0.240200 -0.135600 -0.423900
1305031465.694300 0.501900 -0.237000 1.623000 0.862000 0.238700 -0.138700 -0.425100
1305031465.704300 0.510500 -0.237900 1.620200 0.861500 0.237400 -0.141500 -0.426000
1305031465.714300 0.519100 -0.238600 1.617300 0.860800 0.235100 -0.144100 -0.427800
1305031465.724300 0.527900 -0.239500 1.614500 0.860200 0.232900 -0.147000 -0.429200
1305031465.734300 0.536600 -0.240300 1.611500 0.859400 0.230500 -0.149800 -0.431200
1305031465.744300 0.545400 -0.241200 1.608300 0.858700 0.228500 -0.153000 -0.432500
1305031465.754300 0.553900 -0.242200 1.605100 0.857800 0.226200 -0.156500 -0.434200
1305031465.764300 0.562800 -0.243000 1.601800 0.857400 0.223600 -0.159700 -0.435200
1305031465.774300 0.571500 -0.243800 1.598400 0.856900 0.222400 -0.162400 -0.435700
1305031465.784300 0.580000 -0.244400 1.594800 0.856000 0.220800 -0.165600 -0.437200
1305031465.794200 0.588700 -0.245200 1.591400 0.855400 0.219600 -0.167700 -0.438200
1305031465.804300 0.597400 -0.246000 1.587600 0.854600 0.217900 -0.169900 -0.439800
1305031465.814300 0.606200 -0.247100 1.584000 0.853900 0.216900 -0.171800 -0.440700
1305031465.824300 0.615100 -0.247900 1.580300 0.852600 0.215800 -0.174200 -0.443000
1305031465.834300 0.623600 -0.248800 1.576600 0.850800 0.214300 -0.177500 -0.445700
1305031465.844300 0.632600 -0.249600 1.572900 0.849100 0.213500 -0.179800 -0.448400
1305031465.854300 0.641200 -0.250400 1.569000 0.847500 0.211500 -0.183100 -0.451100
1305031465.864300 0.649900 -0.251200 1.565000 0.846200 0.209600 -0.184800 -0.453700
1305031465.874200 0.658600 -0.252100 1.560800 0.845500 0.207800 -0.186100 -0.455300
1305031465.884300 0.667200 -0.253000 1.556500 0.845600 0.206200 -0.186300 -0.455800
1305031465.894300 0.675800 -0.253900 1.552300 0.846100 0.204900 -0.185700 -0.455700
1305031465.904300 0.684300 -0.254900 1.548000 0.846100 0.203400 -0.184800 -0.456700
1305031465.914300 0.693000 -0.255800 1.543700 0.845800 0.202300 -0.183900 -0.458200
1305031465.924300 0.701600 -0.256700 1.539400 0.845200 0.200900 -0.182500 -0.460500
1305031465.934200 0.710000 -0.257600 1.535200 0.843900 0.199700 -0.182100 -0.463500
1305031465.944200 0.718500 -0.258600 1.531100 0.842700 0.198300 -0.181300 -0.466600
1305031465.954300 0.726800 -0.259500 1.526900 0.840900 0.197200 -0.180600 -0.470500
1305031465.964300 0.735000 -0.260500 1.522700 0.839200 0.196400 -0.179900 -0.474100
1305031465.974300 0.742900 -0.261500 1.518600 0.838000 0.195200 -0.178800 -0.477200
1305031465.985100 0.750900 -0.262600 1.514400 0.837100 0.195100 -0.177200 -0.479400
1305031465.994300 0.758800 -0.263700 1.510000 0.835800 0.195200 -0.176100 -0.482000
1305031466.004300 0.766400 -0.265000 1.505700 0.835100 0.196000 -0.175200 -0.483300
1305031466.014300 0.774000 -0.266400 1.501400 0.833900 0.196400 -0.175300 -0.485200
1305031466.024300 0.781900 -0.267800 1.497300 0.832800 0.196800 -0.175100 -0.486900
1305031466.034300 0.789100 -0.268900 1.492800 0.831200 0.195700 -0.176300 -0.489600
1305031466.044300 0.796600 -0.270600 1.488700 0.831600 0.195900 -0.176100 -0.489000
1305031466.054300 0.803900 -0.272000 1.484500 0.831700 0.195000 -0.176400 -0.488900
1305031466.064300 0.811000 -0.273800 1.480200 0.833100 0.194900 -0.176500 -0.486700
1305031466.074300 0.818100 -0.275600 1.476300 0.834000 0.194400 -0.176000 -0.485500
1305031466.084200 0.825000 -0.277300 1.472300 0.834000 0.194600 -0.176900 -0.485100
1305031466.094300 0.832000 -0.279400 1.468600 0.834600 0.195400 -0.177100 -0.483600
1305031466.104300 0.838700 -0.281400 1.465100 0.834300 0.196100 -0.178700 -0.483400
1305031466.114300 0.845400 -0.283900 1.461700 0.835100 0.197400 -0.179500 -0.481000
1305031466.124300 0.852300 -0.286300 1.458600 0.835700 0.198400 -0.180400 -0.479300
1305031466.134300 0.859200 -0.288900 1.455700 0.836400 0.199300 -0.181600 -0.477200
1305031466.144300 0.865900 -0.291700 1.453100 0.837200 0.199700 -0.182400 -0.475400
1305031466.154300 0.872500 -0.294300 1.450600 0.837500 0.199700 -0.183900 -0.474200
1305031466.164300 0.879000 -0.297200 1.448300 0.838000 0.200600 -0.185900 -0.472200
1305031466.174300 0.885400 -0.299800 1.446100 0.837900 0.201000 -0.188800 -0.471000
1305031466.184300 0.891900 -0.302700 1.444200 0.838500 0.201800 -0.191100 -0.468700
1305031466.194200 0.898200 -0.305200 1.442500 0.838500 0.203000 -0.194100 -0.466900
1305031466.204300 0.904500 -0.308200 1.441200 0.839600 0.205000 -0.196000 -0.463300
1305031466.214300 0.911000 -0.311000 1.440000 0.840500 0.207400 -0.197600 -0.459900
1305031466.224300 0.917300 -0.313900 1.438900 0.841600 0.210100 -0.198500 -0.456200
1305031466.234300 0.923600 -0.316700 1.438100 0.842200 0.212900 -0.199900 -0.453300
1305031466.244300 0.930000 -0.319500 1.437800 0.842700 0.215700 -0.199900 -0.451100
1305031466.254300 0.936500 -0.322200 1.437700 0.842400 0.217600 -0.199800 -0.450600
1305031466.264300 0.943100 -0.325100 1.438100 0.841900 0.220500 -0.199000 -0.450600
1305031466.274300 0.949400 -0.327500 1.438300 0.840100 0.222200 -0.198100 -0.453400
1305031466.284200 0.956000 -0.330100 1.438900 0.839500 0.224600 -0.195800 -0.454300
1305031466.294300 0.962800 -0.332500 1.439500 0.839100 0.227100 -0.192700 -0.455300
1305031466.304300 0.969300 -0.334500 1.440300 0.838200 0.229000 -0.189900 -0.457200
1305031466.314300 0.975900 -0.336800 1.441000 0.838500 0.230500 -0.185900 -0.457500
1305031466.324300 0.982400 -0.338600 1.441700 0.838000 0.232000 -0.182700 -0.458900
1305031466.334300 0.989600 -0.340400 1.442900 0.839100 0.234500 -0.176900 -0.458000
1305031466.344300 0.995600 -0.342200 1.443100 0.838900 0.233400 -0.175200 -0.459300
1305031466.354300 1.002000 -0.343600 1.443800 0.839500 0.234300 -0.172300 -0.459000
1305031466.364300 1.008500 -0.345200 1.444500 0.840600 0.234800 -0.169200 -0.457900
1305031466.374300 1.015100 -0.346700 1.445300 0.841500 0.236300 -0.166800 -0.456400
1305031466.384300 1.021400 -0.348100 1.446100 0.841000 0.237100 -0.165200 -0.457300
1305031466.394300 1.028000 -0.349300 1.447100 0.840100 0.238800 -0.164700 -0.458300
1305031466.404300 1.034500 -0.350900 1.448200 0.839200 0.239600 -0.164300 -0.459700
1305031466.414300 1.040900 -0.352300 1.449200 0.837500 0.241000 -0.165100 -0.461800
1305031466.424300 1.047500 -0.353400 1.450200 0.836300 0.242100 -0.165700 -0.463200
1305031466.434300 1.054000 -0.354700 1.450800 0.835300 0.243700 -0.166900 -0.463700
1305031466.444300 1.060400 -0.355600 1.451500 0.834400 0.245500 -0.168000 -0.464000
1305031466.454300 1.066900 -0.356300 1.451800 0.833700 0.247200 -0.168600 -0.464000
1305031466.464300 1.073300 -0.357100 1.451900 0.833900 0.249300 -0.169700 -0.462200
1305031466.474200 1.079900 -0.357600 1.451900 0.834100 0.251200 -0.170600 -0.460600
1305031466.484200 1.086300 -0.358100 1.451900 0.834200 0.252400 -0.171900 -0.459200
1305031466.494400 1.092900 -0.358300 1.451700 0.834700 0.253000 -0.172800 -0.457600
1305031466.504300 1.099700 -0.358400 1.451600 0.835800 0.253200 -0.172500 -0.455600
1305031466.514300 1.106500 -0.358200 1.451200 0.835700 0.252700 -0.173400 -0.455800
1305031466.524300 1.113200 -0.358000 1.450700 0.835900 0.252400 -0.172800 -0.455700
1305031466.534300 1.120300 -0.357800 1.450400 0.836900 0.253200 -0.171200 -0.454000
1305031466.544300 1.127000 -0.357200 1.449700 0.835900 0.252500 -0.170900 -0.456500
1305031466.554300 1.133900 -0.356600 1.449000 0.836000 0.252700 -0.170100 -0.456400
1305031466.564500 1.140700 -0.355900 1.448200 0.836500 0.252800 -0.169000 -0.455900
1305031466.574300 1.147600 -0.355000 1.447400 0.837400 0.253900 -0.168200 -0.453800
1305031466.584300 1.154400 -0.353900 1.446400 0.838100 0.254900 -0.167600 -0.452200
1305031466.594200 1.161200 -0.352600 1.445400 0.838900 0.256800 -0.167700 -0.449600
1305031466.604300 1.168100 -0.351400 1.444400 0.840300 0.257700 -0.166500 -0.446900
1305031466.614200 1.175100 -0.350300 1.443600 0.841800 0.259500 -0.165100 -0.443600
1305031466.624300 1.182000 -0.349100 1.442700 0.842300 0.260600 -0.163900 -0.442400
1305031466.634300 1.189000 -0.347800 1.442200 0.842000 0.261200 -0.163200 -0.442900
1305031466.644300 1.195800 -0.346500 1.441400 0.840700 0.261700 -0.162500 -0.445400
1305031466.654200 1.202800 -0.345200 1.441200 0.839200 0.262600 -0.161500 -0.447900
1305031466.664300 1.209800 -0.343600 1.440700 0.837800 0.264200 -0.160900 -0.449900
1305031466.674200 1.216300 -0.342300 1.440100 0.836300 0.265400 -0.160400 -0.452100
1305031466.684200 1.222900 -0.341000 1.439500 0.835400 0.267400 -0.159900 -0.452800
1305031466.694400 1.229500 -0.339600 1.438600 0.834900 0.270100 -0.159700 -0.452300
1305031466.704300 1.236000 -0.338200 1.437900 0.834800 0.273400 -0.159200 -0.450600
1305031466.714300 1.242600 -0.336500 1.436800 0.834700 0.276400 -0.158100 -0.449400
1305031466.724300 1.248800 -0.335200 1.436200 0.834900 0.279600 -0.158000 -0.446900
1305031466.734300 1.255400 -0.334000 1.435600 0.835700 0.282600 -0.156400 -0.444200
1305031466.744300 1.261600 -0.332200 1.434900 0.834200 0.285100 -0.156900 -0.445300
1305031466.754200 1.268000 -0.330900 1.434500 0.833300 0.287400 -0.155400 -0.445900
1305031466.764300 1.274400 -0.329600 1.434400 0.831800 0.289200 -0.155000 -0.447700
1305031466.774300 1.280700 -0.328100 1.434200 0.829700 0.290500 -0.154900 -0.450700
1305031466.784300 1.287000 -0.326800 1.434000 0.828000 0.292700 -0.154700 -0.452600
1305031466.794300 1.293000 -0.325300 1.433800 0.826300 0.294200 -0.155600 -0.454400
1305031466.804300 1.299100 -0.323800 1.433400 0.825200 0.296200 -0.155800 -0.455000
1305031466.814300 1.305100 -0.322500 1.433100 0.825000 0.298200 -0.156500 -0.453900
1305031466.824200 1.310800 -0.321000 1.432700 0.825100 0.299600 -0.157300 -0.452400
1305031466.834600 1.316600 -0.319400 1.432300 0.825300 0.301200 -0.158200 -0.450800
1305031466.844300 1.322300 -0.318000 1.432000 0.825800 0.302200 -0.159200 -0.448900
1305031466.854300 1.328000 -0.316800 1.431900 0.825900 0.302800 -0.160900 -0.447600
1305031466.864300 1.333500 -0.315500 1.431900 0.825600 0.302900 -0.163000 -0.447300
1305031466.874300 1.339000 -0.314200 1.432000 0.824700 0.303700 -0.165600 -0.447500
1305031466.884300 1.344300 -0.312900 1.432200 0.823000 0.305000 -0.168900 -0.448400
1305031466.894300 1.349600 -0.311600 1.432400 0.821700 0.307200 -0.172200 -0.448200
1305031466.904300 1.354900 -0.310200 1.432700 0.820100 0.309500 -0.175900 -0.448000
1305031466.914300 1.360300 -0.308800 1.432900 0.819400 0.312100 -0.179300 -0.446200
1305031466.924300 1.365400 -0.307300 1.433000 0.817900 0.314600 -0.183100 -0.445600
1305031466.934300 1.370600 -0.305800 1.433200 0.816800 0.316500 -0.186900 -0.444800
1305031466.944200 1.375600 -0.304300 1.433400 0.816100 0.318400 -0.190100 -0.443200
1305031466.954300 1.380900 -0.302700 1.433800 0.815000 0.319500 -0.193100 -0.443200
1305031466.964300 1.385900 -0.301100 1.434100 0.813700 0.320200 -0.196500 -0.443500
1305031466.974300 1.390800 -0.299400 1.434300 0.812400 0.321100 -0.199200 -0.444200
1305031466.984300 1.396000 -0.297700 1.434700 0.811900 0.322600 -0.200400 -0.443400
1305031466.994200 1.401400 -0.296200 1.435200 0.811600 0.324000 -0.200500 -0.442900
1305031467.004300 1.406600 -0.294800 1.435600 0.811800 0.325700 -0.200200 -0.441500
1305031467.014400 1.411400 -0.292900 1.436200 0.810800 0.327600 -0.200900 -0.441500
1305031467.024200 1.416400 -0.291200 1.436600 0.810100 0.329200 -0.201400 -0.441300
1305031467.034300 1.421600 -0.289600 1.436800 0.809300 0.331000 -0.202100 -0.441100
1305031467.044200 1.426800 -0.287900 1.437100 0.809100 0.331800 -0.203000 -0.440500
1305031467.054200 1.431900 -0.286200 1.437200 0.808600 0.333500 -0.202800 -0.440300
1305031467.064300 1.436700 -0.284400 1.437400 0.808100 0.333900 -0.203500 -0.440500
1305031467.074300 1.441800 -0.282500 1.437500 0.808000 0.335300 -0.203300 -0.439800
1305031467.084300 1.446300 -0.280600 1.437400 0.807000 0.336400 -0.204000 -0.440300
1305031467.094200 1.451100 -0.278900 1.437500 0.807000 0.338400 -0.202800 -0.439400
1305031467.104300 1.455800 -0.277200 1.437400 0.806400 0.340900 -0.202400 -0.438800
1305031467.114200 1.460600 -0.275900 1.437300 0.805900 0.343800 -0.201200 -0.438000
1305031467.124200 1.464200 -0.273800 1.437000 0.802500 0.345500 -0.204100 -0.441600
1305031467.134300 1.469400 -0.272400 1.437300 0.802000 0.350200 -0.201900 -0.439800
1305031467.144300 1.474000 -0.271000 1.437400 0.800900 0.352400 -0.201100 -0.440300
1305031467.154300 1.478100 -0.269200 1.437200 0.798900 0.354900 -0.201900 -0.441600
1305031467.164300 1.482600 -0.267600 1.437300 0.797700 0.357000 -0.202100 -0.442000
1305031467.174200 1.487000 -0.266300 1.437100 0.797000 0.357800 -0.202900 -0.442300
1305031467.184300 1.491400 -0.264700 1.437300 0.796700 0.360600 -0.202100 -0.440900
1305031467.194400 1.495400 -0.262900 1.437100 0.794600 0.362300 -0.204500 -0.442100
1305031467.204300 1.499800 -0.261600 1.437400 0.794200 0.364900 -0.204500 -0.440700
1305031467.214200 1.503800 -0.260000 1.437300 0.792100 0.366900 -0.206500 -0.441900
1305031467.224300 1.508300 -0.258600 1.437500 0.791500 0.369800 -0.207100 -0.440300
1305031467.234300 1.512600 -0.257300 1.437400 0.790700 0.372100 -0.208000 -0.439500
1305031467.244300 1.516700 -0.256000 1.437400 0.789500 0.373500 -0.209600 -0.439600
1305031467.254300 1.521200 -0.254800 1.437300 0.789100 0.375100 -0.210100 -0.438700
1305031467.264300 1.525200 -0.253000 1.437700 0.786700 0.377000 -0.211700 -0.440700
1305031467.274200 1.529900 -0.251800 1.437600 0.786000 0.378800 -0.211800 -0.440300
1305031467.284300 1.534200 -0.250500 1.437800 0.784500 0.381300 -0.212300 -0.440600
1305031467.294200 1.538300 -0.249000 1.437800 0.782500 0.383800 -0.213500 -0.441300
1305031467.304200 1.542900 -0.248000 1.437900 0.781700 0.385900 -0.214100 -0.440700
1305031467.314200 1.547400 -0.246700 1.438100 0.780200 0.388100 -0.214700 -0.441100
1305031467.324200 1.551700 -0.245400 1.438000 0.778800 0.390200 -0.216000 -0.441200
1305031467.334200 1.556400 -0.244100 1.438400 0.778100 0.392100 -0.216000 -0.440700
1305031467.344200 1.560500 -0.242800 1.438100 0.776800 0.393400 -0.218500 -0.440500
1305031467.354300 1.565100 -0.241400 1.438200 0.776500 0.394200 -0.219800 -0.439700
1305031467.364300 1.569300 -0.239900 1.438200 0.775800 0.396100 -0.221400 -0.438400
1305031467.374200 1.573900 -0.238800 1.438200 0.776000 0.398100 -0.222500 -0.435600
1305031467.384300 1.578500 -0.237500 1.438200 0.776200 0.400400 -0.223000 -0.433000
1305031467.394300 1.582900 -0.236300 1.437900 0.775500 0.402800 -0.224100 -0.431400
1305031467.404300 1.587100 -0.234700 1.438100 0.773400 0.405600 -0.226700 -0.431100
1305031467.414300 1.592000 -0.233900 1.438400 0.774000 0.406900 -0.226800 -0.428900
1305031467.424200 1.596900 -0.232800 1.438400 0.773600 0.409200 -0.226700 -0.427400
1305031467.434300 1.601800 -0.231300 1.438700 0.772700 0.410000 -0.228000 -0.427700
1305031467.444200 1.606300 -0.230000 1.439000 0.771200 0.410800 -0.230200 -0.428400
1305031467.454200 1.611300 -0.228900 1.439400 0.770800 0.411900 -0.231800 -0.427100
1305031467.464300 1.615100 -0.227500 1.439100 0.768500 0.412700 -0.235600 -0.428400
1305031467.474200 1.620000 -0.226400 1.439400 0.767900 0.414700 -0.237000 -0.426900
1305031467.524200 1.642900 -0.218900 1.439300 0.764800 0.426700 -0.239600 -0.419100
1305031467.534300 1.647500 -0.217500 1.439400 0.764400 0.428800 -0.239400 -0.417700
1305031467.544300 1.651900 -0.215700 1.439600 0.763800 0.430100 -0.239300 -0.417500
1305031467.554200 1.656400 -0.213700 1.440300 0.763400 0.431700 -0.238000 -0.417300
1305031467.564300 1.660600 -0.211800 1.440600 0.763200 0.431700 -0.238200 -0.417700
1305031467.574200 1.664700 -0.209600 1.440900 0.763000 0.431800 -0.238400 -0.417600
1305031467.584200 1.668600 -0.207200 1.441400 0.762600 0.431600 -0.239300 -0.418200
1305031467.594400 1.672400 -0.204700 1.441800 0.762500 0.432000 -0.239900 -0.417500
1305031467.604200 1.676200 -0.202200 1.442300 0.762700 0.431800 -0.240600 -0.417100
1305031467.614300 1.680100 -0.199900 1.442900 0.763400 0.432300 -0.240600 -0.415300
1305031467.624400 1.683400 -0.197100 1.443400 0.763000 0.432500 -0.242400 -0.414700
1305031467.634200 1.686600 -0.194100 1.444000 0.761900 0.432100 -0.245200 -0.415500
1305031467.644200 1.689800 -0.191300 1.444800 0.761300 0.431600 -0.247000 -0.416200
1305031467.654200 1.691500 -0.188200 1.444900 0.758400 0.429600 -0.253600 -0.419400
1305031467.664300 1.694500 -0.185100 1.445600 0.757900 0.429100 -0.255500 -0.419700
1305031467.674300 1.696600 -0.181500 1.446100 0.756200 0.428000 -0.257900 -0.422400
1305031467.694300 1.701500 -0.174500 1.447300 0.754800 0.429500 -0.260300 -0.421900
1305031467.704300 1.703500 -0.171100 1.447600 0.754200 0.432400 -0.260000 -0.420200
1305031467.714200 1.705100 -0.167300 1.447900 0.752400 0.433400 -0.261200 -0.421800
1305031467.724300 1.706900 -0.163600 1.448300 0.751300 0.434600 -0.260900 -0.422700
1305031467.734300 1.708500 -0.159500 1.448700 0.749500 0.436100 -0.261600 -0.423900
1305031467.744300 1.709900 -0.155700 1.449100 0.748500 0.436200 -0.261800 -0.425300
1305031467.754200 1.711400 -0.151400 1.449500 0.748200 0.437300 -0.261100 -0.425200
1305031467.764300 1.712200 -0.147000 1.449900 0.745600 0.436700 -0.263500 -0.428900
1305031467.774200 1.713100 -0.142600 1.449900 0.744600 0.437900 -0.264000 -0.429100
1305031467.784300 1.713800 -0.138400 1.450000 0.743900 0.439100 -0.264500 -0.428800
1305031467.794300 1.714300 -0.133700 1.450000 0.742300 0.440000 -0.266000 -0.429700
1305031467.804300 1.714700 -0.128900 1.450000 0.741000 0.441000 -0.266900 -0.430300
1305031467.814200 1.715100 -0.124000 1.449900 0.740200 0.441900 -0.267500 -0.430400
1305031467.824200 1.715300 -0.119300 1.449900 0.739200 0.442300 -0.268300 -0.431200
1305031467.834200 1.715600 -0.114200 1.450000 0.738300 0.441800 -0.269700 -0.432400
1305031467.844300 1.715700 -0.109100 1.449900 0.737100 0.441500 -0.271200 -0.433700
1305031467.854300 1.715400 -0.103900 1.449700 0.735700 0.441000 -0.273600 -0.435200
1305031467.864300 1.714900 -0.098500 1.449700 0.734500 0.439800 -0.276200 -0.436900
1305031467.874200 1.714500 -0.093200 1.449500 0.732900 0.439400 -0.278800 -0.438200
1305031467.884200 1.714000 -0.087800 1.449200 0.731300 0.439700 -0.281600 -0.438900
1305031467.894400 1.713400 -0.082600 1.448900 0.730000 0.440300 -0.284100 -0.438900
1305031467.904200 1.712500 -0.077100 1.448400 0.728400 0.441600 -0.286500 -0.438700
1305031467.914200 1.711600 -0.071900 1.448000 0.727400 0.443300 -0.288000 -0.437500
1305031467.924300 1.710500 -0.066400 1.447600 0.725600 0.444600 -0.290100 -0.437800
1305031467.934300 1.709300 -0.060800 1.447100 0.723600 0.445900 -0.292300 -0.438400
1305031467.944300 1.708400 -0.055200 1.446700 0.722500 0.446400 -0.293600 -0.438900
1305031467.954200 1.707100 -0.049500 1.446400 0.720700 0.447200 -0.295700 -0.439500
1305031467.964300 1.706000 -0.043700 1.446000 0.719700 0.447600 -0.296600 -0.440100
1305031467.974300 1.704500 -0.037800 1.445600 0.717800 0.448200 -0.298600 -0.441300
1305031467.984200 1.703200 -0.031800 1.445200 0.717000 0.447900 -0.299700 -0.442100
1305031467.994200 1.701700 -0.026000 1.444300 0.716700 0.449500 -0.299500 -0.441200
1305031468.004500 1.699900 -0.019900 1.443700 0.716300 0.450300 -0.299700 -0.440800
1305031468.014200 1.698300 -0.013800 1.443000 0.716200 0.451700 -0.299400 -0.439700
1305031468.024200 1.696500 -0.007700 1.442400 0.716000 0.452700 -0.299100 -0.439300
1305031468.034200 1.694900 -0.001500 1.441900 0.715700 0.453400 -0.299100 -0.439100
1305031468.044200 1.693100 0.004200 1.441500 0.715700 0.455400 -0.297900 -0.437700
1305031468.054200 1.691100 0.010200 1.441300 0.713700 0.455800 -0.299100 -0.439700
1305031468.064400 1.689400 0.016500 1.441200 0.712100 0.456900 -0.300200 -0.440400
1305031468.074200 1.687500 0.022600 1.441000 0.710200 0.457200 -0.301900 -0.442200
1305031468.084300 1.685500 0.028900 1.440900 0.709000 0.458300 -0.302900 -0.442300
1305031468.094300 1.683700 0.035200 1.440900 0.708400 0.458800 -0.303800 -0.442000
1305031468.104200 1.681500 0.041400 1.440700 0.708000 0.459900 -0.304700 -0.441000
1305031468.114200 1.679600 0.048000 1.440600 0.707600 0.460600 -0.305500 -0.440200
1305031468.124200 1.677500 0.054100 1.440700 0.707500 0.460900 -0.306200 -0.439600
1305031468.134200 1.676000 0.060300 1.441000 0.709100 0.462400 -0.304400 -0.436600
1305031468.144200 1.673800 0.066600 1.441300 0.708100 0.463100 -0.305400 -0.436900
1305031468.154200 1.671900 0.073100 1.441700 0.707000 0.463700 -0.306300 -0.437400
1305031468.164300 1.670100 0.079600 1.442300 0.705900 0.465100 -0.306400 -0.437600
1305031468.174300 1.668200 0.086000 1.442800 0.705400 0.466300 -0.306500 -0.437100
1305031468.184300 1.666500 0.092400 1.443500 0.704900 0.467500 -0.306300 -0.436800
1305031468.194700 1.664700 0.099000 1.444300 0.704800 0.468400 -0.305800 -0.436200
1305031468.204300 1.662700 0.105700 1.445300 0.704100 0.469600 -0.306000 -0.436000
1305031468.214300 1.660800 0.112400 1.446300 0.704300 0.470200 -0.305700 -0.435200
1305031468.224200 1.659300 0.119300 1.447700 0.705000 0.470300 -0.305200 -0.434300
1305031468.234200 1.657900 0.126100 1.449100 0.706000 0.470300 -0.304600 -0.433000
1305031468.244200 1.655800 0.133100 1.450700 0.706100 0.470100 -0.305200 -0.432700
1305031468.254200 1.654000 0.140100 1.452500 0.706000 0.469800 -0.305700 -0.432900
1305031468.264300 1.652500 0.147000 1.454300 0.707200 0.469500 -0.305000 -0.431800
1305031468.274300 1.650800 0.153900 1.456100 0.707500 0.468900 -0.305000 -0.431900
1305031468.284400 1.649100 0.160900 1.458300 0.707900 0.469200 -0.304500 -0.431400
1305031468.294200 1.647500 0.167600 1.460300 0.708400 0.469800 -0.303800 -0.430400
1305031468.304300 1.646200 0.174300 1.462600 0.708900 0.470100 -0.303100 -0.429700
1305031468.314200 1.644700 0.181000 1.465100 0.709400 0.469700 -0.302100 -0.430000
1305031468.324300 1.643200 0.187700 1.467500 0.709600 0.469000 -0.302300 -0.430300
1305031468.334200 1.641500 0.194300 1.470200 0.709500 0.468100 -0.303000 -0.431000
1305031468.344300 1.640200 0.200800 1.472900 0.709800 0.466800 -0.303200 -0.431600
1305031468.354200 1.638700 0.207300 1.475800 0.710400 0.465200 -0.303600 -0.432100
1305031468.364300 1.637300 0.213800 1.478600 0.711000 0.464200 -0.303600 -0.432200
1305031468.374200 1.635700 0.220100 1.481600 0.711500 0.463500 -0.303800 -0.432000
1305031468.384400 1.634200 0.226200 1.484300 0.712700 0.463600 -0.303100 -0.430400
1305031468.394200 1.632400 0.232300 1.487200 0.713200 0.464000 -0.302700 -0.429500
1305031468.404200 1.630700 0.238400 1.490100 0.713700 0.464900 -0.302000 -0.428200
1305031468.414200 1.629200 0.244200 1.493200 0.714400 0.466000 -0.300800 -0.426600
1305031468.424200 1.627300 0.249700 1.496400 0.715000 0.466300 -0.300900 -0.425100
1305031468.434200 1.625600 0.255300 1.499600 0.715500 0.466400 -0.300700 -0.424400
1305031468.444200 1.623900 0.260800 1.503100 0.716000 0.466100 -0.301200 -0.423400
1305031468.454200 1.621900 0.266200 1.506700 0.716400 0.465700 -0.301900 -0.422800
1305031468.464300 1.620100 0.271800 1.510300 0.716800 0.465800 -0.302200 -0.421700
1305031468.474200 1.618000 0.276900 1.513900 0.717800 0.465300 -0.302200 -0.420700
1305031468.484400 1.616000 0.282000 1.517500 0.718600 0.465600 -0.301500 -0.419500
1305031468.494200 1.613800 0.286700 1.521300 0.719700 0.465800 -0.300400 -0.418200
1305031468.504300 1.611500 0.291600 1.525000 0.720300 0.466700 -0.298900 -0.417100
1305031468.514300 1.609200 0.296100 1.528700 0.720500 0.467800 -0.297200 -0.416700
1305031468.524200 1.606900 0.300300 1.532700 0.720200 0.468800 -0.296400 -0.416900
1305031468.534300 1.604200 0.304400 1.536600 0.719100 0.470400 -0.295500 -0.417500
1305031468.544200 1.601900 0.308300 1.540700 0.717600 0.472300 -0.294400 -0.418700
1305031468.554200 1.599400 0.312300 1.544900 0.715700 0.474200 -0.293600 -0.420300
1305031468.564300 1.596500 0.316000 1.549000 0.713300 0.476200 -0.293400 -0.422300
1305031468.574200 1.593800 0.319600 1.553100 0.711600 0.477800 -0.293000 -0.423700
1305031468.584400 1.591100 0.323300 1.557100 0.709900 0.480000 -0.292500 -0.424400
1305031468.594200 1.588100 0.326700 1.561100 0.709000 0.481300 -0.292100 -0.424600
1305031468.604300 1.585200 0.330100 1.565000 0.709300 0.482300 -0.291200 -0.423700
1305031468.614200 1.582200 0.333400 1.568800 0.709300 0.483500 -0.291100 -0.422400
1305031468.624200 1.579300 0.336600 1.572500 0.710600 0.485100 -0.289700 -0.419300
1305031468.634200 1.576100 0.339500 1.576100 0.711600 0.485400 -0.289100 -0.417600
1305031468.644200 1.573100 0.342500 1.579800 0.712100 0.486400 -0.289000 -0.415700
1305031468.654200 1.570000 0.345700 1.583400 0.711500 0.487200 -0.290000 -0.415200
1305031468.664300 1.566900 0.348400 1.587300 0.710900 0.487900 -0.290600 -0.414900
1305031468.674200 1.563900 0.351100 1.591100 0.709400 0.489500 -0.291600 -0.414800
1305031468.684200 1.560700 0.353700 1.594900 0.708000 0.491000 -0.292500 -0.414800
1305031468.694200 1.557200 0.356300 1.598500 0.705700 0.491400 -0.294200 -0.417000
1305031468.704300 1.553900 0.358800 1.602200 0.703900 0.492700 -0.295900 -0.417400
1305031468.714200 1.550600 0.361100 1.605800 0.702600 0.493200 -0.297700 -0.417800
1305031468.724200 1.547400 0.363600 1.609500 0.701300 0.494300 -0.298500 -0.418000
1305031468.734200 1.544200 0.365700 1.613100 0.700600 0.494700 -0.300300 -0.417500
1305031468.744200 1.541100 0.368000 1.616500 0.700200 0.494600 -0.301600 -0.417300
1305031468.754200 1.537800 0.370300 1.619900 0.699300 0.494600 -0.303400 -0.417500
1305031468.764300 1.534500 0.372300 1.623300 0.699100 0.495300 -0.303900 -0.416700
1305031468.774300 1.531300 0.374500 1.626700 0.698700 0.496200 -0.304200 -0.416000
1305031468.784200 1.527800 0.376500 1.629900 0.697300 0.496900 -0.305100 -0.416800
1305031468.794800 1.524600 0.378500 1.633200 0.696200 0.498100 -0.305000 -0.417400
1305031468.804200 1.521300 0.380300 1.636600 0.694200 0.499300 -0.305100 -0.419100
1305031468.814300 1.518100 0.382200 1.639900 0.692200 0.500700 -0.305100 -0.420800
1305031468.825100 1.515000 0.384000 1.643200 0.690200 0.502300 -0.304900 -0.422400
1305031468.834200 1.511500 0.385800 1.646300 0.687600 0.503000 -0.305900 -0.425000
1305031468.845700 1.508300 0.387600 1.649500 0.686300 0.504100 -0.305800 -0.425800
1305031468.854300 1.504700 0.389200 1.652400 0.685400 0.504200 -0.305600 -0.427200
1305031468.864200 1.501700 0.390900 1.655200 0.685400 0.505700 -0.304400 -0.426500
1305031468.874200 1.498300 0.392600 1.657900 0.685800 0.506400 -0.302600 -0.426200
1305031468.885200 1.495400 0.394200 1.660400 0.686300 0.507200 -0.300700 -0.425700
1305031468.894300 1.492200 0.395800 1.663100 0.687800 0.507000 -0.297800 -0.425600
1305031468.904200 1.489100 0.397400 1.665500 0.688500 0.507100 -0.296100 -0.425600
1305031468.914200 1.485900 0.399200 1.667900 0.689300 0.506500 -0.295000 -0.425800
1305031468.924200 1.483200 0.400900 1.670000 0.691000 0.505500 -0.293300 -0.425400
1305031468.934200 1.480100 0.402600 1.672100 0.693100 0.504600 -0.291600 -0.424300
1305031468.944200 1.477100 0.404300 1.674100 0.695200 0.502600 -0.290500 -0.424000
1305031468.954200 1.474100 0.405900 1.676000 0.697900 0.501800 -0.288400 -0.421900
1305031468.964300 1.471000 0.407500 1.677700 0.699800 0.501000 -0.286900 -0.420600
1305031468.974200 1.468100 0.409200 1.679300 0.701300 0.501500 -0.285000 -0.418800
1305031468.984200 1.465000 0.410900 1.680500 0.703100 0.502400 -0.282700 -0.416300
1305031468.994200 1.461800 0.412600 1.681600 0.704300 0.504000 -0.280900 -0.413500
1305031469.004200 1.458700 0.414200 1.682300 0.707100 0.507000 -0.277100 -0.407700
1305031469.014200 1.455900 0.415900 1.682900 0.709100 0.509300 -0.273900 -0.403300
1305031469.024200 1.453000 0.417600 1.683500 0.711600 0.512200 -0.270100 -0.397900
1305031469.034200 1.449800 0.419300 1.684000 0.713600 0.514000 -0.267000 -0.394000
1305031469.044200 1.446800 0.421200 1.684500 0.714900 0.516000 -0.264600 -0.390800
1305031469.054200 1.443600 0.422900 1.684900 0.715500 0.517800 -0.263200 -0.388200
1305031469.064200 1.440500 0.424600 1.685200 0.715700 0.520200 -0.261700 -0.385700
1305031469.074200 1.437400 0.426200 1.685400 0.716100 0.522800 -0.259500 -0.382800
1305031469.084200 1.434400 0.428000 1.685400 0.716000 0.525500 -0.257700 -0.380500
1305031469.094300 1.431300 0.429700 1.685500 0.716300 0.529000 -0.254600 -0.377200
1305031469.104200 1.428600 0.431500 1.685200 0.716900 0.532000 -0.250800 -0.374400
1305031469.114200 1.425500 0.433500 1.684700 0.717000 0.534600 -0.247700 -0.372300
1305031469.124200 1.422800 0.435400 1.684100 0.718300 0.537400 -0.242800 -0.369200
1305031469.134200 1.419900 0.437400 1.683500 0.719200 0.539300 -0.238500 -0.367600
1305031469.144200 1.417200 0.439300 1.682800 0.720200 0.541300 -0.233900 -0.365500
1305031469.154200 1.414100 0.441400 1.681900 0.720900 0.542700 -0.230500 -0.364200
1305031469.164200 1.411400 0.443500 1.681000 0.721900 0.544000 -0.226300 -0.362900
1305031469.174300 1.409400 0.445400 1.680300 0.724300 0.545000 -0.220200 -0.360400
1305031469.184200 1.406200 0.447500 1.679100 0.724800 0.545400 -0.217900 -0.360200
1305031469.194300 1.403300 0.449600 1.678000 0.725600 0.546200 -0.214300 -0.359500
1305031469.204300 1.400400 0.451700 1.676800 0.726200 0.546500 -0.211700 -0.359300
1305031469.214200 1.397500 0.453900 1.675500 0.726300 0.546900 -0.210300 -0.359300
1305031469.224200 1.394600 0.455900 1.674300 0.726900 0.547800 -0.207800 -0.358400
1305031469.234200 1.391500 0.458000 1.673000 0.726800 0.547800 -0.206900 -0.359000
1305031469.244200 1.388700 0.459700 1.671400 0.726900 0.548800 -0.206100 -0.357700
1305031469.254200 1.385800 0.461700 1.669700 0.726900 0.549700 -0.204800 -0.357100
1305031469.264200 1.383500 0.463600 1.668100 0.727500 0.551300 -0.202400 -0.354800
1305031469.274300 1.381000 0.465500 1.666500 0.727800 0.552900 -0.200600 -0.352500
1305031469.284200 1.378000 0.467200 1.664500 0.728500 0.553300 -0.198700 -0.351600
1305031469.294300 1.376100 0.469100 1.663100 0.729700 0.553500 -0.194500 -0.351100
1305031469.304200 1.373300 0.470900 1.660900 0.730400 0.553500 -0.193000 -0.350600
1305031469.314300 1.370600 0.472500 1.658600 0.731000 0.553900 -0.191100 -0.349700
1305031469.324200 1.368100 0.474100 1.656200 0.731600 0.554300 -0.189800 -0.348500
1305031469.334200 1.365300 0.475500 1.653600 0.731800 0.554500 -0.189100 -0.348200
1305031469.344200 1.362800 0.477000 1.650900 0.732500 0.555200 -0.187200 -0.346500
1305031469.354200 1.360300 0.478500 1.648100 0.733200 0.556400 -0.184900 -0.344500
1305031469.364300 1.357900 0.479900 1.645200 0.733500 0.556900 -0.182600 -0.344300
1305031469.374200 1.355600 0.481300 1.642300 0.734800 0.557900 -0.177600 -0.342500
1305031469.384200 1.353300 0.482700 1.639400 0.735500 0.558100 -0.173200 -0.343000
1305031469.394500 1.351000 0.484000 1.636500 0.735800 0.558000 -0.169500 -0.344300
1305031469.404200 1.348800 0.485300 1.633300 0.735900 0.557800 -0.165800 -0.346200
1305031469.414200 1.346800 0.486700 1.630300 0.736100 0.558000 -0.161500 -0.347400
1305031469.424200 1.344600 0.487900 1.627100 0.735700 0.558300 -0.158200 -0.349400
1305031469.434200 1.342600 0.489200 1.623800 0.735400 0.559000 -0.154200 -0.350500
1305031469.444300 1.340600 0.490400 1.620400 0.735100 0.559800 -0.150600 -0.351600
1305031469.454200 1.338500 0.491600 1.616800 0.734700 0.560900 -0.147000 -0.352200
1305031469.464300 1.336700 0.492900 1.613400 0.734100 0.562000 -0.143700 -0.353000
1305031469.474200 1.334800 0.494100 1.609800 0.734200 0.562600 -0.140300 -0.353300
1305031469.484200 1.333100 0.495100 1.606100 0.734400 0.563200 -0.137300 -0.353000
1305031469.494200 1.330800 0.496400 1.602200 0.733100 0.563200 -0.137900 -0.355500
1305031469.504300 1.329500 0.497500 1.598600 0.733700 0.563300 -0.135900 -0.354700
1305031469.514300 1.327300 0.498600 1.594500 0.733500 0.564300 -0.136200 -0.353600
1305031469.524200 1.325500 0.499700 1.590500 0.733500 0.564600 -0.136400 -0.353000
1305031469.534200 1.324200 0.500500 1.586500 0.734700 0.564600 -0.135100 -0.350900
1305031469.544400 1.322500 0.501700 1.582200 0.734700 0.565100 -0.135400 -0.350000
1305031469.554200 1.320700 0.502600 1.577700 0.734600 0.566300 -0.135800 -0.348200
1305031469.564200 1.319500 0.503400 1.573500 0.736000 0.566300 -0.134200 -0.345900
1305031469.574200 1.318100 0.504300 1.569000 0.736800 0.566700 -0.133400 -0.343700
1305031469.584200 1.316600 0.505200 1.564400 0.737400 0.566300 -0.133800 -0.343100
1305031469.594200 1.315300 0.505900 1.559600 0.738500 0.566800 -0.133000 -0.340100
1305031469.604200 1.313800 0.506800 1.554800 0.738900 0.567200 -0.133400 -0.338300
1305031469.614200 1.312400 0.507500 1.550000 0.740300 0.566900 -0.132800 -0.336100
1305031469.624200 1.311200 0.508000 1.545100 0.741900 0.566600 -0.131300 -0.333600
1305031469.634300 1.309800 0.508600 1.540100 0.743000 0.566800 -0.130300 -0.331300
1305031469.644200 1.308600 0.509200 1.535300 0.744200 0.565900 -0.129000 -0.330400
1305031469.654200 1.307300 0.509500 1.530400 0.745400 0.565500 -0.127200 -0.329200
1305031469.664300 1.305800 0.509800 1.525500 0.746100 0.565100 -0.126300 -0.328700
1305031469.674200 1.304400 0.510100 1.520600 0.746800 0.564600 -0.125200 -0.328300
1305031469.684200 1.303000 0.510200 1.515600 0.747700 0.564300 -0.124100 -0.327400
1305031469.694200 1.301800 0.510300 1.510800 0.748500 0.564000 -0.122600 -0.326500
1305031469.704300 1.300300 0.510100 1.505700 0.749500 0.563600 -0.121300 -0.325400
1305031469.714200 1.298900 0.510100 1.500600 0.750400 0.563100 -0.119800 -0.324700
1305031469.724200 1.297600 0.509800 1.495600 0.751700 0.562200 -0.118300 -0.323900
1305031469.734200 1.296000 0.509400 1.490400 0.752900 0.561300 -0.116800 -0.323100
1305031469.744200 1.294700 0.508900 1.485600 0.754300 0.560300 -0.115200 -0.322200
1305031469.754200 1.293200 0.508200 1.480400 0.755600 0.559300 -0.114100 -0.321200
1305031469.764200 1.291900 0.507400 1.475200 0.757100 0.558700 -0.112100 -0.319400
1305031469.774500 1.290400 0.506500 1.470200 0.758300 0.557800 -0.111300 -0.318500
1305031469.784200 1.289100 0.505600 1.465000 0.759600 0.557400 -0.110600 -0.316300
1305031469.794200 1.287400 0.504300 1.459800 0.760600 0.557200 -0.110100 -0.314500
1305031469.804200 1.285900 0.502900 1.454700 0.761600 0.556300 -0.110400 -0.313400
1305031469.814200 1.284600 0.501400 1.449800 0.762500 0.556300 -0.110000 -0.311400
1305031469.824200 1.283000 0.499800 1.444700 0.763300 0.555900 -0.110500 -0.310100
1305031469.834500 1.281600 0.498000 1.439600 0.763900 0.555700 -0.110700 -0.308900
1305031469.844200 1.280200 0.496100 1.434600 0.765100 0.555500 -0.110600 -0.306400
1305031469.854200 1.278800 0.494000 1.429500 0.766300 0.555100 -0.110300 -0.304200
1305031469.864300 1.277500 0.491900 1.424500 0.767100 0.555200 -0.110000 -0.301900
1305031469.874200 1.276100 0.489700 1.419500 0.767900 0.555000 -0.110300 -0.300300
1305031469.884300 1.274700 0.487300 1.414600 0.768600 0.554400 -0.110900 -0.299400
1305031469.894200 1.273400 0.484900 1.409700 0.769500 0.554100 -0.110500 -0.297800
1305031469.904200 1.271800 0.482300 1.404700 0.770300 0.553000 -0.111200 -0.297300
1305031469.914200 1.270500 0.479500 1.399900 0.771400 0.552600 -0.111000 -0.295500
1305031469.924300 1.269000 0.476700 1.395200 0.772400 0.551900 -0.110900 -0.294100
1305031469.934200 1.267600 0.473500 1.390600 0.773100 0.551400 -0.111500 -0.292800
1305031469.944200 1.265900 0.470600 1.385800 0.773200 0.551300 -0.112700 -0.292300
1305031469.954300 1.264600 0.467300 1.381300 0.773600 0.551000 -0.113300 -0.291700
1305031469.964300 1.263100 0.463900 1.376700 0.774000 0.550600 -0.114500 -0.291000
1305031469.974200 1.261500 0.460600 1.372300 0.774400 0.550100 -0.115100 -0.290800
1305031469.984300 1.259900 0.457000 1.367800 0.774900 0.549700 -0.115400 -0.289800
1305031469.994500 1.258400 0.453500 1.363500 0.775300 0.549400 -0.115300 -0.289400
1305031470.004200 1.256700 0.449800 1.359100 0.775500 0.548900 -0.116700 -0.289100
1305031470.014200 1.255200 0.446000 1.355000 0.776000 0.548900 -0.116600 -0.288000
1305031470.024200 1.253700 0.441900 1.350800 0.776300 0.548700 -0.117100 -0.287200
1305031470.034300 1.252000 0.438200 1.346700 0.776300 0.548900 -0.117500 -0.286800
1305031470.044200 1.250800 0.434000 1.342900 0.776600 0.548900 -0.117300 -0.285900
1305031470.054200 1.249200 0.429900 1.339100 0.777000 0.548900 -0.116800 -0.285300
1305031470.064200 1.247800 0.425800 1.335400 0.777200 0.548700 -0.116500 -0.285200
1305031470.074200 1.246300 0.421600 1.331700 0.777400 0.548600 -0.116600 -0.284800
1305031470.084200 1.244900 0.417400 1.328300 0.777800 0.547600 -0.116700 -0.285600
1305031470.094200 1.243500 0.412900 1.324800 0.778600 0.547200 -0.116000 -0.284500
1305031470.104200 1.241900 0.408700 1.321300 0.778800 0.546700 -0.117000 -0.284500
1305031470.114200 1.240700 0.404200 1.318100 0.779600 0.546300 -0.116400 -0.283100
1305031470.124200 1.239400 0.399600 1.314900 0.780900 0.545700 -0.115700 -0.281100
1305031470.134200 1.238000 0.395100 1.311800 0.781600 0.545300 -0.115200 -0.280200
1305031470.144200 1.236500 0.390600 1.308700 0.782200 0.544700 -0.115300 -0.279600
1305031470.154200 1.235100 0.386000 1.305700 0.782900 0.543900 -0.115600 -0.279100
1305031470.164200 1.233600 0.381400 1.302700 0.783500 0.543300 -0.116000 -0.278500
1305031470.174200 1.232300 0.376900 1.300100 0.784100 0.542800 -0.116100 -0.277700
1305031470.184200 1.230900 0.372200 1.297300 0.784600 0.541900 -0.117000 -0.277500
1305031470.194200 1.229300 0.367500 1.294700 0.784900 0.541300 -0.118300 -0.277400
1305031470.204200 1.228000 0.362900 1.292100 0.786100 0.540500 -0.117700 -0.276000
1305031470.214200 1.226700 0.358300 1.289600 0.787000 0.539900 -0.117500 -0.274400
1305031470.224200 1.225200 0.353500 1.287100 0.788000 0.539000 -0.117500 -0.273300
1305031470.234200 1.223600 0.348900 1.284500 0.788900 0.538100 -0.117500 -0.272400
1305031470.244200 1.222000 0.344200 1.282000 0.789800 0.537200 -0.117300 -0.271700
1305031470.254200 1.220400 0.339600 1.279500 0.790800 0.536500 -0.117100 -0.270500
1305031470.264200 1.219000 0.334900 1.277200 0.791700 0.536100 -0.116400 -0.268700
1305031470.274200 1.217300 0.330200 1.274600 0.792700 0.535300 -0.116600 -0.267500
1305031470.284200 1.215900 0.325500 1.272500 0.793900 0.534700 -0.115100 -0.265600
1305031470.294200 1.214000 0.320900 1.270000 0.794700 0.534100 -0.114700 -0.264800
1305031470.304200 1.212400 0.316300 1.267700 0.795500 0.533800 -0.114100 -0.263200
1305031470.314200 1.210700 0.311700 1.265400 0.796500 0.533200 -0.113400 -0.261500
1305031470.324200 1.209000 0.307100 1.263200 0.797600 0.532700 -0.112800 -0.259300
1305031470.334200 1.207300 0.302500 1.261000 0.798500 0.532100 -0.112800 -0.257900
1305031470.344200 1.205700 0.297900 1.259000 0.799800 0.531100 -0.112500 -0.255900
1305031470.354200 1.204000 0.293200 1.256900 0.800800 0.530100 -0.113100 -0.254800
1305031470.364200 1.202300 0.288600 1.255100 0.801800 0.529300 -0.113300 -0.253100
1305031470.374200 1.200500 0.284000 1.253500 0.803100 0.528300 -0.113200 -0.251100
1305031470.384200 1.198800 0.279400 1.251700 0.804100 0.527400 -0.113600 -0.249800
1305031470.394200 1.197200 0.274800 1.250100 0.805000 0.526300 -0.113900 -0.249000
1305031470.404200 1.195200 0.270300 1.248400 0.805300 0.526000 -0.114500 -0.248300
1305031470.414200 1.193400 0.265700 1.246800 0.805300 0.526300 -0.114800 -0.247400
1305031470.424200 1.191700 0.261100 1.245300 0.805500 0.526600 -0.114700 -0.246600
1305031470.434200 1.190000 0.256700 1.244200 0.805400 0.526900 -0.114100 -0.246100
1305031470.444200 1.188100 0.252600 1.242800 0.804600 0.527500 -0.115200 -0.247000
1305031470.454200 1.186200 0.248100 1.241600 0.804700 0.527700 -0.115600 -0.246500
1305031470.464200 1.184300 0.243900 1.240300 0.804600 0.527500 -0.116000 -0.246900
1305031470.474200 1.182400 0.239600 1.239300 0.804600 0.527300 -0.116400 -0.247100
1305031470.484200 1.180600 0.235500 1.238300 0.804800 0.527000 -0.116800 -0.246800
1305031470.494200 1.178600 0.231400 1.237300 0.804900 0.526600 -0.117600 -0.246900
1305031470.504200 1.176800 0.227300 1.236300 0.805300 0.526000 -0.117900 -0.246700
1305031470.514200 1.175000 0.223300 1.235300 0.805300 0.526100 -0.118200 -0.246600
1305031470.524200 1.173100 0.219500 1.234200 0.805200 0.525900 -0.118300 -0.247100
1305031470.534200 1.171200 0.215500 1.233300 0.805200 0.526100 -0.118100 -0.246800
1305031470.544200 1.169300 0.211900 1.232200 0.805200 0.526200 -0.117800 -0.246600
1305031470.554200 1.167300 0.208300 1.231100 0.805400 0.525900 -0.117800 -0.246500
1305031470.564200 1.165200 0.204600 1.230000 0.805700 0.525300 -0.117700 -0.246900
1305031470.574200 1.163500 0.201200 1.229200 0.806400 0.525300 -0.116500 -0.245500
1305031470.584200 1.161500 0.197700 1.228300 0.807000 0.524300 -0.116800 -0.245500
1305031470.594500 1.159500 0.194400 1.227300 0.807600 0.523300 -0.117200 -0.245600
1305031470.604200 1.157600 0.191000 1.226400 0.808500 0.522000 -0.117400 -0.245300
1305031470.614200 1.155700 0.187700 1.225400 0.809400 0.520900 -0.117200 -0.244400
1305031470.624200 1.153800 0.184700 1.224400 0.810200 0.520000 -0.117400 -0.243600
1305031470.634200 1.151900 0.181300 1.223700 0.811500 0.518900 -0.116500 -0.242000
1305031470.644200 1.149900 0.178400 1.222700 0.812000 0.518000 -0.117000 -0.241900
1305031470.654200 1.147900 0.175400 1.221700 0.813000 0.516700 -0.117200 -0.241600
1305031470.664200 1.145800 0.172500 1.220900 0.813600 0.516000 -0.117500 -0.240800
1305031470.674200 1.143700 0.169500 1.220000 0.814300 0.514800 -0.117900 -0.240800
1305031470.684200 1.141600 0.166600 1.219000 0.815200 0.514200 -0.117700 -0.239100
1305031470.694200 1.139700 0.163800 1.218200 0.815800 0.513700 -0.117800 -0.238100
1305031470.704200 1.137500 0.160900 1.217400 0.816500 0.513200 -0.117900 -0.236800
1305031470.714200 1.135500 0.158400 1.216600 0.816800 0.512800 -0.118200 -0.236200
1305031470.724200 1.133400 0.155500 1.216000 0.817300 0.511900 -0.118700 -0.236400
1305031470.734200 1.131200 0.153000 1.215400 0.817400 0.510900 -0.119700 -0.237700
1305031470.744200 1.129300 0.150500 1.214900 0.818200 0.509800 -0.118800 -0.237700
1305031470.754200 1.127500 0.148100 1.214500 0.819200 0.508400 -0.118300 -0.237500
1305031470.764500 1.125800 0.145500 1.213900 0.820700 0.506800 -0.116800 -0.236700
1305031470.774200 1.123800 0.143100 1.213500 0.822100 0.505400 -0.114900 -0.235800
1305031470.784500 1.122100 0.140800 1.213000 0.823300 0.503800 -0.113700 -0.235500
1305031470.794200 1.120100 0.138600 1.212400 0.824100 0.502400 -0.112800 -0.235900
1305031470.804200 1.118100 0.136200 1.212100 0.824800 0.501400 -0.112400 -0.236000
1305031470.814300 1.116100 0.133800 1.212000 0.825600 0.499900 -0.112500 -0.236400
1305031470.824200 1.114200 0.131600 1.211800 0.825900 0.498800 -0.113200 -0.237200
1305031470.834200 1.112200 0.129400 1.211900 0.826200 0.497300 -0.114200 -0.238800
1305031470.844200 1.110100 0.127100 1.211800 0.826300 0.496000 -0.115500 -0.240600
1305031470.854200 1.108100 0.124700 1.211900 0.826700 0.494700 -0.116400 -0.241700
1305031470.864200 1.106200 0.122400 1.212200 0.827300 0.493500 -0.116700 -0.241700
1305031470.874200 1.104200 0.120100 1.212300 0.827400 0.492400 -0.117600 -0.243100
1305031470.884200 1.102200 0.117900 1.212500 0.827600 0.491100 -0.118700 -0.244400
1305031470.894200 1.100400 0.115700 1.212800 0.828200 0.490200 -0.119000 -0.244300
1305031470.904200 1.098100 0.113600 1.212900 0.828200 0.489100 -0.121300 -0.245300
1305031470.914200 1.096200 0.111200 1.213500 0.828700 0.488000 -0.121800 -0.245500
1305031470.924200 1.094200 0.109000 1.214000 0.828800 0.486900 -0.123500 -0.246300
1305031470.934200 1.092100 0.106700 1.214600 0.828900 0.485900 -0.125200 -0.247400
1305031470.944200 1.090100 0.104300 1.215300 0.828800 0.484800 -0.127100 -0.248800
1305031470.954200 1.088000 0.102100 1.216300 0.828200 0.483800 -0.129500 -0.251400
1305031470.964200 1.086000 0.100100 1.217200 0.827500 0.483000 -0.131300 -0.254500
1305031470.974200 1.084000 0.098000 1.218200 0.826800 0.482500 -0.132800 -0.256700
1305031470.984200 1.082000 0.095800 1.219100 0.826800 0.481400 -0.133800 -0.258200
1305031470.994200 1.080000 0.093800 1.220000 0.826900 0.480300 -0.134300 -0.260000
1305031471.004100 1.077800 0.091900 1.220900 0.826600 0.479300 -0.134800 -0.262200
1305031471.014200 1.075900 0.089900 1.221900 0.826700 0.478100 -0.134900 -0.264200
1305031471.024200 1.073900 0.088100 1.222900 0.826400 0.476900 -0.135400 -0.266900
1305031471.034200 1.071800 0.086400 1.223900 0.826100 0.475700 -0.136300 -0.269600
1305031471.044200 1.069700 0.084500 1.225000 0.826000 0.474200 -0.136700 -0.272300
1305031471.054200 1.067800 0.082800 1.226400 0.825800 0.472500 -0.137200 -0.275500
1305031471.064200 1.065800 0.081100 1.227400 0.826000 0.471100 -0.137500 -0.277500
1305031471.074200 1.064100 0.079600 1.228700 0.826300 0.469200 -0.137700 -0.279600
1305031471.084200 1.062100 0.078000 1.229700 0.826300 0.467300 -0.138700 -0.282200
1305031471.094200 1.060000 0.076400 1.230700 0.826600 0.465500 -0.140000 -0.283700
1305031471.104200 1.058200 0.074800 1.231900 0.827300 0.464000 -0.140400 -0.284000
1305031471.114200 1.056400 0.073300 1.232900 0.827500 0.462000 -0.142200 -0.285700
1305031471.124200 1.054800 0.071600 1.234000 0.828200 0.460200 -0.143100 -0.285900
1305031471.134200 1.053000 0.070100 1.235100 0.828600 0.458400 -0.144300 -0.287300
1305031471.144200 1.051100 0.068700 1.236100 0.828600 0.456300 -0.145800 -0.289800
1305031471.154200 1.049500 0.067200 1.237000 0.829200 0.454400 -0.146600 -0.290700
1305031471.164200 1.047800 0.065800 1.237900 0.829800 0.452700 -0.147000 -0.291400
1305031471.174200 1.046100 0.064500 1.238600 0.830100 0.451100 -0.147500 -0.292700
1305031471.184200 1.044500 0.063100 1.239400 0.831100 0.448900 -0.147200 -0.293400
1305031471.194300 1.042600 0.061800 1.239900 0.831900 0.446700 -0.147300 -0.294300
1305031471.204200 1.040900 0.060700 1.240400 0.832600 0.445100 -0.147100 -0.295000
1305031471.214200 1.039100 0.059300 1.240900 0.833700 0.443200 -0.146500 -0.295100
1305031471.224200 1.037100 0.058000 1.241400 0.834500 0.441700 -0.146200 -0.295300
1305031471.234200 1.035500 0.056700 1.241900 0.835600 0.440900 -0.144900 -0.294000
1305031471.244200 1.033700 0.055300 1.242200 0.836200 0.439600 -0.144700 -0.294300
1305031471.254200 1.031800 0.054000 1.242500 0.836700 0.438700 -0.144300 -0.294300
1305031471.264200 1.029900 0.052700 1.242900 0.837200 0.437400 -0.144000 -0.295000
1305031471.274200 1.028500 0.051400 1.243500 0.838300 0.436500 -0.143400 -0.293700
1305031471.284200 1.026800 0.050100 1.244000 0.838800 0.434800 -0.143400 -0.294600
1305031471.294200 1.025200 0.048900 1.244400 0.839400 0.433000 -0.143600 -0.295600
1305031471.304200 1.023800 0.047700 1.245100 0.839900 0.431300 -0.143500 -0.296600
1305031471.314200 1.022400 0.046500 1.245800 0.840400 0.429300 -0.143200 -0.298100
1305031471.324200 1.021000 0.045500 1.246300 0.840500 0.427700 -0.143000 -0.300200
1305031471.334200 1.019700 0.044400 1.246900 0.841100 0.426100 -0.142200 -0.301300
1305031471.344200 1.018400 0.043400 1.247500 0.841600 0.424900 -0.140500 -0.302300
1305031471.355600 1.017300 0.042300 1.248000 0.842500 0.423600 -0.138300 -0.302700
1305031471.364200 1.016100 0.041300 1.248500 0.843300 0.422000 -0.136500 -0.303500
1305031471.374200 1.015300 0.040400 1.249100 0.844900 0.420100 -0.133800 -0.303100
1305031471.384200 1.014300 0.039200 1.250000 0.846000 0.418300 -0.131500 -0.303300
1305031471.394200 1.013100 0.038300 1.250700 0.846400 0.416300 -0.131500 -0.304900
1305031471.404200 1.012000 0.037500 1.251500 0.846500 0.414300 -0.131300 -0.307400
1305031471.414200 1.011100 0.036500 1.252400 0.847200 0.412300 -0.131500 -0.308200
1305031471.424300 1.010000 0.035600 1.253300 0.847300 0.410500 -0.132700 -0.309700
1305031471.434200 1.009000 0.034600 1.254000 0.847800 0.408700 -0.133600 -0.310300
1305031471.444300 1.007900 0.033400 1.254800 0.848600 0.407200 -0.134100 -0.310100
1305031471.454200 1.006800 0.032400 1.255500 0.849300 0.405900 -0.134300 -0.309600
1305031471.464200 1.005600 0.031500 1.256200 0.849600 0.405000 -0.134900 -0.309800
1305031471.474300 1.004500 0.030300 1.256800 0.850300 0.404000 -0.135100 -0.309000
1305031471.484200 1.003400 0.029000 1.257500 0.851100 0.403100 -0.135100 -0.308000
1305031471.494200 1.002500 0.028100 1.258100 0.851700 0.401400 -0.135100 -0.308600
1305031471.504200 1.001600 0.027000 1.258800 0.852500 0.400200 -0.135000 -0.307900
1305031471.514200 1.000600 0.025800 1.259500 0.853200 0.398700 -0.135200 -0.307700
1305031471.524200 0.999500 0.024800 1.260100 0.853600 0.397100 -0.136000 -0.308600
1305031471.534200 0.998600 0.023500 1.260700 0.854300 0.396100 -0.135800 -0.308000
1305031471.544200 0.997800 0.022300 1.261500 0.854700 0.395300 -0.135800 -0.307900
1305031471.554200 0.997100 0.021000 1.262200 0.855200 0.394100 -0.135500 -0.308100
1305031471.564200 0.996400 0.019700 1.262900 0.855800 0.393400 -0.134700 -0.307700
1305031471.574200 0.995700 0.018500 1.263500 0.856400 0.392400 -0.133700 -0.307800
1305031471.584200 0.995200 0.017300 1.264200 0.857200 0.391300 -0.132200 -0.307700
1305031471.594200 0.994600 0.016000 1.265000 0.857700 0.390000 -0.131100 -0.308300
1305031471.604200 0.994100 0.015000 1.265600 0.858000 0.388800 -0.130200 -0.309300
1305031471.614200 0.993500 0.013800 1.266300 0.858300 0.387600 -0.129300 -0.310500
1305031471.624200 0.993100 0.012700 1.267000 0.858700 0.386600 -0.128300 -0.310900
1305031471.634100 0.992700 0.011700 1.267800 0.859200 0.385800 -0.126900 -0.311200
1305031471.644100 0.992400 0.010500 1.268600 0.859800 0.384400 -0.125500 -0.311700
1305031471.654200 0.992100 0.009600 1.269300 0.860100 0.383000 -0.124900 -0.312900
1305031471.664200 0.991800 0.008600 1.270000 0.860300 0.381600 -0.124100 -0.314400
1305031471.674200 0.991600 0.007500 1.270600 0.861200 0.379800 -0.123400 -0.314500
1305031471.684100 0.991400 0.006600 1.271400 0.861700 0.378100 -0.122800 -0.315300
1305031471.694100 0.991300 0.005700 1.272100 0.862300 0.376300 -0.122300 -0.316100
1305031471.704200 0.991000 0.004900 1.272600 0.862900 0.374700 -0.122100 -0.316500
1305031471.714200 0.990900 0.003900 1.273200 0.863700 0.373200 -0.121300 -0.316200
1305031471.724800 0.990700 0.003100 1.273500 0.864500 0.371900 -0.120900 -0.315800
1305031471.734100 0.990600 0.002300 1.273900 0.865400 0.370300 -0.120100 -0.315600
1305031471.744200 0.990500 0.001500 1.274200 0.866600 0.368200 -0.119100 -0.315100
1305031471.754100 0.990300 0.000800 1.274400 0.867400 0.366100 -0.118900 -0.315300
1305031471.764200 0.990300 0.000100 1.274700 0.868500 0.363900 -0.118300 -0.315000
1305031471.774200 0.990400 -0.000500 1.275000 0.869600 0.360900 -0.117500 -0.315700
1305031471.784200 0.990300 -0.001200 1.275200 0.870500 0.357800 -0.117100 -0.317100
1305031471.794100 0.990400 -0.001800 1.275400 0.871400 0.355200 -0.116400 -0.317800
1305031471.804200 0.990500 -0.002500 1.275500 0.872500 0.352800 -0.114900 -0.317900
1305031471.814200 0.990500 -0.003300 1.275500 0.873900 0.350800 -0.113400 -0.316900
1305031471.824200 0.990300 -0.004100 1.275200 0.875200 0.348600 -0.112600 -0.315900
1305031471.834200 0.990200 -0.004900 1.275000 0.876400 0.347200 -0.111700 -0.314400
1305031471.844200 0.990000 -0.005800 1.274600 0.877600 0.345300 -0.111100 -0.313500
1305031471.854300 0.989900 -0.006700 1.274200 0.878700 0.343100 -0.110800 -0.312900
1305031471.864300 0.989500 -0.007500 1.273900 0.879400 0.341000 -0.110900 -0.313200
1305031471.874100 0.989400 -0.008500 1.273500 0.880800 0.338600 -0.110100 -0.312200
1305031471.884200 0.989000 -0.009300 1.273000 0.881500 0.336300 -0.109800 -0.312600
1305031471.894200 0.988800 -0.010400 1.272500 0.883200 0.334300 -0.108500 -0.310500
1305031471.904500 0.988300 -0.011200 1.272000 0.884300 0.332500 -0.107600 -0.309700
1305031471.914200 0.987800 -0.012300 1.271300 0.885500 0.330500 -0.106000 -0.308900
1305031471.924200 0.987500 -0.013200 1.270800 0.886900 0.329200 -0.104300 -0.306800
1305031471.934200 0.987000 -0.014400 1.270100 0.887900 0.327700 -0.102800 -0.306000
1305031471.944200 0.986600 -0.015600 1.269600 0.888800 0.326700 -0.100500 -0.305200
1305031471.954200 0.985900 -0.016600 1.269100 0.889300 0.324800 -0.099100 -0.306300
1305031471.964200 0.985400 -0.017600 1.268800 0.889500 0.323600 -0.097300 -0.307500
1305031471.974200 0.985000 -0.018600 1.268400 0.889700 0.322100 -0.095800 -0.309000
1305031471.984200 0.984500 -0.019600 1.268000 0.890300 0.320300 -0.093500 -0.310000
1305031471.994300 0.983800 -0.020800 1.267100 0.890900 0.318400 -0.091900 -0.310500
1305031472.004200 0.983100 -0.021900 1.266500 0.892100 0.317100 -0.089700 -0.309200
1305031472.014200 0.982400 -0.023000 1.265500 0.893000 0.315700 -0.087700 -0.308400
1305031472.024200 0.981700 -0.024100 1.264500 0.894500 0.314700 -0.085600 -0.305900
1305031472.034200 0.981000 -0.025400 1.263800 0.895500 0.314200 -0.083600 -0.303900
1305031472.044200 0.980300 -0.026600 1.263100 0.896500 0.312900 -0.082200 -0.302700
1305031472.054200 0.979800 -0.027700 1.262500 0.896700 0.311800 -0.081300 -0.303500
1305031472.064200 0.979000 -0.028700 1.261900 0.896900 0.309800 -0.080900 -0.305200
1305031472.074200 0.978200 -0.029800 1.261400 0.897200 0.308000 -0.080300 -0.306200
1305031472.084200 0.977700 -0.030800 1.260800 0.897900 0.305600 -0.079600 -0.306700
1305031472.094300 0.976900 -0.031600 1.260200 0.898200 0.303200 -0.078900 -0.308200
1305031472.104200 0.976100 -0.032900 1.259500 0.899500 0.301900 -0.077400 -0.306200
1305031472.114200 0.975300 -0.033900 1.258700 0.900600 0.301000 -0.076100 -0.304200
1305031472.124200 0.974100 -0.035000 1.257700 0.901200 0.300100 -0.075000 -0.303600
1305031472.134200 0.973100 -0.036000 1.256900 0.901800 0.299900 -0.074300 -0.302100
1305031472.144100 0.972100 -0.037100 1.256200 0.902600 0.299400 -0.074000 -0.300200
1305031472.154200 0.971100 -0.038200 1.255600 0.903100 0.298700 -0.073400 -0.299500
1305031472.164200 0.970400 -0.039200 1.255200 0.903800 0.297900 -0.073100 -0.298500
1305031472.174200 0.969400 -0.040000 1.255000 0.903800 0.296600 -0.073300 -0.299600
1305031472.184200 0.968600 -0.040900 1.254900 0.903900 0.295100 -0.073800 -0.300800
1305031472.194200 0.967700 -0.041800 1.254700 0.903900 0.293100 -0.074300 -0.302400
1305031472.204200 0.966800 -0.042500 1.254600 0.904000 0.291600 -0.075000 -0.303700
1305031472.214100 0.966200 -0.043200 1.254600 0.904000 0.290800 -0.075000 -0.304200
1305031472.224200 0.965400 -0.043900 1.254400 0.904000 0.289900 -0.075500 -0.305000
1305031472.234200 0.964500 -0.044900 1.254500 0.904400 0.289000 -0.075100 -0.304700
1305031472.244200 0.963800 -0.045400 1.254400 0.904400 0.288500 -0.074800 -0.305400
1305031472.254400 0.963100 -0.046100 1.254400 0.904100 0.287700 -0.074700 -0.307000
1305031472.264200 0.962600 -0.046800 1.254700 0.904200 0.287100 -0.074500 -0.307300
1305031472.274100 0.962100 -0.047300 1.254900 0.903700 0.286200 -0.074800 -0.309500
1305031472.284200 0.961500 -0.047700 1.255400 0.903200 0.285000 -0.074800 -0.312200
1305031472.294100 0.961100 -0.048000 1.255700 0.902700 0.283900 -0.075300 -0.314300
1305031472.304200 0.960800 -0.048400 1.256100 0.902300 0.282800 -0.075600 -0.316500
1305031472.314100 0.960700 -0.048900 1.256800 0.902300 0.282200 -0.075000 -0.317100
1305031472.324200 0.960000 -0.049200 1.257100 0.901700 0.281700 -0.075900 -0.319100
1305031472.334200 0.959700 -0.049400 1.257500 0.901700 0.281400 -0.076100 -0.319500
1305031472.344200 0.959300 -0.049500 1.257800 0.901400 0.281300 -0.076300 -0.320300
1305031472.354200 0.959000 -0.049600 1.258200 0.901600 0.281200 -0.076200 -0.319700
1305031472.364200 0.958600 -0.049700 1.258500 0.902000 0.280900 -0.076100 -0.318900
1305031472.374100 0.958200 -0.049700 1.258800 0.902300 0.280700 -0.076100 -0.318100
1305031472.384200 0.957800 -0.049800 1.259100 0.902600 0.280500 -0.076500 -0.317400
1305031472.394200 0.957300 -0.049700 1.259600 0.902500 0.280400 -0.077300 -0.317500
1305031472.404200 0.956900 -0.049500 1.260200 0.902500 0.280100 -0.078300 -0.317700
1305031472.414200 0.956400 -0.049300 1.260700 0.902300 0.279800 -0.079500 -0.318100
1305031472.424200 0.956000 -0.049100 1.261300 0.902000 0.280000 -0.080500 -0.318500
1305031472.434200 0.955400 -0.048800 1.261900 0.901700 0.280400 -0.081400 -0.318800
1305031472.444100 0.954900 -0.048400 1.262400 0.901500 0.280200 -0.082000 -0.319600
1305031472.454200 0.954600 -0.048200 1.263000 0.901400 0.280600 -0.082300 -0.319400
1305031472.464100 0.954200 -0.047800 1.263700 0.901500 0.280900 -0.082300 -0.318800
1305031472.474200 0.953800 -0.047300 1.264200 0.901400 0.280800 -0.082300 -0.319300
1305031472.484100 0.953500 -0.046800 1.264700 0.901300 0.280900 -0.081700 -0.319400
1305031472.494200 0.953200 -0.046100 1.265300 0.901500 0.280800 -0.080700 -0.319400
1305031472.504200 0.953100 -0.045700 1.266000 0.901900 0.280400 -0.079600 -0.318700
1305031472.514100 0.952900 -0.045300 1.266600 0.902100 0.279900 -0.079300 -0.318600
1305031472.524300 0.952600 -0.044700 1.267200 0.902100 0.279400 -0.079100 -0.319200
1305031472.534200 0.952700 -0.044100 1.268100 0.901900 0.279200 -0.079000 -0.319900
1305031472.544100 0.952800 -0.043500 1.269100 0.901900 0.278800 -0.079100 -0.320400
1305031472.554200 0.952700 -0.042900 1.270100 0.901200 0.278500 -0.080400 -0.322200
1305031472.564200 0.952700 -0.042200 1.270900 0.900700 0.277900 -0.081500 -0.323700
1305031472.574200 0.952700 -0.041600 1.271900 0.900100 0.277500 -0.082700 -0.325400
1305031472.584200 0.952600 -0.041000 1.272900 0.899900 0.277100 -0.083800 -0.326100
1305031472.594200 0.952800 -0.040200 1.273500 0.900100 0.276300 -0.084700 -0.326000
1305031472.604200 0.952800 -0.039300 1.274200 0.900200 0.275900 -0.085100 -0.326100
1305031472.614100 0.952800 -0.038400 1.274800 0.900300 0.275600 -0.085800 -0.325800
1305031472.624400 0.952900 -0.037600 1.275400 0.900700 0.275200 -0.085900 -0.325000
1305031472.634200 0.953000 -0.036600 1.275900 0.900700 0.275000 -0.086300 -0.325100
1305031472.644100 0.952900 -0.035700 1.276500 0.900900 0.274700 -0.086700 -0.324700
1305031472.655400 0.952800 -0.034800 1.277000 0.901000 0.274200 -0.087300 -0.324600
1305031472.664200 0.952900 -0.033700 1.277600 0.901000 0.274000 -0.087500 -0.324800
1305031472.674200 0.953100 -0.032700 1.278300 0.901000 0.273500 -0.088300 -0.324900
1305031472.684400 0.953100 -0.031900 1.278900 0.901200 0.273300 -0.088900 -0.324500
1305031472.694200 0.953000 -0.030800 1.279400 0.900800 0.273000 -0.089600 -0.325500
1305031472.704200 0.953100 -0.029900 1.280100 0.900800 0.273000 -0.089800 -0.325400
1305031472.714200 0.953100 -0.028900 1.280700 0.900500 0.273000 -0.090400 -0.326100
1305031472.724100 0.953000 -0.028100 1.281200 0.900400 0.272900 -0.090900 -0.326400
1305031472.734100 0.952900 -0.027000 1.281700 0.900000 0.272800 -0.091600 -0.327400
1305031472.744200 0.952900 -0.026100 1.282300 0.899700 0.273200 -0.091600 -0.328000
1305031472.754100 0.952900 -0.025100 1.282800 0.899500 0.273600 -0.091200 -0.328100
1305031472.764200 0.952700 -0.024100 1.283200 0.899200 0.273700 -0.091400 -0.328900
1305031472.774200 0.952500 -0.023300 1.283600 0.899000 0.273900 -0.091400 -0.329300
1305031472.784200 0.952400 -0.022400 1.284000 0.898900 0.274400 -0.090800 -0.329400
1305031472.794200 0.952100 -0.021600 1.284400 0.898500 0.274700 -0.090600 -0.330100
1305031472.804200 0.952100 -0.020500 1.284800 0.898200 0.274700 -0.090000 -0.331100
1305031472.814200 0.951800 -0.019600 1.285200 0.897800 0.275100 -0.090100 -0.331900
1305031472.824200 0.951700 -0.018800 1.285700 0.897800 0.274700 -0.090000 -0.332200
1305031472.834200 0.951500 -0.018100 1.286000 0.897900 0.274400 -0.090000 -0.332300
1305031472.844200 0.951400 -0.017200 1.286400 0.897400 0.274200 -0.090400 -0.333600
1305031472.854200 0.951200 -0.016300 1.286600 0.897000 0.274000 -0.090700 -0.334700
1305031472.864200 0.950900 -0.015400 1.287000 0.896800 0.274200 -0.091400 -0.334900
1305031472.874200 0.950800 -0.014800 1.287100 0.897300 0.273900 -0.091700 -0.333900
1305031472.884100 0.950600 -0.014000 1.287200 0.897400 0.273500 -0.092200 -0.333800
1305031472.894200 0.950500 -0.013300 1.287300 0.897600 0.273000 -0.092700 -0.333400
1305031472.904200 0.950300 -0.012700 1.287400 0.898000 0.272500 -0.093200 -0.332700
1305031472.914200 0.950000 -0.012100 1.287500 0.898200 0.272200 -0.093900 -0.332100
1305031472.924200 0.949800 -0.011400 1.287600 0.898400 0.271900 -0.094200 -0.331800
1305031472.934200 0.949600 -0.010700 1.287600 0.898500 0.271400 -0.094600 -0.331700
1305031472.944100 0.949500 -0.010200 1.287600 0.898500 0.271100 -0.095000 -0.331800
1305031472.954300 0.949400 -0.009700 1.287600 0.898600 0.270800 -0.095200 -0.331800
1305031472.964200 0.949200 -0.009300 1.287600 0.898700 0.270300 -0.095100 -0.332000
1305031472.974100 0.949000 -0.008900 1.287600 0.898900 0.270100 -0.095200 -0.331500
1305031472.984100 0.948900 -0.008400 1.287600 0.899200 0.270000 -0.095300 -0.330900
1305031472.994200 0.948700 -0.008000 1.287400 0.899100 0.270000 -0.095600 -0.330900
1305031473.004200 0.948400 -0.007600 1.287300 0.899100 0.270100 -0.096000 -0.330900
1305031473.014100 0.948300 -0.007400 1.287200 0.899200 0.270300 -0.096200 -0.330200
1305031473.024200 0.948100 -0.007100 1.287100 0.899300 0.270500 -0.096600 -0.329800
1305031473.034200 0.947800 -0.006800 1.287100 0.899300 0.270700 -0.096900 -0.329500
1305031473.044200 0.947700 -0.006700 1.287000 0.899400 0.270900 -0.096900 -0.329000
1305031473.054300 0.947500 -0.006400 1.287000 0.899400 0.271200 -0.096900 -0.329000
1305031473.064200 0.947300 -0.006100 1.287000 0.899300 0.271600 -0.096800 -0.329000
1305031473.074200 0.947100 -0.006000 1.287000 0.899200 0.271900 -0.096500 -0.328900
1305031473.084200 0.946900 -0.005800 1.287000 0.899100 0.272100 -0.096100 -0.329200
1305031473.094200 0.946800 -0.005600 1.287100 0.898900 0.272500 -0.095500 -0.329500
1305031473.104200 0.946600 -0.005400 1.287200 0.898800 0.272800 -0.094900 -0.329800
1305031473.114100 0.946500 -0.005100 1.287200 0.898800 0.273200 -0.094200 -0.329600
1305031473.124200 0.946300 -0.004900 1.287200 0.898700 0.273500 -0.093700 -0.329800
1305031473.134200 0.946000 -0.004900 1.287300 0.898700 0.273900 -0.093300 -0.329600
1305031473.144100 0.945900 -0.004700 1.287400 0.898500 0.273900 -0.093300 -0.330200
1305031473.154200 0.945700 -0.004600 1.287600 0.898200 0.274000 -0.093700 -0.330600
1305031473.164200 0.945600 -0.004400 1.287700 0.898000 0.274200 -0.094200 -0.330900
1305031473.174200 0.945500 -0.004300 1.287900 0.897900 0.274300 -0.094700 -0.331000
1305031473.184100 0.945400 -0.004200 1.288200 0.897800 0.274500 -0.095000 -0.331100
1305031473.194200 0.945500 -0.004000 1.288300 0.898000 0.274500 -0.094900 -0.330500
1305031473.204200 0.945400 -0.003800 1.288600 0.897700 0.274400 -0.095100 -0.331300
1305031473.214100 0.945300 -0.003800 1.288800 0.897800 0.274600 -0.095000 -0.331000
