1305031449.799600 1.233400 -0.011300 1.694100 0.789131 0.435901 -0.183895 -0.391721
1305031449.809600 1.233409 -0.011100 1.693900 0.789525 0.435903 -0.183696 -0.391018
1305031449.819600 1.233034 -0.011100 1.693700 0.789762 0.435323 -0.183807 -0.391132
1305031449.829500 1.232877 -0.011000 1.693600 0.790024 0.435003 -0.183701 -0.391010
1305031449.839600 1.232637 -0.011000 1.693400 0.790306 0.434593 -0.183699 -0.390897
1305031449.849500 1.232513 -0.011000 1.693400 0.790761 0.434525 -0.182914 -0.390420
1305031449.859500 1.232407 -0.010900 1.693200 0.790977 0.434031 -0.182719 -0.390623
1305031449.869600 1.232019 -0.010800 1.692900 0.791061 0.433619 -0.182716 -0.390911
1305031449.879500 1.231746 -0.010800 1.692700 0.791348 0.433412 -0.182415 -0.390702
1305031449.889600 1.231393 -0.010600 1.692400 0.791655 0.433418 -0.181918 -0.390303
1305031449.899400 1.231053 -0.010500 1.692200 0.791971 0.433225 -0.181423 -0.390107
1305031449.909500 1.230834 -0.010500 1.692000 0.792088 0.433434 -0.180827 -0.389915
1305031449.919500 1.230431 -0.010400 1.691700 0.791987 0.433428 -0.180425 -0.390312
1305031449.929500 1.230044 -0.010300 1.691500 0.791837 0.433495 -0.180112 -0.390687
1305031449.939500 1.229575 -0.010200 1.691400 0.791387 0.433617 -0.180219 -0.391413
1305031449.949600 1.229226 -0.010100 1.691300 0.790954 0.433793 -0.180208 -0.392099
1305031449.959500 1.228989 -0.009900 1.691200 0.790614 0.434024 -0.180419 -0.392431
1305031449.969600 1.228674 -0.009700 1.691100 0.790028 0.434072 -0.180996 -0.393292
1305031449.979500 1.228170 -0.009400 1.691000 0.789436 0.434472 -0.181293 -0.393900
1305031449.989500 1.227587 -0.009000 1.690800 0.788561 0.434983 -0.182093 -0.394721
1305031449.999400 1.227117 -0.008600 1.690500 0.787917 0.435456 -0.182478 -0.395305
1305031450.009700 1.226679 -0.008100 1.690200 0.787219 0.436355 -0.182673 -0.395615
1305031450.019500 1.226039 -0.007600 1.689900 0.786530 0.437464 -0.183170 -0.395532
1305031450.029600 1.225628 -0.007200 1.689600 0.786221 0.438866 -0.183065 -0.394639
1305031450.039500 1.225227 -0.006600 1.689200 0.785513 0.440669 -0.183258 -0.393952
1305031450.049500 1.224746 -0.006000 1.688700 0.784701 0.441761 -0.183448 -0.394256
1305031450.059500 1.224282 -0.005400 1.688100 0.784115 0.443274 -0.183547 -0.393677
1305031450.069600 1.223941 -0.004800 1.687600 0.783863 0.445018 -0.183956 -0.392017
1305031450.079500 1.223607 -0.004000 1.687100 0.783536 0.446617 -0.184448 -0.390620
1305031450.089600 1.223399 -0.003300 1.686500 0.783136 0.447929 -0.185046 -0.389634
1305031450.099500 1.223099 -0.002300 1.686000 0.782506 0.449525 -0.185935 -0.388637
1305031450.109600 1.222727 -0.001500 1.685400 0.781767 0.451519 -0.186922 -0.387339
1305031450.119500 1.222660 -0.000600 1.684800 0.780908 0.453659 -0.187926 -0.386083
1305031450.129500 1.222517 0.000300 1.684100 0.779780 0.455858 -0.189313 -0.385094
1305031450.139500 1.222390 0.001300 1.683500 0.778776 0.457774 -0.191006 -0.384016
1305031450.149600 1.222387 0.002400 1.682800 0.777833 0.460373 -0.192391 -0.382124
1305031450.159500 1.222288 0.003500 1.682200 0.776436 0.462693 -0.194384 -0.381153
1305031450.169600 1.222319 0.004600 1.681500 0.775322 0.464808 -0.196475 -0.379774
1305031450.179600 1.222561 0.005800 1.680800 0.774326 0.467339 -0.198372 -0.377706
1305031450.189500 1.222614 0.007100 1.680000 0.773155 0.469222 -0.201150 -0.376300
1305031450.199600 1.222897 0.008600 1.679300 0.771773 0.471258 -0.203848 -0.375138
1305031450.209600 1.223390 0.009900 1.678600 0.771037 0.473270 -0.206339 -0.372748
1305031450.219600 1.223701 0.011400 1.677900 0.769615 0.475386 -0.209428 -0.371269
1305031450.229500 1.224021 0.013000 1.677000 0.767968 0.477484 -0.212608 -0.370178
1305031450.239500 1.224465 0.014500 1.676200 0.766468 0.480214 -0.215101 -0.368312
1305031450.249500 1.224927 0.016300 1.675500 0.764033 0.482912 -0.218178 -0.368032
1305031450.259500 1.225506 0.018000 1.674600 0.761701 0.486217 -0.220955 -0.366857
1305031450.269500 1.226102 0.019800 1.673800 0.759274 0.489927 -0.223533 -0.365387
1305031450.279500 1.226615 0.021800 1.672800 0.756368 0.493851 -0.226614 -0.364231
1305031450.289600 1.227454 0.023400 1.671800 0.752827 0.497140 -0.230181 -0.364856
1305031450.299500 1.228192 0.025300 1.670800 0.750143 0.501120 -0.233440 -0.362864
1305031450.309500 1.229257 0.027300 1.670000 0.747883 0.504879 -0.235739 -0.360825
1305031450.319500 1.229838 0.029500 1.668700 0.744871 0.508508 -0.239820 -0.359268
1305031450.329500 1.230937 0.031700 1.667700 0.742414 0.512610 -0.242689 -0.356588
1305031450.339500 1.231953 0.034100 1.666500 0.740186 0.515628 -0.245970 -0.354615
1305031450.349600 1.232995 0.036500 1.665000 0.738150 0.518949 -0.249350 -0.351641
1305031450.359500 1.234236 0.039300 1.663600 0.736800 0.521951 -0.251127 -0.348751
1305031450.369500 1.235803 0.042100 1.662000 0.735837 0.524921 -0.252936 -0.345001
1305031450.379500 1.236987 0.044900 1.660100 0.734389 0.527325 -0.255515 -0.342511
1305031450.389500 1.238289 0.047800 1.658600 0.733085 0.530954 -0.256104 -0.339243
1305031450.399500 1.239507 0.050900 1.656800 0.730932 0.533240 -0.258675 -0.338349
1305031450.409500 1.241143 0.054000 1.655300 0.729473 0.536694 -0.258977 -0.335798
1305031450.419500 1.242496 0.057000 1.653500 0.727548 0.539398 -0.260557 -0.334417
1305031450.429500 1.244065 0.060400 1.651800 0.725314 0.541987 -0.262030 -0.333930
1305031450.439500 1.245852 0.063500 1.650100 0.723845 0.544432 -0.263132 -0.332270
1305031450.449500 1.247257 0.066900 1.648400 0.722003 0.546414 -0.264705 -0.331774
1305031450.459500 1.249178 0.070500 1.646700 0.720713 0.548537 -0.265300 -0.330600
1305031450.469500 1.251016 0.074000 1.644800 0.719613 0.549345 -0.266594 -0.330612
1305031450.479600 1.252983 0.077800 1.643100 0.718901 0.550947 -0.266684 -0.329421
1305031450.489600 1.254856 0.081700 1.641000 0.718163 0.552123 -0.266864 -0.328915
1305031450.499500 1.257034 0.085600 1.639100 0.717691 0.553046 -0.266570 -0.328634
1305031450.509400 1.259029 0.089500 1.637000 0.717011 0.554158 -0.266069 -0.328651
1305031450.519500 1.261065 0.093300 1.634900 0.715949 0.554979 -0.266074 -0.329575
1305031450.529500 1.263306 0.097600 1.632800 0.714606 0.555634 -0.266347 -0.331163
1305031450.539500 1.265564 0.101600 1.631000 0.713718 0.556426 -0.265441 -0.332472
1305031450.549500 1.267639 0.105500 1.628900 0.711818 0.557517 -0.266227 -0.334085
1305031450.559500 1.270032 0.109400 1.626700 0.710199 0.558186 -0.266507 -0.336183
1305031450.569500 1.272341 0.113300 1.624400 0.708734 0.559309 -0.267008 -0.337011
1305031450.579600 1.274882 0.117400 1.622100 0.707899 0.560176 -0.266788 -0.337501
1305031450.589500 1.277312 0.121500 1.619500 0.706976 0.560353 -0.267474 -0.338595
1305031450.599500 1.279873 0.125500 1.617000 0.706307 0.561276 -0.267278 -0.338617
1305031450.609400 1.282237 0.129700 1.614300 0.705987 0.561161 -0.267870 -0.339009
1305031450.619500 1.284946 0.133900 1.611600 0.705820 0.561186 -0.267981 -0.339225
1305031450.629500 1.287558 0.137900 1.608800 0.705658 0.561143 -0.268659 -0.339098
1305031450.639500 1.290188 0.142200 1.606000 0.705571 0.561065 -0.269667 -0.338608
1305031450.649500 1.292734 0.146200 1.603000 0.705152 0.561261 -0.270859 -0.338205
1305031450.659500 1.295198 0.150300 1.600000 0.704848 0.561372 -0.272160 -0.337610
1305031450.669500 1.297779 0.154300 1.596900 0.704865 0.561599 -0.272869 -0.336623
1305031450.679600 1.300492 0.158500 1.593700 0.705330 0.561788 -0.273261 -0.335010
1305031450.689500 1.302992 0.162400 1.590400 0.705315 0.562499 -0.274158 -0.333112
1305031450.699500 1.305624 0.166400 1.587200 0.705837 0.563029 -0.273770 -0.331426
1305031450.709500 1.308173 0.170600 1.583800 0.706122 0.563437 -0.274369 -0.329625
1305031450.719500 1.310740 0.174500 1.580400 0.706756 0.563780 -0.274287 -0.327743
1305031450.729600 1.313239 0.178600 1.577000 0.707433 0.563569 -0.274183 -0.326730
1305031450.739600 1.316140 0.182700 1.573700 0.708491 0.563226 -0.273913 -0.325252
1305031450.749500 1.318641 0.186900 1.570500 0.708611 0.562768 -0.274587 -0.325215
1305031450.759600 1.321093 0.191000 1.567200 0.708679 0.562022 -0.275315 -0.325741
1305031450.769600 1.323645 0.195000 1.563900 0.709031 0.561581 -0.275100 -0.325915
1305031450.779500 1.326297 0.199100 1.560800 0.709423 0.561368 -0.274298 -0.326107
1305031450.789500 1.328884 0.203200 1.557500 0.709832 0.561165 -0.273301 -0.326405
1305031450.799600 1.331404 0.207200 1.554100 0.709986 0.560998 -0.272620 -0.326925
1305031450.809400 1.334290 0.211100 1.551000 0.711102 0.561101 -0.270328 -0.326224
1305031450.819500 1.336945 0.215100 1.547800 0.711980 0.560674 -0.268923 -0.326205
1305031450.829500 1.339600 0.219100 1.544600 0.712672 0.559853 -0.267723 -0.327090
1305031450.839600 1.341689 0.223000 1.541300 0.712639 0.559018 -0.268111 -0.328269
1305031450.849500 1.344561 0.226900 1.538300 0.713806 0.558556 -0.265939 -0.328287
1305031450.859500 1.347167 0.230700 1.535300 0.714794 0.558438 -0.264037 -0.327873
1305031450.869500 1.349490 0.234700 1.532200 0.714603 0.558531 -0.263236 -0.328774
1305031450.879500 1.352630 0.238500 1.529400 0.716259 0.558559 -0.259760 -0.327886
1305031450.889500 1.354688 0.242500 1.526400 0.715533 0.559031 -0.259744 -0.328678
1305031450.899600 1.357581 0.246300 1.523700 0.716155 0.559239 -0.257952 -0.328383
1305031450.909500 1.359954 0.250300 1.521000 0.715459 0.558629 -0.258649 -0.330382
1305031450.919400 1.362443 0.254300 1.518300 0.715344 0.557714 -0.259546 -0.331471
1305031450.929500 1.365189 0.258200 1.515900 0.715443 0.556204 -0.260349 -0.333161
1305031450.939500 1.367532 0.262200 1.513000 0.715028 0.554388 -0.262547 -0.335347
1305031450.949500 1.369792 0.266200 1.510300 0.715039 0.553098 -0.263955 -0.336347
1305031450.959500 1.372469 0.270000 1.507500 0.715531 0.552396 -0.264358 -0.336138
1305031450.969600 1.374683 0.273900 1.504600 0.715609 0.551484 -0.265555 -0.336525
1305031450.979600 1.376995 0.277700 1.501600 0.715688 0.551174 -0.266250 -0.336316
1305031450.989500 1.379204 0.281500 1.498500 0.715804 0.550397 -0.267661 -0.336222
1305031450.999600 1.381370 0.285200 1.495600 0.715871 0.549284 -0.269656 -0.336305
1305031451.009500 1.384012 0.288700 1.492700 0.717584 0.548302 -0.268974 -0.334799
1305031451.019500 1.385492 0.292300 1.489500 0.716234 0.546282 -0.274161 -0.336780
1305031451.029500 1.387389 0.296100 1.486100 0.716013 0.543571 -0.277662 -0.338761
1305031451.039600 1.389625 0.299400 1.483000 0.717308 0.542386 -0.278474 -0.337251
1305031451.049500 1.391235 0.303100 1.479400 0.717376 0.540072 -0.281473 -0.338328
1305031451.059600 1.393105 0.306300 1.476000 0.718684 0.539199 -0.282090 -0.336427
1305031451.069500 1.394649 0.309500 1.472200 0.719338 0.537686 -0.284285 -0.335601
1305031451.079500 1.396032 0.312800 1.468400 0.720018 0.536198 -0.286792 -0.334389
1305031451.089500 1.397432 0.316100 1.464500 0.720825 0.534328 -0.289410 -0.333386
1305031451.099500 1.399049 0.319300 1.460600 0.722355 0.532603 -0.291002 -0.331445
1305031451.109600 1.400205 0.322500 1.456500 0.723575 0.529942 -0.293730 -0.330642
1305031451.119500 1.401534 0.325500 1.452400 0.725523 0.528138 -0.295231 -0.327909
1305031451.129500 1.403002 0.328500 1.448400 0.727314 0.526357 -0.296347 -0.325793
1305031451.139600 1.404111 0.331300 1.444200 0.728493 0.524771 -0.298356 -0.323878
1305031451.149500 1.405290 0.334000 1.440200 0.729577 0.523893 -0.300065 -0.321270
1305031451.159500 1.406410 0.336500 1.436200 0.730055 0.523312 -0.302368 -0.318964
1305031451.169600 1.407470 0.338900 1.432200 0.730028 0.522527 -0.305569 -0.317258
1305031451.179600 1.408324 0.341400 1.428200 0.729996 0.522146 -0.308767 -0.314853
1305031451.189500 1.409472 0.343800 1.424200 0.729943 0.522918 -0.310693 -0.311786
1305031451.199500 1.410360 0.346100 1.419900 0.730610 0.523233 -0.312090 -0.308280
1305031451.209500 1.411465 0.348200 1.415800 0.731792 0.524264 -0.312293 -0.303482
1305031451.219500 1.412488 0.350500 1.411700 0.732908 0.524811 -0.312511 -0.299594
1305031451.229500 1.413427 0.352700 1.407500 0.734001 0.525839 -0.312116 -0.295499
1305031451.239500 1.414684 0.354900 1.403800 0.734727 0.526484 -0.312133 -0.292514
1305031451.249600 1.416083 0.357100 1.400200 0.735405 0.527284 -0.311427 -0.290110
1305031451.259600 1.417374 0.359300 1.396700 0.735060 0.527671 -0.312710 -0.288901
1305031451.269500 1.418457 0.361300 1.393400 0.734690 0.527904 -0.313723 -0.288317
1305031451.279500 1.419582 0.363500 1.390100 0.733963 0.528996 -0.314408 -0.287419
1305031451.289500 1.421024 0.365500 1.387000 0.732978 0.530819 -0.314707 -0.286242
1305031451.299500 1.422183 0.367600 1.383800 0.731207 0.532647 -0.315707 -0.286272
1305031451.309500 1.423460 0.369700 1.380900 0.729687 0.535349 -0.316087 -0.284689
1305031451.319500 1.424854 0.371700 1.377800 0.728163 0.538648 -0.315863 -0.282608
1305031451.329600 1.426091 0.373800 1.374900 0.726886 0.541681 -0.315460 -0.280542
1305031451.339500 1.427692 0.376100 1.372100 0.725487 0.544808 -0.315749 -0.277770
1305031451.349500 1.429137 0.378300 1.369400 0.724450 0.547402 -0.315825 -0.275279
1305031451.359500 1.430499 0.380700 1.366800 0.722547 0.549716 -0.317011 -0.274302
1305031451.369500 1.432279 0.383000 1.364400 0.721053 0.552548 -0.317703 -0.271731
1305031451.379600 1.433802 0.385600 1.362200 0.718760 0.555161 -0.318490 -0.271559
1305031451.389500 1.435488 0.388000 1.360200 0.716541 0.557849 -0.318863 -0.271477
1305031451.399500 1.437319 0.390700 1.358300 0.713574 0.561776 -0.318752 -0.271323
1305031451.409600 1.439194 0.393200 1.356700 0.710437 0.566352 -0.318407 -0.270448
1305031451.419500 1.440832 0.395900 1.355000 0.706424 0.571134 -0.318165 -0.271185
1305031451.429500 1.442814 0.398700 1.353700 0.702275 0.576264 -0.317449 -0.271946
1305031451.439500 1.444813 0.401500 1.352400 0.698239 0.581632 -0.316795 -0.271677
1305031451.449500 1.446729 0.404600 1.351300 0.693948 0.586539 -0.316962 -0.271924
1305031451.459500 1.448662 0.407700 1.350300 0.689647 0.591038 -0.317527 -0.272465
1305031451.469500 1.450613 0.411100 1.349400 0.686249 0.595146 -0.317699 -0.271902
1305031451.479500 1.452880 0.414500 1.348600 0.683764 0.599071 -0.317182 -0.270141
1305031451.489500 1.455065 0.418200 1.348000 0.681070 0.602392 -0.317763 -0.268874
1305031451.499600 1.457196 0.421900 1.347700 0.678042 0.604985 -0.319632 -0.268492
1305031451.509600 1.459315 0.425500 1.347600 0.674200 0.607766 -0.322289 -0.268709
1305031451.519600 1.461051 0.429200 1.347500 0.669366 0.610869 -0.326449 -0.268737
1305031451.529500 1.463475 0.432900 1.347800 0.665380 0.615710 -0.327425 -0.266388
1305031451.539500 1.465745 0.436800 1.348200 0.660851 0.620523 -0.329580 -0.263826
1305031451.549500 1.468132 0.440700 1.348600 0.656735 0.624545 -0.331847 -0.261762
1305031451.559500 1.470637 0.444700 1.349200 0.652814 0.627963 -0.334514 -0.259993
1305031451.569500 1.473059 0.449100 1.350000 0.649177 0.630267 -0.338079 -0.258911
1305031451.579500 1.475397 0.453600 1.350800 0.647082 0.632101 -0.339872 -0.257335
1305031451.589500 1.477753 0.458400 1.351600 0.644969 0.634019 -0.341655 -0.255552
1305031451.599500 1.480326 0.463300 1.352700 0.644247 0.635624 -0.342039 -0.252859
1305031451.609500 1.482716 0.468300 1.353700 0.644647 0.637051 -0.341339 -0.249169
1305031451.619500 1.484824 0.473300 1.354700 0.644605 0.637233 -0.342321 -0.247458
1305031451.629600 1.487179 0.478400 1.356000 0.644714 0.637565 -0.342930 -0.245467
1305031451.639500 1.489590 0.483600 1.357400 0.645222 0.637589 -0.343139 -0.243770
1305031451.649600 1.491980 0.488800 1.358900 0.645374 0.637457 -0.343819 -0.242754
1305031451.659500 1.494424 0.494000 1.360500 0.644737 0.637631 -0.344951 -0.242382
1305031451.669500 1.496917 0.499200 1.362400 0.643832 0.637635 -0.346348 -0.242785
1305031451.679600 1.499559 0.504500 1.364400 0.642797 0.637901 -0.347224 -0.243577
1305031451.689500 1.501754 0.509500 1.366200 0.640575 0.636396 -0.352016 -0.246471
1305031451.699500 1.504698 0.514700 1.368400 0.640272 0.637191 -0.351408 -0.246075
1305031451.709500 1.507360 0.519900 1.370600 0.639726 0.636052 -0.353489 -0.247455
1305031451.719500 1.510138 0.525100 1.372500 0.640260 0.635391 -0.353914 -0.247163
1305031451.729600 1.513167 0.530100 1.374800 0.640634 0.634668 -0.354405 -0.247349
1305031451.739500 1.515846 0.535300 1.377100 0.641530 0.633357 -0.354511 -0.248236
1305031451.749600 1.518109 0.540400 1.379400 0.641721 0.631353 -0.356618 -0.249822
1305031451.759600 1.521057 0.545300 1.381800 0.643114 0.629646 -0.356928 -0.250106
1305031451.769500 1.523987 0.550200 1.384300 0.644411 0.628141 -0.357038 -0.250392
1305031451.779500 1.526868 0.555000 1.386800 0.645402 0.626229 -0.357846 -0.251474
1305031451.789500 1.529967 0.559800 1.389400 0.647091 0.624820 -0.357553 -0.251057
1305031451.799500 1.533182 0.564200 1.391700 0.648969 0.622698 -0.357658 -0.251331
1305031451.809500 1.536415 0.568700 1.394500 0.650401 0.620920 -0.357588 -0.252127
1305031451.819500 1.539264 0.573300 1.397100 0.651402 0.618613 -0.358501 -0.253910
1305031451.829500 1.542331 0.577900 1.399900 0.652680 0.616282 -0.359003 -0.255583
1305031451.839600 1.545650 0.582200 1.403000 0.653568 0.614654 -0.358904 -0.257364
1305031451.849500 1.548616 0.586200 1.405700 0.654406 0.612585 -0.359836 -0.258864
1305031451.859600 1.551769 0.590300 1.408600 0.655215 0.610784 -0.360350 -0.260353
1305031451.869500 1.555069 0.594200 1.411500 0.656509 0.609561 -0.359353 -0.261337
1305031451.879600 1.558157 0.598100 1.414400 0.657685 0.607915 -0.358547 -0.263311
1305031451.889500 1.561391 0.601900 1.417400 0.658887 0.606291 -0.357554 -0.265394
1305031451.899500 1.564678 0.605400 1.420400 0.659832 0.604795 -0.356179 -0.268294
1305031451.909500 1.568182 0.608700 1.423600 0.660634 0.604163 -0.354178 -0.270382
1305031451.919500 1.571103 0.612300 1.426800 0.660865 0.602150 -0.353795 -0.274776
1305031451.929500 1.574341 0.615500 1.429800 0.662065 0.600315 -0.352499 -0.277556
1305031451.939500 1.577796 0.618700 1.432800 0.663877 0.598789 -0.350110 -0.279539
1305031451.949600 1.581205 0.622000 1.435700 0.665879 0.597254 -0.347416 -0.281417
1305031451.959500 1.585457 0.625100 1.438700 0.670130 0.595146 -0.341855 -0.282599
1305031451.969500 1.589064 0.628200 1.441500 0.673051 0.593722 -0.337672 -0.283680
1305031451.979400 1.592450 0.631500 1.444100 0.676405 0.593341 -0.332606 -0.282481
1305031451.989500 1.595528 0.634500 1.446800 0.679251 0.591555 -0.329641 -0.282874
1305031451.999500 1.599186 0.637700 1.449400 0.683972 0.589145 -0.324872 -0.282044
1305031452.009600 1.602699 0.640800 1.452100 0.688468 0.587306 -0.320136 -0.280350
1305031452.019500 1.606253 0.644100 1.454800 0.692361 0.585791 -0.316352 -0.278221
1305031452.029600 1.610400 0.647300 1.457400 0.697402 0.584010 -0.310993 -0.275403
1305031452.039500 1.613789 0.650700 1.460200 0.700922 0.582621 -0.307620 -0.273187
1305031452.049500 1.617432 0.654000 1.462800 0.704277 0.580063 -0.305766 -0.272079
1305031452.059500 1.621093 0.657400 1.465400 0.707883 0.577467 -0.303792 -0.270452
1305031452.069500 1.624770 0.660900 1.468100 0.711298 0.575685 -0.301419 -0.267934
1305031452.079500 1.628965 0.664400 1.471100 0.714524 0.573607 -0.299351 -0.266119
1305031452.089500 1.632877 0.668300 1.473800 0.716894 0.570887 -0.299359 -0.265584
1305031452.099400 1.636867 0.672000 1.476600 0.719384 0.567884 -0.299477 -0.265155
1305031452.109500 1.640952 0.675600 1.479500 0.722022 0.565815 -0.298110 -0.263946
1305031452.119500 1.645316 0.679400 1.482400 0.724762 0.563135 -0.296545 -0.263932
1305031452.129500 1.649296 0.683100 1.485300 0.727020 0.559688 -0.296247 -0.265386
1305031452.139500 1.653694 0.687000 1.488300 0.729063 0.557309 -0.295178 -0.265978
1305031452.149500 1.658208 0.690800 1.491200 0.731381 0.554598 -0.293299 -0.267355
1305031452.159500 1.662340 0.694800 1.494100 0.732866 0.551758 -0.292503 -0.270022
1305031452.169500 1.666689 0.698600 1.496900 0.734382 0.548536 -0.291720 -0.273297
1305031452.179500 1.671155 0.702700 1.499600 0.735663 0.546588 -0.289817 -0.275767
1305031452.189400 1.675897 0.706600 1.502400 0.737857 0.544627 -0.286762 -0.276975
1305031452.199500 1.680238 0.710600 1.504900 0.739253 0.543190 -0.284063 -0.278852
1305031452.209700 1.685138 0.714700 1.507500 0.740484 0.541882 -0.281678 -0.280544
1305031452.219500 1.689590 0.718400 1.510200 0.742318 0.539775 -0.279098 -0.282331
1305031452.229500 1.694242 0.722600 1.512900 0.743806 0.538239 -0.276699 -0.283705
1305031452.239500 1.699111 0.726500 1.515300 0.745218 0.536632 -0.275211 -0.284491
1305031452.249500 1.703496 0.730500 1.517500 0.746073 0.534246 -0.274837 -0.287089
1305031452.259500 1.707799 0.734500 1.519900 0.746466 0.533534 -0.274537 -0.287680
1305031452.269400 1.712377 0.738400 1.522300 0.747509 0.532179 -0.273422 -0.288542
1305031452.279500 1.716957 0.742100 1.524400 0.747708 0.531570 -0.273223 -0.289336
1305031452.289500 1.721311 0.745900 1.526400 0.747726 0.531575 -0.272627 -0.289841
1305031452.299500 1.725983 0.749500 1.528600 0.748051 0.531887 -0.271435 -0.289549
1305031452.309500 1.730371 0.753500 1.530600 0.747793 0.532106 -0.270846 -0.290365
1305031452.319500 1.734677 0.757100 1.532500 0.747149 0.533073 -0.270624 -0.290456
1305031452.329500 1.739100 0.760700 1.534600 0.747314 0.534118 -0.269144 -0.289485
1305031452.339500 1.743640 0.764600 1.536400 0.747885 0.533993 -0.268035 -0.289269
1305031452.349600 1.748240 0.768600 1.538200 0.748553 0.533167 -0.267729 -0.289349
1305031452.359600 1.752315 0.772900 1.539900 0.748982 0.531472 -0.267843 -0.291245
1305031452.369600 1.757306 0.777100 1.541700 0.750885 0.530163 -0.265554 -0.290827
1305031452.379500 1.761771 0.781400 1.543100 0.752674 0.527717 -0.264798 -0.291338
1305031452.389500 1.766296 0.786100 1.544600 0.755312 0.524662 -0.263195 -0.291482
1305031452.399500 1.770439 0.790900 1.545800 0.757611 0.521251 -0.262512 -0.292250
1305031452.409500 1.775199 0.795500 1.547100 0.761251 0.516570 -0.261154 -0.292320
1305031452.419500 1.779676 0.800100 1.547900 0.765239 0.510955 -0.260382 -0.292463
1305031452.429400 1.784125 0.805100 1.549100 0.768324 0.505328 -0.260203 -0.294308
1305031452.439500 1.788681 0.810300 1.550400 0.771678 0.499643 -0.259248 -0.296076
1305031452.449500 1.793709 0.814800 1.551400 0.775153 0.494415 -0.258167 -0.296717
1305031452.459500 1.798555 0.819400 1.552300 0.778307 0.489636 -0.257008 -0.297392
1305031452.469500 1.803717 0.823700 1.553100 0.781150 0.484987 -0.256112 -0.298327
1305031452.479500 1.808997 0.828200 1.554000 0.784291 0.481100 -0.253746 -0.298401
1305031452.489500 1.813994 0.832300 1.554600 0.786518 0.477195 -0.252370 -0.299972
1305031452.499500 1.819407 0.836500 1.555300 0.789226 0.473177 -0.250090 -0.301133
1305031452.509500 1.824738 0.840500 1.555900 0.791524 0.469757 -0.248104 -0.302096
1305031452.519500 1.830387 0.844600 1.556500 0.794007 0.465684 -0.246146 -0.303485
1305031452.529400 1.835805 0.848600 1.557000 0.797011 0.462576 -0.243065 -0.302849
1305031452.539500 1.841334 0.852600 1.557600 0.798915 0.459159 -0.241579 -0.304216
1305031452.549500 1.847134 0.856300 1.558000 0.801002 0.455025 -0.239889 -0.306269
1305031452.559400 1.851703 0.860300 1.558200 0.800904 0.450577 -0.240791 -0.312334
1305031452.569400 1.857137 0.863900 1.558400 0.801974 0.447391 -0.239918 -0.314831
1305031452.579500 1.863135 0.867000 1.558800 0.803836 0.444846 -0.237016 -0.315884
1305031452.589500 1.868703 0.870200 1.559000 0.805001 0.443461 -0.234438 -0.316788
1305031452.599400 1.874340 0.873400 1.559000 0.806125 0.442361 -0.232249 -0.317080
1305031452.609500 1.880090 0.876400 1.558900 0.807249 0.439847 -0.230261 -0.319161
1305031452.619500 1.885909 0.879400 1.558900 0.808856 0.437529 -0.227670 -0.320135
1305031452.629400 1.891597 0.882400 1.558700 0.809925 0.434988 -0.225967 -0.322095
1305031452.639500 1.897299 0.885300 1.558200 0.811465 0.431289 -0.224989 -0.323875
1305031452.649500 1.903270 0.888100 1.557800 0.813163 0.428073 -0.223600 -0.324841
1305031452.659500 1.908858 0.890700 1.557200 0.814891 0.425179 -0.222420 -0.325123
1305031452.669400 1.914714 0.893300 1.556400 0.816979 0.422270 -0.220932 -0.324688
1305031452.679500 1.920585 0.895800 1.555700 0.818812 0.418774 -0.219653 -0.325466
1305031452.689500 1.926524 0.898300 1.555000 0.821027 0.415170 -0.217672 -0.325834
1305031452.699500 1.932581 0.900600 1.554200 0.823339 0.411165 -0.215991 -0.326197
1305031452.709500 1.938454 0.903000 1.553300 0.825450 0.406658 -0.215010 -0.327159
1305031452.719500 1.944544 0.905100 1.552400 0.827674 0.401253 -0.214234 -0.328719
1305031452.729500 1.950552 0.907200 1.551500 0.830159 0.396440 -0.213350 -0.328868
1305031452.739500 1.956677 0.908900 1.550100 0.832643 0.390731 -0.213668 -0.329213
1305031452.749500 1.962819 0.910500 1.548900 0.835438 0.386237 -0.212990 -0.327870
1305031452.759500 1.968878 0.912100 1.547500 0.837581 0.381658 -0.213019 -0.327746
1305031452.769500 1.975054 0.913400 1.546100 0.840294 0.377676 -0.212244 -0.325913
1305031452.779600 1.981498 0.914500 1.544600 0.843594 0.373188 -0.210369 -0.323768
1305031452.789500 1.987558 0.915700 1.543300 0.845679 0.368175 -0.209983 -0.324317
1305031452.799500 1.993785 0.916800 1.541900 0.847698 0.362772 -0.209604 -0.325376
1305031452.809400 2.000278 0.917500 1.540800 0.850298 0.357475 -0.209026 -0.324828
1305031452.819500 2.006692 0.918100 1.539600 0.852597 0.352371 -0.208244 -0.324881
1305031452.829400 2.012919 0.918600 1.538100 0.854142 0.346174 -0.209070 -0.326946
1305031452.839500 2.019766 0.918500 1.537400 0.856601 0.341054 -0.207679 -0.326781
1305031452.849500 2.026080 0.918700 1.536200 0.857709 0.335940 -0.208191 -0.328841
1305031452.859500 2.032610 0.918500 1.535000 0.859153 0.332052 -0.207713 -0.329323
1305031452.869400 2.039205 0.918000 1.533800 0.861210 0.328140 -0.206919 -0.328369
1305031452.879500 2.045522 0.917700 1.532700 0.862112 0.325639 -0.206827 -0.328548
1305031452.889500 2.052103 0.917000 1.531600 0.863828 0.323553 -0.205343 -0.327031
1305031452.899500 2.058602 0.916400 1.530500 0.864807 0.322749 -0.203944 -0.326112
1305031452.909500 2.064918 0.915600 1.529500 0.865698 0.321079 -0.202770 -0.326127
1305031452.929500 2.077401 0.913700 1.527500 0.865952 0.319650 -0.202061 -0.327295
1305031452.939400 2.084014 0.912700 1.526700 0.866484 0.318957 -0.200870 -0.327297
1305031452.949500 2.090352 0.911400 1.525800 0.866486 0.318652 -0.200370 -0.327894
1305031452.959500 2.096754 0.910300 1.525200 0.866154 0.318723 -0.199257 -0.329379
1305031452.969500 2.102872 0.909200 1.524500 0.865473 0.318103 -0.198554 -0.332178
1305031452.979500 2.109608 0.907800 1.523800 0.865731 0.317312 -0.197166 -0.333089
1305031452.989500 2.116061 0.906800 1.523100 0.865231 0.315674 -0.195559 -0.336870
1305031452.999500 2.122931 0.905400 1.522600 0.865878 0.314272 -0.192870 -0.338066
1305031453.009500 2.129718 0.904000 1.522000 0.866313 0.312255 -0.189975 -0.340453
1305031453.019500 2.136722 0.902700 1.521500 0.867124 0.310034 -0.186879 -0.342127
1305031453.029500 2.143343 0.901700 1.520800 0.867422 0.307800 -0.184076 -0.344897
1305031453.039500 2.150182 0.900500 1.520200 0.868129 0.305980 -0.180978 -0.346374
1305031453.049600 2.157193 0.899100 1.519400 0.868787 0.303371 -0.177789 -0.348663
1305031453.059500 2.164010 0.897800 1.519000 0.869618 0.302164 -0.174196 -0.349452
1305031453.069500 2.171000 0.896600 1.518400 0.870050 0.300145 -0.170901 -0.351736
1305031453.079500 2.178107 0.895200 1.518100 0.870598 0.298938 -0.167308 -0.353132
1305031453.089400 2.185274 0.893700 1.517500 0.870952 0.295886 -0.164198 -0.356276
1305031453.099600 2.192428 0.892500 1.517200 0.871521 0.294486 -0.160610 -0.357679
1305031453.109400 2.199473 0.891400 1.516500 0.871243 0.292553 -0.157606 -0.361260
1305031453.119500 2.206505 0.889800 1.516200 0.872095 0.291059 -0.154718 -0.361659
1305031453.129400 2.213741 0.888500 1.515700 0.872195 0.289429 -0.151614 -0.364033
1305031453.139500 2.221007 0.887000 1.515300 0.872897 0.288416 -0.148316 -0.364513
1305031453.149500 2.228534 0.885300 1.514700 0.873533 0.287311 -0.144723 -0.365306
1305031453.160600 2.236311 0.883900 1.514400 0.873709 0.286114 -0.141932 -0.366917
1305031453.169500 2.242739 0.882700 1.514000 0.873306 0.284677 -0.139024 -0.370092
1305031453.179500 2.250217 0.881100 1.513800 0.873465 0.283169 -0.135730 -0.372092
1305031453.189500 2.257912 0.879500 1.513600 0.874052 0.281744 -0.131928 -0.373160
1305031453.199500 2.265225 0.878200 1.513400 0.873910 0.279531 -0.129332 -0.376056
1305031453.209500 2.272854 0.876700 1.513200 0.873690 0.277895 -0.126824 -0.378624
1305031453.219500 2.280601 0.874900 1.513300 0.874434 0.276498 -0.123833 -0.378919
1305031453.229500 2.288265 0.873500 1.513200 0.874689 0.274091 -0.121239 -0.380912
1305031453.239500 2.295945 0.872000 1.513300 0.875500 0.272387 -0.118945 -0.380994
1305031453.249500 2.303943 0.870200 1.513100 0.876256 0.270295 -0.116856 -0.381392
1305031453.259500 2.311858 0.868700 1.513400 0.877428 0.267880 -0.114060 -0.381248
1305031453.269500 2.319891 0.866900 1.513700 0.878182 0.264682 -0.112071 -0.382336
1305031453.279500 2.328240 0.865400 1.514000 0.878678 0.261361 -0.110273 -0.383998
1305031453.289500 2.336606 0.863700 1.514600 0.879223 0.258160 -0.108981 -0.385285
1305031453.299500 2.344990 0.862200 1.515200 0.879442 0.254208 -0.107172 -0.387909
1305031453.309500 2.353490 0.860700 1.515700 0.879280 0.250587 -0.105473 -0.391087
1305031453.319500 2.361908 0.858700 1.516600 0.880035 0.246687 -0.103584 -0.392370
1305031453.329500 2.370443 0.856700 1.517100 0.880802 0.243165 -0.101786 -0.393318
1305031453.339500 2.378995 0.854800 1.517500 0.881440 0.239661 -0.099994 -0.394497
1305031453.349500 2.387564 0.852800 1.518100 0.882839 0.236063 -0.098705 -0.393860
1305031453.359500 2.396051 0.850700 1.518600 0.884256 0.232773 -0.097518 -0.392935
1305031453.369500 2.404654 0.848600 1.519200 0.885389 0.229183 -0.097030 -0.392616
1305031453.379500 2.413175 0.846500 1.519800 0.885760 0.225866 -0.097131 -0.393674
1305031453.389400 2.422151 0.844600 1.520300 0.886260 0.222359 -0.097135 -0.394544
1305031453.399500 2.430567 0.841900 1.521200 0.887683 0.219781 -0.097350 -0.392732
1305031453.409500 2.439239 0.839900 1.521700 0.887503 0.216169 -0.098251 -0.394913
1305031453.419500 2.448028 0.837500 1.522600 0.887608 0.213657 -0.097652 -0.396191
1305031453.429500 2.457034 0.835000 1.523600 0.888026 0.209927 -0.097347 -0.397321
1305031453.439500 2.466157 0.832500 1.524400 0.888388 0.207133 -0.096756 -0.398122
1305031453.449500 2.474698 0.830100 1.525500 0.888340 0.203607 -0.097051 -0.399971
1305031453.459500 2.483655 0.827400 1.526500 0.888485 0.200201 -0.096256 -0.401558
1305031453.469500 2.492830 0.824600 1.527600 0.889077 0.196493 -0.095660 -0.402220
1305031453.479500 2.501921 0.821800 1.528500 0.889116 0.193188 -0.095764 -0.403709
1305031453.489500 2.510930 0.819000 1.529800 0.889179 0.189766 -0.095461 -0.405262
1305031453.499500 2.519856 0.815800 1.531100 0.889191 0.187059 -0.095662 -0.406444
1305031453.509500 2.528799 0.812900 1.532300 0.888180 0.184128 -0.096353 -0.409816
1305031453.519500 2.537660 0.809700 1.533500 0.887896 0.181617 -0.096552 -0.411503
1305031453.529500 2.546437 0.806300 1.534900 0.887805 0.178809 -0.097153 -0.412785
1305031453.539500 2.555231 0.802800 1.536200 0.887368 0.176787 -0.097746 -0.414452
1305031453.549400 2.563879 0.799300 1.537600 0.886709 0.174979 -0.098445 -0.416459
1305031453.559500 2.572872 0.795700 1.539100 0.885641 0.172640 -0.099230 -0.419510
1305031453.569500 2.581617 0.791900 1.540500 0.885497 0.171444 -0.099134 -0.420326
1305031453.579500 2.590180 0.788200 1.542000 0.884991 0.169629 -0.099629 -0.422009
1305031453.589900 2.599120 0.784300 1.543500 0.884466 0.168010 -0.099923 -0.423684
1305031453.599500 2.607258 0.780500 1.544800 0.882971 0.166181 -0.100911 -0.427275
1305031453.609500 2.615672 0.776000 1.546200 0.883379 0.165488 -0.101016 -0.426674
1305031453.619500 2.623603 0.772100 1.547500 0.881736 0.164854 -0.102498 -0.429953
1305031453.629500 2.631852 0.768000 1.548800 0.880386 0.165226 -0.103882 -0.432238
1305031453.639500 2.639717 0.763100 1.550200 0.879612 0.166225 -0.104979 -0.433164
1305031453.649500 2.647600 0.758600 1.551400 0.878062 0.167096 -0.106262 -0.435653
1305031453.659500 2.655400 0.753800 1.552600 0.877155 0.168388 -0.107554 -0.436666
1305031453.669500 2.662917 0.749100 1.553700 0.875158 0.170267 -0.109339 -0.439492
1305031453.679400 2.670585 0.744200 1.555100 0.874196 0.171367 -0.110736 -0.440627
1305031453.689500 2.678303 0.739000 1.556200 0.873995 0.172671 -0.111435 -0.440341
1305031453.699500 2.685671 0.734200 1.557300 0.872484 0.174254 -0.112822 -0.442355
1305031453.709500 2.692857 0.729100 1.558200 0.871521 0.176035 -0.114008 -0.443244
1305031453.720200 2.700629 0.724200 1.559200 0.870011 0.178621 -0.115194 -0.444867
1305031453.729500 2.707079 0.719100 1.560200 0.868809 0.181217 -0.116986 -0.445697
1305031453.739500 2.714416 0.713600 1.561300 0.868396 0.184723 -0.117882 -0.444825
1305031453.749500 2.721170 0.708500 1.562300 0.866706 0.187817 -0.119970 -0.446266
1305031453.759500 2.728241 0.703500 1.563200 0.865095 0.191109 -0.122158 -0.447399
1305031453.769500 2.735029 0.698500 1.564100 0.863460 0.193593 -0.124241 -0.448912
1305031453.779500 2.741734 0.693500 1.565200 0.862111 0.196779 -0.126025 -0.449623
1305031453.789500 2.748557 0.688700 1.566000 0.860736 0.199176 -0.127218 -0.450863
1305031453.799500 2.755096 0.683600 1.567000 0.860329 0.201683 -0.128415 -0.450186
1305031453.809500 2.761753 0.678600 1.567700 0.859133 0.203475 -0.129306 -0.451408
1305031453.819500 2.767927 0.673900 1.568500 0.857693 0.206664 -0.131291 -0.452124
1305031453.829500 2.774318 0.669100 1.569400 0.856234 0.209748 -0.133472 -0.452830
1305031453.839400 2.780157 0.664300 1.570100 0.855147 0.213159 -0.135868 -0.452578
1305031453.849400 2.786282 0.659500 1.570800 0.854128 0.216967 -0.138760 -0.451814
1305031453.859500 2.792393 0.654900 1.571700 0.853167 0.220566 -0.141846 -0.450928
1305031453.869400 2.798583 0.650400 1.572400 0.852326 0.224777 -0.145237 -0.449358
1305031453.879400 2.804260 0.645900 1.573100 0.851318 0.228391 -0.148432 -0.448400
1305031453.889400 2.809953 0.641600 1.573700 0.850248 0.231817 -0.152333 -0.447363
1305031453.899500 2.815834 0.637300 1.574400 0.849943 0.235219 -0.156118 -0.444855
1305031453.909500 2.821562 0.632900 1.575100 0.849496 0.238839 -0.160312 -0.442282
1305031453.919500 2.826807 0.628900 1.575500 0.848413 0.241767 -0.165014 -0.441037
1305031453.929500 2.832069 0.624600 1.576200 0.847655 0.245076 -0.169003 -0.439154
1305031453.939400 2.837378 0.620700 1.576900 0.846894 0.249384 -0.171890 -0.437073
1305031453.949500 2.842745 0.616800 1.577600 0.845883 0.253398 -0.174182 -0.435813
1305031453.959700 2.848101 0.612800 1.578300 0.845092 0.258323 -0.175880 -0.433768
1305031453.969500 2.853189 0.608900 1.578800 0.844495 0.263047 -0.177278 -0.431517
1305031453.979500 2.857637 0.605000 1.579600 0.843274 0.267146 -0.177864 -0.431145
1305031453.989500 2.862802 0.601400 1.580300 0.841819 0.270734 -0.179543 -0.431055
1305031453.999500 2.867884 0.597600 1.580900 0.840220 0.274241 -0.181834 -0.430997
1305031454.009600 2.873155 0.593900 1.581300 0.838457 0.277457 -0.184231 -0.431354
1305031454.019500 2.877999 0.590400 1.581800 0.836175 0.280828 -0.186898 -0.432454
1305031454.029500 2.883132 0.586800 1.582300 0.835309 0.284958 -0.188301 -0.430814
1305031454.039500 2.887983 0.583400 1.582600 0.833181 0.289353 -0.190480 -0.431047
1305031454.049500 2.892551 0.580200 1.582800 0.831344 0.293141 -0.191759 -0.431467
1305031454.059400 2.896962 0.577000 1.583100 0.829032 0.298543 -0.193540 -0.431416
1305031454.069500 2.901837 0.573700 1.583200 0.827008 0.303238 -0.194819 -0.431451
1305031454.079400 2.906183 0.570800 1.583300 0.825418 0.307749 -0.195709 -0.430899
1305031454.089400 2.910719 0.567600 1.583700 0.822970 0.312569 -0.197103 -0.431475
1305031454.099500 2.915345 0.564300 1.584000 0.820871 0.317337 -0.198464 -0.431371
1305031454.109500 2.920116 0.560800 1.584400 0.818972 0.323157 -0.200252 -0.429830
1305031454.119500 2.924603 0.557800 1.584700 0.816075 0.328164 -0.202933 -0.430288
1305031454.129500 2.929008 0.554700 1.584700 0.813443 0.332760 -0.205708 -0.430424
1305031454.139400 2.933355 0.551800 1.584800 0.811542 0.337675 -0.207395 -0.429374
1305031454.149500 2.938168 0.548800 1.584900 0.810081 0.342874 -0.209071 -0.427195
1305031454.159500 2.942524 0.546100 1.584800 0.807659 0.347482 -0.212151 -0.426538
1305031454.169400 2.947122 0.542900 1.584700 0.806053 0.352707 -0.214140 -0.424289
1305031454.179500 2.951888 0.540000 1.584800 0.803839 0.358528 -0.216623 -0.422344
1305031454.189500 2.956195 0.537200 1.584700 0.801028 0.364141 -0.219302 -0.421500
1305031454.199500 2.960819 0.534300 1.584700 0.797690 0.370542 -0.222169 -0.420749
1305031454.209500 2.965561 0.531400 1.584900 0.794781 0.376751 -0.223745 -0.419905
1305031454.219500 2.970419 0.528500 1.584900 0.791190 0.382766 -0.226122 -0.419974
1305031454.229500 2.975395 0.525700 1.585100 0.787014 0.388631 -0.228771 -0.420997
1305031454.239500 2.980788 0.522700 1.585000 0.784520 0.393137 -0.229553 -0.421043
1305031454.249500 2.985898 0.520100 1.585000 0.781719 0.397341 -0.231232 -0.421387
1305031454.259500 2.991225 0.517600 1.584900 0.779646 0.401058 -0.231724 -0.421437
1305031454.269500 2.996570 0.515200 1.584800 0.778213 0.404548 -0.231902 -0.420650
1305031454.279500 3.001931 0.512700 1.584300 0.777380 0.408646 -0.231284 -0.418565
1305031454.289500 3.007109 0.510300 1.584100 0.775900 0.412467 -0.231377 -0.417510
1305031454.299500 3.012405 0.507800 1.583800 0.773631 0.416989 -0.231667 -0.417067
1305031454.309600 3.018095 0.505200 1.583600 0.770623 0.422392 -0.232540 -0.416714
1305031454.319500 3.023448 0.502800 1.583400 0.766675 0.427765 -0.234096 -0.417643
1305031454.329500 3.029195 0.500300 1.583200 0.762784 0.432973 -0.235870 -0.418402
1305031454.339500 3.035059 0.497800 1.583200 0.759363 0.437261 -0.237337 -0.419335
1305031454.349500 3.041040 0.495500 1.582900 0.756076 0.441168 -0.238917 -0.420284
1305031454.359500 3.046838 0.493300 1.582500 0.753312 0.444331 -0.240377 -0.421083
1305031454.369500 3.052554 0.491000 1.581900 0.751039 0.446750 -0.241870 -0.421727
1305031454.379500 3.059086 0.488800 1.581800 0.749516 0.451747 -0.240746 -0.419752
1305031454.389600 3.065415 0.486600 1.581400 0.747256 0.455977 -0.240739 -0.419211
1305031454.399500 3.071303 0.484200 1.580900 0.743883 0.460136 -0.242391 -0.419714
1305031454.409500 3.077787 0.481800 1.580200 0.740511 0.465873 -0.243875 -0.418487
1305031454.419500 3.084188 0.479400 1.579700 0.736784 0.471271 -0.245739 -0.417929
1305031454.429500 3.090806 0.477100 1.579100 0.732839 0.476154 -0.247896 -0.418057
1305031454.439500 3.097342 0.475000 1.578400 0.728971 0.480278 -0.249879 -0.418921
1305031454.449500 3.104294 0.472600 1.577800 0.726336 0.484156 -0.250045 -0.418935
1305031454.459500 3.111164 0.470300 1.577000 0.723975 0.487980 -0.249536 -0.418889
1305031454.469500 3.118150 0.467900 1.576100 0.721139 0.492048 -0.248897 -0.419401
1305031454.479500 3.125554 0.465700 1.575300 0.718546 0.496545 -0.247573 -0.419337
1305031454.489500 3.132675 0.463200 1.574400 0.715169 0.501657 -0.246949 -0.419392
1305031454.499500 3.140113 0.460900 1.573300 0.711273 0.506352 -0.247017 -0.420335
1305031454.509500 3.147568 0.458600 1.572200 0.708771 0.511058 -0.246493 -0.419173
1305031454.519500 3.155341 0.456400 1.571000 0.706570 0.515164 -0.246072 -0.418106
1305031454.529500 3.163330 0.454200 1.570100 0.705168 0.519072 -0.245056 -0.416233
1305031454.539500 3.171037 0.452100 1.568700 0.703221 0.522217 -0.245057 -0.415592
1305031454.549500 3.179060 0.450000 1.567400 0.701001 0.526415 -0.244931 -0.414117
1305031454.559500 3.187301 0.447900 1.566300 0.698814 0.531739 -0.243813 -0.411665
1305031454.569500 3.195359 0.445900 1.565000 0.695506 0.537249 -0.243982 -0.410009
1305031454.579500 3.203934 0.443700 1.563600 0.692318 0.542978 -0.243958 -0.407866
1305031454.589500 3.212526 0.441700 1.562000 0.687709 0.548188 -0.245921 -0.407516
1305031454.599500 3.221435 0.439700 1.560500 0.684762 0.552877 -0.247082 -0.405436
1305031454.609600 3.230044 0.438000 1.559300 0.680349 0.558189 -0.249045 -0.404384
1305031454.619400 3.238923 0.436200 1.557900 0.677827 0.562204 -0.250721 -0.402015
1305031454.629500 3.247866 0.434800 1.556400 0.675222 0.565031 -0.253405 -0.400751
1305031454.639400 3.257261 0.433400 1.554800 0.673924 0.568574 -0.254698 -0.397089
1305031454.649500 3.266438 0.432200 1.553100 0.672194 0.571088 -0.257181 -0.394806
1305031454.659500 3.275950 0.430900 1.551500 0.671135 0.574182 -0.258855 -0.391007
1305031454.669500 3.285380 0.429600 1.549900 0.669272 0.577363 -0.261461 -0.387769
1305031454.679500 3.295026 0.428400 1.548200 0.667005 0.580854 -0.264225 -0.384575
1305031454.689500 3.304589 0.427200 1.546400 0.663982 0.583879 -0.268003 -0.382607
1305031454.699500 3.314870 0.426200 1.545000 0.662286 0.587420 -0.269093 -0.379346
1305031454.709500 3.324967 0.425100 1.543400 0.660411 0.589695 -0.271957 -0.377037
1305031454.719500 3.335082 0.424300 1.541900 0.659205 0.590927 -0.274654 -0.375258
1305031454.729500 3.345214 0.423600 1.540300 0.658798 0.591456 -0.277056 -0.373370
1305031454.739400 3.355378 0.422900 1.538700 0.659444 0.590839 -0.279147 -0.371645
1305031454.749500 3.366029 0.422400 1.537100 0.661211 0.590325 -0.279591 -0.368979
1305031454.759500 3.376312 0.421800 1.535300 0.662456 0.588507 -0.282089 -0.367746
1305031454.769500 3.387012 0.421100 1.533800 0.664257 0.587430 -0.282707 -0.365740
1305031454.779500 3.397430 0.420500 1.532200 0.665644 0.585440 -0.284621 -0.364924
1305031454.789600 3.408050 0.419800 1.530500 0.666783 0.584408 -0.285910 -0.363488
1305031454.799500 3.418716 0.419100 1.528800 0.668428 0.582965 -0.286646 -0.362203
1305031454.809500 3.429185 0.418200 1.527000 0.669584 0.581647 -0.288043 -0.361075
1305031454.819500 3.439971 0.417400 1.525400 0.671646 0.580312 -0.287786 -0.359595
1305031454.829500 3.450574 0.416500 1.523400 0.673911 0.578295 -0.288092 -0.358360
1305031454.839500 3.461394 0.415500 1.521800 0.676319 0.576308 -0.287815 -0.357245
1305031454.849500 3.472031 0.414500 1.519800 0.678704 0.574503 -0.287328 -0.356020
1305031454.859500 3.482685 0.413400 1.518100 0.681019 0.572415 -0.286652 -0.355506
1305031454.869400 3.493070 0.412100 1.516300 0.683340 0.569927 -0.285978 -0.355592
1305031454.879500 3.503645 0.410700 1.514500 0.685546 0.567627 -0.285297 -0.355572
1305031454.889500 3.514251 0.409100 1.512800 0.687767 0.565544 -0.284723 -0.355062
1305031454.899500 3.524674 0.407600 1.511000 0.689728 0.563405 -0.284022 -0.355220
1305031454.909500 3.535314 0.405900 1.509400 0.692351 0.561614 -0.281946 -0.354607
1305031454.919700 3.545747 0.404100 1.507500 0.694067 0.559526 -0.281767 -0.354696
1305031454.929500 3.556046 0.402200 1.505800 0.696064 0.557716 -0.280580 -0.354574
1305031454.939400 3.566249 0.400000 1.504100 0.698063 0.555813 -0.279794 -0.354253
1305031454.949400 3.576557 0.397800 1.502500 0.699726 0.553855 -0.279130 -0.354564
1305031454.960600 3.587843 0.395500 1.500900 0.701695 0.552027 -0.278232 -0.354229
1305031454.969500 3.596814 0.392900 1.499100 0.703009 0.549838 -0.278751 -0.354619
1305031454.979500 3.607274 0.390200 1.497800 0.705092 0.548621 -0.277057 -0.353693
1305031454.989400 3.616962 0.387600 1.496200 0.705284 0.547218 -0.278460 -0.354382
1305031454.999500 3.626845 0.384700 1.494600 0.705864 0.546302 -0.278558 -0.354565
1305031455.009800 3.637423 0.381600 1.493000 0.706857 0.545499 -0.278263 -0.354053
1305031455.019500 3.646884 0.378500 1.491500 0.707767 0.544803 -0.277572 -0.353849
1305031455.029500 3.656830 0.375200 1.490100 0.709337 0.544355 -0.275807 -0.352772
1305031455.039500 3.665992 0.372000 1.488300 0.709401 0.543223 -0.276496 -0.353848
1305031455.049500 3.675972 0.368400 1.487100 0.711295 0.542104 -0.274103 -0.353625
1305031455.059500 3.685369 0.364900 1.485600 0.711717 0.540803 -0.273512 -0.355221
1305031455.069500 3.694683 0.361300 1.484400 0.712031 0.540200 -0.272718 -0.356119
1305031455.079500 3.703414 0.357600 1.482800 0.710716 0.539478 -0.274306 -0.358613
1305031455.089500 3.712462 0.353900 1.481400 0.710559 0.538590 -0.273819 -0.360624
1305031455.099500 3.721727 0.350000 1.480200 0.711043 0.538158 -0.272112 -0.361605
1305031455.109600 3.730801 0.346100 1.478900 0.711687 0.537476 -0.270829 -0.362316
1305031455.119500 3.739709 0.342200 1.477600 0.712865 0.536652 -0.269527 -0.362192
1305031455.129500 3.748526 0.338300 1.476300 0.714088 0.535249 -0.267741 -0.363183
1305031455.139500 3.757060 0.334500 1.475000 0.714982 0.533534 -0.267445 -0.364164
1305031455.149500 3.765810 0.330400 1.473900 0.716790 0.532336 -0.265959 -0.363451
1305031455.159600 3.774170 0.326400 1.472400 0.717528 0.530559 -0.266281 -0.364356
1305031455.169500 3.782764 0.322400 1.471200 0.719833 0.529162 -0.264497 -0.363139
1305031455.179400 3.790874 0.318500 1.470000 0.721518 0.527351 -0.264105 -0.362713
1305031455.189500 3.799185 0.314500 1.468700 0.723223 0.525354 -0.263720 -0.362497
1305031455.199500 3.807222 0.310500 1.467600 0.724715 0.523845 -0.262928 -0.362276
1305031455.209500 3.815776 0.306500 1.466800 0.726354 0.522368 -0.261752 -0.361977
1305031455.219700 3.823832 0.302500 1.465600 0.726735 0.520047 -0.262852 -0.363753
1305031455.229500 3.832334 0.298700 1.465100 0.728663 0.518551 -0.260472 -0.363743
1305031455.239500 3.840139 0.294800 1.464000 0.730134 0.517031 -0.259973 -0.363313
1305031455.249500 3.848061 0.291000 1.463000 0.732097 0.515572 -0.258307 -0.362625
1305031455.259500 3.856100 0.287300 1.462000 0.734561 0.513551 -0.257212 -0.361285
1305031455.269400 3.863663 0.283700 1.461000 0.736904 0.511488 -0.256445 -0.359984
1305031455.279500 3.871930 0.279500 1.459600 0.740529 0.507316 -0.256285 -0.358559
1305031455.289400 3.879627 0.275800 1.458800 0.742899 0.503795 -0.256295 -0.358614
1305031455.299500 3.887629 0.271900 1.458100 0.745421 0.501123 -0.256325 -0.357101
1305031455.309400 3.895359 0.267900 1.457400 0.747790 0.498113 -0.256736 -0.356061
1305031455.319400 3.903101 0.264000 1.456800 0.749796 0.495833 -0.257257 -0.354646
1305031455.329400 3.910760 0.260100 1.455900 0.751656 0.494022 -0.257561 -0.353013
1305031455.339400 3.918336 0.256200 1.455500 0.754400 0.492875 -0.256496 -0.349519
1305031455.349500 3.926324 0.252500 1.455100 0.756935 0.492111 -0.254424 -0.346619
1305031455.359600 3.934330 0.248400 1.454500 0.760152 0.490431 -0.251750 -0.343902
1305031455.369400 3.941567 0.244600 1.454000 0.763013 0.487410 -0.250659 -0.342654
1305031455.379500 3.949307 0.240900 1.453700 0.765951 0.484534 -0.248791 -0.341538
1305031455.389500 3.957168 0.236900 1.453600 0.769575 0.481555 -0.246424 -0.339314
1305031455.399500 3.964747 0.232900 1.453700 0.772676 0.477957 -0.245148 -0.338278
1305031455.409500 3.972543 0.228900 1.453900 0.775007 0.475178 -0.244175 -0.337563
1305031455.419400 3.980060 0.224700 1.454000 0.777723 0.472393 -0.242900 -0.336141
1305031455.429400 3.987790 0.220600 1.454500 0.780126 0.470203 -0.241819 -0.334419
1305031455.439500 3.995634 0.216300 1.455200 0.782413 0.467597 -0.240632 -0.333586
1305031455.449400 4.003202 0.212200 1.455800 0.783737 0.465208 -0.240550 -0.333875
1305031455.459500 4.010680 0.207900 1.456500 0.785726 0.462608 -0.240364 -0.332947
1305031455.469400 4.018082 0.203500 1.457100 0.787699 0.459998 -0.240072 -0.332112
1305031455.479500 4.025495 0.199200 1.457700 0.790212 0.456412 -0.239798 -0.331285
1305031455.490200 4.033510 0.194800 1.458600 0.792643 0.453138 -0.239527 -0.330168
1305031455.499500 4.040078 0.190200 1.459600 0.795533 0.449646 -0.239048 -0.328332
1305031455.509500 4.047246 0.185700 1.460700 0.797372 0.445665 -0.239577 -0.328915
1305031455.519400 4.054232 0.181000 1.462000 0.799358 0.442263 -0.239991 -0.328381
1305031455.529500 4.061531 0.176200 1.463300 0.801135 0.439363 -0.240802 -0.327349
1305031455.539500 4.068450 0.171400 1.464800 0.802500 0.435649 -0.242508 -0.327709
1305031455.549500 4.075286 0.166600 1.466300 0.803970 0.432148 -0.244618 -0.327173
1305031455.559400 4.082040 0.161400 1.467800 0.805897 0.428383 -0.246648 -0.325858
1305031455.569400 4.089310 0.156300 1.469700 0.808627 0.425821 -0.245979 -0.322945
1305031455.579500 4.095996 0.151300 1.471600 0.810348 0.422090 -0.247474 -0.322386
1305031455.589400 4.102501 0.146200 1.473400 0.812972 0.418220 -0.247805 -0.320563
1305031455.599500 4.109221 0.141200 1.475400 0.815643 0.414726 -0.247920 -0.318222
1305031455.609500 4.115760 0.136300 1.477500 0.817535 0.411128 -0.248235 -0.317788
1305031455.619500 4.122215 0.131100 1.479600 0.819289 0.408058 -0.248166 -0.317282
1305031455.629400 4.128688 0.126200 1.481900 0.820437 0.405323 -0.247760 -0.318137
1305031455.639400 4.134978 0.121300 1.484400 0.820564 0.402820 -0.248470 -0.320428
1305031455.649400 4.141685 0.116200 1.486900 0.820789 0.401823 -0.248179 -0.321328
1305031455.659400 4.148008 0.111200 1.489500 0.820561 0.400890 -0.247868 -0.323308
1305031455.669400 4.154549 0.106200 1.492100 0.820288 0.400290 -0.247773 -0.324813
1305031455.679400 4.161208 0.101100 1.494800 0.820443 0.400760 -0.246258 -0.324994
1305031455.689500 4.168084 0.096200 1.497600 0.820135 0.401241 -0.245049 -0.326091
1305031455.699500 4.174676 0.091300 1.500500 0.819918 0.401968 -0.243468 -0.326925
1305031455.709600 4.181387 0.086600 1.503500 0.819632 0.402657 -0.241664 -0.328130
1305031455.719400 4.188011 0.081800 1.506500 0.819666 0.402854 -0.239569 -0.329338
1305031455.729500 4.194957 0.077300 1.509700 0.819549 0.403728 -0.237258 -0.330231
1305031455.739400 4.201816 0.072800 1.512900 0.819687 0.404032 -0.235264 -0.330942
1305031455.749400 4.208494 0.068400 1.516100 0.820104 0.403421 -0.233168 -0.332136
1305031455.759400 4.215389 0.064100 1.519400 0.820670 0.403091 -0.231058 -0.332612
1305031455.769500 4.222303 0.060200 1.522700 0.819915 0.401986 -0.231164 -0.335721
1305031455.779500 4.229533 0.055900 1.526300 0.820447 0.400983 -0.229273 -0.336919
1305031455.789500 4.236680 0.051700 1.529800 0.820725 0.400359 -0.228066 -0.337800
1305031455.799400 4.243941 0.047700 1.533300 0.820549 0.399758 -0.227671 -0.339203
1305031455.809400 4.251421 0.043500 1.537000 0.820854 0.399450 -0.226371 -0.339698
1305031455.819400 4.258719 0.039600 1.540600 0.820437 0.399126 -0.226062 -0.341287
1305031455.829500 4.266237 0.035400 1.544000 0.820968 0.399240 -0.224672 -0.340796
1305031455.839400 4.273566 0.031600 1.547600 0.820854 0.399027 -0.224567 -0.341388
1305031455.849500 4.281619 0.027600 1.551300 0.821737 0.399566 -0.221990 -0.340317
1305031455.859500 4.289185 0.024000 1.554900 0.821219 0.398737 -0.221881 -0.342603
1305031455.869400 4.296665 0.020400 1.558300 0.821828 0.398943 -0.220486 -0.341803
1305031455.879400 4.304166 0.016600 1.561700 0.822113 0.398125 -0.219682 -0.342587
1305031455.889400 4.311983 0.013300 1.565100 0.822513 0.397817 -0.218283 -0.342879
1305031455.899500 4.319922 0.009700 1.568400 0.823424 0.397520 -0.216489 -0.342174
1305031455.909800 4.327688 0.006400 1.571500 0.823310 0.397201 -0.215783 -0.343263
1305031455.919400 4.335139 0.003000 1.574900 0.823792 0.397333 -0.213804 -0.343191
1305031455.929400 4.342925 -0.000400 1.578000 0.823976 0.397316 -0.212498 -0.343580
1305031455.939400 4.350728 -0.003800 1.581100 0.824062 0.397397 -0.210892 -0.344269
1305031455.949500 4.358354 -0.007000 1.584000 0.823911 0.397407 -0.209800 -0.345285
1305031455.959500 4.366292 -0.010200 1.587000 0.824633 0.398013 -0.207106 -0.344490
1305031455.969400 4.373841 -0.013400 1.589700 0.825073 0.397726 -0.205717 -0.344599
1305031455.979400 4.381713 -0.016400 1.592400 0.825521 0.397993 -0.203604 -0.344473
1305031455.989500 4.389508 -0.019500 1.595100 0.826478 0.397911 -0.200519 -0.344084
1305031455.999400 4.397108 -0.022500 1.597600 0.826931 0.398332 -0.198631 -0.343602
1305031456.009400 4.404831 -0.025300 1.600000 0.827743 0.398831 -0.195435 -0.342900
1305031456.019400 4.412571 -0.028300 1.602400 0.828894 0.400157 -0.191448 -0.340818
1305031456.029500 4.420235 -0.031300 1.604600 0.829616 0.401667 -0.187952 -0.339228
1305031456.039400 4.427903 -0.034000 1.607000 0.830238 0.403678 -0.184255 -0.337341
1305031456.049500 4.435501 -0.036800 1.609100 0.830388 0.405400 -0.181562 -0.336367
1305031456.059500 4.443310 -0.039400 1.611500 0.830864 0.407291 -0.178455 -0.334563
1305031456.069500 4.451036 -0.042200 1.613600 0.831396 0.408306 -0.175862 -0.333375
1305031456.079400 4.458472 -0.044700 1.615900 0.831630 0.409012 -0.173266 -0.333286
1305031456.090400 4.467209 -0.047100 1.617900 0.832060 0.408721 -0.171873 -0.333291
1305031456.099500 4.473817 -0.049500 1.619900 0.832271 0.408717 -0.170274 -0.333589
1305031456.109500 4.481412 -0.051700 1.622100 0.832387 0.408613 -0.168776 -0.334190
1305031456.119400 4.488915 -0.054000 1.624100 0.832764 0.408191 -0.167172 -0.334571
1305031456.129500 4.496552 -0.056100 1.626100 0.833327 0.407514 -0.165586 -0.334785
1305031456.139400 4.504189 -0.058200 1.628000 0.834230 0.406808 -0.163391 -0.334472
1305031456.149500 4.511661 -0.060100 1.629700 0.834312 0.405981 -0.161986 -0.335953
1305031456.159400 4.519432 -0.061900 1.631900 0.834860 0.404685 -0.159896 -0.337154
1305031456.169400 4.527129 -0.063800 1.633800 0.835280 0.403272 -0.157900 -0.338743
1305031456.179400 4.534743 -0.065400 1.635500 0.835158 0.401028 -0.156993 -0.342111
1305031456.189400 4.542375 -0.067000 1.637300 0.835499 0.399118 -0.154800 -0.344504
1305031456.199500 4.549933 -0.068300 1.638700 0.835822 0.396900 -0.153204 -0.346988
1305031456.209400 4.557488 -0.069800 1.640100 0.837238 0.394996 -0.150415 -0.346968
1305031456.219400 4.564971 -0.071300 1.641300 0.838415 0.392865 -0.147417 -0.347829
1305031456.229400 4.572571 -0.072600 1.642400 0.839683 0.390980 -0.144235 -0.348229
1305031456.239400 4.579788 -0.073800 1.643400 0.840669 0.389156 -0.141537 -0.348998
1305031456.249400 4.587322 -0.075000 1.644400 0.841927 0.387365 -0.137952 -0.349393
1305031456.259400 4.594773 -0.076000 1.645500 0.842630 0.385344 -0.135556 -0.350868
1305031456.269400 4.602241 -0.076900 1.646400 0.843482 0.382742 -0.132967 -0.352658
1305031456.279600 4.609948 -0.077900 1.647200 0.843994 0.380523 -0.131071 -0.354537
1305031456.289400 4.617129 -0.078900 1.648000 0.844704 0.377605 -0.129577 -0.356510
1305031456.299400 4.624549 -0.079900 1.648600 0.845820 0.374594 -0.127786 -0.357684
1305031456.309500 4.631997 -0.080900 1.649200 0.846700 0.371361 -0.125889 -0.359640
1305031456.319400 4.639240 -0.081700 1.649700 0.847541 0.368050 -0.123399 -0.361920
1305031456.329400 4.646410 -0.082200 1.649900 0.847571 0.364728 -0.122502 -0.365500
1305031456.339500 4.653810 -0.082900 1.650000 0.848354 0.361692 -0.119903 -0.367556
1305031456.349800 4.661252 -0.083600 1.650000 0.849333 0.359004 -0.117019 -0.368856
1305031456.359500 4.668338 -0.084300 1.649700 0.850776 0.356505 -0.113233 -0.369139
1305031456.369400 4.675566 -0.085000 1.649500 0.851776 0.354489 -0.110138 -0.369709
1305031456.379400 4.682822 -0.085600 1.649100 0.852484 0.351870 -0.107742 -0.371281
1305031456.389400 4.690096 -0.086300 1.648800 0.853055 0.349372 -0.104752 -0.373179
1305031456.399400 4.697187 -0.086800 1.648400 0.852968 0.346644 -0.103151 -0.376355
1305031456.409500 4.704308 -0.087500 1.647800 0.853224 0.343698 -0.101547 -0.378904
1305031456.419400 4.711220 -0.088200 1.647000 0.853731 0.340577 -0.100051 -0.380974
1305031456.429500 4.718276 -0.088800 1.645900 0.854051 0.338167 -0.099055 -0.382658
1305031456.439400 4.725221 -0.089500 1.644700 0.855209 0.336088 -0.097670 -0.382260
1305031456.449400 4.732098 -0.090100 1.643100 0.856099 0.334385 -0.096976 -0.381938
1305031456.459400 4.738991 -0.090900 1.641600 0.857780 0.333398 -0.096188 -0.379218
1305031456.469400 4.745902 -0.091600 1.639800 0.859129 0.332234 -0.096004 -0.377228
1305031456.479500 4.752744 -0.092200 1.637900 0.860386 0.330629 -0.095911 -0.375795
1305031456.489400 4.759375 -0.092700 1.635900 0.861779 0.329750 -0.096223 -0.373286
1305031456.499400 4.766037 -0.093300 1.634000 0.862790 0.328265 -0.096533 -0.372179
1305031456.509500 4.773031 -0.093800 1.631900 0.863749 0.327062 -0.097137 -0.370853
1305031456.519400 4.779712 -0.094300 1.629800 0.865090 0.325595 -0.097354 -0.368958
1305031456.529400 4.786526 -0.094900 1.627800 0.866293 0.324210 -0.097364 -0.367347
1305031456.539400 4.793356 -0.095500 1.625700 0.866917 0.323022 -0.097272 -0.366947
1305031456.549400 4.800204 -0.096100 1.623700 0.867464 0.320797 -0.097272 -0.367605
1305031456.559500 4.807084 -0.096500 1.621600 0.867726 0.318608 -0.097180 -0.368912
1305031456.569400 4.814050 -0.097200 1.619500 0.868625 0.316304 -0.096387 -0.368988
1305031456.579500 4.820965 -0.097600 1.617100 0.869427 0.313800 -0.095894 -0.369365
1305031456.589400 4.827866 -0.097900 1.614600 0.870949 0.311513 -0.094208 -0.368148
1305031456.599400 4.834899 -0.098400 1.611900 0.873366 0.309441 -0.091928 -0.364729
1305031456.609500 4.842066 -0.098800 1.609200 0.876167 0.307573 -0.089351 -0.360203
1305031456.619400 4.849117 -0.099000 1.606500 0.879054 0.305803 -0.086772 -0.355273
1305031456.629400 4.856401 -0.099300 1.603700 0.881131 0.303949 -0.084395 -0.352279
1305031456.639400 4.863703 -0.099800 1.601100 0.883082 0.301850 -0.082507 -0.349635
1305031456.649400 4.871222 -0.100200 1.598700 0.884651 0.299382 -0.081025 -0.348135
1305031456.659500 4.878575 -0.100500 1.596200 0.885148 0.296269 -0.081129 -0.349508
1305031456.669400 4.886111 -0.100800 1.593900 0.885543 0.293457 -0.081533 -0.350783
1305031456.679500 4.893699 -0.101200 1.591400 0.885957 0.290250 -0.082138 -0.352262
1305031456.689500 4.901586 -0.101400 1.589000 0.886885 0.287528 -0.082340 -0.352111
1305031456.699400 4.908873 -0.102100 1.586200 0.888268 0.284938 -0.082951 -0.350584
1305031456.709400 4.916894 -0.102400 1.583300 0.890023 0.282175 -0.082871 -0.348380
1305031456.719400 4.924533 -0.103000 1.580500 0.891846 0.280110 -0.083289 -0.345272
1305031456.729400 4.932389 -0.103400 1.577800 0.893472 0.278714 -0.083497 -0.342132
1305031456.739400 4.940162 -0.103800 1.575000 0.894124 0.277344 -0.085109 -0.341145
1305031456.749400 4.947852 -0.104200 1.572400 0.894483 0.276443 -0.087110 -0.340429
1305031456.759400 4.955459 -0.104700 1.569800 0.894352 0.274934 -0.090108 -0.341214
1305031456.769400 4.963183 -0.105300 1.567300 0.894040 0.273731 -0.093407 -0.342110
1305031456.779400 4.971225 -0.105600 1.564300 0.893579 0.272205 -0.096100 -0.343782
1305031456.789500 4.978903 -0.106000 1.561800 0.893910 0.270624 -0.098508 -0.343488
1305031456.799600 4.986799 -0.106500 1.559000 0.894665 0.268524 -0.100612 -0.342560
1305031456.809600 4.994792 -0.107000 1.556100 0.896041 0.266236 -0.101322 -0.340533
1305031456.819400 5.002462 -0.107400 1.553000 0.897517 0.263848 -0.101633 -0.338404
1305031456.829400 5.010689 -0.107900 1.550000 0.898980 0.261787 -0.101652 -0.336109
1305031456.839500 5.018753 -0.108400 1.546900 0.900280 0.259803 -0.101563 -0.334192
1305031456.849400 5.026594 -0.108900 1.544000 0.901261 0.257802 -0.100669 -0.333364
1305031456.859500 5.034793 -0.109500 1.541100 0.901972 0.256009 -0.100576 -0.332852
1305031456.869400 5.042768 -0.110100 1.538200 0.902485 0.254612 -0.099882 -0.332743
1305031456.879400 5.050981 -0.110800 1.535600 0.903184 0.252813 -0.099187 -0.332424
1305031456.889400 5.059211 -0.111400 1.533100 0.903317 0.250808 -0.098391 -0.333816
1305031456.899500 5.067579 -0.112100 1.530500 0.903151 0.248368 -0.098082 -0.336170
1305031456.909500 5.075643 -0.112800 1.527900 0.903118 0.245161 -0.097188 -0.338864
1305031456.919400 5.084102 -0.113600 1.525300 0.903674 0.242541 -0.096288 -0.339522
1305031456.929400 5.092401 -0.114500 1.522700 0.904351 0.239727 -0.094990 -0.340085
1305031456.939400 5.100716 -0.115500 1.519900 0.905518 0.237653 -0.093706 -0.338787
1305031456.949500 5.109371 -0.116500 1.517400 0.906776 0.235876 -0.091420 -0.337286
1305031456.959400 5.117498 -0.117700 1.514700 0.907971 0.234689 -0.090029 -0.335269
1305031456.969400 5.126365 -0.118800 1.512400 0.909133 0.234396 -0.088034 -0.332846
1305031456.979400 5.134549 -0.120200 1.510100 0.910011 0.233425 -0.086747 -0.331462
1305031456.989400 5.143150 -0.121800 1.508100 0.911019 0.233445 -0.085256 -0.329060
1305031456.999400 5.151868 -0.122900 1.506200 0.911000 0.231824 -0.084153 -0.330536
1305031457.009500 5.160626 -0.124300 1.504600 0.911208 0.229815 -0.083155 -0.331618
1305031457.019500 5.169379 -0.125700 1.503000 0.911752 0.227722 -0.082162 -0.331812
1305031457.029500 5.178049 -0.127200 1.501500 0.912484 0.224826 -0.081271 -0.331996
1305031457.039500 5.187135 -0.128800 1.500100 0.913770 0.223036 -0.079579 -0.330070
1305031457.049400 5.195915 -0.130500 1.498800 0.915173 0.220751 -0.078191 -0.328046
1305031457.059400 5.204636 -0.132200 1.497600 0.916435 0.218854 -0.076398 -0.326211
1305031457.069400 5.213774 -0.134100 1.496700 0.917974 0.217283 -0.074313 -0.323404
1305031457.079400 5.222929 -0.136000 1.495900 0.919085 0.215797 -0.072322 -0.321689
1305031457.089400 5.231901 -0.138000 1.495600 0.920088 0.214005 -0.070730 -0.320369
1305031457.099400 5.241090 -0.139800 1.495300 0.920513 0.212609 -0.069434 -0.320362
1305031457.109400 5.250197 -0.142000 1.495300 0.921067 0.210516 -0.067542 -0.320557
1305031457.119400 5.259620 -0.144100 1.495700 0.921463 0.208307 -0.066244 -0.321132
1305031457.129500 5.268886 -0.146200 1.496000 0.921738 0.205285 -0.064744 -0.322592
1305031457.139400 5.278019 -0.148500 1.496400 0.922226 0.202497 -0.063553 -0.323195
1305031457.149400 5.287193 -0.150700 1.497000 0.922796 0.199485 -0.062456 -0.323655
1305031457.159400 5.296485 -0.153100 1.497800 0.923339 0.196787 -0.060962 -0.324042
1305031457.169400 5.305695 -0.155800 1.498700 0.923497 0.193864 -0.060161 -0.325500
1305031457.179400 5.314821 -0.158100 1.499500 0.923845 0.191567 -0.058966 -0.326093
1305031457.189400 5.324364 -0.160700 1.500400 0.924717 0.188862 -0.056971 -0.325553
1305031457.199500 5.333552 -0.163400 1.501300 0.925422 0.186765 -0.055376 -0.325032
1305031457.209800 5.343110 -0.166200 1.502300 0.926267 0.184176 -0.053485 -0.324419
1305031457.219400 5.351797 -0.169100 1.503600 0.927130 0.182094 -0.051695 -0.323417
1305031457.229500 5.361236 -0.172000 1.505000 0.927518 0.179484 -0.050297 -0.323986
1305031457.239400 5.370138 -0.175000 1.506500 0.927298 0.177261 -0.049494 -0.325957
1305031457.249400 5.379284 -0.178000 1.508200 0.926813 0.174636 -0.048190 -0.328936
1305031457.259400 5.388347 -0.181200 1.509900 0.926604 0.171512 -0.047187 -0.331303
1305031457.269400 5.397627 -0.184300 1.511800 0.926305 0.168388 -0.046184 -0.333873
1305031457.279400 5.406625 -0.187700 1.513500 0.926322 0.164771 -0.044584 -0.335842
1305031457.289500 5.415968 -0.190600 1.515400 0.925782 0.161852 -0.043081 -0.338934
1305031457.299400 5.424871 -0.194000 1.517400 0.926296 0.158748 -0.040585 -0.339304
1305031457.309400 5.434120 -0.197400 1.519200 0.926628 0.156546 -0.038289 -0.339689
1305031457.319400 5.443286 -0.200700 1.521100 0.927103 0.153634 -0.035291 -0.340045
1305031457.329400 5.452469 -0.204000 1.523100 0.927510 0.151129 -0.032694 -0.340317
1305031457.339400 5.461769 -0.207300 1.525200 0.927790 0.148333 -0.030198 -0.341014
1305031457.349400 5.470987 -0.210500 1.527500 0.928331 0.145334 -0.027103 -0.341093
1305031457.359400 5.480421 -0.213800 1.529900 0.928419 0.141917 -0.025003 -0.342452
1305031457.369400 5.489573 -0.217000 1.532500 0.927994 0.138888 -0.022498 -0.345009
1305031457.379400 5.498841 -0.220000 1.535000 0.927388 0.134871 -0.021094 -0.348304
1305031457.389400 5.508127 -0.223100 1.537800 0.927219 0.131357 -0.019593 -0.350180
1305031457.399400 5.517330 -0.226400 1.540500 0.927734 0.127957 -0.018197 -0.350151
1305031457.409400 5.526650 -0.229500 1.543300 0.927956 0.125040 -0.016698 -0.350692
1305031457.419400 5.535987 -0.232600 1.546100 0.928128 0.122745 -0.015600 -0.351096
1305031457.429400 5.545141 -0.235700 1.549100 0.928395 0.120840 -0.015302 -0.351065
1305031457.439400 5.554313 -0.238700 1.552000 0.928572 0.119035 -0.014704 -0.351239
1305031457.449500 5.563933 -0.241800 1.555100 0.929121 0.117749 -0.014109 -0.350244
1305031457.459400 5.572707 -0.244700 1.558100 0.928933 0.116242 -0.014307 -0.351236
1305031457.469400 5.581930 -0.247700 1.561100 0.929130 0.114742 -0.014009 -0.351221
1305031457.479400 5.591270 -0.250600 1.564400 0.928902 0.113328 -0.013607 -0.352297
1305031457.489400 5.600427 -0.253600 1.567400 0.928904 0.111824 -0.013307 -0.352783
1305031457.499400 5.609701 -0.256400 1.570600 0.928591 0.110110 -0.012804 -0.354162
1305031457.509400 5.618992 -0.259500 1.573800 0.928480 0.108813 -0.012003 -0.354882
1305031457.519400 5.628300 -0.262400 1.576900 0.928024 0.107291 -0.011599 -0.356546
1305031457.529400 5.637726 -0.265300 1.580000 0.927694 0.105675 -0.010596 -0.357917
1305031457.539400 5.647169 -0.268300 1.582900 0.927625 0.103671 -0.009595 -0.358708
1305031457.549400 5.656428 -0.271000 1.585800 0.927149 0.101757 -0.008991 -0.360499
1305031457.559500 5.666238 -0.273900 1.588800 0.927088 0.099954 -0.007491 -0.361193
1305031457.569400 5.675499 -0.276700 1.591600 0.926938 0.098240 -0.006989 -0.362057
1305031457.579400 5.684910 -0.279600 1.594300 0.927048 0.096940 -0.005990 -0.362146
1305031457.589400 5.694438 -0.281800 1.596900 0.926974 0.095437 -0.005490 -0.362741
1305031457.599400 5.703684 -0.284600 1.599600 0.927480 0.094346 -0.005294 -0.361734
1305031457.609400 5.713146 -0.286900 1.602400 0.927594 0.093648 -0.004795 -0.361631
1305031457.619400 5.722326 -0.289200 1.604800 0.927196 0.091835 -0.004591 -0.363116
1305031457.629400 5.731822 -0.291200 1.607600 0.926891 0.090624 -0.004189 -0.364202
1305031457.639400 5.741236 -0.293400 1.610500 0.926861 0.089418 -0.003989 -0.364579
1305031457.649400 5.750567 -0.295600 1.612900 0.926996 0.087620 -0.003490 -0.364675
1305031457.659400 5.759915 -0.297600 1.615300 0.927583 0.086430 -0.003895 -0.363461
1305031457.669400 5.769180 -0.299500 1.617800 0.928319 0.085247 -0.003401 -0.361863
1305031457.679400 5.778363 -0.301600 1.620100 0.929044 0.084563 -0.002907 -0.360165
1305031457.689600 5.787832 -0.303800 1.622700 0.929943 0.084483 -0.002115 -0.357861
1305031457.699400 5.796779 -0.305600 1.625200 0.930024 0.084482 -0.001616 -0.357652
1305031457.709500 5.805948 -0.307500 1.627900 0.929727 0.084375 -0.001113 -0.358451
1305031457.719400 5.814963 -0.309400 1.630700 0.929478 0.084665 -0.000212 -0.359031
1305031457.729400 5.824131 -0.311100 1.633200 0.928832 0.084454 0.000794 -0.360747
1305031457.739400 5.833416 -0.313000 1.636000 0.928434 0.084545 0.001698 -0.361745
1305031457.749400 5.842618 -0.314700 1.638600 0.928009 0.084532 0.002601 -0.362832
1305031457.759500 5.851874 -0.316600 1.641500 0.927797 0.084135 0.003204 -0.363461
1305031457.769400 5.861074 -0.318200 1.644400 0.926749 0.083605 0.004413 -0.366234
1305031457.779400 5.870427 -0.319700 1.647300 0.925411 0.082879 0.005725 -0.369748
1305031457.789400 5.879598 -0.321400 1.650300 0.924389 0.081752 0.006733 -0.372526
1305031457.799400 5.888986 -0.322900 1.653200 0.923210 0.080325 0.008244 -0.375717
1305031457.809400 5.898491 -0.324500 1.655900 0.922350 0.079207 0.009952 -0.378017
1305031457.819400 5.907713 -0.325600 1.658500 0.921472 0.077686 0.012060 -0.380406
1305031457.829400 5.917152 -0.326600 1.660900 0.920647 0.075361 0.014866 -0.382765
1305031457.839400 5.926608 -0.328000 1.663500 0.920845 0.074563 0.017164 -0.382349
1305031457.849400 5.935881 -0.329300 1.666100 0.920908 0.073768 0.019065 -0.382261
1305031457.859400 5.945372 -0.330000 1.668500 0.919761 0.071744 0.021676 -0.385256
1305031457.869400 5.954579 -0.331000 1.671000 0.918851 0.071022 0.023683 -0.387438
1305031457.879400 5.963904 -0.332000 1.673600 0.917442 0.069791 0.024695 -0.390921
1305031457.889400 5.973346 -0.332900 1.676300 0.915888 0.068961 0.025710 -0.394629
1305031457.899400 5.982705 -0.333700 1.678800 0.914454 0.067828 0.026221 -0.398103
1305031457.909400 5.992081 -0.334700 1.681200 0.913436 0.066304 0.026329 -0.400681
1305031457.919500 6.001513 -0.335100 1.683400 0.911945 0.064472 0.026142 -0.404370
1305031457.929500 6.010724 -0.336000 1.685400 0.911833 0.062567 0.025743 -0.404950
1305031457.939400 6.019812 -0.336500 1.687200 0.911554 0.060961 0.025346 -0.405846
1305031457.949400 6.029056 -0.336800 1.688800 0.911076 0.059551 0.025051 -0.407145
1305031457.959400 6.038118 -0.337300 1.690300 0.910923 0.058743 0.024851 -0.407616
1305031457.969400 6.047297 -0.337700 1.691700 0.910475 0.057937 0.024856 -0.408731
1305031457.979600 6.056873 -0.337900 1.693100 0.910093 0.057430 0.025160 -0.409634
1305031457.989400 6.065406 -0.337900 1.694200 0.908601 0.056701 0.025174 -0.413032
1305031457.999400 6.074536 -0.338000 1.695400 0.907820 0.056080 0.025877 -0.414787
1305031458.009800 6.084045 -0.337900 1.696400 0.906483 0.055057 0.026391 -0.417805
1305031458.019400 6.092547 -0.337800 1.697300 0.905411 0.053937 0.027401 -0.420204
1305031458.029400 6.101429 -0.337400 1.698000 0.903862 0.052404 0.028213 -0.423665
1305031458.039500 6.110469 -0.337000 1.698200 0.903371 0.050693 0.029217 -0.424850
1305031458.049400 6.119144 -0.336600 1.698400 0.902338 0.048876 0.030528 -0.427160
1305031458.059400 6.127777 -0.335800 1.698300 0.901991 0.047266 0.031229 -0.428021
1305031458.069400 6.136727 -0.335100 1.698100 0.902335 0.045974 0.032728 -0.427325
1305031458.079400 6.145394 -0.334200 1.697700 0.902591 0.044975 0.034023 -0.426790
1305031458.089400 6.154078 -0.333300 1.697100 0.903305 0.043688 0.035617 -0.425279
1305031458.099500 6.162721 -0.332200 1.696400 0.903327 0.042990 0.037117 -0.425176
1305031458.109500 6.171340 -0.331000 1.695700 0.903436 0.042392 0.038616 -0.424870
1305031458.119400 6.179633 -0.329600 1.695000 0.902940 0.041983 0.039720 -0.425863
1305031458.129400 6.188186 -0.328400 1.694300 0.903346 0.041696 0.041021 -0.424905
1305031458.139400 6.196456 -0.326900 1.693300 0.902979 0.041086 0.041821 -0.425665
1305031458.149700 6.205372 -0.325400 1.692500 0.902207 0.039672 0.042529 -0.427363
1305031458.159400 6.213147 -0.323600 1.691300 0.902153 0.038067 0.042526 -0.427624
1305031458.169400 6.221468 -0.321800 1.690100 0.902294 0.036971 0.042427 -0.427434
1305031458.179400 6.229606 -0.320000 1.688700 0.902692 0.035777 0.042124 -0.426724
1305031458.189400 6.237762 -0.318100 1.687300 0.903539 0.034994 0.041619 -0.425041
1305031458.199400 6.245934 -0.316100 1.685800 0.904817 0.034317 0.042107 -0.422322
1305031458.209400 6.254024 -0.314100 1.684200 0.906167 0.034640 0.041992 -0.419402
1305031458.219400 6.262131 -0.312000 1.682500 0.907133 0.035162 0.042287 -0.417236
1305031458.229400 6.270155 -0.310000 1.681100 0.908084 0.035878 0.042076 -0.415121
1305031458.239400 6.278196 -0.307800 1.679700 0.908246 0.036685 0.042478 -0.414655
1305031458.249600 6.286544 -0.305700 1.678500 0.907528 0.037571 0.042383 -0.416155
1305031458.259400 6.294129 -0.303400 1.677300 0.906449 0.038147 0.041589 -0.418527
1305031458.269400 6.302122 -0.301300 1.676000 0.905210 0.038626 0.040503 -0.421263
1305031458.279400 6.310132 -0.298800 1.674600 0.903780 0.038498 0.039215 -0.424454
1305031458.289400 6.318358 -0.296600 1.673000 0.904157 0.038803 0.037811 -0.423751
1305031458.299400 6.326602 -0.294400 1.671200 0.904175 0.038504 0.036412 -0.423863
1305031458.309600 6.335254 -0.292000 1.669400 0.904064 0.038100 0.034913 -0.424261
1305031458.319400 6.343241 -0.289700 1.667500 0.904329 0.037703 0.033510 -0.423846
1305031458.329400 6.351836 -0.287600 1.665600 0.904321 0.037702 0.032410 -0.423947
1305031458.339400 6.360448 -0.285300 1.663600 0.903146 0.037681 0.030822 -0.426565
1305031458.349400 6.369178 -0.282900 1.661600 0.901848 0.037352 0.029529 -0.429421
1305031458.360200 6.379297 -0.280300 1.659400 0.899908 0.037119 0.028649 -0.433552
1305031458.369400 6.387188 -0.278000 1.657000 0.898394 0.036290 0.027162 -0.436844
1305031458.379400 6.396469 -0.275600 1.654500 0.897509 0.034974 0.025871 -0.438846
1305031458.389400 6.405967 -0.273100 1.651700 0.896489 0.033253 0.024679 -0.441126
1305031458.399400 6.415781 -0.270400 1.648800 0.895722 0.031136 0.023884 -0.442879
1305031458.409400 6.425714 -0.268100 1.645500 0.895342 0.027527 0.022388 -0.443963
1305031458.419400 6.435763 -0.265500 1.642000 0.894202 0.023904 0.021297 -0.446517
1305031458.429400 6.446129 -0.263100 1.638500 0.893168 0.020383 0.021005 -0.448770
1305031458.439400 6.456713 -0.260500 1.634800 0.891480 0.017053 0.021120 -0.452247
1305031458.449400 6.467313 -0.258000 1.631200 0.889261 0.014116 0.021842 -0.456660
1305031458.459400 6.477931 -0.255500 1.627400 0.886907 0.011975 0.023260 -0.461207
1305031458.469400 6.489066 -0.253000 1.623400 0.883248 0.010315 0.025393 -0.468104
1305031458.479400 6.500318 -0.250600 1.619200 0.879074 0.009048 0.027630 -0.475797
1305031458.489400 6.511587 -0.248400 1.614800 0.875401 0.008191 0.030062 -0.482393
1305031458.499400 6.523073 -0.245900 1.610300 0.871689 0.006833 0.031993 -0.488965
1305031458.509400 6.534676 -0.243400 1.605500 0.868848 0.006191 0.033820 -0.493884
1305031458.519400 6.546597 -0.241400 1.600100 0.867480 0.004271 0.035633 -0.496177
1305031458.529400 6.558535 -0.238900 1.594600 0.865617 0.002744 0.037750 -0.499274
1305031458.539400 6.570789 -0.236600 1.589200 -0.864132 -0.001923 -0.040063 0.501665
1305031458.549400 6.583161 -0.233900 1.583800 -0.862874 -0.001305 -0.042670 0.503613
1305031458.559400 6.595450 -0.231200 1.578400 -0.861103 -0.001281 -0.045186 0.506416
1305031458.569400 6.607756 -0.228300 1.572900 -0.859104 -0.002153 -0.047202 0.509614
1305031458.579400 6.620579 -0.225600 1.567400 -0.857984 -0.003038 -0.048616 0.511362
1305031458.589400 6.633419 -0.222500 1.561900 -0.855088 -0.004497 -0.049741 0.516072
1305031458.599400 6.646277 -0.219400 1.556100 -0.853851 -0.006079 -0.050149 0.518061
1305031458.609400 6.659351 -0.216300 1.550200 -0.853687 -0.007378 -0.050353 0.518293
1305031458.619400 6.672543 -0.213000 1.544300 -0.853786 -0.008179 -0.050552 0.518099
1305031458.629400 6.685952 -0.210200 1.538300 -0.855467 -0.008404 -0.050836 0.515287
1305031458.639400 6.699178 -0.207200 1.532300 -0.856833 -0.008522 -0.050222 0.513071
1305031458.649400 6.712621 -0.204100 1.526500 -0.857466 -0.010032 -0.048920 0.512111
1305031458.660700 6.728153 -0.201100 1.520600 -0.858268 -0.012442 -0.046414 0.510946
1305031458.669400 6.739558 -0.198000 1.514900 -0.859409 -0.015757 -0.042702 0.509259
1305031458.679400 6.753452 -0.194900 1.509100 -0.860862 -0.020677 -0.039388 0.506891
1305031458.689400 6.767364 -0.192000 1.503500 -0.862007 -0.025193 -0.035577 0.505018
1305031458.699400 6.781392 -0.189100 1.498000 -0.862633 -0.029704 -0.032874 0.503886
1305031458.709400 6.795538 -0.186100 1.492800 -0.862920 -0.033710 -0.029872 0.503329
1305031458.719400 6.809801 -0.183100 1.487800 -0.861885 -0.037796 -0.027280 0.504957
1305031458.729400 6.824181 -0.180200 1.483100 -0.861238 -0.041987 -0.024285 0.505882
1305031458.739400 6.838678 -0.177000 1.478500 -0.859336 -0.046462 -0.021702 0.508833
1305031458.749400 6.853192 -0.174200 1.474100 -0.858172 -0.052347 -0.018111 0.510365
1305031458.759600 6.868130 -0.171700 1.469800 -0.858327 -0.058053 -0.014310 0.509608
1305031458.769400 6.882372 -0.169200 1.465800 -0.858710 -0.063865 -0.009807 0.508372
1305031458.779400 6.896938 -0.166500 1.461800 -0.859235 -0.067681 -0.007103 0.507034
1305031458.789500 6.911574 -0.163600 1.457800 -0.859376 -0.071184 -0.004901 0.506341
1305031458.799400 6.925920 -0.160900 1.454100 -0.860349 -0.073601 -0.002692 0.504357
1305031458.809400 6.940337 -0.158100 1.450700 -0.861238 -0.075416 -0.001484 0.502573
1305031458.819300 6.954717 -0.155400 1.447500 -0.862047 -0.076032 0.000223 0.501092
1305031458.829400 6.969223 -0.152900 1.444600 0.862398 0.076134 -0.001526 -0.500471
1305031458.839400 6.983091 -0.150800 1.441900 0.862492 0.076937 -0.002827 -0.500181
1305031458.849400 6.997076 -0.148400 1.439700 -0.861458 -0.078120 0.003218 0.501774
1305031458.859400 7.010779 -0.146600 1.437600 -0.859890 -0.080303 0.003404 0.504112
1305031458.869400 7.024499 -0.144600 1.435800 -0.858205 -0.082481 0.001989 0.506633
1305031458.879400 7.037635 -0.142500 1.434000 -0.856431 -0.084159 0.000574 0.509356
1305031458.889400 7.050889 -0.140900 1.432300 -0.856067 -0.084155 -0.001530 0.509966
1305031458.899400 7.063960 -0.139200 1.430900 -0.856162 -0.083253 -0.003329 0.509946
1305031458.909400 7.077048 -0.137200 1.429600 -0.856767 -0.080157 -0.004823 0.509414
1305031458.919400 7.089854 -0.135500 1.428400 -0.858286 -0.075975 -0.005710 0.507484
1305031458.929400 7.102476 -0.133400 1.427100 -0.859367 -0.071283 -0.006101 0.506330
1305031458.939400 7.114716 -0.131600 1.426100 -0.861278 -0.066706 -0.006484 0.503695
1305031458.949400 7.126772 -0.129900 1.425400 -0.862972 -0.062225 -0.007669 0.501346
1305031458.959400 7.138546 -0.128200 1.424500 0.864408 0.059045 0.008957 -0.499232
1305031458.969400 7.150037 -0.126400 1.424100 0.864441 0.057446 0.010557 -0.499330
1305031458.979300 7.160988 -0.124700 1.423900 -0.863253 -0.056828 -0.011668 0.501426
1305031458.989400 7.171970 -0.123000 1.423900 -0.862159 -0.057412 -0.011977 0.503233
1305031458.999400 7.182712 -0.121100 1.423900 -0.860214 -0.057781 -0.011793 0.506511
1305031459.009400 7.193171 -0.119200 1.423800 -0.858524 -0.058357 -0.010808 0.509327
1305031459.019400 7.203448 -0.117500 1.423700 -0.857722 -0.058146 -0.009216 0.510732
1305031459.029500 7.213800 -0.115800 1.423600 -0.857177 -0.057035 -0.006920 0.511808
1305031459.039400 7.223753 -0.114000 1.423400 -0.856602 -0.055028 -0.003825 0.513021
1305031459.049400 7.233880 -0.112000 1.423200 -0.855257 -0.052905 -0.000037 0.515496
1305031459.059400 7.243625 -0.110400 1.423000 -0.854754 -0.050592 0.004859 0.516539
1305031459.069400 7.253187 -0.108500 1.422600 -0.853578 -0.048879 0.010149 0.518567
1305031459.079300 7.262608 -0.106800 1.422400 -0.852421 -0.048363 0.016240 0.520361
1305031459.089400 7.271963 -0.104800 1.421900 -0.850525 -0.048335 0.022323 0.523234
1305031459.099400 7.280976 -0.103100 1.421600 -0.848857 -0.049014 0.029208 0.525535
1305031459.109400 7.290307 -0.101400 1.421200 -0.848209 -0.051613 0.036603 0.525868
1305031459.119400 7.299555 -0.100100 1.420600 -0.847593 -0.053514 0.043900 0.526114
1305031459.129400 7.308619 -0.098200 1.419700 -0.845693 -0.055792 0.050782 0.528310
1305031459.139400 7.318001 -0.096700 1.418700 -0.844946 -0.058291 0.057577 0.528539
1305031459.149400 7.327500 -0.095100 1.417600 -0.843843 -0.059380 0.064164 0.529420
1305031459.159400 7.337017 -0.093600 1.416400 -0.842942 -0.060879 0.069860 0.529964
1305031459.169400 7.346850 -0.092000 1.415000 -0.842144 -0.061271 0.075349 0.530436
1305031459.179300 7.356640 -0.090300 1.413400 -0.841674 -0.060870 0.080843 0.530418
1305031459.189400 7.367068 -0.088800 1.411700 -0.842004 -0.059985 0.085553 0.529255
1305031459.199400 7.377252 -0.087300 1.409800 -0.841646 -0.058383 0.089648 0.529327
1305031459.209400 7.387754 -0.085700 1.407900 -0.841293 -0.055881 0.094043 0.529396
1305031459.219400 7.398473 -0.084200 1.405600 -0.841375 -0.053786 0.097345 0.528885
1305031459.229400 7.409409 -0.083200 1.403400 -0.842163 -0.051702 0.100854 0.527178
1305031459.239400 7.420562 -0.082100 1.401000 -0.842438 -0.048806 0.102756 0.526648
1305031459.249400 7.431932 -0.081000 1.398500 -0.842861 -0.045412 0.103463 0.526136
1305031459.259400 7.443420 -0.079900 1.395900 -0.843616 -0.040515 0.102764 0.525462
1305031459.269400 7.455224 -0.079200 1.393200 -0.844457 -0.035322 0.100974 0.524832
1305031459.279400 7.467146 -0.078300 1.390600 -0.844865 -0.029119 0.098275 0.525068
1305031459.289400 7.479285 -0.077900 1.387800 -0.846042 -0.022629 0.095291 0.524043
1305031459.299400 7.491941 -0.077200 1.384900 -0.846119 -0.015720 0.091486 0.524848
1305031459.309400 7.504414 -0.077100 1.382000 -0.846984 -0.008926 0.087996 0.524210
1305031459.319400 7.517004 -0.077000 1.379100 -0.846885 -0.000617 0.083892 0.525116
1305031459.329400 7.530011 -0.077200 1.376300 -0.846685 0.007591 0.079396 0.526082
1305031459.339400 7.542935 -0.077200 1.373300 -0.845246 0.016015 0.075577 0.528764
1305031459.349400 7.555977 -0.077400 1.370400 -0.844602 0.025026 0.071573 0.529998
1305031459.359400 7.569036 -0.077800 1.367400 -0.843725 0.035437 0.067764 0.531301
1305031459.369400 7.582711 -0.078100 1.363600 -0.841466 0.045666 0.063545 0.534614
1305031459.379400 7.595804 -0.079100 1.359900 -0.844108 0.056526 0.059768 0.529825
1305031459.389400 7.609214 -0.080100 1.356400 -0.846568 0.069284 0.055491 0.524827
1305031459.399400 7.622841 -0.080900 1.352700 -0.848486 0.083342 0.050306 0.520188
1305031459.409400 7.636585 -0.082000 1.349000 -0.850539 0.098195 0.044324 0.514759
1305031459.419400 7.650447 -0.083000 1.345400 -0.848627 0.114103 0.038008 0.515140
1305031459.429400 7.664025 -0.083900 1.341900 -0.847856 0.130082 0.031100 0.513081
1305031459.439300 7.677456 -0.085200 1.338500 -0.845001 0.145190 0.025475 0.514047
1305031459.449400 7.691433 -0.086800 1.335000 -0.840760 0.160116 0.019538 0.516821
1305031459.459400 7.704563 -0.088400 1.331400 -0.839759 0.172691 0.016629 0.514496
1305031459.469700 7.718407 -0.089700 1.327800 -0.837715 0.185089 0.013611 0.513605
1305031459.479400 7.730974 -0.091400 1.324300 -0.837312 0.197153 0.012307 0.509791
1305031459.489500 7.744321 -0.093000 1.320600 -0.836702 0.208816 0.010602 0.506175
1305031459.499400 7.757253 -0.094600 1.317200 -0.837050 0.220874 0.008605 0.500488
1305031459.509500 7.770535 -0.096000 1.313800 0.836474 -0.232537 -0.006100 -0.496187
1305031459.519400 7.783401 -0.097300 1.310600 0.835495 -0.243106 -0.002691 -0.492789
1305031459.529400 7.796451 -0.098600 1.307700 0.834137 -0.252790 -0.000379 -0.490218
1305031459.539400 7.809018 -0.099700 1.304900 0.832314 -0.261166 0.002036 -0.488919
1305031459.549400 7.821702 -0.100800 1.302100 0.830592 -0.268079 0.003552 -0.488096
1305031459.559300 7.833936 -0.101800 1.299400 0.828843 -0.274655 0.004567 -0.487405
1305031459.569300 7.845853 -0.102900 1.296900 0.828089 -0.280454 0.004074 -0.485384
1305031459.579400 7.858156 -0.103400 1.294600 0.826031 -0.286433 0.004391 -0.485396
1305031459.589400 7.869909 -0.103700 1.292500 0.825187 -0.291042 0.004299 -0.484089
1305031459.599500 7.881746 -0.104100 1.290600 0.825283 -0.294623 0.003499 -0.481760
1305031459.609400 7.893265 -0.103900 1.288800 0.824585 -0.297418 0.003805 -0.481235
1305031459.619400 7.904768 -0.103900 1.287400 0.824444 -0.298994 0.004705 -0.480492
1305031459.629400 7.916389 -0.103500 1.286100 0.823958 -0.299997 0.006110 -0.480685
1305031459.639300 7.927659 -0.103200 1.285200 0.823390 -0.301500 0.008715 -0.480677
1305031459.649400 7.939482 -0.102700 1.284300 0.821964 -0.303825 0.011928 -0.481584
1305031459.659400 7.950954 -0.102100 1.283700 0.821169 -0.306513 0.015135 -0.481147
1305031459.669400 7.962244 -0.101700 1.283400 0.821689 -0.309684 0.018130 -0.478115
1305031459.679400 7.973650 -0.101000 1.283200 0.821637 -0.312874 0.021131 -0.476000
1305031459.689400 7.984874 -0.100300 1.283400 0.821687 -0.316125 0.023928 -0.473628
1305031459.699400 7.996414 -0.099100 1.284000 0.821895 -0.318140 0.026830 -0.471759
1305031459.709400 8.007672 -0.098100 1.284600 0.822274 -0.319509 0.029325 -0.470022
1305031459.719400 8.018947 -0.096900 1.285600 0.822500 -0.319704 0.031923 -0.469322
1305031459.729400 8.030139 -0.095700 1.286700 0.822343 -0.319513 0.034626 -0.469535
1305031459.739300 8.041578 -0.094100 1.288100 0.821190 -0.319436 0.037937 -0.471347
1305031459.749400 8.053075 -0.092600 1.289700 0.821112 -0.319239 0.039938 -0.471451
1305031459.759400 8.064518 -0.090800 1.291200 0.820510 -0.318442 0.042142 -0.472845
1305031459.769400 8.075879 -0.089100 1.292900 0.820907 -0.318430 0.043538 -0.472037
1305031459.779400 8.087457 -0.087200 1.294400 0.820639 -0.318342 0.044741 -0.472450
1305031459.789400 8.099051 -0.085200 1.296100 0.821050 -0.317641 0.045238 -0.472160
1305031459.799400 8.110463 -0.083100 1.297600 0.821091 -0.317517 0.045734 -0.472124
1305031459.809400 8.122292 -0.081100 1.299300 0.821936 -0.317121 0.046429 -0.470850
1305031459.819400 8.133838 -0.078500 1.300800 0.822465 -0.316529 0.045927 -0.470374
1305031459.829400 8.145902 -0.075700 1.302200 0.822465 -0.316525 0.047026 -0.470269
1305031459.839400 8.157782 -0.073200 1.303500 0.823544 -0.316103 0.047015 -0.468661
1305031459.849400 8.169780 -0.070300 1.305000 0.824229 -0.315988 0.046808 -0.467554
1305031459.859400 8.181494 -0.067300 1.306100 0.824443 -0.316190 0.046608 -0.467061
1305031459.869300 8.193553 -0.064600 1.307300 0.825054 -0.316785 0.045703 -0.465667
1305031459.879400 8.206175 -0.062000 1.309000 0.827296 -0.316039 0.043981 -0.462349
1305031459.889400 8.218641 -0.059000 1.310500 0.827705 -0.315940 0.043178 -0.461759
1305031459.899400 8.231024 -0.056200 1.312100 0.827624 -0.316945 0.042681 -0.461263
1305031459.909400 8.243524 -0.053200 1.313600 0.827607 -0.317240 0.041980 -0.461154
1305031459.919400 8.256341 -0.050400 1.315300 0.827770 -0.317823 0.041177 -0.460532
1305031459.929400 8.268876 -0.047100 1.317000 0.827504 -0.318836 0.040781 -0.460345
1305031459.939400 8.281627 -0.044000 1.318700 0.827682 -0.319920 0.040179 -0.459325
1305031459.949300 8.294223 -0.040700 1.320300 0.827081 -0.321223 0.039984 -0.459515
1305031459.959400 8.307382 -0.037500 1.321900 0.827658 -0.322301 0.039078 -0.457797
1305031459.969400 8.320285 -0.034200 1.323600 0.827782 -0.323701 0.038878 -0.456599
1305031459.979400 8.333305 -0.030900 1.325400 0.828352 -0.324577 0.038472 -0.454976
1305031459.989500 8.346517 -0.027600 1.327100 0.828390 -0.325884 0.038274 -0.453987
1305031459.999400 8.359496 -0.024300 1.328700 0.828312 -0.326984 0.038875 -0.453287
1305031460.009400 8.372768 -0.020900 1.330600 0.828172 -0.327667 0.038775 -0.453059
1305031460.019300 8.386082 -0.017600 1.332400 0.827829 -0.328647 0.039375 -0.452924
1305031460.029400 8.399963 -0.014100 1.334300 0.827855 -0.328954 0.039576 -0.452635
1305031460.039400 8.413485 -0.010400 1.335900 0.827085 -0.329870 0.039984 -0.453341
1305031460.049400 8.427425 -0.007000 1.337500 0.827101 -0.330672 0.039785 -0.452744
1305031460.059700 8.441709 -0.003400 1.339100 0.826634 -0.331153 0.039086 -0.453306
1305031460.069400 8.455256 0.000100 1.340700 0.826542 -0.332258 0.037388 -0.452809
1305031460.079400 8.469248 0.003600 1.342400 0.825839 -0.333868 0.034895 -0.453105
1305031460.089300 8.483680 0.007200 1.344000 0.825330 -0.335275 0.032100 -0.453201
1305031460.099400 8.498082 0.010900 1.345800 0.824352 -0.337164 0.027806 -0.453863
1305031460.109400 8.512924 0.014100 1.347500 0.824027 -0.338066 0.024809 -0.453956
1305031460.119300 8.527007 0.018000 1.348900 0.822184 -0.340578 0.020525 -0.455630
1305031460.129400 8.542061 0.021600 1.350600 0.820960 -0.341692 0.017636 -0.457122
1305031460.139300 8.556978 0.024700 1.352500 0.820625 -0.343485 0.014039 -0.456504
1305031460.149300 8.572189 0.028400 1.354000 0.819625 -0.344901 0.011448 -0.457304
1305031460.159400 8.587594 0.031800 1.355600 0.819786 -0.346485 0.008246 -0.455884
1305031460.169300 8.602862 0.035700 1.357000 0.819382 -0.347890 0.005450 -0.455583
1305031460.179300 8.618225 0.039100 1.358500 0.819945 -0.348969 0.002545 -0.453767
1305031460.189400 8.633882 0.042900 1.360000 0.820047 -0.350166 0.001044 -0.452665
1305031460.199400 8.649578 0.046500 1.361800 0.819816 -0.351252 0.000346 -0.452242
1305031460.209400 8.665292 0.049900 1.363300 0.819606 -0.352145 0.000347 -0.451929
1305031460.219300 8.681045 0.053400 1.365100 0.818763 -0.353568 0.001655 -0.452342
1305031460.229400 8.697271 0.056800 1.366700 0.817460 -0.354673 0.003467 -0.453821
1305031460.239400 8.712837 0.060100 1.368100 0.815689 -0.357586 0.005482 -0.454702
1305031460.249400 8.728919 0.063400 1.369800 0.814700 -0.358787 0.008291 -0.455485
1305031460.259600 8.745377 0.066600 1.371500 0.814103 -0.359980 0.010596 -0.455564
1305031460.269400 8.761535 0.069900 1.373100 0.813173 -0.360806 0.013905 -0.456481
1305031460.279300 8.777389 0.073100 1.374600 0.813176 -0.361990 0.016205 -0.455461
1305031460.289300 8.793940 0.076700 1.376400 0.811794 -0.363199 0.019216 -0.456845
1305031460.299400 8.810388 0.079900 1.377900 0.811354 -0.364414 0.021522 -0.456557
1305031460.309400 8.826973 0.083300 1.379700 0.811640 -0.366483 0.022818 -0.454325
1305031460.319400 8.843575 0.086900 1.381300 0.810858 -0.368482 0.024625 -0.454009
1305031460.329400 8.860194 0.090200 1.382700 0.810547 -0.370559 0.026327 -0.452776
1305031460.339400 8.876831 0.094000 1.384100 0.809362 -0.372856 0.028937 -0.452851
1305031460.349400 8.893584 0.097700 1.385400 0.808675 -0.375047 0.031043 -0.452129
1305031460.359400 8.910255 0.101200 1.386900 0.808210 -0.377640 0.033648 -0.450614
1305031460.369800 8.927767 0.104600 1.388200 0.808393 -0.379848 0.036149 -0.448229
1305031460.379400 8.943848 0.108200 1.389600 0.807888 -0.382321 0.039052 -0.446790
1305031460.389400 8.960770 0.111700 1.390900 0.807004 -0.384710 0.042060 -0.446064
1305031460.399400 8.977809 0.115400 1.392200 0.805988 -0.387286 0.044666 -0.445419
1305031460.409400 8.994865 0.118900 1.393500 0.804668 -0.390507 0.047281 -0.444723
1305031460.419300 9.011757 0.122300 1.394500 0.803541 -0.393181 0.049388 -0.444174
1305031460.429400 9.029029 0.125800 1.395700 0.802957 -0.395765 0.051893 -0.442648
1305031460.439300 9.046054 0.129200 1.397100 0.801689 -0.399158 0.055004 -0.441522
1305031460.449400 9.063461 0.132500 1.398300 0.800469 -0.402172 0.058719 -0.440522
1305031460.459900 9.081816 0.136000 1.399400 0.799058 -0.405542 0.062528 -0.439468
1305031460.469400 9.098162 0.139200 1.400600 0.798604 -0.409222 0.066133 -0.436344
1305031460.479700 9.115987 0.142500 1.401600 0.797681 -0.413271 0.069536 -0.433679
1305031460.489400 9.132531 0.145800 1.402700 0.797141 -0.417759 0.071945 -0.429962
1305031460.499400 9.149842 0.149200 1.403600 0.796147 -0.422028 0.074352 -0.427216
1305031460.509400 9.166969 0.152600 1.404600 0.794933 -0.426441 0.076470 -0.424714
1305031460.519300 9.183730 0.155700 1.405600 0.794319 -0.429801 0.078672 -0.422066
1305031460.529400 9.201076 0.159100 1.406600 0.793352 -0.432990 0.081181 -0.420145
1305031460.539300 9.217871 0.162300 1.407400 0.793158 -0.435060 0.083981 -0.417817
1305031460.549300 9.234866 0.165500 1.408300 0.792880 -0.436445 0.086883 -0.416303
1305031460.559900 9.253085 0.168800 1.409200 0.792211 -0.437739 0.090289 -0.415492
1305031460.569300 9.269009 0.172200 1.409900 0.791739 -0.438432 0.093793 -0.414885
1305031460.579300 9.285956 0.175400 1.410800 0.791150 -0.440314 0.096197 -0.413463
1305031460.589300 9.302821 0.178600 1.411600 0.790767 -0.442098 0.098500 -0.411746
1305031460.599400 9.319987 0.181900 1.412400 0.789896 -0.444094 0.100709 -0.410734
1305031460.609400 9.336986 0.185300 1.413200 0.789027 -0.445693 0.103318 -0.410024
1305031460.619300 9.353816 0.188500 1.414000 0.788195 -0.446812 0.106331 -0.409636
1305031460.629400 9.370935 0.191800 1.414800 0.787873 -0.447978 0.108528 -0.408404
1305031460.639400 9.387885 0.195300 1.415600 0.787442 -0.448599 0.111239 -0.407823
1305031460.649500 9.405137 0.199000 1.416300 0.786556 -0.449395 0.113945 -0.407910
1305031460.659500 9.422122 0.202400 1.417000 0.786551 -0.450669 0.115443 -0.406090
1305031460.669300 9.438652 0.205900 1.417700 0.786245 -0.451551 0.116942 -0.405272
1305031460.679300 9.455570 0.209500 1.418300 0.785992 -0.452563 0.118150 -0.404282
1305031460.689400 9.472692 0.213300 1.418800 0.785776 -0.453343 0.119049 -0.403563
1305031460.699400 9.489444 0.217000 1.419500 0.786509 -0.454038 0.119647 -0.401171
1305031460.709400 9.506314 0.220900 1.419900 0.787062 -0.454193 0.120533 -0.399642
1305031460.719300 9.523115 0.224700 1.420600 0.787385 -0.454584 0.122232 -0.398042
1305031460.729400 9.540306 0.228600 1.421100 0.787332 -0.454794 0.124337 -0.397255
1305031460.739300 9.557240 0.232300 1.421700 0.787436 -0.454680 0.126334 -0.396549
1305031460.749400 9.574765 0.236300 1.422300 0.787066 -0.455081 0.128739 -0.396050
1305031460.759400 9.592121 0.240300 1.422900 0.786890 -0.455479 0.130542 -0.395351
1305031460.769300 9.609206 0.244100 1.423500 0.786899 -0.456164 0.132341 -0.393942
1305031460.779400 9.626883 0.248300 1.423900 0.786778 -0.456241 0.133736 -0.393624
1305031460.789400 9.644190 0.252500 1.424400 0.787277 -0.456125 0.134730 -0.392420
1305031460.799400 9.661614 0.256900 1.424900 0.787964 -0.456000 0.135520 -0.390911
1305031460.809300 9.679067 0.261200 1.425400 0.788743 -0.455430 0.136526 -0.389651
1305031460.819300 9.696625 0.265400 1.425800 0.789648 -0.455010 0.137817 -0.387851
1305031460.829400 9.714489 0.269800 1.426400 0.790186 -0.455109 0.139417 -0.386063
1305031460.839300 9.732292 0.274200 1.427000 0.790975 -0.454975 0.141205 -0.383950
1305031460.849400 9.750191 0.278500 1.427600 0.791484 -0.455153 0.143199 -0.381945
1305031460.859300 9.768128 0.282800 1.428100 0.792028 -0.454754 0.145399 -0.380460
1305031460.869400 9.786561 0.287300 1.428600 0.792615 -0.454913 0.147988 -0.378041
1305031460.879400 9.804922 0.291900 1.429200 0.793053 -0.454612 0.150088 -0.376654
1305031460.889300 9.823011 0.296000 1.429800 0.794472 -0.454590 0.150878 -0.373359
1305031460.899400 9.841896 0.300500 1.430300 0.794851 -0.454262 0.152368 -0.372346
1305031460.909400 9.860608 0.304900 1.430900 0.795287 -0.454264 0.153469 -0.370958
1305031460.919400 9.879137 0.309300 1.431600 0.795976 -0.455137 0.153361 -0.368446
1305031460.929400 9.897984 0.313600 1.432200 0.796261 -0.455816 0.153256 -0.367033
1305031460.939300 9.916557 0.317800 1.433000 0.796685 -0.456515 0.153257 -0.365238
1305031460.949400 9.935828 0.321900 1.434000 0.796931 -0.456972 0.153544 -0.364008
1305031460.959500 9.955018 0.326200 1.434800 0.796352 -0.457480 0.154551 -0.364209
1305031460.970100 9.975480 0.330200 1.435800 0.795659 -0.457781 0.156056 -0.364704
1305031460.979400 9.993373 0.334300 1.436800 0.794529 -0.458421 0.157777 -0.365624
1305031460.989400 10.012623 0.338300 1.437700 0.794252 -0.458928 0.158383 -0.365327
1305031460.999400 10.031989 0.342300 1.438500 0.793863 -0.459276 0.158967 -0.365481
1305031461.009400 10.051373 0.346300 1.439400 0.793654 -0.459726 0.159088 -0.365318
1305031461.019300 10.070481 0.350100 1.440300 0.793103 -0.460199 0.159381 -0.365790
1305031461.029400 10.090091 0.354100 1.441100 0.792406 -0.460705 0.159787 -0.366485
1305031461.039300 10.109634 0.357900 1.441900 0.791398 -0.460612 0.160693 -0.368378
1305031461.049300 10.128985 0.362100 1.442700 0.791202 -0.461214 0.160396 -0.368176
1305031461.059800 10.149418 0.366100 1.443300 0.791609 -0.461117 0.159795 -0.367683
1305031461.069300 10.168140 0.370200 1.443800 0.792009 -0.461115 0.159192 -0.367085
1305031461.079300 10.187644 0.374200 1.444300 0.793255 -0.460634 0.157993 -0.365516
1305031461.089300 10.207164 0.378300 1.444800 0.793883 -0.460682 0.157773 -0.364183
1305031461.099400 10.227195 0.382300 1.445300 0.794327 -0.459905 0.157978 -0.364109
1305031461.109300 10.246756 0.386300 1.445800 0.794536 -0.459204 0.159176 -0.364015
1305031461.119300 10.266627 0.390000 1.446400 0.794534 -0.458898 0.160074 -0.364012
1305031461.129400 10.286610 0.393700 1.447200 0.795018 -0.458781 0.160066 -0.363106
1305031461.139300 10.306323 0.397200 1.447800 0.794652 -0.458405 0.160875 -0.364022
1305031461.149300 10.326246 0.400800 1.448400 0.794469 -0.457820 0.161380 -0.364933
1305031461.159300 10.346186 0.404400 1.448900 0.794009 -0.456894 0.162469 -0.366608
1305031461.169300 10.366143 0.407800 1.449300 0.794136 -0.455914 0.162973 -0.367328
1305031461.179300 10.386017 0.411100 1.449700 0.794487 -0.454845 0.163280 -0.367760
1305031461.189300 10.406209 0.414300 1.450100 0.794228 -0.454114 0.164368 -0.368734
1305031461.199300 10.426118 0.417200 1.450200 0.794893 -0.453542 0.164675 -0.367868
1305031461.209600 10.446929 0.420000 1.450400 0.794610 -0.452951 0.166079 -0.368576
1305031461.219300 10.466286 0.422900 1.450500 0.794872 -0.452724 0.166368 -0.368159
1305031461.229300 10.486246 0.425700 1.450700 0.795145 -0.452409 0.166160 -0.368050
1305031461.239300 10.506223 0.428600 1.450700 0.795150 -0.451915 0.166360 -0.368555
1305031461.249400 10.526413 0.431500 1.450500 0.795096 -0.449950 0.167868 -0.370388
1305031461.259300 10.546529 0.434000 1.450500 0.794636 -0.448682 0.169179 -0.372313
1305031461.269300 10.566457 0.436700 1.450300 0.795326 -0.446977 0.169769 -0.372621
1305031461.279300 10.586603 0.439200 1.450100 0.795880 -0.445450 0.170553 -0.372909
1305031461.289400 10.607363 0.442000 1.449800 0.795972 -0.444303 0.171471 -0.373659
1305031461.299400 10.627943 0.445000 1.449500 0.795850 -0.443191 0.172964 -0.374551
1305031461.309400 10.648540 0.447900 1.449200 0.796332 -0.443069 0.173455 -0.373442
1305031461.319300 10.669157 0.450800 1.448800 0.796363 -0.441983 0.174959 -0.373960
1305031461.329400 10.690585 0.453800 1.448300 0.796374 -0.441675 0.176957 -0.373360
1305031461.339300 10.711536 0.456700 1.447800 0.796995 -0.440965 0.178853 -0.371968
1305031461.349300 10.732802 0.459500 1.447300 0.797766 -0.440826 0.179937 -0.369951
1305031461.359300 10.753884 0.462300 1.446700 0.799280 -0.440803 0.180226 -0.366556
1305031461.369300 10.775084 0.465000 1.446100 0.800386 -0.441079 0.180518 -0.363656
1305031461.379300 10.796301 0.467600 1.445700 0.800895 -0.440975 0.180515 -0.362661
1305031461.389300 10.817635 0.470100 1.445300 0.801678 -0.440955 0.180105 -0.361155
1305031461.399400 10.839184 0.472400 1.445200 0.801531 -0.440583 0.181017 -0.361479
1305031461.409500 10.860951 0.474800 1.445100 0.801054 -0.439999 0.182324 -0.362589
1305031461.419300 10.882040 0.476800 1.444800 0.801025 -0.439485 0.182717 -0.363079
1305031461.429400 10.903541 0.478400 1.444800 0.801834 -0.439575 0.182512 -0.361283
1305031461.439300 10.924761 0.480100 1.444600 0.802258 -0.440273 0.182514 -0.359487
1305031461.449400 10.946397 0.481700 1.444300 0.802954 -0.441255 0.181609 -0.357180
1305031461.459300 10.967652 0.482700 1.444100 0.803800 -0.442010 0.180591 -0.354853
1305031461.469300 10.988923 0.483900 1.444100 0.804410 -0.442502 0.180189 -0.353055
1305031461.479300 11.010311 0.484900 1.444200 0.804009 -0.442106 0.180990 -0.354055
1305031461.489300 11.031616 0.485800 1.444600 0.803442 -0.441829 0.182001 -0.355168
1305031461.499400 11.053238 0.486500 1.445000 0.802995 -0.440917 0.182493 -0.357053
1305031461.509300 11.074478 0.486900 1.445400 0.802083 -0.440579 0.183320 -0.359093
1305031461.519300 11.095934 0.487100 1.445900 0.802048 -0.440165 0.183312 -0.359681
1305031461.529300 11.117408 0.487500 1.446000 0.801546 -0.439970 0.184015 -0.360679
1305031461.539400 11.138800 0.487400 1.446300 0.802338 -0.439551 0.184305 -0.359277
1305031461.549400 11.160108 0.487100 1.446500 0.803048 -0.439142 0.184900 -0.357883
1305031461.559300 11.181431 0.486700 1.446900 0.802436 -0.438429 0.187697 -0.358673
1305031461.569300 11.203073 0.486200 1.447200 0.802384 -0.437839 0.190204 -0.358190
1305031461.579400 11.225235 0.485600 1.447400 0.801252 -0.437671 0.193224 -0.359310
1305031461.589300 11.246809 0.485100 1.447500 0.800764 -0.437964 0.195327 -0.358905
1305031461.599300 11.268702 0.484200 1.447700 0.800520 -0.438923 0.196615 -0.357571
1305031461.609600 11.291220 0.483500 1.447900 0.800425 -0.439709 0.197615 -0.356263
1305031461.619300 11.312441 0.482600 1.447700 0.800717 -0.439940 0.198733 -0.354698
1305031461.629300 11.334586 0.481400 1.447600 0.800731 -0.439879 0.200308 -0.353854
1305031461.639300 11.356848 0.480100 1.447400 0.800613 -0.440016 0.201128 -0.353486
1305031461.649400 11.379130 0.478800 1.447100 0.800591 -0.440394 0.201821 -0.352670
1305031461.659400 11.401426 0.477500 1.446700 0.799822 -0.441208 0.202734 -0.352873
1305031461.669400 11.423740 0.475700 1.446500 0.799291 -0.442784 0.202830 -0.352045
1305031461.679300 11.445667 0.473800 1.446000 0.798990 -0.445172 0.201935 -0.350227
1305031461.689400 11.468218 0.472100 1.445300 0.798162 -0.447057 0.201436 -0.350001
1305031461.699400 11.489983 0.470000 1.444800 0.798368 -0.449049 0.199839 -0.347892
1305031461.709400 11.512165 0.467900 1.444000 0.797766 -0.450844 0.199445 -0.347177
1305031461.719300 11.533960 0.465600 1.443400 0.797349 -0.451635 0.199344 -0.347163
1305031461.729300 11.555776 0.463300 1.442600 0.796682 -0.452459 0.199259 -0.347671
1305031461.739300 11.577809 0.461000 1.441900 0.796069 -0.453250 0.199760 -0.347756
1305031461.749400 11.599864 0.458300 1.441000 0.795499 -0.454263 0.200072 -0.347559
1305031461.759300 11.621627 0.455800 1.439700 0.794969 -0.455340 0.200467 -0.347135
1305031461.769400 11.643416 0.452900 1.438600 0.795056 -0.457017 0.199964 -0.345016
1305031461.779300 11.665013 0.449800 1.437300 0.794816 -0.458642 0.199583 -0.343630
1305031461.789300 11.686832 0.446700 1.435800 0.794302 -0.460020 0.200382 -0.342509
1305031461.799400 11.708873 0.443600 1.434500 0.793588 -0.461506 0.200684 -0.341989
1305031461.809300 11.730421 0.439900 1.433000 0.792606 -0.463110 0.201396 -0.341680
1305031461.819300 11.752091 0.436600 1.431500 0.791213 -0.464911 0.202408 -0.341863
1305031461.829300 11.774078 0.433100 1.429900 0.789994 -0.466897 0.202812 -0.341736
1305031461.839300 11.795982 0.429200 1.428100 0.788804 -0.468998 0.203125 -0.341421
1305031461.849400 11.818110 0.425300 1.426200 0.787495 -0.471688 0.203034 -0.340794
1305031461.859300 11.839642 0.421200 1.424100 0.786773 -0.474760 0.202236 -0.338660
1305031461.869300 11.861598 0.417500 1.421900 0.785202 -0.478076 0.201559 -0.338047
1305031461.879300 11.883371 0.413600 1.419700 0.784413 -0.481771 0.199873 -0.335625
1305031461.889300 11.905161 0.409700 1.417200 0.783847 -0.484824 0.197964 -0.333677
1305031461.899400 11.926675 0.406200 1.415000 0.783560 -0.487725 0.195675 -0.331466
1305031461.909400 11.948200 0.402500 1.412600 0.783144 -0.490311 0.193779 -0.329744
1305031461.919300 11.969434 0.398700 1.410200 0.783088 -0.491673 0.192468 -0.328613
1305031461.929300 11.990792 0.394900 1.408000 0.782482 -0.492766 0.192672 -0.328300
1305031461.939300 12.012068 0.391000 1.405900 0.781738 -0.494183 0.194089 -0.327106
1305031461.949400 12.033768 0.387100 1.403700 0.780759 -0.495577 0.195999 -0.326196
1305031461.959300 12.055071 0.383100 1.401400 0.779676 -0.497265 0.198208 -0.324880
1305031461.969300 12.076297 0.379200 1.399200 0.778865 -0.500422 0.199210 -0.321344
1305031461.979300 12.097641 0.375400 1.396700 0.778186 -0.503505 0.199421 -0.318025
1305031461.989300 12.118803 0.371400 1.394200 0.778112 -0.506294 0.198531 -0.314314
1305031461.999300 12.139981 0.367700 1.391600 0.777854 -0.509237 0.197121 -0.311070
1305031462.009300 12.161176 0.364100 1.389300 0.777860 -0.511632 0.194827 -0.308559
1305031462.019300 12.182389 0.360600 1.386800 0.777304 -0.514194 0.192722 -0.307021
1305031462.029300 12.203519 0.357200 1.384400 0.776719 -0.516611 0.190037 -0.306116
1305031462.039300 12.224465 0.353900 1.382100 0.775949 -0.519178 0.187033 -0.305576
1305031462.049400 12.245639 0.350800 1.379900 0.775109 -0.522065 0.183637 -0.304847
1305031462.059300 12.266210 0.347500 1.377800 0.774305 -0.525078 0.179751 -0.304032
1305031462.069300 12.287208 0.344700 1.375700 0.773164 -0.527568 0.177057 -0.304204
1305031462.079300 12.307924 0.341600 1.373600 0.772287 -0.530096 0.174176 -0.303701
1305031462.089300 12.328556 0.338800 1.371700 0.771916 -0.532254 0.171368 -0.302463
1305031462.099300 12.349006 0.335700 1.369800 0.771324 -0.534461 0.169279 -0.301254
1305031462.109300 12.369672 0.332900 1.367700 0.770488 -0.536339 0.168081 -0.300728
1305031462.119300 12.390056 0.330400 1.365700 0.769650 -0.538811 0.166383 -0.299397
1305031462.129300 12.410357 0.327700 1.363900 0.768784 -0.540735 0.165400 -0.298697
1305031462.139300 12.430475 0.325200 1.362100 0.768658 -0.542019 0.163599 -0.297682
1305031462.149300 12.450610 0.322800 1.360500 0.768826 -0.543093 0.161993 -0.296165
1305031462.159300 12.471063 0.320700 1.358600 0.768232 -0.543601 0.162199 -0.296663
1305031462.169300 12.491032 0.318700 1.356800 0.768791 -0.543329 0.162607 -0.295487
1305031462.179300 12.511218 0.316600 1.355000 0.769325 -0.542579 0.162987 -0.295266
1305031462.189300 12.531022 0.314500 1.353200 0.769737 -0.542971 0.162986 -0.293467
1305031462.199300 12.551143 0.312500 1.351300 0.769845 -0.543064 0.163785 -0.292567
1305031462.209300 12.570981 0.310300 1.349400 0.770361 -0.543457 0.163784 -0.290470
1305031462.219300 12.591136 0.308300 1.347500 0.771339 -0.543626 0.162872 -0.288062
1305031462.229300 12.610908 0.306500 1.345500 0.771836 -0.543211 0.163666 -0.287062
1305031462.239300 12.631097 0.304500 1.343600 0.773343 -0.542102 0.163355 -0.285276
1305031462.249300 12.651103 0.303000 1.341700 0.773965 -0.541507 0.163754 -0.284488
1305031462.259300 12.670727 0.300900 1.339700 0.776265 -0.539495 0.162935 -0.282508
1305031462.269400 12.690780 0.299100 1.337600 0.777975 -0.537889 0.162823 -0.280926
1305031462.279300 12.710525 0.297300 1.335400 0.779156 -0.536176 0.162808 -0.280934
1305031462.289400 12.730214 0.295200 1.333500 0.781718 -0.534430 0.161580 -0.277839
1305031462.299300 12.749891 0.293500 1.331200 0.782752 -0.533145 0.161977 -0.277161
1305031462.309300 12.769701 0.291600 1.329200 0.784251 -0.531429 0.162563 -0.275874
1305031462.319300 12.789427 0.289600 1.327100 0.785857 -0.529818 0.162750 -0.274289
1305031462.329300 12.809370 0.287700 1.324900 0.787669 -0.527510 0.163635 -0.273011
1305031462.339300 12.828930 0.285800 1.322600 0.789603 -0.525313 0.164324 -0.271240
1305031462.349400 12.849023 0.283700 1.320400 0.791873 -0.522974 0.164298 -0.269150
1305031462.359400 12.868918 0.281800 1.317900 0.793768 -0.520760 0.164280 -0.267867
1305031462.369300 12.888414 0.280000 1.315400 0.796134 -0.518723 0.163154 -0.265477
1305031462.379400 12.908159 0.278100 1.313100 0.798306 -0.516994 0.161732 -0.263187
1305031462.389300 12.927690 0.276100 1.310600 0.800289 -0.514840 0.160834 -0.261935
1305031462.399300 12.947253 0.273900 1.308300 0.802599 -0.512673 0.159497 -0.259928
1305031462.409300 12.966633 0.271900 1.305900 0.804984 -0.510448 0.158475 -0.257546
1305031462.419300 12.986130 0.269800 1.303700 0.807023 -0.508069 0.157467 -0.256482
1305031462.429300 13.005645 0.267500 1.301300 0.809266 -0.505334 0.156039 -0.255691
1305031462.439300 13.024877 0.265300 1.299300 0.812159 -0.502622 0.153616 -0.253320
1305031462.449400 13.044742 0.263000 1.297000 0.814629 -0.499896 0.152191 -0.251638
1305031462.459400 13.064108 0.260700 1.294800 0.817159 -0.497102 0.151176 -0.249574
1305031462.469300 13.083474 0.258300 1.292700 0.819567 -0.494798 0.149260 -0.247402
1305031462.479300 13.103074 0.255800 1.290800 0.821851 -0.492676 0.147640 -0.245019
1305031462.489300 13.122491 0.253200 1.289000 0.824077 -0.490128 0.146009 -0.243624
1305031462.499300 13.142026 0.250700 1.287300 0.825698 -0.488139 0.144801 -0.242850
1305031462.509300 13.161777 0.248300 1.285800 0.827609 -0.485752 0.142689 -0.242380
1305031462.519300 13.181346 0.245800 1.284300 0.829487 -0.482851 0.141071 -0.242703
1305031462.529300 13.201031 0.243000 1.283000 0.831443 -0.479833 0.139648 -0.242820
1305031462.539300 13.220734 0.240200 1.281900 0.833900 -0.476513 0.137523 -0.242142
1305031462.549300 13.240454 0.237600 1.280700 0.835509 -0.473725 0.136811 -0.242470
1305031462.559300 13.260391 0.234800 1.279600 0.837139 -0.470346 0.137202 -0.243208
1305031462.569600 13.280802 0.231800 1.278900 0.839035 -0.467338 0.137085 -0.242533
1305031462.579400 13.300136 0.228900 1.278200 0.840629 -0.463936 0.137768 -0.243159
1305031462.589300 13.320305 0.226200 1.277500 0.842018 -0.460837 0.138054 -0.244082
1305031462.599300 13.340411 0.223300 1.276900 0.843727 -0.457742 0.138041 -0.244012
1305031462.609400 13.360953 0.220100 1.276400 0.845598 -0.454126 0.138319 -0.244134
1305031462.619300 13.380973 0.217000 1.276000 0.847030 -0.450745 0.139311 -0.244871
1305031462.629300 13.401331 0.213700 1.275800 0.848558 -0.447760 0.139402 -0.245005
1305031462.639400 13.422024 0.210300 1.275500 0.849946 -0.444158 0.140486 -0.246130
1305031462.649300 13.442496 0.206800 1.275300 0.850979 -0.440587 0.141881 -0.248167
1305031462.659300 13.462904 0.203300 1.275400 0.852462 -0.437484 0.141665 -0.248690
1305031462.669300 13.483629 0.199800 1.275200 0.853260 -0.434001 0.142756 -0.251417
1305031462.679300 13.504272 0.195900 1.275100 0.855048 -0.430304 0.142139 -0.252047
1305031462.689300 13.525032 0.192300 1.275100 0.856668 -0.426624 0.141630 -0.253086
1305031462.699300 13.545808 0.188500 1.274900 0.858548 -0.422724 0.140811 -0.253717
1305031462.709300 13.566702 0.184600 1.274700 0.860570 -0.418546 0.139599 -0.254463
1305031462.719300 13.587913 0.180700 1.274500 0.862561 -0.414253 0.138581 -0.255300
1305031462.729300 13.609041 0.176700 1.274500 0.864355 -0.410164 0.137466 -0.256437
1305031462.739300 13.630287 0.172400 1.274200 0.866337 -0.406066 0.136148 -0.256971
1305031462.749300 13.651649 0.168100 1.274100 0.867995 -0.402454 0.135327 -0.257492
1305031462.759300 13.673128 0.163400 1.273900 0.869416 -0.398874 0.134819 -0.258531
1305031462.769300 13.695025 0.158900 1.273800 0.870511 -0.395785 0.134309 -0.259858
1305031462.779300 13.716639 0.154000 1.273800 0.872025 -0.393093 0.133100 -0.259489
1305031462.789300 13.738570 0.149200 1.273900 0.873287 -0.390487 0.131485 -0.260004
1305031462.799300 13.760818 0.144200 1.273900 0.874657 -0.387975 0.130370 -0.259720
1305031462.809600 13.783651 0.139100 1.273600 0.875532 -0.385581 0.128960 -0.261037
1305031462.819300 13.805265 0.134000 1.273700 0.876866 -0.383395 0.127756 -0.260370
1305031462.829300 13.827864 0.128700 1.273700 0.878058 -0.381592 0.126146 -0.259787
1305031462.839400 13.850504 0.123200 1.274000 0.879629 -0.379373 0.124730 -0.258401
1305031462.849400 13.873338 0.117800 1.274000 0.880128 -0.377482 0.124625 -0.259518
1305031462.859300 13.895965 0.112200 1.274300 0.880849 -0.375990 0.124422 -0.259338
1305031462.869300 13.919033 0.106700 1.274600 0.881050 -0.374895 0.124820 -0.260047
1305031462.879300 13.942218 0.100800 1.275000 0.881629 -0.373489 0.124513 -0.260253
1305031462.889300 13.965520 0.095200 1.275300 0.881688 -0.372482 0.124606 -0.261450
1305031462.899300 13.988939 0.089600 1.275700 0.882044 -0.371408 0.124611 -0.261776
1305031462.909300 14.012476 0.083800 1.276300 0.882380 -0.370886 0.123600 -0.261864
1305031462.919300 14.036129 0.078300 1.276700 0.882555 -0.369232 0.123609 -0.263601
1305031462.929400 14.059924 0.072700 1.277400 0.883038 -0.368230 0.122704 -0.263807
1305031462.939300 14.083287 0.067200 1.278000 0.883770 -0.366807 0.121489 -0.263902
1305031462.949400 14.107417 0.061900 1.278500 0.883942 -0.364918 0.120884 -0.266211
1305031462.959300 14.130814 0.056400 1.279300 0.884616 -0.363361 0.118991 -0.266953
1305031462.969300 14.154753 0.051100 1.280200 0.884493 -0.361874 0.118789 -0.269459
1305031462.979400 14.179134 0.045600 1.281200 0.884742 -0.358983 0.118380 -0.272670
1305031462.989300 14.202682 0.040500 1.282200 0.885263 -0.356613 0.117180 -0.274601
1305031462.999300 14.226573 0.035200 1.283500 0.885580 -0.354239 0.116980 -0.276727
1305031463.009300 14.250580 0.029900 1.284800 0.885892 -0.351570 0.116180 -0.279457
1305031463.019300 14.274705 0.024900 1.285800 0.885960 -0.348886 0.115975 -0.282671
1305031463.029400 14.298973 0.019800 1.287100 0.886655 -0.345807 0.114670 -0.284800
1305031463.039300 14.323005 0.014700 1.288300 0.887403 -0.342709 0.113158 -0.286814
1305031463.049300 14.347181 0.009800 1.289400 0.888475 -0.339810 0.111647 -0.287535
1305031463.059300 14.371674 0.004700 1.290500 0.889190 -0.336533 0.111143 -0.289370
1305031463.073500 14.405428 -0.000400 1.291800 0.890549 -0.334016 0.109627 -0.288683
1305031463.079300 14.420212 -0.005300 1.293100 0.891378 -0.330838 0.109524 -0.289820
1305031463.089400 14.444884 -0.010300 1.294500 0.892149 -0.327869 0.109926 -0.290668
1305031463.099300 14.469218 -0.015100 1.295900 0.892699 -0.324569 0.109915 -0.292681
1305031463.109400 14.493925 -0.020100 1.297500 0.892906 -0.321390 0.110813 -0.295208
1305031463.119400 14.518721 -0.024700 1.298800 0.893306 -0.318209 0.110809 -0.297436
1305031463.129300 14.543206 -0.029500 1.300400 0.893849 -0.315141 0.110511 -0.299178
1305031463.139300 14.568036 -0.034300 1.301600 0.894064 -0.312529 0.110498 -0.301273
1305031463.149300 14.592983 -0.038900 1.302700 0.894610 -0.309657 0.110499 -0.302613
1305031463.159300 14.618148 -0.043400 1.303900 0.894832 -0.307179 0.110600 -0.304442
1305031463.169400 14.643458 -0.048000 1.305100 0.895753 -0.304783 0.110794 -0.304070
1305031463.179400 14.668756 -0.052500 1.306000 0.896572 -0.302654 0.110577 -0.303861
1305031463.189300 14.693843 -0.056900 1.306900 0.897496 -0.300558 0.110372 -0.303288
1305031463.199400 14.719505 -0.061400 1.308100 0.898772 -0.298541 0.109259 -0.301901
1305031463.209300 14.744826 -0.065600 1.309000 0.898601 -0.297166 0.109364 -0.303723
1305031463.219400 14.770922 -0.070000 1.310000 0.898723 -0.295184 0.109766 -0.305146
1305031463.229400 14.796607 -0.074200 1.311200 0.898491 -0.293894 0.109264 -0.307248
1305031463.239300 14.822278 -0.078400 1.312100 0.898038 -0.292731 0.108974 -0.309776
1305031463.249300 14.848197 -0.082600 1.313100 0.897771 -0.291724 0.109068 -0.311461
1305031463.259300 14.874332 -0.086800 1.314100 0.897702 -0.289748 0.109672 -0.313287
1305031463.269300 14.900585 -0.090500 1.314900 0.897685 -0.287760 0.109570 -0.315199
1305031463.279300 14.926755 -0.094500 1.315500 0.898338 -0.285977 0.109072 -0.315135
1305031463.289300 14.953042 -0.098400 1.316200 0.899035 -0.284144 0.108752 -0.314915
1305031463.299300 14.979446 -0.102300 1.317000 0.900210 -0.282261 0.107253 -0.313763
1305031463.309300 15.005667 -0.106100 1.317700 0.900687 -0.280660 0.106247 -0.314172
1305031463.319300 15.032205 -0.109800 1.318200 0.900813 -0.278955 0.104938 -0.315765
1305031463.329300 15.058860 -0.113300 1.319000 0.900738 -0.277382 0.103943 -0.317690
1305031463.339300 15.085533 -0.116900 1.319800 0.900450 -0.276010 0.102649 -0.320111
1305031463.349300 15.112322 -0.120600 1.320500 0.900513 -0.274519 0.100745 -0.321817
1305031463.359300 15.139229 -0.124000 1.320900 0.900152 -0.272927 0.099642 -0.324512
1305031463.369300 15.166153 -0.127400 1.321600 0.899953 -0.271479 0.098357 -0.326665
1305031463.379300 15.193194 -0.130900 1.321900 0.900480 -0.269865 0.096646 -0.327058
1305031463.389400 15.220585 -0.134400 1.322600 0.901107 -0.268374 0.095545 -0.326885
1305031463.399400 15.247760 -0.137800 1.323200 0.901509 -0.266948 0.095130 -0.327063
1305031463.409300 15.274820 -0.141200 1.323700 0.901861 -0.265668 0.094234 -0.327396
1305031463.419300 15.302229 -0.144600 1.324300 0.902322 -0.264260 0.093426 -0.327496
1305031463.429300 15.329756 -0.148000 1.324900 0.902528 -0.263664 0.092726 -0.327606
1305031463.439300 15.357400 -0.151600 1.325500 0.902733 -0.262968 0.092325 -0.327715
1305031463.449400 15.385294 -0.154900 1.326000 0.902646 -0.262577 0.092127 -0.328324
1305031463.459600 15.413540 -0.158300 1.326700 0.902811 -0.262364 0.092222 -0.328013
1305031463.469300 15.440834 -0.161900 1.327200 0.903038 -0.261869 0.092423 -0.327726
1305031463.479300 15.468646 -0.165300 1.328000 0.903220 -0.261757 0.093119 -0.327118
1305031463.489300 15.496575 -0.168800 1.328800 0.903283 -0.261272 0.094124 -0.327043
1305031463.499300 15.524621 -0.172100 1.329700 0.902999 -0.260881 0.095128 -0.327849
1305031463.509300 15.552785 -0.175500 1.330800 0.902403 -0.260590 0.096732 -0.329248
1305031463.519300 15.580866 -0.179000 1.332000 0.902378 -0.260084 0.097328 -0.329541
1305031463.529400 15.608999 -0.182700 1.333300 0.902149 -0.260478 0.097427 -0.329827
1305031463.539300 15.636878 -0.185900 1.334400 0.901425 -0.260714 0.097642 -0.331552
1305031463.549400 15.665246 -0.189400 1.335600 0.901046 -0.260403 0.097636 -0.332825
1305031463.559300 15.693059 -0.192800 1.337000 0.901357 -0.260405 0.096436 -0.332333
1305031463.569400 15.721362 -0.196000 1.338300 0.901576 -0.260014 0.095037 -0.332448
1305031463.579300 15.749309 -0.199500 1.339800 0.902191 -0.259613 0.093735 -0.331461
1305031463.589400 15.777846 -0.202800 1.341300 0.902605 -0.258690 0.092723 -0.331341
1305031463.599300 15.806027 -0.205900 1.343100 0.902678 -0.257692 0.091920 -0.332142
1305031463.609300 15.834362 -0.209300 1.345100 0.902539 -0.256820 0.091628 -0.333273
1305031463.619300 15.862714 -0.212800 1.347500 0.902946 -0.256321 0.090426 -0.332884
1305031463.629400 15.891720 -0.215700 1.349600 0.901228 -0.255455 0.091838 -0.337781
1305031463.639300 15.920169 -0.219100 1.352200 0.900435 -0.254778 0.092245 -0.340288
1305031463.649400 15.949010 -0.222200 1.354800 0.899936 -0.254098 0.091551 -0.342297
1305031463.659300 15.977493 -0.225200 1.357200 0.899018 -0.253317 0.091856 -0.345196
1305031463.669300 16.006231 -0.228500 1.360000 0.899130 -0.252228 0.091057 -0.345912
1305031463.679300 16.034985 -0.231600 1.362700 0.899813 -0.251517 0.090050 -0.344915
1305031463.689300 16.063857 -0.234600 1.365400 0.900299 -0.250112 0.089845 -0.344723
1305031463.699300 16.092846 -0.237600 1.368200 0.900569 -0.249007 0.089440 -0.344923
1305031463.709300 16.121952 -0.240500 1.371500 0.901214 -0.247910 0.089739 -0.343948
1305031463.719300 16.151175 -0.243200 1.375000 0.901004 -0.246817 0.090239 -0.345152
1305031463.729300 16.180515 -0.246100 1.378600 0.900847 -0.245337 0.091144 -0.346379
1305031463.739300 16.209772 -0.248600 1.382300 0.900055 -0.244157 0.092551 -0.348888
1305031463.749400 16.239285 -0.251300 1.386400 0.899524 -0.242467 0.093451 -0.351187
1305031463.759400 16.268477 -0.253700 1.390400 0.899435 -0.240082 0.094352 -0.352810
1305031463.769400 16.297786 -0.256300 1.394600 0.899396 -0.237807 0.095458 -0.354150
1305031463.779400 16.327112 -0.258600 1.398700 0.899245 -0.234808 0.096852 -0.356151
1305031463.789300 16.356216 -0.261100 1.402800 0.899880 -0.231617 0.097750 -0.356390
1305031463.799800 16.386474 -0.263300 1.407200 0.900501 -0.228920 0.098646 -0.356318
1305031463.809300 16.414453 -0.265800 1.411600 0.901385 -0.225711 0.099336 -0.355938
1305031463.819300 16.443647 -0.268100 1.416100 0.901739 -0.223424 0.100438 -0.356175
1305031463.829300 16.472758 -0.270600 1.420800 0.902304 -0.220413 0.101628 -0.356283
1305031463.839300 16.501987 -0.272600 1.425400 0.902082 -0.217745 0.102838 -0.358133
1305031463.849300 16.531133 -0.274900 1.430300 0.902172 -0.214850 0.104235 -0.359250
1305031463.859300 16.560395 -0.277000 1.435100 0.901831 -0.212056 0.105631 -0.361353
1305031463.869400 16.589616 -0.279100 1.440100 0.901929 -0.209960 0.106529 -0.362067
1305031463.879300 16.618573 -0.281500 1.444800 0.902546 -0.207359 0.107325 -0.361794
1305031463.889300 16.647687 -0.283300 1.449500 0.902383 -0.204881 0.107930 -0.363429
1305031463.899300 16.676618 -0.285300 1.454400 0.903137 -0.203263 0.107718 -0.362525
1305031463.909300 16.705367 -0.287300 1.459300 0.903663 -0.201070 0.107317 -0.362556
1305031463.919300 16.734132 -0.289200 1.464100 0.903865 -0.199177 0.106716 -0.363275
1305031463.929300 16.762915 -0.291100 1.469000 0.904171 -0.196687 0.105915 -0.364102
1305031463.939300 16.791514 -0.293000 1.473900 0.904554 -0.194390 0.105111 -0.364618
1305031463.949400 16.820273 -0.295000 1.479000 0.904712 -0.191992 0.104305 -0.365725
1305031463.959300 16.848465 -0.296900 1.483800 0.904304 -0.189830 0.104220 -0.367882
1305031463.969300 16.876616 -0.298900 1.489000 0.904677 -0.187828 0.103514 -0.368191
1305031463.979300 16.904985 -0.300900 1.493900 0.904742 -0.185033 0.103309 -0.369502
1305031463.989300 16.933170 -0.302600 1.498900 0.904640 -0.182845 0.103010 -0.370921
1305031463.999300 16.961272 -0.304500 1.503800 0.904723 -0.180053 0.102808 -0.372139
1305031464.009300 16.989292 -0.306300 1.508700 0.905286 -0.177147 0.102499 -0.372251
1305031464.019300 17.017229 -0.308200 1.513600 0.905985 -0.174541 0.102892 -0.371671
1305031464.029300 17.045182 -0.310100 1.518700 0.906534 -0.172447 0.102893 -0.371310
1305031464.039300 17.072853 -0.311900 1.523600 0.906607 -0.169948 0.103489 -0.372118
1305031464.049400 17.100886 -0.313600 1.528700 0.906577 -0.167366 0.104896 -0.372965
1305031464.059300 17.128447 -0.315200 1.533700 0.906260 -0.164476 0.106095 -0.374679
1305031464.069300 17.156069 -0.317100 1.538800 0.906174 -0.161984 0.107397 -0.375602
1305031464.079300 17.183808 -0.318700 1.543900 0.905652 -0.159097 0.108697 -0.377713
1305031464.089300 17.211265 -0.320400 1.549000 0.905596 -0.157110 0.109502 -0.378446
1305031464.099300 17.238838 -0.322300 1.554000 0.905597 -0.155015 0.110002 -0.379163
1305031464.109300 17.266229 -0.324100 1.558900 0.905794 -0.153119 0.109600 -0.379579
1305031464.119300 17.293637 -0.325900 1.563900 0.905843 -0.151818 0.108594 -0.380273
1305031464.129300 17.320963 -0.327700 1.568800 0.905734 -0.150826 0.107695 -0.381181
1305031464.139300 17.348205 -0.329400 1.573600 0.905219 -0.149958 0.106312 -0.383130
1305031464.149400 17.375610 -0.331300 1.578500 0.905274 -0.148661 0.104408 -0.384029
1305031464.159300 17.402541 -0.333100 1.583400 0.904838 -0.147177 0.102509 -0.386134
1305031464.169300 17.429834 -0.334900 1.588100 0.903595 -0.145208 0.100716 -0.390240
1305031464.179400 17.457291 -0.336800 1.592800 0.903113 -0.143135 0.098525 -0.392674
1305031464.189300 17.484072 -0.338700 1.597500 0.902380 -0.140561 0.096030 -0.395892
1305031464.199300 17.511517 -0.340300 1.601800 0.901424 -0.138087 0.093634 -0.399498
1305031464.209300 17.538879 -0.342100 1.606000 0.901164 -0.135516 0.090644 -0.401650
1305031464.219300 17.566258 -0.343700 1.610200 0.900352 -0.133147 0.087352 -0.404979
1305031464.229300 17.593155 -0.345900 1.614200 0.900952 -0.130941 0.083040 -0.405270
1305031464.239300 17.620668 -0.347300 1.617700 0.900208 -0.129364 0.079246 -0.408179
1305031464.249300 17.647999 -0.349300 1.621200 0.900620 -0.126579 0.074547 -0.409027
1305031464.259300 17.675546 -0.351200 1.624600 0.901231 -0.123576 0.069837 -0.409431
1305031464.269300 17.703311 -0.352600 1.628000 0.901218 -0.120792 0.065739 -0.410966
1305031464.279400 17.731041 -0.354500 1.631200 0.902161 -0.116690 0.060430 -0.410897
1305031464.289300 17.758692 -0.356200 1.634600 0.902708 -0.113291 0.056423 -0.411218
1305031464.299300 17.786908 -0.357900 1.637800 0.903217 -0.109299 0.052722 -0.411672
1305031464.309300 17.814841 -0.359500 1.641100 0.903353 -0.106502 0.049718 -0.412479
1305031464.319300 17.843091 -0.361000 1.644300 0.903378 -0.103815 0.047020 -0.413425
1305031464.329300 17.871759 -0.362700 1.647700 0.903837 -0.100813 0.044515 -0.413442
1305031464.339300 17.900443 -0.364100 1.651000 0.903426 -0.098131 0.041719 -0.415272
1305031464.349300 17.929145 -0.366000 1.654500 0.903348 -0.095832 0.039817 -0.416164
1305031464.359300 17.957964 -0.367400 1.657900 0.902861 -0.093550 0.038122 -0.417897
1305031464.369300 17.987000 -0.369000 1.661400 0.902366 -0.090667 0.036627 -0.419730
1305031464.379300 18.015953 -0.370600 1.665000 0.902062 -0.087779 0.035930 -0.421056
1305031464.389300 18.045223 -0.372300 1.668500 0.901598 -0.085386 0.035831 -0.422548
1305031464.399300 18.074311 -0.374100 1.672100 0.901763 -0.082593 0.036433 -0.422700
1305031464.409300 18.103715 -0.375800 1.675700 0.901775 -0.079498 0.036833 -0.423232
1305031464.419300 18.133037 -0.377600 1.679500 0.902032 -0.076593 0.037828 -0.423132
1305031464.429300 18.162575 -0.379400 1.683300 0.901964 -0.073500 0.038430 -0.423772
1305031464.439300 18.192131 -0.381000 1.687200 0.901798 -0.070510 0.038633 -0.424613
1305031464.449400 18.221955 -0.382700 1.691300 0.901483 -0.067420 0.038035 -0.425836
1305031464.459300 18.251294 -0.384400 1.695300 0.900992 -0.065033 0.037840 -0.427262
1305031464.469300 18.281001 -0.386100 1.699600 0.900861 -0.062838 0.036640 -0.427971
1305031464.479200 18.310574 -0.387800 1.703800 0.900922 -0.061236 0.036738 -0.428066
1305031464.489300 18.340467 -0.389600 1.708300 0.899575 -0.059365 0.037252 -0.431106
1305031464.499800 18.371483 -0.391300 1.712800 0.899564 -0.057766 0.037651 -0.431313
1305031464.509500 18.400305 -0.393400 1.717400 0.900016 -0.055557 0.038245 -0.430607
1305031464.519400 18.429445 -0.395300 1.721900 0.900053 -0.052661 0.038746 -0.430848
1305031464.529400 18.459056 -0.397300 1.726400 0.900198 -0.049063 0.039547 -0.430897
1305031464.539500 18.488835 -0.399600 1.731000 0.901120 -0.045250 0.040040 -0.429339
1305031464.549400 18.517827 -0.401700 1.735700 0.901686 -0.041640 0.040733 -0.428451
1305031464.559300 18.546936 -0.403700 1.740600 0.902293 -0.038031 0.042027 -0.427381
1305031464.569300 18.576214 -0.405900 1.745700 0.902069 -0.035334 0.044027 -0.427884
1305031464.579300 18.605610 -0.408000 1.750900 0.901186 -0.033452 0.046340 -0.429647
1305031464.589300 18.635122 -0.410200 1.756100 0.899571 -0.032178 0.049752 -0.432737
1305031464.599300 18.664452 -0.412300 1.761300 0.898318 -0.030698 0.052964 -0.435059
1305031464.609300 18.693899 -0.414300 1.766600 0.896551 -0.030126 0.056680 -0.438265
1305031464.619500 18.723770 -0.416300 1.771700 0.895061 -0.029348 0.060391 -0.440860
1305031464.629300 18.752544 -0.417900 1.776700 0.893247 -0.027975 0.064404 -0.444048
1305031464.639300 18.781742 -0.419600 1.781800 0.892348 -0.026688 0.068017 -0.445394
1305031464.649300 18.811258 -0.421100 1.786600 0.890209 -0.023321 0.072538 -0.449135
1305031464.659300 18.840590 -0.422300 1.791600 0.888219 -0.020149 0.077153 -0.452447
1305031464.669300 18.869840 -0.423500 1.796400 0.886802 -0.017068 0.081160 -0.454648
1305031464.679400 18.899261 -0.424100 1.801200 0.883973 -0.013410 0.085289 -0.459498
1305031464.689300 18.928390 -0.424700 1.805900 0.881238 -0.009951 0.088816 -0.464146
1305031464.699300 18.957691 -0.425300 1.810700 0.878732 -0.006087 0.092334 -0.468261
1305031464.709300 18.986709 -0.425400 1.815100 0.876114 -0.002126 0.094353 -0.472776
1305031464.719300 19.015844 -0.425400 1.819500 0.873356 0.002234 0.096480 -0.477427
1305031464.729300 19.044797 -0.425300 1.823400 0.871154 0.007002 0.098097 -0.481060
1305031464.739300 19.073766 -0.425000 1.827400 0.869089 0.011873 0.099418 -0.484416
1305031464.749300 19.102752 -0.424400 1.830900 0.867137 0.017847 0.100540 -0.487489
1305031464.759300 19.131956 -0.424000 1.834200 0.865898 0.024030 0.101045 -0.489319
1305031464.769300 19.160977 -0.423300 1.837400 0.864980 0.029820 0.101850 -0.490455
1305031464.779300 19.189915 -0.422300 1.840300 0.863995 0.035708 0.101761 -0.491816
1305031464.789300 19.218770 -0.421200 1.843100 0.863121 0.041200 0.101472 -0.492980
1305031464.799300 19.247842 -0.420100 1.845900 0.861811 0.046782 0.099684 -0.495132
1305031464.809300 19.276831 -0.418700 1.848400 0.860473 0.052361 0.097294 -0.497371
1305031464.819300 19.305537 -0.417000 1.850800 -0.858625 -0.058132 -0.094207 0.500509
1305031464.829300 19.334461 -0.415400 1.852900 -0.857524 -0.063718 -0.090620 0.502375
1305031464.839300 19.363401 -0.413400 1.855000 -0.856733 -0.070113 -0.087331 0.503454
1305031464.849300 19.392159 -0.411400 1.856900 -0.856249 -0.076704 -0.084029 0.503878
1305031464.859300 19.420934 -0.409000 1.858600 -0.855712 -0.083801 -0.081133 0.504134
1305031464.869300 19.450026 -0.406700 1.860300 -0.855795 -0.091511 -0.078932 0.503002
1305031464.879500 19.479652 -0.404000 1.861600 -0.856086 -0.099327 -0.076631 0.501377
1305031464.889300 19.508162 -0.400900 1.863000 0.856077 0.107540 0.074931 -0.499952
1305031464.899300 19.537305 -0.398000 1.864200 0.856264 0.115256 0.073530 -0.498119
1305031464.909300 19.566566 -0.394900 1.865100 0.855869 0.122366 0.072235 -0.497290
1305031464.919300 19.595943 -0.391700 1.866100 0.855177 0.129072 0.071742 -0.496856
1305031464.929300 19.625238 -0.388400 1.866800 0.853969 0.134566 0.070852 -0.497604
1305031464.939300 19.654550 -0.384700 1.867500 0.852684 0.139762 0.070965 -0.498358
1305031464.949300 19.684279 -0.381200 1.867900 0.851453 0.144550 0.071073 -0.499081
1305031464.959300 19.714125 -0.378000 1.868000 0.850095 0.150252 0.071488 -0.499653
1305031464.969300 19.743988 -0.374200 1.867900 0.848168 0.155032 0.072102 -0.501376
1305031464.979300 19.773768 -0.370500 1.867300 -0.846254 -0.160115 -0.073516 0.502805
1305031464.989300 19.803466 -0.366800 1.866600 -0.844683 -0.165211 -0.075131 0.503558
1305031464.999300 19.833380 -0.362800 1.865500 -0.842501 -0.170899 -0.077150 0.505008
1305031465.009300 19.863312 -0.359000 1.864000 -0.840921 -0.177098 -0.079364 0.505163
1305031465.019300 19.893161 -0.355500 1.862400 -0.839003 -0.182782 -0.081477 0.505990
1305031465.029300 19.923026 -0.351800 1.860400 -0.836849 -0.188981 -0.082800 0.507065
1305031465.039300 19.953009 -0.348100 1.858200 -0.834456 -0.195470 -0.082921 0.508526
1305031465.049300 19.982910 -0.344300 1.855500 -0.831755 -0.201853 -0.082745 0.510482
1305031465.059300 20.012727 -0.340700 1.852300 -0.829967 -0.207954 -0.081463 0.511149
1305031465.069300 20.042761 -0.337000 1.848800 -0.829162 -0.214566 -0.080271 0.509910
1305031465.079300 20.072813 -0.333600 1.844800 -0.829566 -0.221501 -0.078968 0.506480
1305031465.089300 20.103181 -0.329800 1.840400 -0.829989 -0.228514 -0.078058 0.502799
1305031465.099300 20.133567 -0.326300 1.835600 0.831409 0.235570 0.077348 -0.497276
1305031465.109300 20.164270 -0.322700 1.830500 0.832985 0.242215 0.076632 -0.491523
1305031465.119300 20.194990 -0.319100 1.825400 0.834325 0.248075 0.075326 -0.486504
1305031465.129300 20.225928 -0.315500 1.820100 0.836134 0.253029 0.074411 -0.480957
1305031465.139300 20.256782 -0.312100 1.814600 0.837953 0.257153 0.072589 -0.475855
1305031465.149300 20.287953 -0.308500 1.809200 0.839225 0.260985 0.070777 -0.471782
1305031465.159300 20.319342 -0.305400 1.803700 0.840864 0.264342 0.068968 -0.467241
1305031465.169300 20.350747 -0.302100 1.798300 0.841591 0.268052 0.066656 -0.464144
1305031465.179300 20.382170 -0.298800 1.792700 0.842494 0.271288 0.064750 -0.460883
1305031465.189300 20.413910 -0.295400 1.787200 0.843079 0.274613 0.062745 -0.458114
1305031465.199300 20.445767 -0.292200 1.781800 0.843830 0.277326 0.061036 -0.455319
1305031465.209300 20.477641 -0.289000 1.776300 0.844813 0.280153 0.059627 -0.451941
1305031465.219300 20.509632 -0.285800 1.770800 0.845784 0.283179 0.057817 -0.448460
1305031465.229300 20.542040 -0.282800 1.765400 0.847403 0.285529 0.056206 -0.444098
1305031465.239300 20.574466 -0.280000 1.760100 0.848813 0.287370 0.054395 -0.440428
1305031465.249300 20.607108 -0.276900 1.754900 0.849592 0.288388 0.051189 -0.438640
1305031465.259300 20.639968 -0.274100 1.750000 0.851125 0.288497 0.048273 -0.435919
1305031465.269300 20.672845 -0.271300 1.745000 0.851826 0.287714 0.043869 -0.435533
1305031465.279300 20.705939 -0.268600 1.740300 0.853175 0.286320 0.039656 -0.434213
1305031465.289300 20.739250 -0.265900 1.735400 0.854658 0.284641 0.034844 -0.432811
1305031465.299300 20.772578 -0.263300 1.730700 0.856877 0.282651 0.030123 -0.430074
1305031465.309300 20.805823 -0.260500 1.726100 0.858487 0.281589 0.024811 -0.427892
1305031465.319300 20.839386 -0.258100 1.721500 0.860297 0.280198 0.018993 -0.425461
1305031465.329300 20.872765 -0.256100 1.717400 0.862610 0.279220 0.012772 -0.421636
1305031465.339300 20.906362 -0.253700 1.713300 0.863959 0.277835 0.006860 -0.419924
1305031465.349300 20.940076 -0.251400 1.709300 0.864539 0.276551 -0.000044 -0.419633
1305031465.359300 20.973806 -0.249200 1.705400 0.865065 0.275450 -0.006949 -0.419216
1305031465.369300 21.007754 -0.247000 1.701700 0.864934 0.274655 -0.014149 -0.419825
1305031465.379300 21.041720 -0.245300 1.698300 0.865638 0.273553 -0.021155 -0.418798
1305031465.389300 21.075802 -0.243400 1.694800 0.865322 0.272758 -0.027353 -0.419610
1305031465.399300 21.110002 -0.241700 1.691700 0.865658 0.271356 -0.033356 -0.419392
1305031465.409300 21.144218 -0.240200 1.688700 0.865949 0.270341 -0.039057 -0.418954
1305031465.419300 21.178652 -0.238600 1.685700 0.866177 0.268462 -0.044262 -0.419173
1305031465.429300 21.212903 -0.237400 1.682800 0.866486 0.266647 -0.049262 -0.419135
1305031465.439300 21.247470 -0.236300 1.679900 0.866744 0.264146 -0.054665 -0.419515
1305031465.449300 21.281855 -0.235100 1.677100 0.866874 0.261633 -0.060065 -0.420082
1305031465.459300 21.316558 -0.234200 1.674300 0.867673 0.259355 -0.065175 -0.419083
1305031465.469900 21.352586 -0.233400 1.671600 0.868478 0.257752 -0.069878 -0.417644
1305031465.479300 21.385513 -0.232500 1.668900 0.869119 0.256285 -0.074190 -0.416468
1305031465.489300 21.419867 -0.231900 1.666400 0.869851 0.255589 -0.077593 -0.414744
1305031465.499300 21.454337 -0.231500 1.663900 0.870323 0.255805 -0.081098 -0.412947
1305031465.509300 21.488725 -0.231000 1.661600 0.869979 0.256203 -0.084494 -0.412744
1305031465.519300 21.523630 -0.230900 1.659400 0.869814 0.256395 -0.087589 -0.412327
1305031465.529300 21.558352 -0.230700 1.657400 0.868724 0.256297 -0.091884 -0.413749
1305031465.539300 21.593091 -0.230600 1.655300 0.867523 0.256092 -0.095977 -0.415463
1305031465.549300 21.628047 -0.230500 1.653400 0.866377 0.255373 -0.099966 -0.417352
1305031465.559400 21.663490 -0.230600 1.651200 0.865928 0.253859 -0.103560 -0.418330
1305031465.569300 21.698310 -0.230700 1.649200 0.865833 0.251661 -0.106463 -0.419126
1305031465.579400 21.733689 -0.230800 1.647100 0.865571 0.249944 -0.109557 -0.419895
1305031465.589300 21.768643 -0.231100 1.644900 0.865524 0.247731 -0.112354 -0.420564
1305031465.599300 21.804084 -0.231300 1.642700 0.865438 0.245735 -0.114757 -0.421263
1305031465.609300 21.839443 -0.231600 1.640300 0.864776 0.243609 -0.117747 -0.423028
1305031465.619300 21.875019 -0.232400 1.638100 0.864667 0.241812 -0.121149 -0.423322
1305031465.629300 21.910413 -0.233300 1.635700 0.864632 0.240716 -0.124949 -0.422912
1305031465.639300 21.945823 -0.234100 1.633200 0.863965 0.239504 -0.129840 -0.423489
1305031465.649300 21.981451 -0.234800 1.630800 0.863244 0.238504 -0.134436 -0.424090
1305031465.659300 22.016995 -0.235600 1.628200 0.862336 0.237303 -0.138833 -0.425194
1305031465.669300 22.052657 -0.236300 1.625600 0.861473 0.236489 -0.143121 -0.425974
1305031465.679300 22.088236 -0.237000 1.623000 0.860770 0.234985 -0.146219 -0.427173
1305031465.689300 22.124032 -0.237900 1.620200 0.860216 0.233669 -0.149010 -0.428047
1305031465.699300 22.159845 -0.238600 1.617300 0.859498 0.231355 -0.151604 -0.429830
1305031465.709300 22.195875 -0.239500 1.614500 0.858881 0.229145 -0.154500 -0.431214
1305031465.719300 22.231822 -0.240300 1.611500 0.858029 0.226720 -0.157288 -0.433179
1305031465.729300 22.267886 -0.241200 1.608300 0.857314 0.224712 -0.160484 -0.434468
1305031465.739300 22.303668 -0.242200 1.605100 0.856398 0.222401 -0.163979 -0.436155
1305031465.749300 22.339866 -0.243000 1.601800 0.855959 0.219790 -0.167173 -0.437127
1305031465.759300 22.375882 -0.243800 1.598400 0.855473 0.218595 -0.169876 -0.437636
1305031465.769300 22.411715 -0.244400 1.594800 0.854498 0.216970 -0.173059 -0.439098
1305031465.779200 22.447492 -0.245200 1.591400 0.853872 0.215759 -0.175152 -0.440083
1305031465.789300 22.483832 -0.246000 1.587600 0.853037 0.214042 -0.177341 -0.441660
1305031465.799300 22.520016 -0.247100 1.584000 0.852401 0.213054 -0.179252 -0.442593
1305031465.809300 22.556317 -0.247900 1.580300 0.851009 0.211916 -0.181625 -0.444846
1305031465.819300 22.592236 -0.248800 1.576600 0.849244 0.210409 -0.184923 -0.447567
1305031465.829300 22.628671 -0.249600 1.572900 0.847523 0.209585 -0.187208 -0.450259
1305031465.839300 22.664724 -0.250400 1.569000 0.845868 0.207555 -0.190488 -0.452927
1305031465.849300 22.700894 -0.251200 1.565000 0.844563 0.205635 -0.192179 -0.455516
1305031465.859200 22.736806 -0.252100 1.560800 0.843851 0.203821 -0.193473 -0.457100
1305031465.869300 22.773185 -0.253000 1.556500 0.843934 0.202213 -0.193670 -0.457578
1305031465.879300 22.809307 -0.253900 1.552300 0.844440 0.200914 -0.193075 -0.457467
1305031465.889300 22.845345 -0.254900 1.548000 0.844462 0.199409 -0.192178 -0.458462
1305031465.899300 22.881600 -0.255800 1.543700 0.844134 0.198287 -0.191267 -0.459932
1305031465.909300 22.917773 -0.256700 1.539400 0.843537 0.196865 -0.189860 -0.462215
1305031465.919200 22.953486 -0.257600 1.535200 0.842262 0.195644 -0.189454 -0.465216
1305031465.929200 22.989593 -0.258600 1.531100 0.841064 0.194216 -0.188642 -0.468301
1305031465.939300 23.025793 -0.259500 1.526900 0.839297 0.193088 -0.187932 -0.472206
1305031465.949300 23.061634 -0.260500 1.522700 0.837613 0.192259 -0.187220 -0.475804
1305031465.959300 23.097192 -0.261500 1.518600 0.836393 0.191025 -0.186103 -0.478877
1305031465.970100 23.135082 -0.262600 1.514400 0.835511 0.190907 -0.184496 -0.481078
1305031465.979300 23.168460 -0.263700 1.510000 0.834231 0.190986 -0.183387 -0.483685
1305031465.989300 23.203769 -0.265000 1.505700 0.833505 0.191767 -0.182473 -0.484972
1305031465.999300 23.239096 -0.266400 1.501400 0.832292 0.192148 -0.182560 -0.486868
1305031466.009300 23.274740 -0.267800 1.497300 0.831233 0.192542 -0.182359 -0.488595
1305031466.019300 23.309701 -0.268900 1.492800 0.829637 0.191422 -0.183548 -0.491294
1305031466.029300 23.344979 -0.270600 1.488700 0.830004 0.191619 -0.183344 -0.490674
1305031466.039300 23.380074 -0.272000 1.484500 0.830175 0.190737 -0.183661 -0.490610
1305031466.049300 23.414986 -0.273800 1.480200 0.831499 0.190639 -0.183757 -0.488365
1305031466.059300 23.449915 -0.275600 1.476300 0.832418 0.190153 -0.183268 -0.487170
1305031466.069200 23.484383 -0.277300 1.472300 0.832408 0.190355 -0.184167 -0.486770
1305031466.079300 23.519525 -0.279400 1.468600 0.833035 0.191175 -0.184379 -0.485294
1305031466.089300 23.554106 -0.281400 1.465100 0.832658 0.191863 -0.185962 -0.485064
1305031466.099300 23.588704 -0.283900 1.461700 0.833527 0.193201 -0.186786 -0.482719
1305031466.109300 23.623519 -0.286300 1.458600 0.834082 0.194207 -0.187683 -0.481006
1305031466.119300 23.658351 -0.288900 1.455700 0.834790 0.195130 -0.188893 -0.478925
1305031466.129300 23.693001 -0.291700 1.453100 0.835552 0.195538 -0.189693 -0.477111
1305031466.139300 23.727567 -0.294300 1.450600 0.835875 0.195557 -0.191204 -0.475931
1305031466.149300 23.762050 -0.297200 1.448300 0.836339 0.196470 -0.193204 -0.473929
1305031466.159300 23.796451 -0.299800 1.446100 0.836236 0.196886 -0.196108 -0.472745
1305031466.169300 23.830969 -0.302700 1.444200 0.836799 0.197702 -0.198409 -0.470442
1305031466.179200 23.865023 -0.305200 1.442500 0.836790 0.198922 -0.201414 -0.468663
1305031466.189300 23.899655 -0.308200 1.441200 0.837851 0.200948 -0.203318 -0.465068
1305031466.199300 23.934224 -0.311000 1.440000 0.838740 0.203378 -0.204926 -0.461690
1305031466.209300 23.968611 -0.313900 1.438900 0.839855 0.206116 -0.205842 -0.458027
1305031466.219300 24.003014 -0.316700 1.438100 0.840395 0.208929 -0.207235 -0.455125
1305031466.229300 24.037534 -0.319500 1.437800 0.840873 0.211742 -0.207234 -0.452938
1305031466.239300 24.072172 -0.322200 1.437700 0.840646 0.213665 -0.207149 -0.452494
1305031466.249300 24.106926 -0.325100 1.438100 0.840107 0.216553 -0.206333 -0.452494
1305031466.259300 24.141398 -0.327500 1.438300 0.838358 0.218240 -0.205428 -0.455332
1305031466.269200 24.175905 -0.330100 1.438900 0.837788 0.220635 -0.203125 -0.456258
1305031466.279300 24.211193 -0.332500 1.439500 0.837347 0.223108 -0.200006 -0.457243
1305031466.289300 24.245916 -0.334500 1.440300 0.836463 0.224989 -0.197196 -0.459155
1305031466.299300 24.280756 -0.336800 1.441000 0.836813 0.226490 -0.193203 -0.459476
1305031466.309300 24.315514 -0.338600 1.441700 0.836358 0.227982 -0.190002 -0.460899
1305031466.319300 24.350988 -0.340400 1.442900 0.837467 0.230479 -0.184203 -0.459998
1305031466.329300 24.385280 -0.342200 1.443100 0.837389 0.229397 -0.182525 -0.461347
1305031466.339300 24.419988 -0.343600 1.443800 0.837954 0.230283 -0.179617 -0.461021
1305031466.349300 24.454814 -0.345200 1.444500 0.839074 0.230791 -0.176526 -0.459922
1305031466.359300 24.489757 -0.346700 1.445300 0.839977 0.232299 -0.174130 -0.458426
1305031466.369300 24.524417 -0.348100 1.446100 0.839563 0.233111 -0.172540 -0.459372
1305031466.379300 24.559395 -0.349300 1.447100 0.838648 0.234796 -0.172028 -0.460376
1305031466.389300 24.594290 -0.350900 1.448200 0.837741 0.235581 -0.171618 -0.461777
1305031466.399300 24.629101 -0.352300 1.449200 0.836025 0.236960 -0.172402 -0.463884
1305031466.409300 24.664130 -0.353400 1.450200 0.834813 0.238046 -0.172990 -0.465290
1305031466.419300 24.699075 -0.354700 1.450800 0.833816 0.239646 -0.174184 -0.465812
1305031466.429300 24.733938 -0.355600 1.451500 0.832897 0.241440 -0.175274 -0.466122
1305031466.439300 24.768918 -0.356300 1.451800 0.832245 0.243155 -0.175879 -0.466166
1305031466.449300 24.803815 -0.357100 1.451900 0.832401 0.245261 -0.176974 -0.464366
1305031466.459200 24.838644 -0.357600 1.451900 0.832546 0.247161 -0.177865 -0.462756
1305031466.469200 24.873575 -0.358100 1.451900 0.832664 0.248382 -0.179172 -0.461383
1305031466.479400 24.909294 -0.358300 1.451700 0.833164 0.248998 -0.180078 -0.459793
1305031466.489300 24.944374 -0.358400 1.451600 0.834263 0.249215 -0.179787 -0.457792
1305031466.499300 24.979757 -0.358200 1.451200 0.834125 0.248704 -0.180680 -0.457971
1305031466.509300 25.015057 -0.358000 1.450700 0.834378 0.248419 -0.180092 -0.457895
1305031466.519300 25.050774 -0.357800 1.450400 0.835400 0.249236 -0.178502 -0.456207
1305031466.529300 25.086108 -0.357200 1.449700 0.834342 0.248496 -0.178181 -0.458667
1305031466.539300 25.121659 -0.356600 1.449000 0.834489 0.248709 -0.177390 -0.458591
1305031466.549500 25.157701 -0.355900 1.448200 0.834974 0.248806 -0.176289 -0.458078
1305031466.559300 25.192713 -0.355000 1.447400 0.835930 0.249939 -0.175507 -0.456014
1305031466.569300 25.228215 -0.353900 1.446400 0.836622 0.250949 -0.174911 -0.454416
1305031466.579200 25.263448 -0.352600 1.445400 0.837420 0.252871 -0.175018 -0.451832
1305031466.589300 25.299371 -0.351400 1.444400 0.838834 0.253796 -0.173830 -0.449142
1305031466.599200 25.334838 -0.350300 1.443600 0.840324 0.255618 -0.172439 -0.445846
1305031466.609300 25.370796 -0.349100 1.442700 0.840853 0.256734 -0.171247 -0.444666
1305031466.619300 25.406584 -0.347800 1.442200 0.840550 0.257327 -0.170543 -0.445166
1305031466.629300 25.442190 -0.346500 1.441400 0.839229 0.257797 -0.169826 -0.447655
1305031466.639200 25.477724 -0.345200 1.441200 0.837796 0.258693 -0.168825 -0.450194
1305031466.649300 25.513852 -0.343600 1.440700 0.836360 0.260263 -0.168204 -0.452186
1305031466.659200 25.548920 -0.342300 1.440100 0.834886 0.261450 -0.167695 -0.454408
1305031466.669200 25.584393 -0.341000 1.439500 0.833976 0.263440 -0.167185 -0.455118
1305031466.679400 25.620462 -0.339600 1.438600 0.833436 0.266131 -0.166972 -0.454619
1305031466.689300 25.655581 -0.338200 1.437900 0.833369 0.269454 -0.166477 -0.452963
1305031466.699300 25.691106 -0.336500 1.436800 0.833256 0.272457 -0.165372 -0.451778
1305031466.709300 25.726248 -0.335200 1.436200 0.833524 0.275701 -0.165287 -0.449341
1305031466.719300 25.761808 -0.334000 1.435600 0.834290 0.278708 -0.163684 -0.446642
1305031466.729300 25.796984 -0.332200 1.434900 0.832765 0.281192 -0.164167 -0.447753
1305031466.739200 25.832088 -0.330900 1.434500 0.831927 0.283503 -0.162669 -0.448399
1305031466.749300 25.867788 -0.329600 1.434400 0.830421 0.285284 -0.162254 -0.450209
1305031466.759300 25.903116 -0.328100 1.434200 0.828351 0.286568 -0.162141 -0.453237
1305031466.769300 25.938461 -0.326800 1.434000 0.826604 0.288734 -0.161917 -0.455129
1305031466.779300 25.973523 -0.325300 1.433800 0.824904 0.290221 -0.162804 -0.456946
1305031466.789300 26.008702 -0.323800 1.433400 0.823814 0.292220 -0.162996 -0.457570
1305031466.799300 26.043799 -0.322500 1.433100 0.823576 0.294218 -0.163688 -0.456470
1305031466.809200 26.078321 -0.321000 1.432700 0.823713 0.295647 -0.164498 -0.455007
1305031466.819600 26.114417 -0.319400 1.432300 0.823851 0.297241 -0.165389 -0.453391
1305031466.829300 26.148390 -0.318000 1.432000 0.824327 0.298252 -0.166390 -0.451492
1305031466.839300 26.183255 -0.316800 1.431900 0.824451 0.298878 -0.168098 -0.450218
1305031466.849300 26.217937 -0.315500 1.431900 0.824142 0.298984 -0.170198 -0.449924
1305031466.859300 26.252636 -0.314200 1.432000 0.823206 0.299777 -0.172787 -0.450123
1305031466.869300 26.287152 -0.312900 1.432200 0.821518 0.301084 -0.176080 -0.451057
1305031466.879300 26.321686 -0.311600 1.432400 0.820125 0.303262 -0.179355 -0.450841
1305031466.889300 26.356236 -0.310200 1.432700 0.818534 0.305579 -0.183050 -0.450684
1305031466.899300 26.390904 -0.308800 1.432900 0.817777 0.308184 -0.186438 -0.448892
1305031466.909300 26.425288 -0.307300 1.433000 0.816263 0.310697 -0.190229 -0.448324
1305031466.919300 26.459790 -0.305800 1.433200 0.815092 0.312589 -0.194010 -0.447520
1305031466.929200 26.493815 -0.304300 1.433400 0.814425 0.314526 -0.197218 -0.445970
1305031466.939300 26.528745 -0.302700 1.433800 0.813276 0.315617 -0.200203 -0.445967
1305031466.949300 26.563098 -0.301100 1.434100 0.811979 0.316327 -0.203599 -0.446291
1305031466.959300 26.597368 -0.299400 1.434300 0.810593 0.317197 -0.206272 -0.446964
1305031466.969300 26.631955 -0.297700 1.434700 0.810114 0.318716 -0.207476 -0.446195
1305031466.979200 26.666465 -0.296200 1.435200 0.809807 0.320118 -0.207572 -0.445704
1305031466.989300 26.701381 -0.294800 1.435600 0.809981 0.321818 -0.207266 -0.444303
1305031466.999400 26.735914 -0.292900 1.436200 0.809015 0.323735 -0.207968 -0.444342
1305031467.009200 26.769782 -0.291200 1.436600 0.808335 0.325346 -0.208468 -0.444169
1305031467.019300 26.804749 -0.289600 1.436800 0.807529 0.327148 -0.209161 -0.443985
1305031467.029200 26.839144 -0.287900 1.437100 0.807304 0.327946 -0.210055 -0.443382
1305031467.039200 26.873751 -0.286200 1.437200 0.806780 0.329637 -0.209844 -0.443183
1305031467.049300 26.908370 -0.284400 1.437400 0.806307 0.330049 -0.210548 -0.443404
1305031467.059300 26.943012 -0.282500 1.437500 0.806177 0.331442 -0.210339 -0.442699
1305031467.069300 26.977070 -0.280600 1.437400 0.805232 0.332563 -0.211046 -0.443242
1305031467.079200 27.011150 -0.278900 1.437500 0.805214 0.334559 -0.209838 -0.442344
1305031467.089300 27.045739 -0.277200 1.437400 0.804601 0.337057 -0.209429 -0.441757
1305031467.099200 27.079853 -0.275900 1.437300 0.804114 0.339965 -0.208225 -0.440984
1305031467.109200 27.113080 -0.273800 1.437000 0.800671 0.341626 -0.211091 -0.444588
1305031467.119300 27.148220 -0.272400 1.437300 0.800195 0.346343 -0.208888 -0.442832
1305031467.129300 27.182482 -0.271000 1.437400 0.799142 0.348556 -0.208089 -0.443374
1305031467.139300 27.216260 -0.269200 1.437200 0.797120 0.351038 -0.208867 -0.444687
1305031467.149300 27.250456 -0.267600 1.437300 0.795913 0.353132 -0.209055 -0.445102
1305031467.159200 27.284271 -0.266300 1.437100 0.795188 0.353922 -0.209844 -0.445399
1305031467.169300 27.318698 -0.264700 1.437300 0.794906 0.356739 -0.209045 -0.444030
1305031467.179400 27.352742 -0.262900 1.437100 0.792816 0.358442 -0.211434 -0.445262
1305031467.189300 27.386609 -0.261600 1.437400 0.792408 0.361051 -0.211429 -0.443880
1305031467.199200 27.420092 -0.260000 1.437300 0.790285 0.363038 -0.213409 -0.445095
1305031467.209300 27.454688 -0.258600 1.437500 0.789671 0.365948 -0.214001 -0.443515
1305031467.219300 27.488804 -0.257300 1.437400 0.788820 0.368234 -0.214883 -0.442711
1305031467.229300 27.522736 -0.256000 1.437400 0.787644 0.369651 -0.216482 -0.442844
1305031467.239300 27.557086 -0.254800 1.437300 0.787245 0.371261 -0.216980 -0.441961
1305031467.249300 27.590952 -0.253000 1.437700 0.784799 0.373129 -0.218551 -0.443960
1305031467.259200 27.625238 -0.251800 1.437600 0.784118 0.374942 -0.218650 -0.443587
1305031467.269300 27.659737 -0.250500 1.437800 0.782606 0.377435 -0.219135 -0.443904
1305031467.279200 27.693456 -0.249000 1.437800 0.780632 0.379946 -0.220327 -0.444647
1305031467.289200 27.727991 -0.248000 1.437900 0.779791 0.382034 -0.220910 -0.444044
1305031467.299200 27.762443 -0.246700 1.438100 0.778297 0.384236 -0.221500 -0.444470
1305031467.309200 27.796713 -0.245400 1.438000 0.776847 0.386316 -0.222777 -0.444566
1305031467.319200 27.831399 -0.244100 1.438400 0.776164 0.388229 -0.222776 -0.444093
1305031467.329200 27.865503 -0.242800 1.438100 0.774878 0.389548 -0.225274 -0.443924
1305031467.339300 27.900423 -0.241400 1.438200 0.774555 0.390349 -0.226568 -0.443125
1305031467.349300 27.934661 -0.239900 1.438200 0.773849 0.392264 -0.228165 -0.441846
1305031467.359200 27.969016 -0.238800 1.438200 0.774062 0.394301 -0.229273 -0.439076
1305031467.369300 28.003988 -0.237500 1.438200 0.774215 0.396601 -0.229762 -0.436472
1305031467.379300 28.038478 -0.236300 1.437900 0.773525 0.399025 -0.230862 -0.434904
1305031467.389300 28.072785 -0.234700 1.438100 0.771431 0.401843 -0.233452 -0.434645
1305031467.399300 28.107808 -0.233900 1.438400 0.771977 0.403134 -0.233541 -0.432426
1305031467.409200 28.142547 -0.232800 1.438400 0.771606 0.405462 -0.233446 -0.430962
1305031467.419300 28.177907 -0.231300 1.438700 0.770651 0.406236 -0.234725 -0.431245
1305031467.429200 28.212279 -0.230000 1.439000 0.769152 0.407041 -0.236918 -0.431963
1305031467.439200 28.247471 -0.228900 1.439400 0.768771 0.408169 -0.238525 -0.430691
1305031467.449300 28.281783 -0.227500 1.439100 0.766435 0.408957 -0.242304 -0.431996
1305031467.459200 28.316606 -0.226400 1.439400 0.765780 0.410947 -0.243685 -0.430490
1305031467.509200 28.490894 -0.218900 1.439300 0.762663 0.423017 -0.246259 -0.422798
1305031467.519300 28.526126 -0.217500 1.439400 0.762296 0.425147 -0.246066 -0.421434
1305031467.529300 28.560872 -0.215700 1.439600 0.761703 0.426452 -0.245963 -0.421249
1305031467.539200 28.595432 -0.213700 1.440300 0.761322 0.428057 -0.244662 -0.421067
1305031467.549300 28.630316 -0.211800 1.440600 0.761073 0.428027 -0.244845 -0.421440
1305031467.559200 28.664509 -0.209600 1.440900 0.760950 0.428173 -0.245068 -0.421385
1305031467.569200 28.698824 -0.207200 1.441400 0.760485 0.427936 -0.245947 -0.421952
1305031467.579400 28.733664 -0.204700 1.441800 0.760420 0.428364 -0.246559 -0.421277
1305031467.589200 28.767304 -0.202200 1.442300 0.760562 0.428139 -0.247244 -0.420847
1305031467.599300 28.801974 -0.199900 1.442900 0.761262 0.428654 -0.247250 -0.419051
1305031467.609400 28.836063 -0.197100 1.443400 0.760871 0.428873 -0.249054 -0.418467
1305031467.619200 28.869153 -0.194100 1.444000 0.759744 0.428465 -0.251844 -0.419262
1305031467.629200 28.902870 -0.191300 1.444800 0.759082 0.427933 -0.253623 -0.419932
1305031467.639200 28.935104 -0.188200 1.444900 0.756182 0.425937 -0.260217 -0.423146
1305031467.649300 28.968961 -0.185100 1.445600 0.755654 0.425428 -0.262108 -0.423435
1305031467.659300 29.001630 -0.181500 1.446100 0.753937 0.424307 -0.264495 -0.426128
1305031467.679300 29.067719 -0.174500 1.447300 0.752519 0.425813 -0.266884 -0.425643
1305031467.689300 29.100339 -0.171100 1.447600 0.751919 0.428726 -0.266578 -0.423967
1305031467.699200 29.132269 -0.167300 1.447900 0.750061 0.429685 -0.267745 -0.425549
1305031467.709300 29.165030 -0.163600 1.448300 0.748967 0.430879 -0.267437 -0.426461
1305031467.719300 29.197302 -0.159500 1.448700 0.747166 0.432371 -0.268123 -0.427677
1305031467.729300 29.229390 -0.155700 1.449100 0.746209 0.432485 -0.268330 -0.429103
1305031467.739200 29.261289 -0.151400 1.449500 0.745892 0.433572 -0.267619 -0.428999
1305031467.749300 29.293118 -0.147000 1.449900 0.743267 0.432938 -0.269995 -0.432692
1305031467.759200 29.324451 -0.142600 1.449900 0.742265 0.434137 -0.270487 -0.432903
1305031467.769300 29.356215 -0.138400 1.450000 0.741554 0.435336 -0.270978 -0.432610
1305031467.779300 29.387489 -0.133700 1.450000 0.739948 0.436232 -0.272467 -0.433522
1305031467.789300 29.418681 -0.128900 1.450000 0.738659 0.437238 -0.273362 -0.434142
1305031467.799200 29.449581 -0.124000 1.449900 0.737848 0.438133 -0.273953 -0.434246
1305031467.809200 29.480607 -0.119300 1.449900 0.736844 0.438528 -0.274745 -0.435051
1305031467.819200 29.511749 -0.114200 1.450000 0.735925 0.438014 -0.276135 -0.436243
1305031467.829300 29.543017 -0.109100 1.449900 0.734748 0.437724 -0.277638 -0.437562
1305031467.839300 29.573594 -0.103900 1.449700 0.733288 0.437187 -0.280011 -0.439034
1305031467.849300 29.603988 -0.098500 1.449700 0.732032 0.435953 -0.282587 -0.440703
1305031467.859200 29.634190 -0.093200 1.449500 0.730452 0.435567 -0.285190 -0.442026
1305031467.869200 29.664618 -0.087800 1.449200 0.728790 0.435838 -0.287961 -0.442705
1305031467.879400 29.695582 -0.082600 1.448900 0.727453 0.436429 -0.290444 -0.442701
1305031467.889200 29.725025 -0.077100 1.448400 0.725830 0.437729 -0.292828 -0.442511
1305031467.899200 29.755105 -0.071900 1.448000 0.724868 0.439471 -0.294340 -0.441357
1305031467.909300 29.785312 -0.066400 1.447600 0.723044 0.440764 -0.296422 -0.441665
1305031467.919300 29.815125 -0.060800 1.447100 0.721001 0.442045 -0.298595 -0.442262
1305031467.929300 29.845256 -0.055200 1.446700 0.719870 0.442528 -0.299877 -0.442754
1305031467.939200 29.874693 -0.049500 1.446400 0.718094 0.443349 -0.301979 -0.443387
1305031467.949300 29.904970 -0.043700 1.446000 0.717094 0.443748 -0.302873 -0.443995
1305031467.959300 29.934552 -0.037800 1.445600 0.715157 0.444326 -0.304848 -0.445188
1305031467.969200 29.964040 -0.031800 1.445200 0.714366 0.444030 -0.305949 -0.445997
1305031467.979200 29.993656 -0.026000 1.444300 0.714035 0.445618 -0.305733 -0.445091
1305031467.989500 30.023924 -0.019900 1.443700 0.713664 0.446441 -0.305942 -0.444717
1305031467.999200 30.052541 -0.013800 1.443000 0.713577 0.447857 -0.305646 -0.443636
1305031468.009200 30.081909 -0.007700 1.442400 0.713349 0.448841 -0.305331 -0.443225
1305031468.019200 30.111494 -0.001500 1.441900 0.713039 0.449536 -0.305324 -0.443025
1305031468.029200 30.140896 0.004200 1.441500 0.713094 0.451576 -0.304143 -0.441670
1305031468.039200 30.170115 0.010200 1.441300 0.711092 0.451964 -0.305329 -0.443679
1305031468.049400 30.200276 0.016500 1.441200 0.709483 0.453058 -0.306416 -0.444389
1305031468.059200 30.229004 0.022600 1.441000 0.707503 0.453301 -0.308071 -0.446151
1305031468.069300 30.258587 0.028900 1.440900 0.706295 0.454401 -0.309060 -0.446261
1305031468.079300 30.288075 0.035200 1.440900 0.705727 0.454928 -0.309972 -0.445990
1305031468.089200 30.316867 0.041400 1.440700 0.705281 0.456012 -0.310852 -0.444975
1305031468.099200 30.346289 0.048000 1.440600 0.704922 0.456751 -0.311670 -0.444212
1305031468.109200 30.375528 0.054100 1.440700 0.704804 0.457048 -0.312364 -0.443607
1305031468.119200 30.405384 0.060300 1.441000 0.706446 0.458592 -0.310590 -0.440637
1305031468.129200 30.434557 0.066600 1.441300 0.705402 0.459266 -0.311565 -0.440921
1305031468.139200 30.464047 0.073100 1.441700 0.704298 0.459864 -0.312457 -0.441429
1305031468.149300 30.493969 0.079600 1.442300 0.703204 0.461266 -0.312550 -0.441645
1305031468.159300 30.523494 0.086000 1.442800 0.702690 0.462462 -0.312640 -0.441147
1305031468.169300 30.553236 0.092400 1.443500 0.702181 0.463658 -0.312431 -0.440851
1305031468.179700 30.584153 0.099000 1.444300 0.702131 0.464593 -0.311950 -0.440287
1305031468.189300 30.612371 0.105700 1.445300 0.701398 0.465774 -0.312131 -0.440079
1305031468.199300 30.641964 0.112400 1.446300 0.701613 0.466389 -0.311838 -0.439291
1305031468.209200 30.671659 0.119300 1.447700 0.702320 0.466499 -0.311345 -0.438394
1305031468.219200 30.701786 0.126100 1.449100 0.703354 0.466530 -0.310767 -0.437112
1305031468.229200 30.731230 0.133100 1.450700 0.703428 0.466318 -0.311358 -0.436797
1305031468.239200 30.760992 0.140100 1.452500 0.703304 0.466004 -0.311849 -0.436983
1305031468.249300 30.791387 0.147000 1.454300 0.704498 0.465705 -0.311154 -0.435872
1305031468.259300 30.821283 0.153900 1.456100 0.704816 0.465116 -0.311165 -0.435978
1305031468.269400 30.851511 0.160900 1.458300 0.705182 0.465395 -0.310651 -0.435457
1305031468.279200 30.880910 0.167600 1.460300 0.705693 0.466007 -0.309958 -0.434466
1305031468.289300 30.911573 0.174300 1.462600 0.706212 0.466322 -0.309268 -0.433776
1305031468.299200 30.941421 0.181000 1.465100 0.706726 0.465923 -0.308274 -0.434076
1305031468.309300 30.971919 0.187700 1.467500 0.706922 0.465219 -0.308475 -0.434368
1305031468.319200 31.001601 0.194300 1.470200 0.706801 0.464303 -0.309168 -0.435052
1305031468.329300 31.032333 0.200800 1.472900 0.707153 0.463033 -0.309394 -0.435673
1305031468.339200 31.062249 0.207300 1.475800 0.707737 0.461420 -0.309794 -0.436151
1305031468.349300 31.092916 0.213800 1.478600 0.708333 0.460417 -0.309797 -0.436240
1305031468.359200 31.122766 0.220100 1.481600 0.708828 0.459716 -0.310000 -0.436032
1305031468.369400 31.153686 0.226200 1.484300 0.710035 0.459831 -0.309311 -0.434434
1305031468.379200 31.183051 0.232300 1.487200 0.710514 0.460223 -0.308905 -0.433522
1305031468.389200 31.213169 0.238400 1.490100 0.711016 0.461132 -0.308208 -0.432228
1305031468.399200 31.243505 0.244200 1.493200 0.711751 0.462261 -0.307024 -0.430652
1305031468.409200 31.273457 0.249700 1.496400 0.712378 0.462593 -0.307142 -0.429172
1305031468.419200 31.303627 0.255300 1.499600 0.712847 0.462678 -0.306932 -0.428453
1305031468.429200 31.333814 0.260800 1.503100 0.713382 0.462412 -0.307453 -0.427474
1305031468.439200 31.363718 0.266200 1.506700 0.713735 0.461991 -0.308139 -0.426846
1305031468.449300 31.394159 0.271800 1.510300 0.714161 0.462119 -0.308455 -0.425764
1305031468.459200 31.423677 0.276900 1.513900 0.715116 0.461599 -0.308444 -0.424733
1305031468.469400 31.454272 0.282000 1.517500 0.715923 0.461910 -0.307751 -0.423536
1305031468.479200 31.483405 0.286700 1.521300 0.717026 0.462117 -0.306658 -0.422234
1305031468.489300 31.513415 0.291600 1.525000 0.717681 0.463053 -0.305181 -0.421166
1305031468.499300 31.543121 0.296100 1.528700 0.717906 0.464164 -0.303488 -0.420782
1305031468.509200 31.572525 0.300300 1.532700 0.717543 0.465116 -0.302655 -0.420950
1305031468.519300 31.602186 0.304400 1.536600 0.716491 0.466737 -0.301763 -0.421587
1305031468.529200 31.631624 0.308300 1.540700 0.715004 0.468629 -0.300651 -0.422806
1305031468.539200 31.661199 0.312300 1.544900 0.713130 0.470527 -0.299843 -0.424434
1305031468.549300 31.690712 0.316000 1.549000 0.710718 0.472500 -0.299616 -0.426443
1305031468.559200 31.719801 0.319600 1.553100 0.709003 0.474075 -0.299193 -0.427845
1305031468.569400 31.749870 0.323300 1.557100 0.707310 0.476271 -0.298679 -0.428566
1305031468.579200 31.778371 0.326700 1.561100 0.706446 0.477591 -0.298285 -0.428797
1305031468.589300 31.807953 0.330100 1.565000 0.706718 0.478575 -0.297373 -0.427884
1305031468.599200 31.836810 0.333400 1.568800 0.706719 0.479786 -0.297273 -0.426595
1305031468.609200 31.866105 0.336600 1.572500 0.708040 0.481419 -0.295888 -0.423515
1305031468.619200 31.895117 0.339500 1.576100 0.709066 0.481748 -0.295305 -0.421829
1305031468.629200 31.924346 0.342500 1.579800 0.709551 0.482754 -0.295203 -0.419929
1305031468.639200 31.953492 0.345700 1.583400 0.708911 0.483537 -0.296185 -0.419417
1305031468.649300 31.982979 0.348400 1.587300 0.708331 0.484257 -0.296790 -0.419139
1305031468.659200 32.011936 0.351100 1.591100 0.706847 0.485874 -0.297787 -0.419067
1305031468.669200 32.041034 0.353700 1.594900 0.705435 0.487371 -0.298673 -0.419077
1305031468.679200 32.069849 0.356300 1.598500 0.703131 0.487760 -0.300358 -0.421287
1305031468.689300 32.099205 0.358800 1.602200 0.701288 0.489037 -0.302030 -0.421682
1305031468.699200 32.127930 0.361100 1.605800 0.699949 0.489517 -0.303809 -0.422072
1305031468.709200 32.157096 0.363600 1.609500 0.698675 0.490638 -0.304612 -0.422302
1305031468.719200 32.186279 0.365700 1.613100 0.697934 0.491024 -0.306394 -0.421790
1305031468.729200 32.215580 0.368000 1.616500 0.697538 0.490937 -0.307697 -0.421598
1305031468.739200 32.244698 0.370300 1.619900 0.696623 0.490936 -0.309490 -0.421799
1305031468.749300 32.274157 0.372300 1.623300 0.696402 0.491631 -0.309980 -0.420994
1305031468.759300 32.303409 0.374500 1.626700 0.696022 0.492553 -0.310287 -0.420316
1305031468.769200 32.332053 0.376500 1.629900 0.694630 0.493257 -0.311182 -0.421132
1305031468.779800 32.363289 0.378500 1.633200 0.693496 0.494427 -0.311057 -0.421721
1305031468.789200 32.390542 0.380300 1.636600 0.691530 0.495637 -0.311155 -0.423453
1305031468.799300 32.420188 0.382200 1.639900 0.689511 0.497009 -0.311129 -0.425153
1305031468.810100 32.452229 0.384000 1.643200 0.687490 0.498578 -0.310901 -0.426753
1305031468.819200 32.478355 0.385800 1.646300 0.684903 0.499271 -0.311888 -0.429373
1305031468.830700 32.512613 0.387600 1.649500 0.683625 0.500379 -0.311786 -0.430195
1305031468.839300 32.537041 0.389200 1.652400 0.682747 0.500482 -0.311588 -0.431609
1305031468.849200 32.566321 0.390900 1.655200 0.682695 0.501942 -0.310359 -0.430882
1305031468.859200 32.595544 0.392600 1.657900 0.683142 0.502668 -0.308577 -0.430608
1305031468.870200 32.628549 0.394200 1.660400 0.683684 0.503491 -0.306693 -0.430131
1305031468.879300 32.655068 0.395800 1.663100 0.685196 0.503282 -0.303800 -0.430021
1305031468.889200 32.684316 0.397400 1.665500 0.685892 0.503368 -0.302098 -0.430010
1305031468.899200 32.713807 0.399200 1.667900 0.686697 0.502763 -0.301003 -0.430202
1305031468.909200 32.743816 0.400900 1.670000 0.688414 0.501768 -0.299319 -0.429795
1305031468.919200 32.773441 0.402600 1.672100 0.690505 0.500861 -0.297627 -0.428672
1305031468.929200 32.803184 0.404300 1.674100 0.692612 0.498862 -0.296544 -0.428354
1305031468.939200 32.832944 0.405900 1.676000 0.695342 0.498089 -0.294473 -0.426254
1305031468.949300 32.862949 0.407500 1.677700 0.697292 0.497326 -0.293005 -0.424969
1305031468.959200 32.892515 0.409200 1.679300 0.698806 0.497841 -0.291117 -0.423173
1305031468.969200 32.922227 0.410900 1.680500 0.700613 0.498753 -0.288828 -0.420672
1305031468.979200 32.951855 0.412600 1.681600 0.701842 0.500387 -0.287044 -0.417895
1305031468.989200 32.981601 0.414200 1.682300 0.704640 0.503412 -0.283254 -0.412100
1305031468.999200 33.011664 0.415900 1.682900 0.706725 0.505791 -0.280094 -0.407753
1305031469.009200 33.041644 0.417600 1.683500 0.709215 0.508708 -0.276299 -0.402354
1305031469.019200 33.071341 0.419300 1.684000 0.711262 0.510556 -0.273224 -0.398481
1305031469.029200 33.101255 0.421200 1.684500 0.712537 0.512551 -0.270818 -0.395273
1305031469.039200 33.130986 0.422900 1.684900 0.713165 0.514385 -0.269430 -0.392698
1305031469.049200 33.160834 0.424600 1.685200 0.713358 0.516792 -0.267924 -0.390208
1305031469.059200 33.190700 0.426200 1.685400 0.713810 0.519441 -0.265740 -0.387349
1305031469.069200 33.220682 0.428000 1.685400 0.713725 0.522161 -0.263939 -0.385072
1305031469.079300 33.250912 0.429700 1.685500 0.714041 0.525681 -0.260838 -0.381797
1305031469.089200 33.280899 0.431500 1.685200 0.714668 0.528700 -0.257041 -0.379020
1305031469.099200 33.310833 0.433500 1.684700 0.714865 0.531371 -0.253967 -0.376980
1305031469.109200 33.341184 0.435400 1.684100 0.716149 0.534154 -0.249057 -0.373873
1305031469.119200 33.371352 0.437400 1.683500 0.717054 0.536043 -0.244754 -0.372273
1305031469.129200 33.401737 0.439300 1.682800 0.718134 0.538092 -0.240177 -0.370211
1305031469.139200 33.431739 0.441400 1.681900 0.718864 0.539503 -0.236783 -0.368924
1305031469.149200 33.462159 0.443500 1.681000 0.719904 0.540817 -0.232593 -0.367636
1305031469.159300 33.493627 0.445400 1.680300 0.722347 0.541831 -0.226511 -0.365140
1305031469.169200 33.523249 0.447500 1.679100 0.722863 0.542230 -0.224214 -0.364942
1305031469.179300 33.553852 0.449600 1.678000 0.723704 0.543043 -0.220624 -0.364254
1305031469.189300 33.584140 0.451700 1.676800 0.724346 0.543359 -0.218035 -0.364066
1305031469.199200 33.614113 0.453900 1.675500 0.724461 0.543762 -0.216637 -0.364071
1305031469.209200 33.644435 0.455900 1.674300 0.725023 0.544624 -0.214125 -0.363149
1305031469.219200 33.674575 0.458000 1.673000 0.724963 0.544643 -0.213233 -0.363765
1305031469.229200 33.705031 0.459700 1.671400 0.725077 0.545660 -0.212436 -0.362477
1305031469.239200 33.735406 0.461700 1.669700 0.725079 0.546558 -0.211134 -0.361880
1305031469.249200 33.766396 0.463600 1.668100 0.725693 0.548173 -0.208737 -0.359591
1305031469.259300 33.797537 0.465500 1.666500 0.726062 0.549834 -0.206955 -0.357332
1305031469.269200 33.827529 0.467200 1.664500 0.726754 0.550222 -0.205054 -0.356423
1305031469.279300 33.859304 0.469100 1.663100 0.728002 0.550435 -0.200868 -0.355930
1305031469.289200 33.889530 0.470900 1.660900 0.728682 0.550415 -0.199365 -0.355414
1305031469.299300 33.920540 0.472500 1.658600 0.729313 0.550834 -0.197474 -0.354525
1305031469.309200 33.951100 0.474100 1.656200 0.729929 0.551248 -0.196181 -0.353330
1305031469.319200 33.981711 0.475500 1.653600 0.730121 0.551439 -0.195479 -0.353025
1305031469.329200 34.012638 0.477000 1.650900 0.730872 0.552180 -0.193594 -0.351348
1305031469.339200 34.043583 0.478500 1.648100 0.731547 0.553364 -0.191288 -0.349337
1305031469.349300 34.074979 0.479900 1.645200 0.731862 0.553862 -0.188990 -0.349139
1305031469.359200 34.105824 0.481300 1.642300 0.733211 0.554881 -0.184003 -0.347350
1305031469.369200 34.137020 0.482700 1.639400 0.733930 0.555062 -0.179604 -0.347843
1305031469.379500 34.169239 0.484000 1.636500 0.734279 0.554964 -0.175911 -0.349150
1305031469.389200 34.199564 0.485300 1.633300 0.734413 0.554748 -0.172213 -0.351049
1305031469.399200 34.231111 0.486700 1.630300 0.734671 0.554954 -0.167919 -0.352260
1305031469.409200 34.262476 0.487900 1.627100 0.734269 0.555213 -0.164609 -0.354248
1305031469.419200 34.294058 0.489200 1.623800 0.734055 0.555942 -0.160618 -0.355379
1305031469.429300 34.325993 0.490400 1.620400 0.733739 0.556696 -0.157005 -0.356463
1305031469.439200 34.357172 0.491600 1.616800 0.733372 0.557792 -0.153402 -0.357073
1305031469.449300 34.389342 0.492900 1.613400 0.732816 0.558897 -0.150100 -0.357890
1305031469.459200 34.420756 0.494100 1.609800 0.732921 0.559475 -0.146696 -0.358183
1305031469.469200 34.452723 0.495100 1.606100 0.733175 0.560099 -0.143704 -0.357902
1305031469.479200 34.484108 0.496400 1.602200 0.731859 0.560069 -0.144290 -0.360396
1305031469.489300 34.516847 0.497500 1.598600 0.732521 0.560210 -0.142304 -0.359620
1305031469.499300 34.548366 0.498600 1.594500 0.732269 0.561182 -0.142593 -0.358504
1305031469.509200 34.579965 0.499700 1.590500 0.732278 0.561495 -0.142795 -0.357912
1305031469.519200 34.612418 0.500500 1.586500 0.733515 0.561533 -0.141510 -0.355824
1305031469.529400 34.645163 0.501700 1.582200 0.733507 0.562037 -0.141809 -0.354926
1305031469.539200 34.676475 0.502600 1.577700 0.733380 0.563235 -0.142204 -0.353125
1305031469.549200 34.709079 0.503400 1.573500 0.734783 0.563246 -0.140614 -0.350820
1305031469.559200 34.741501 0.504300 1.569000 0.735627 0.563694 -0.139828 -0.348641
1305031469.569200 34.773839 0.505200 1.564400 0.736177 0.563263 -0.140225 -0.348016
1305031469.579200 34.806395 0.505900 1.559600 0.737311 0.563810 -0.139439 -0.345033
1305031469.589200 34.838768 0.506800 1.554800 0.737733 0.564246 -0.139848 -0.343249
1305031469.599200 34.871258 0.507500 1.550000 0.739106 0.563940 -0.139254 -0.341031
1305031469.609200 34.903965 0.508000 1.545100 0.740733 0.563673 -0.137771 -0.338535
1305031469.619300 34.936828 0.508600 1.540100 0.741816 0.563873 -0.136776 -0.336225
1305031469.629200 34.969230 0.509200 1.535300 0.743090 0.563029 -0.135497 -0.335346
1305031469.639200 35.001889 0.509500 1.530400 0.744275 0.562616 -0.133702 -0.334128
1305031469.649300 35.034704 0.509800 1.525500 0.744970 0.562210 -0.132806 -0.333619
1305031469.659200 35.066957 0.510100 1.520600 0.745702 0.561731 -0.131716 -0.333225
1305031469.669200 35.099567 0.510200 1.515600 0.746558 0.561399 -0.130615 -0.332298
1305031469.679200 35.132393 0.510300 1.510800 0.747409 0.561135 -0.129128 -0.331412
1305031469.689300 35.165278 0.510100 1.505700 0.748415 0.560741 -0.127836 -0.330307
1305031469.699200 35.197599 0.510100 1.500600 0.749340 0.560255 -0.126346 -0.329607
1305031469.709200 35.230377 0.509800 1.495600 0.750629 0.559344 -0.124853 -0.328789
1305031469.719200 35.262872 0.509400 1.490400 0.751870 0.558473 -0.123369 -0.327994
1305031469.729200 35.295685 0.508900 1.485600 0.753270 0.557470 -0.121779 -0.327079
1305031469.739200 35.328315 0.508200 1.480400 0.754600 0.556494 -0.120693 -0.326079
1305031469.749200 35.361162 0.507400 1.475200 0.756120 0.555911 -0.118707 -0.324275
1305031469.759500 35.394851 0.506500 1.470200 0.757304 0.555002 -0.117914 -0.323357
1305031469.769200 35.426707 0.505600 1.465000 0.758619 0.554628 -0.117227 -0.321158
1305031469.779200 35.459205 0.504300 1.459800 0.759604 0.554430 -0.116732 -0.319348
1305031469.789200 35.491920 0.502900 1.454700 0.760641 0.553568 -0.117047 -0.318257
1305031469.799200 35.524852 0.501400 1.449800 0.761532 0.553576 -0.116653 -0.316251
1305031469.809200 35.557502 0.499800 1.444700 0.762298 0.553166 -0.117155 -0.314936
1305031469.819500 35.591396 0.498000 1.439600 0.762897 0.552978 -0.117361 -0.313735
1305031469.829200 35.623252 0.496100 1.434600 0.764078 0.552785 -0.117268 -0.311225
1305031469.839200 35.656153 0.494000 1.429500 0.765287 0.552409 -0.116980 -0.309024
1305031469.849300 35.689514 0.491900 1.424500 0.766137 0.552563 -0.116694 -0.306744
1305031469.859200 35.722106 0.489700 1.419500 0.766892 0.552347 -0.116994 -0.305125
1305031469.869300 35.755401 0.487300 1.414600 0.767586 0.551754 -0.117600 -0.304220
1305031469.879200 35.788127 0.484900 1.409700 0.768486 0.551466 -0.117208 -0.302616
1305031469.889200 35.820914 0.482300 1.404700 0.769330 0.550406 -0.117922 -0.302126
1305031469.899200 35.854017 0.479500 1.399900 0.770377 0.549982 -0.117724 -0.300301
1305031469.909300 35.887283 0.476700 1.395200 0.771407 0.549316 -0.117637 -0.298907
1305031469.919200 35.919976 0.473500 1.390600 0.772140 0.548854 -0.118249 -0.297617
1305031469.929200 35.952731 0.470600 1.385800 0.772222 0.548753 -0.119448 -0.297113
1305031469.939300 35.986248 0.467300 1.381300 0.772588 0.548438 -0.120048 -0.296500
1305031469.949300 36.019237 0.463900 1.376700 0.772961 0.548032 -0.121248 -0.295790
1305031469.959200 36.051798 0.460600 1.372300 0.773320 0.547509 -0.121846 -0.295572
1305031469.969300 36.085067 0.457000 1.367800 0.773886 0.547166 -0.122161 -0.294595
1305031469.979500 36.118799 0.453500 1.363500 0.774273 0.546860 -0.122063 -0.294187
1305031469.989200 36.150621 0.449800 1.359100 0.774495 0.546387 -0.123470 -0.293895
1305031469.999200 36.183695 0.446000 1.355000 0.774950 0.546364 -0.123367 -0.292778
1305031470.009200 36.216787 0.441900 1.350800 0.775284 0.546198 -0.123876 -0.291991
1305031470.019300 36.250042 0.438200 1.346700 0.775248 0.546378 -0.124270 -0.291580
1305031470.029200 36.283122 0.434000 1.342900 0.775587 0.546412 -0.124079 -0.290694
1305031470.039200 36.316166 0.429900 1.339100 0.775928 0.546373 -0.123572 -0.290071
1305031470.049200 36.349426 0.425800 1.335400 0.776145 0.546184 -0.123276 -0.289974
1305031470.059200 36.382604 0.421600 1.331700 0.776345 0.546089 -0.123378 -0.289574
1305031470.069200 36.415898 0.417400 1.328300 0.776742 0.545080 -0.123482 -0.290364
1305031470.079200 36.449210 0.412900 1.324800 0.777542 0.544685 -0.122787 -0.289258
1305031470.089200 36.482339 0.408700 1.321300 0.777734 0.544186 -0.123789 -0.289254
1305031470.099200 36.515885 0.404200 1.318100 0.778588 0.543832 -0.123204 -0.287869
1305031470.109200 36.549348 0.399600 1.314900 0.779862 0.543227 -0.122510 -0.285852
1305031470.119200 36.582728 0.395100 1.311800 0.780552 0.542825 -0.122014 -0.284943
1305031470.129200 36.616025 0.390600 1.308700 0.781162 0.542238 -0.122121 -0.284342
1305031470.139200 36.649440 0.386000 1.305700 0.781854 0.541438 -0.122426 -0.283833
1305031470.149200 36.682771 0.381400 1.302700 0.782432 0.540831 -0.122829 -0.283221
1305031470.159200 36.716320 0.376900 1.300100 0.783041 0.540345 -0.122936 -0.282420
1305031470.169200 36.749786 0.372200 1.297300 0.783569 0.539472 -0.123846 -0.282226
1305031470.179200 36.783069 0.367500 1.294700 0.783830 0.538853 -0.125144 -0.282110
1305031470.189200 36.816669 0.362900 1.292100 0.784995 0.538038 -0.124548 -0.280689
1305031470.199200 36.850286 0.358300 1.289600 0.785959 0.537495 -0.124366 -0.279106
1305031470.209200 36.883720 0.353500 1.287100 0.786959 0.536604 -0.124374 -0.277998
1305031470.219200 36.917072 0.348900 1.284500 0.787875 0.535723 -0.124385 -0.277096
1305031470.229200 36.950440 0.344200 1.282000 0.788767 0.534822 -0.124191 -0.276385
1305031470.239200 36.983827 0.339600 1.279500 0.789717 0.534098 -0.123992 -0.275161
1305031470.249200 37.017430 0.334900 1.277200 0.790678 0.533751 -0.123308 -0.273376
1305031470.259200 37.050749 0.330200 1.274600 0.791624 0.532926 -0.123509 -0.272151
1305031470.269200 37.084386 0.325500 1.272500 0.792876 0.532369 -0.122025 -0.270260
1305031470.279200 37.117541 0.320900 1.270000 0.793635 0.531746 -0.121625 -0.269439
1305031470.289200 37.151012 0.316300 1.267700 0.794452 0.531468 -0.121034 -0.267841
1305031470.299200 37.184400 0.311700 1.265400 0.795497 0.530909 -0.120349 -0.266149
1305031470.309200 37.217806 0.307100 1.263200 0.796627 0.530445 -0.119762 -0.263953
1305031470.319200 37.251228 0.302500 1.261000 0.797498 0.529837 -0.119766 -0.262538
1305031470.329200 37.284768 0.297900 1.259000 0.798832 0.528876 -0.119482 -0.260539
1305031470.339200 37.318225 0.293200 1.256900 0.799782 0.527856 -0.120084 -0.259416
1305031470.349200 37.351699 0.288600 1.255100 0.800805 0.527087 -0.120296 -0.257717
1305031470.359200 37.385090 0.284000 1.253500 0.802107 0.526105 -0.120208 -0.255709
1305031470.369200 37.418598 0.279400 1.251700 0.803065 0.525191 -0.120611 -0.254389
1305031470.379200 37.452224 0.274800 1.250100 0.803979 0.524109 -0.120921 -0.253584
1305031470.389200 37.485466 0.270300 1.248400 0.804291 0.523827 -0.121526 -0.252887
1305031470.399200 37.518926 0.265700 1.246800 0.804314 0.524151 -0.121830 -0.251998
1305031470.409200 37.552502 0.261100 1.245300 0.804426 0.524400 -0.121718 -0.251173
1305031470.419200 37.586096 0.256700 1.244200 0.804423 0.524765 -0.121131 -0.250704
1305031470.429200 37.619507 0.252600 1.242800 0.803597 0.525346 -0.122222 -0.251604
1305031470.439200 37.652935 0.248100 1.241600 0.803606 0.525493 -0.122610 -0.251079
1305031470.449200 37.686380 0.243900 1.240300 0.803536 0.525311 -0.123014 -0.251487
1305031470.459200 37.719843 0.239600 1.239300 0.803540 0.525115 -0.123415 -0.251688
1305031470.469200 37.753422 0.235500 1.238300 0.803756 0.524830 -0.123820 -0.251391
1305031470.479200 37.786819 0.231400 1.237300 0.803859 0.524436 -0.124622 -0.251491
1305031470.489200 37.820433 0.227300 1.236300 0.804262 0.523841 -0.124926 -0.251288
1305031470.499200 37.854064 0.223300 1.235300 0.804209 0.523909 -0.125218 -0.251173
1305031470.509200 37.887612 0.219500 1.234200 0.804149 0.523731 -0.125324 -0.251684
1305031470.519200 37.921177 0.215500 1.233300 0.804144 0.523930 -0.125123 -0.251383
1305031470.529200 37.954759 0.211900 1.232200 0.804173 0.524048 -0.124827 -0.251192
1305031470.539200 37.988259 0.208300 1.231100 0.804390 0.523761 -0.124831 -0.251095
1305031470.549200 38.021675 0.204600 1.230000 0.804680 0.523150 -0.124732 -0.251487
1305031470.559200 38.055508 0.201200 1.229200 0.805327 0.523121 -0.123529 -0.250067
1305031470.569200 38.089059 0.197700 1.228300 0.805929 0.522124 -0.123835 -0.250059
1305031470.579500 38.123694 0.194400 1.227300 0.806500 0.521107 -0.124236 -0.250143
1305031470.589200 38.156312 0.191000 1.226400 0.807400 0.519811 -0.124444 -0.249832
1305031470.599200 38.190014 0.187700 1.225400 0.808374 0.518765 -0.124263 -0.248945
1305031470.609200 38.223733 0.184700 1.224400 0.809166 0.517868 -0.124469 -0.248135
1305031470.619200 38.257469 0.181300 1.223700 0.810483 0.516788 -0.123582 -0.246528
1305031470.629200 38.291122 0.178400 1.222700 0.811000 0.515902 -0.124089 -0.246427
1305031470.639200 38.324793 0.175400 1.221700 0.811924 0.514558 -0.124287 -0.246093
1305031470.649200 38.358381 0.172500 1.220900 0.812547 0.513881 -0.124596 -0.245295
1305031470.659200 38.391985 0.169500 1.220000 0.813245 0.512682 -0.125002 -0.245285
1305031470.669200 38.425607 0.166600 1.219000 0.814152 0.512100 -0.124811 -0.243581
1305031470.679200 38.459446 0.163800 1.218200 0.814747 0.511606 -0.124916 -0.242575
1305031470.689200 38.493002 0.160900 1.217400 0.815431 0.511109 -0.125019 -0.241267
1305031470.699200 38.526775 0.158400 1.216600 0.815783 0.510748 -0.125330 -0.240679
1305031470.709200 38.560466 0.155500 1.216000 0.816235 0.509819 -0.125828 -0.240859
1305031470.719200 38.594073 0.153000 1.215400 0.816328 0.508809 -0.126829 -0.242150
1305031470.729200 38.627998 0.150500 1.214900 0.817148 0.507716 -0.125938 -0.242144
1305031470.739200 38.662040 0.148100 1.214500 0.818153 0.506318 -0.125447 -0.241932
1305031470.749500 38.697275 0.145500 1.213900 0.819623 0.504699 -0.123953 -0.241106
1305031470.759200 38.730075 0.143100 1.213500 0.821033 0.503303 -0.122065 -0.240192
1305031470.769500 38.765345 0.140800 1.213000 0.822266 0.501719 -0.120879 -0.239884
1305031470.779200 38.798178 0.138600 1.212400 0.823118 0.500342 -0.119992 -0.240285
1305031470.789200 38.832106 0.136200 1.212100 0.823777 0.499315 -0.119592 -0.240363
1305031470.799300 38.866409 0.133800 1.212000 0.824564 0.497804 -0.119697 -0.240747
1305031470.809200 38.900112 0.131600 1.211800 0.824885 0.496713 -0.120404 -0.241545
1305031470.819200 38.934090 0.129400 1.211900 0.825180 0.495202 -0.121407 -0.243133
1305031470.829200 38.967986 0.127100 1.211800 0.825254 0.493877 -0.122705 -0.244917
1305031470.839200 39.001999 0.124700 1.211900 0.825600 0.492540 -0.123602 -0.245992
1305031470.849200 39.036129 0.122400 1.212200 0.826248 0.491371 -0.123915 -0.245997
1305031470.859200 39.070176 0.120100 1.212300 0.826352 0.490266 -0.124817 -0.247391
1305031470.869200 39.104240 0.117900 1.212500 0.826565 0.488968 -0.125922 -0.248686
1305031470.879200 39.138522 0.115700 1.212800 0.827107 0.488036 -0.126219 -0.248562
1305031470.889200 39.172320 0.113600 1.212900 0.827102 0.486936 -0.128521 -0.249556
1305031470.899200 39.206536 0.111200 1.213500 0.827608 0.485841 -0.129027 -0.249750
1305031470.909200 39.240669 0.109000 1.214000 0.827733 0.484757 -0.130735 -0.250552
1305031470.919200 39.274719 0.106700 1.214600 0.827753 0.483709 -0.132425 -0.251624
1305031470.929200 39.308886 0.104300 1.215300 0.827661 0.482611 -0.134328 -0.253022
1305031470.939200 39.342970 0.102100 1.216300 0.827059 0.481600 -0.136726 -0.255619
1305031470.949200 39.377171 0.100100 1.217200 0.826300 0.480747 -0.138512 -0.258698
1305031470.959200 39.411389 0.098000 1.218200 0.825636 0.480257 -0.140015 -0.260909
1305031470.969200 39.445625 0.095800 1.219100 0.825636 0.479149 -0.141016 -0.262402
1305031470.979200 39.479877 0.093800 1.220000 0.825660 0.477992 -0.141505 -0.264170
1305031470.989100 39.513585 0.091900 1.220900 0.825427 0.477014 -0.142014 -0.266384
1305031470.999200 39.548335 0.089900 1.221900 0.825486 0.475773 -0.142108 -0.268360
1305031471.009200 39.582639 0.088100 1.222900 0.825212 0.474567 -0.142611 -0.271060
1305031471.019200 39.616860 0.086400 1.223900 0.824882 0.473331 -0.143504 -0.273742
1305031471.029200 39.651098 0.084500 1.225000 0.824786 0.471811 -0.143905 -0.276431
1305031471.039200 39.685553 0.082800 1.226400 0.824602 0.470095 -0.144406 -0.279623
1305031471.049200 39.719926 0.081100 1.227400 0.824718 0.468631 -0.144694 -0.281583
1305031471.059200 39.754615 0.079600 1.228700 0.825043 0.466729 -0.144901 -0.283676
1305031471.069200 39.789022 0.078000 1.229700 0.825052 0.464816 -0.145904 -0.286265
1305031471.079200 39.823346 0.076400 1.230700 0.825329 0.462996 -0.147205 -0.287745
1305031471.089200 39.857987 0.074800 1.231900 0.826006 0.461483 -0.147608 -0.288025
1305031471.099200 39.892645 0.073300 1.232900 0.826209 0.459479 -0.149412 -0.289714
1305031471.109200 39.927520 0.071600 1.234000 0.826955 0.457707 -0.150328 -0.289917
1305031471.119200 39.962212 0.070100 1.235100 0.827279 0.455859 -0.151520 -0.291279
1305031471.129200 39.996822 0.068700 1.236100 0.827284 0.453747 -0.153023 -0.293767
1305031471.139200 40.031748 0.067200 1.237000 0.827868 0.451835 -0.153827 -0.294647
1305031471.149200 40.066592 0.065800 1.237900 0.828474 0.450133 -0.154234 -0.295335
1305031471.159200 40.101453 0.064500 1.238600 0.828787 0.448532 -0.154739 -0.296627
1305031471.169200 40.136431 0.063100 1.239400 0.829788 0.446325 -0.154448 -0.297308
1305031471.179300 40.171492 0.061800 1.239900 0.830621 0.444135 -0.154561 -0.298201
1305031471.189200 40.206038 0.060700 1.240400 0.831285 0.442509 -0.154360 -0.298873
1305031471.199200 40.240867 0.059300 1.240900 0.832378 0.440602 -0.153768 -0.298952
1305031471.209200 40.275513 0.058000 1.241400 0.833165 0.439092 -0.153472 -0.299133
1305031471.219200 40.310577 0.056700 1.241900 0.834282 0.438306 -0.152182 -0.297829
1305031471.229200 40.345457 0.055300 1.242200 0.834893 0.437009 -0.151989 -0.298121
1305031471.239200 40.380256 0.054000 1.242500 0.835426 0.436124 -0.151599 -0.298123
1305031471.249200 40.415071 0.052700 1.242900 0.835918 0.434813 -0.151302 -0.298808
1305031471.259200 40.450403 0.051400 1.243500 0.836974 0.433898 -0.150702 -0.297483
1305031471.269200 40.485452 0.050100 1.244000 0.837521 0.432215 -0.150715 -0.298385
1305031471.279200 40.520618 0.048900 1.244400 0.838081 0.430386 -0.150913 -0.299355
1305031471.289200 40.556002 0.047700 1.245100 0.838609 0.428692 -0.150823 -0.300350
1305031471.299200 40.591402 0.046500 1.245800 0.839143 0.426695 -0.150533 -0.301844
1305031471.309200 40.626820 0.045500 1.246300 0.839247 0.425077 -0.150334 -0.303931
1305031471.319200 40.662354 0.044400 1.246900 0.839822 0.423452 -0.149534 -0.305005
1305031471.329200 40.697906 0.043400 1.247500 0.840360 0.422255 -0.147842 -0.306003
1305031471.340600 40.738838 0.042300 1.248000 0.841262 0.420943 -0.145647 -0.306385
1305031471.349200 40.769361 0.041300 1.248500 0.842084 0.419339 -0.143855 -0.307174
1305031471.359200 40.805464 0.040400 1.249100 0.843653 0.417416 -0.141160 -0.306737
1305031471.369200 40.841385 0.039200 1.250000 0.844831 0.415643 -0.138879 -0.306943
1305031471.379200 40.877122 0.038300 1.250700 0.845239 0.413633 -0.138884 -0.308528
1305031471.389200 40.912977 0.037500 1.251500 0.845347 0.411614 -0.138686 -0.311013
1305031471.399200 40.949048 0.036500 1.252400 0.846012 0.409591 -0.138887 -0.311783
1305031471.409300 40.985308 0.035600 1.253300 0.846130 0.407792 -0.140092 -0.313278
1305031471.419200 41.020943 0.034600 1.254000 0.846629 0.405990 -0.140998 -0.313865
1305031471.429300 41.057237 0.033400 1.254800 0.847364 0.404462 -0.141495 -0.313629
1305031471.439200 41.092806 0.032400 1.255500 0.848115 0.403192 -0.141710 -0.313138
1305031471.449200 41.128663 0.031500 1.256200 0.848382 0.402277 -0.142308 -0.313319
1305031471.459300 41.165009 0.030300 1.256800 0.849106 0.401296 -0.142518 -0.312520
1305031471.469200 41.200629 0.029000 1.257500 0.849898 0.400402 -0.142524 -0.311510
1305031471.479200 41.236838 0.028100 1.258100 0.850488 0.398692 -0.142527 -0.312091
1305031471.489200 41.273065 0.027000 1.258800 0.851313 0.397509 -0.142438 -0.311389
1305031471.499200 41.309208 0.025800 1.259500 0.852043 0.396025 -0.142650 -0.311188
1305031471.509200 41.345268 0.024800 1.260100 0.852359 0.394382 -0.143440 -0.312046
1305031471.519200 41.381545 0.023500 1.260700 0.853070 0.393391 -0.143248 -0.311440
1305031471.529200 41.417939 0.022300 1.261500 0.853475 0.392594 -0.143252 -0.311335
1305031471.539200 41.454450 0.021000 1.262200 0.853999 0.391403 -0.142960 -0.311532
1305031471.549200 41.490979 0.019700 1.262900 0.854600 0.390704 -0.142164 -0.311124
1305031471.559200 41.527524 0.018500 1.263500 0.855194 0.389696 -0.141167 -0.311210
1305031471.569200 41.564287 0.017300 1.264200 0.855986 0.388588 -0.139671 -0.311093
1305031471.579200 41.600967 0.016000 1.265000 0.856530 0.387298 -0.138581 -0.311694
1305031471.589200 41.637764 0.015000 1.265600 0.856853 0.386096 -0.137686 -0.312689
1305031471.599200 41.674478 0.013800 1.266300 0.857121 0.384868 -0.136782 -0.313864
1305031471.609200 41.711409 0.012700 1.267000 0.857571 0.383883 -0.135792 -0.314270
1305031471.619100 41.747984 0.011700 1.267800 0.858053 0.383067 -0.134392 -0.314552
1305031471.629100 41.785050 0.010500 1.268600 0.858704 0.381679 -0.133003 -0.315054
1305031471.639200 41.822506 0.009600 1.269300 0.858991 0.380261 -0.132403 -0.316235
1305031471.649200 41.859605 0.008600 1.270000 0.859192 0.378845 -0.131604 -0.317721
1305031471.659200 41.896822 0.007500 1.270600 0.860068 0.377031 -0.130907 -0.317794
1305031471.669100 41.933682 0.006600 1.271400 0.860604 0.375338 -0.130316 -0.318591
1305031471.679100 41.971033 0.005700 1.272100 0.861183 0.373520 -0.129818 -0.319365
1305031471.689200 42.008575 0.004900 1.272600 0.861768 0.371909 -0.129620 -0.319745
1305031471.699200 42.045960 0.003900 1.273200 0.862629 0.370435 -0.128836 -0.319452
1305031471.709800 42.085514 0.003100 1.273500 0.863405 0.369127 -0.128438 -0.319031
1305031471.719100 42.120308 0.002300 1.273900 0.864290 0.367520 -0.127643 -0.318809
1305031471.729200 42.158119 0.001500 1.274200 0.865511 0.365429 -0.126655 -0.318295
1305031471.739100 42.195098 0.000800 1.274400 0.866345 0.363341 -0.126467 -0.318489
1305031471.749200 42.233045 0.000100 1.274700 0.867463 0.361149 -0.125879 -0.318174
1305031471.759200 42.270733 -0.000500 1.275000 0.868574 0.358145 -0.125089 -0.318849
1305031471.769200 42.308238 -0.001200 1.275200 0.869421 0.355009 -0.124689 -0.320201
1305031471.779100 42.345583 -0.001800 1.275400 0.870329 0.352404 -0.123997 -0.320879
1305031471.789200 42.383699 -0.002500 1.275500 0.871470 0.350015 -0.122510 -0.320969
1305031471.799200 42.421356 -0.003300 1.275500 0.872857 0.348013 -0.121019 -0.319942
1305031471.809200 42.458830 -0.004100 1.275200 0.874198 0.345835 -0.120235 -0.318935
1305031471.819200 42.496420 -0.004900 1.275000 0.875414 0.344452 -0.119347 -0.317426
1305031471.829200 42.533928 -0.005800 1.274600 0.876580 0.342544 -0.118752 -0.316495
1305031471.839300 42.571930 -0.006700 1.274200 0.877693 0.340354 -0.118463 -0.315880
1305031471.849300 42.609272 -0.007500 1.273900 0.878391 0.338251 -0.118569 -0.316161
1305031471.859100 42.646177 -0.008500 1.273500 0.879784 0.335854 -0.117779 -0.315135
1305031471.869200 42.683931 -0.009300 1.273000 0.880546 0.333574 -0.117493 -0.315536
1305031471.879200 42.721524 -0.010400 1.272500 0.882228 0.331581 -0.116204 -0.313408
1305031471.889500 42.759969 -0.011200 1.272000 0.883312 0.329779 -0.115311 -0.312584
1305031471.899200 42.796163 -0.012300 1.271300 0.884543 0.327792 -0.113724 -0.311773
1305031471.909200 42.833707 -0.013200 1.270800 0.885970 0.326515 -0.112037 -0.309666
1305031471.919200 42.871069 -0.014400 1.270100 0.886988 0.325024 -0.110547 -0.308855
1305031471.929200 42.908548 -0.015600 1.269600 0.887913 0.324033 -0.108255 -0.308048
1305031471.939200 42.945745 -0.016600 1.269100 0.888406 0.322116 -0.106857 -0.309124
1305031471.949200 42.983158 -0.017600 1.268800 0.888639 0.320912 -0.105061 -0.310320
1305031471.959200 43.020688 -0.018600 1.268400 0.888842 0.319396 -0.103562 -0.311803
1305031471.969200 43.058136 -0.019600 1.268000 0.889420 0.317572 -0.101262 -0.312773
1305031471.979300 43.095781 -0.020800 1.267100 0.890092 0.315688 -0.099674 -0.313277
1305031471.989200 43.132683 -0.021900 1.266500 0.891263 0.314383 -0.097479 -0.311948
1305031471.999200 43.169982 -0.023000 1.265500 0.892238 0.313010 -0.095493 -0.311156
1305031472.009200 43.207298 -0.024100 1.264500 0.893688 0.312008 -0.093399 -0.308624
1305031472.019200 43.244631 -0.025400 1.263800 0.894743 0.311538 -0.091412 -0.306632
1305031472.029200 43.281982 -0.026600 1.263100 0.895747 0.310246 -0.090020 -0.305419
1305031472.039200 43.319549 -0.027700 1.262500 0.895951 0.309138 -0.089121 -0.306208
1305031472.049200 43.356834 -0.028700 1.261900 0.896116 0.307110 -0.088719 -0.307877
1305031472.059200 43.394135 -0.029800 1.261400 0.896448 0.305310 -0.088125 -0.308870
1305031472.069200 43.431754 -0.030800 1.260800 0.897164 0.302909 -0.087432 -0.309353
1305031472.079300 43.469471 -0.031600 1.260200 0.897519 0.300513 -0.086739 -0.310849
1305031472.089200 43.506443 -0.032900 1.259500 0.898793 0.299217 -0.085247 -0.308824
1305031472.099200 43.543813 -0.033900 1.258700 0.899897 0.298332 -0.083956 -0.306814
1305031472.109200 43.580800 -0.035000 1.257700 0.900502 0.297436 -0.082861 -0.306204
1305031472.119200 43.618005 -0.036000 1.256900 0.901132 0.297257 -0.082168 -0.304710
1305031472.129100 43.654844 -0.037100 1.256200 0.901955 0.296780 -0.081877 -0.302813
1305031472.139200 43.692465 -0.038200 1.255600 0.902471 0.296090 -0.081282 -0.302110
1305031472.149200 43.730021 -0.039200 1.255200 0.903107 0.295277 -0.080982 -0.301082
1305031472.159200 43.767293 -0.040000 1.255000 0.903144 0.293980 -0.081186 -0.302183
1305031472.169200 43.804783 -0.040900 1.254900 0.903201 0.292457 -0.081683 -0.303357
1305031472.179200 43.842190 -0.041800 1.254700 0.903258 0.290463 -0.082189 -0.304960
1305031472.189200 43.879615 -0.042500 1.254600 0.903264 0.288923 -0.082882 -0.306217
1305031472.199100 43.916973 -0.043200 1.254600 0.903337 0.288142 -0.082888 -0.306735
1305031472.209200 43.954914 -0.043900 1.254400 0.903314 0.287230 -0.083387 -0.307521
1305031472.219200 43.992390 -0.044900 1.254500 0.903736 0.286338 -0.082992 -0.307219
1305031472.229200 44.030083 -0.045400 1.254400 0.903697 0.285819 -0.082688 -0.307900
1305031472.239400 44.068561 -0.046100 1.254400 0.903415 0.285010 -0.082587 -0.309499
1305031472.249200 44.105720 -0.046800 1.254700 0.903521 0.284409 -0.082388 -0.309796
1305031472.259100 44.143279 -0.047300 1.254900 0.903027 0.283493 -0.082685 -0.311991
1305031472.269200 44.181526 -0.047700 1.255400 0.902486 0.282256 -0.082677 -0.314666
1305031472.279100 44.219219 -0.048000 1.255700 0.902044 0.281158 -0.083178 -0.316778
1305031472.289200 44.257799 -0.048400 1.256100 0.901602 0.280026 -0.083471 -0.318954
1305031472.299100 44.295826 -0.048900 1.256800 0.901629 0.279428 -0.082873 -0.319557
1305031472.309200 44.334042 -0.049200 1.257100 0.901002 0.278904 -0.083766 -0.321546
1305031472.319200 44.372288 -0.049400 1.257500 0.900947 0.278584 -0.083961 -0.321924
1305031472.329200 44.410452 -0.049500 1.257800 0.900670 0.278485 -0.084160 -0.322732
1305031472.339200 44.448733 -0.049600 1.258200 0.900914 0.278404 -0.084066 -0.322146
1305031472.349200 44.486931 -0.049700 1.258500 0.901303 0.278107 -0.083969 -0.321340
1305031472.359100 44.524761 -0.049700 1.258800 0.901639 0.277925 -0.083975 -0.320551
1305031472.369200 44.563379 -0.049800 1.259100 0.901915 0.277725 -0.084375 -0.319842
1305031472.379200 44.601529 -0.049700 1.259600 0.901831 0.277631 -0.085177 -0.319949
1305031472.389200 44.639795 -0.049500 1.260200 0.901770 0.277313 -0.086172 -0.320128
1305031472.399200 44.677979 -0.049300 1.260700 0.901598 0.277022 -0.087373 -0.320539
1305031472.409200 44.716280 -0.049100 1.261300 0.901296 0.277220 -0.088372 -0.320943
1305031472.419200 44.754398 -0.048800 1.261900 0.900979 0.277615 -0.089268 -0.321243
1305031472.429100 44.792246 -0.048400 1.262400 0.900713 0.277389 -0.089860 -0.322020
1305031472.439200 44.831085 -0.048200 1.263000 0.900626 0.277795 -0.090161 -0.321829
1305031472.449100 44.869067 -0.047800 1.263700 0.900741 0.278105 -0.090163 -0.321237
1305031472.459200 44.907841 -0.047300 1.264200 0.900604 0.277990 -0.090159 -0.321723
1305031472.469100 44.945957 -0.046800 1.264700 0.900581 0.278111 -0.089565 -0.321849
1305031472.479200 44.984865 -0.046100 1.265300 0.900726 0.277991 -0.088560 -0.321825
1305031472.489200 45.023604 -0.045700 1.266000 0.901192 0.277615 -0.087469 -0.321142
1305031472.499100 45.061870 -0.045300 1.266600 0.901408 0.277120 -0.087173 -0.321043
1305031472.509300 45.101220 -0.044700 1.267200 0.901378 0.276605 -0.086969 -0.321627
1305031472.519200 45.139820 -0.044100 1.268100 0.901197 0.276404 -0.086869 -0.322332
1305031472.529100 45.178437 -0.043500 1.269100 0.901146 0.275984 -0.086965 -0.322810
1305031472.539200 45.217650 -0.042900 1.270100 0.900464 0.275678 -0.088261 -0.324618
1305031472.549200 45.256591 -0.042200 1.270900 0.899994 0.275077 -0.089361 -0.326127
1305031472.559200 45.295548 -0.041600 1.271900 0.899384 0.274662 -0.090556 -0.327824
1305031472.569200 45.334423 -0.041000 1.272900 0.899149 0.274248 -0.091651 -0.328511
1305031472.579200 45.373615 -0.040200 1.273500 0.899339 0.273448 -0.092553 -0.328403
1305031472.589200 45.412624 -0.039300 1.274200 0.899394 0.273035 -0.092949 -0.328485
1305031472.599100 45.451260 -0.038400 1.274800 0.899516 0.272746 -0.093653 -0.328192
1305031472.609400 45.491575 -0.037600 1.275400 0.899916 0.272353 -0.093757 -0.327389
1305031472.619200 45.529954 -0.036600 1.275900 0.899902 0.272149 -0.094156 -0.327484
1305031472.629100 45.568541 -0.035700 1.276500 0.900097 0.271852 -0.094557 -0.327080
1305031472.640400 45.612619 -0.034800 1.277000 0.900216 0.271361 -0.095161 -0.326985
1305031472.649200 45.647138 -0.033700 1.277600 0.900189 0.271151 -0.095358 -0.327174
1305031472.659200 45.686467 -0.032700 1.278300 0.900213 0.270660 -0.096161 -0.327281
1305031472.669400 45.726396 -0.031900 1.278900 0.900364 0.270450 -0.096758 -0.326863
1305031472.679200 45.764676 -0.030800 1.279400 0.900007 0.270156 -0.097460 -0.327878
1305031472.689200 45.803956 -0.029900 1.280100 0.900019 0.270161 -0.097661 -0.327783
1305031472.699200 45.843154 -0.028900 1.280700 0.899703 0.270152 -0.098258 -0.328479
1305031472.709100 45.881876 -0.028100 1.281200 0.899575 0.270042 -0.098754 -0.328770
1305031472.719100 45.921008 -0.027000 1.281700 0.899166 0.269932 -0.099450 -0.329768
1305031472.729200 45.960648 -0.026100 1.282300 0.898834 0.270317 -0.099444 -0.330360
1305031472.739100 45.999522 -0.025100 1.282800 0.898704 0.270737 -0.099050 -0.330488
1305031472.749200 46.038998 -0.024100 1.283200 0.898367 0.270819 -0.099243 -0.331276
1305031472.759200 46.078098 -0.023300 1.283600 0.898162 0.271014 -0.099241 -0.331675
1305031472.769200 46.117316 -0.022400 1.284000 0.898044 0.271506 -0.098638 -0.331771
1305031472.779200 46.156350 -0.021600 1.284400 0.897704 0.271818 -0.098440 -0.332495
1305031472.789200 46.195701 -0.020500 1.284800 0.897403 0.271807 -0.097837 -0.333493
1305031472.799200 46.234770 -0.019600 1.285200 0.896979 0.272193 -0.097931 -0.334288
1305031472.809200 46.274056 -0.018800 1.285700 0.896998 0.271796 -0.097833 -0.334591
1305031472.819200 46.313258 -0.018100 1.286000 0.897061 0.271484 -0.097830 -0.334675
1305031472.829200 46.352578 -0.017200 1.286400 0.896589 0.271282 -0.098229 -0.335985
1305031472.839200 46.391815 -0.016300 1.286600 0.896203 0.271078 -0.098527 -0.337089
1305031472.849200 46.430970 -0.015400 1.287000 0.895992 0.271274 -0.099225 -0.337289
1305031472.859200 46.470341 -0.014800 1.287100 0.896436 0.270967 -0.099524 -0.336266
1305031472.869100 46.509235 -0.014000 1.287200 0.896538 0.270570 -0.100025 -0.336165
1305031472.879200 46.549035 -0.013300 1.287300 0.896773 0.270085 -0.100531 -0.335776
1305031472.889200 46.588358 -0.012700 1.287400 0.897136 0.269581 -0.101031 -0.335059
1305031472.899200 46.627597 -0.012100 1.287500 0.897363 0.269296 -0.101736 -0.334469
1305031472.909200 46.666954 -0.011400 1.287600 0.897536 0.268992 -0.102035 -0.334157
1305031472.919200 46.706328 -0.010700 1.287600 0.897670 0.268504 -0.102441 -0.334067
1305031472.929100 46.745424 -0.010200 1.287600 0.897676 0.268206 -0.102842 -0.334168
1305031472.939300 46.785724 -0.009700 1.287600 0.897749 0.267898 -0.103040 -0.334156
1305031472.949200 46.824753 -0.009300 1.287600 0.897840 0.267394 -0.102939 -0.334348
1305031472.959100 46.863800 -0.008900 1.287600 0.898066 0.267206 -0.103044 -0.333856
1305031472.969100 46.903359 -0.008400 1.287600 0.898317 0.267097 -0.103141 -0.333237
1305031472.979200 46.943232 -0.008000 1.287400 0.898270 0.267113 -0.103447 -0.333258
1305031472.989200 46.982627 -0.007600 1.287300 0.898208 0.267196 -0.103840 -0.333237
1305031472.999100 47.021840 -0.007400 1.287200 0.898367 0.267420 -0.104048 -0.332561
1305031473.009200 47.061766 -0.007100 1.287100 0.898418 0.267610 -0.104444 -0.332146
1305031473.019200 47.101211 -0.006800 1.287100 0.898430 0.267817 -0.104745 -0.331853
1305031473.029200 47.140874 -0.006700 1.287000 0.898548 0.268027 -0.104748 -0.331362
1305031473.039300 47.180851 -0.006400 1.287000 0.898475 0.268305 -0.104740 -0.331337
1305031473.049200 47.220050 -0.006100 1.287000 0.898368 0.268703 -0.104638 -0.331338
1305031473.059200 47.259663 -0.006000 1.287000 0.898334 0.269022 -0.104344 -0.331264
1305031473.069200 47.299294 -0.005800 1.287000 0.898215 0.269213 -0.103941 -0.331557
1305031473.079200 47.339042 -0.005600 1.287100 0.898047 0.269619 -0.103342 -0.331871
1305031473.089200 47.378707 -0.005400 1.287200 0.897922 0.269907 -0.102738 -0.332162
1305031473.099100 47.418091 -0.005100 1.287200 0.897948 0.270315 -0.102040 -0.331973
1305031473.109200 47.458189 -0.004900 1.287200 0.897843 0.270610 -0.101538 -0.332172
1305031473.119200 47.497805 -0.004900 1.287300 0.897841 0.271010 -0.101138 -0.331974
1305031473.129100 47.537240 -0.004700 1.287400 0.897624 0.271000 -0.101134 -0.332568
1305031473.139200 47.577390 -0.004600 1.287600 0.897386 0.271116 -0.101539 -0.332993
1305031473.149200 47.617257 -0.004400 1.287700 0.897163 0.271308 -0.102035 -0.333287
1305031473.159200 47.657142 -0.004300 1.287900 0.897042 0.271402 -0.102532 -0.333382
1305031473.169100 47.696645 -0.004200 1.288200 0.896916 0.271594 -0.102829 -0.333475
1305031473.179200 47.737163 -0.004000 1.288300 0.897142 0.271607 -0.102733 -0.332884
1305031473.189200 47.777100 -0.003800 1.288600 0.896852 0.271503 -0.102932 -0.333688
1305031473.199100 47.816653 -0.003800 1.288800 0.896921 0.271696 -0.102829 -0.333378
