1520621176.086893797 -0.000000000 -0.000000007 0.000000011 0.000000028 0.000000000 -0.000000001 1.000000000
1520621176.136830807 -0.000428147 0.000123614 -0.002041079 -0.012853229 0.002909942 -0.000417762 -0.999913156
1520621176.186832666 0.000303909 0.003623775 -0.002332270 -0.024001613 0.000456615 -0.006738145 -0.999689162
1520621176.236833811 0.001059364 0.006680976 -0.005412623 -0.024837252 -0.004110707 -0.012697652 -0.999602497
1520621176.286835670 0.003357458 0.006054117 -0.006129014 -0.014457827 -0.002927933 -0.011018919 -0.999830544
1520621176.336836815 0.006823860 0.009731033 -0.008665693 -0.005955742 -0.004729574 -0.006988287 -0.999946713
1520621176.386838675 0.005617076 0.012350454 -0.005254150 0.004095912 0.006432720 0.005154627 0.999957681
1520621176.436839581 0.005328633 0.012795201 -0.007407811 0.004103203 0.005583628 0.006852290 0.999952555
1520621176.486860991 0.004586515 0.017288307 -0.005878607 0.008239070 0.004484862 0.008556640 0.999919474
1520621176.536863089 0.004899624 0.018831935 -0.006413773 0.012255855 0.001369525 0.008847081 0.999884903
1520621176.586863756 0.002901230 0.019901136 -0.007040072 0.014429900 -0.000073767 0.011209872 0.999833047
1520621176.636866093 0.001077763 0.025684293 -0.004818854 0.014207230 -0.003448561 0.013770310 0.999798298
1520621176.686866999 -0.008483357 0.030058004 0.003067717 0.015495635 -0.007366535 0.017087143 0.999706805
1520621176.736868858 -0.012970999 0.031807259 0.006061773 0.018339889 -0.012722921 0.017772092 0.999592900
1520621176.786870003 -0.015017870 0.034921527 0.007726235 0.024512235 -0.016348539 0.018523609 0.999394238
1520621176.836871862 -0.016896935 0.034526687 0.008185904 0.032372959 -0.018296484 0.019412372 0.999119878
1520621176.886877298 -0.009462147 0.035159398 -0.002814026 0.035935447 -0.022731170 0.017852129 0.998936117
1520621176.936877966 -0.011454278 0.039279681 0.003040694 0.038623292 -0.024067076 0.017690681 0.998807311
1520621176.986880302 -0.013329390 0.039652422 0.001494252 0.036723170 -0.023207890 0.016106738 0.998926163
1520621177.036882162 -0.012409964 0.038538922 -0.000563034 0.033290431 -0.021880504 0.014118745 0.999106467
1520621177.086883068 -0.014087638 0.037888061 0.001087021 0.032037195 -0.021389162 0.013257733 0.999169886
1520621177.136885166 -0.016267143 0.034141265 -0.002865863 0.032217264 -0.020329004 0.011479400 0.999208212
1520621177.186887264 -0.015237597 0.032551251 -0.005299071 0.034409400 -0.020557499 0.010009548 0.999146283
1520621177.236888170 -0.016993465 0.033670597 -0.004478455 0.037412696 -0.019516623 0.008573051 0.999072611
1520621177.286936522 -0.019173101 0.033058804 -0.004262035 0.039169211 -0.017926067 0.007204711 0.999045849
1520621177.336937666 -0.020581940 0.032368753 -0.005484685 0.038599238 -0.016958358 0.005032521 0.999098241
1520621177.386938572 -0.027677434 0.034702972 -0.004529639 0.036917947 -0.015949421 0.003664187 0.999184310
1520621177.436940432 -0.028788373 0.033144940 -0.007104006 0.034299269 -0.015657840 0.001322906 0.999288082
1520621177.486941814 -0.028411169 0.035153836 -0.006653256 0.033920176 -0.015194019 -0.001019373 0.999308527
1520621177.536943674 -0.032290049 0.035092350 -0.004837070 0.036279343 -0.014442338 -0.001954312 0.999235451
1520621177.586948633 -0.032995448 0.036199342 -0.004635813 0.038416088 -0.014127613 -0.003330658 0.999156475
1520621177.636946678 -0.037137926 0.034553278 -0.004000665 0.040263094 -0.013345849 -0.004450733 0.999090135
1520621177.686960220 -0.035004757 0.035503075 -0.004852421 0.041117255 -0.013073469 -0.006521986 0.999047518
1520621177.736958981 -0.036828447 0.035496105 -0.007360750 0.040245190 -0.012186350 -0.007897958 0.999084294
1520621177.786960840 -0.036214117 0.034440901 -0.003799808 0.039697800 -0.011522233 -0.009287355 0.999102116
1520621177.836961985 -0.034620013 0.035476048 -0.003991509 0.038882170 -0.010603679 -0.009877092 0.999138772
1520621177.886964083 -0.036070317 0.032344867 -0.002553151 0.040134732 -0.008966120 -0.008778833 0.999115467
1520621177.936965227 -0.039865136 0.031566206 -0.020010643 0.038549248 -0.008540530 -0.007025624 0.999195576
1520621177.986967087 -0.039713122 0.031755656 -0.019977782 0.040898215 -0.007700948 -0.006086133 0.999115169
1520621178.036968946 -0.037325278 0.030809784 -0.023607841 0.040568326 -0.007628604 -0.005735149 0.999131203
1520621178.086983204 -0.035686035 0.029936261 -0.022279805 0.039802589 -0.007871585 -0.004893782 0.999164581
1520621178.136985064 -0.029345114 0.032502517 -0.003652525 0.042683709 -0.007035997 -0.004942447 0.999051690
1520621178.186985970 -0.028259695 0.032901932 -0.001615441 0.042293530 -0.005705077 -0.004241121 0.999080002
1520621178.236988068 -0.025601294 0.032369044 -0.001570335 0.041649863 -0.004233897 -0.004158673 0.999114633
1520621178.286988974 -0.024664691 0.031462181 -0.000937673 0.041747808 -0.003022285 -0.003071841 0.999118984
1520621178.336991072 -0.023109151 0.031837247 -0.000483826 0.041159201 -0.002250927 -0.002061503 0.999148011
1520621178.386992216 -0.023419876 0.030279467 -0.001554470 0.039988834 -0.002143063 -0.001596373 0.999196589
1520621178.436994076 -0.023118870 0.029364942 -0.000492523 0.039252482 -0.002665331 -0.001223263 0.999225080
1520621178.486995935 -0.023347123 0.029264465 -0.000775351 -0.039237700 0.003935716 0.000663420 -0.999221981
1520621178.536998510 -0.023603758 0.028955527 -0.001630797 0.041067149 -0.004975625 -0.000360194 0.999143958
1520621178.587000608 -0.024372896 0.029137587 -0.002437972 -0.043404281 0.005731278 0.000296787 -0.999041140
1520621178.637001514 -0.025340082 0.029317852 -0.003814306 0.044901352 -0.006480831 -0.000051724 0.998970449
1520621178.687003374 -0.026395168 0.029383466 -0.004556336 -0.045180868 0.007253815 0.000492689 -0.998952389
1520621178.737005472 -0.027530247 0.029295087 -0.005254869 -0.044894114 0.007651535 0.000770137 -0.998962224
1520621178.787006378 -0.028719030 0.028443007 -0.005922772 0.045549788 -0.007574994 -0.001448788 0.998932302
1520621178.837007284 -0.029879900 0.028408499 -0.006452629 -0.047210354 0.007227646 0.002298466 -0.998856246
1520621178.887009621 -0.030839248 0.028081480 -0.006034078 0.049884800 -0.006823787 -0.003458369 0.998725712
1520621178.937018871 -0.031666160 0.027621493 -0.006560613 -0.051876809 0.006630194 0.004203675 -0.998622656
1520621178.987021923 -0.032049581 0.026727764 -0.007201842 0.052408520 -0.006541639 -0.003986404 0.998596370
1520621179.037021637 -0.031385671 0.025249338 -0.007164926 0.052106190 -0.006273848 -0.002899787 0.998617649
1520621179.087022781 -0.029679980 0.023526544 -0.006577704 -0.051988956 0.004893569 0.000615676 -0.998635471
1520621179.137024879 -0.026518878 0.020924980 -0.005038423 -0.051278230 0.003837032 -0.002340620 -0.998674393
1520621179.187026739 -0.021782491 0.017620182 -0.002256916 -0.050697587 0.003301827 -0.005005551 -0.998696029
1520621179.237027884 -0.015575806 0.013536708 0.000258155 -0.050464436 0.002324599 -0.007832768 -0.998692453
1520621179.287029743 -0.007864400 0.008328683 0.003580607 -0.049301956 0.001898617 -0.010361284 -0.998728395
1520621179.337083578 0.001382965 0.002124098 0.007283533 -0.047899086 0.001195187 -0.012037561 -0.998778999
1520621179.387059689 0.012364450 -0.005371320 0.011451937 0.048200402 -0.000490680 0.014024282 0.998739123
1520621179.437060595 0.025191771 -0.012882292 0.016111879 -0.050205301 -0.001345385 -0.015395232 -0.998619378
1520621179.487062454 0.039884087 -0.021136835 0.020995799 -0.051348783 -0.003740817 -0.016146315 -0.998543262
1520621179.537063599 0.056871329 -0.030202791 0.026879799 0.049783796 0.005610799 0.016780449 0.998603284
1520621179.587065697 0.075540684 -0.040400110 0.032325994 -0.045135457 -0.006375449 -0.016440693 -0.998825312
1520621179.637066841 0.095976770 -0.051186852 0.038486548 -0.040267598 -0.005058619 -0.014970662 -0.999063969
1520621179.687068701 0.117915280 -0.061952531 0.045628838 -0.037305526 -0.002592905 -0.013571397 -0.999208450
1520621179.737066984 0.141276732 -0.072555557 0.053748921 -0.035526507 -0.000055322 -0.012435222 -0.999291420
1520621179.787067890 0.165513068 -0.082860351 0.062905744 0.032198220 -0.001671726 0.011658299 0.999412179
1520621179.837069988 0.191121697 -0.093287282 0.073324308 0.026153287 -0.001699067 0.009437250 0.999611974
1520621179.887070894 0.217889056 -0.103051350 0.084798232 -0.017079078 0.002235707 -0.007523766 -0.999823332
1520621179.937072992 0.245631352 -0.112425156 0.096519791 -0.007638630 0.005411450 -0.006586877 -0.999934494
1520621179.987074137 0.277636051 -0.121917844 0.109796241 0.000387154 -0.010133082 0.006006177 0.999930561
1520621180.037075996 0.306298971 -0.130921766 0.121144012 -0.004767303 -0.014233939 0.004621228 0.999876678
1520621180.087077856 0.335639536 -0.140159130 0.132804945 0.008002589 0.017798495 -0.003030186 -0.999804974
1520621180.136997223 0.364782333 -0.148998708 0.144682571 0.008095455 0.021690326 -0.002852150 -0.999727905
1520621180.186999083 0.393442541 -0.156931564 0.156534493 0.005341305 0.023646535 -0.001878055 -0.999704361
1520621180.237000227 0.422163755 -0.164659813 0.168931037 -0.001805188 -0.022132864 0.002228797 0.999750972
1520621180.287002087 0.448408335 -0.170868844 0.179855898 0.002131870 -0.019381840 0.003352331 0.999804318
1520621180.337003946 0.473680437 -0.175541401 0.190371126 -0.004313203 0.017096587 -0.006097232 -0.999826014
1520621180.387005091 0.497464448 -0.179846302 0.200016811 -0.003304707 0.018031618 -0.010527332 -0.999776542
1520621180.437007189 0.519702077 -0.183163270 0.208638176 -0.000483532 0.021290930 -0.015533190 -0.999652565
1520621180.487008333 0.541987717 -0.188028142 0.217019275 -0.003482919 -0.025757300 0.018370206 0.999493361
1520621180.536947966 0.561459303 -0.189415693 0.222755477 -0.009601844 -0.031248873 0.018197559 0.999299884
1520621180.586949825 0.580419362 -0.189772710 0.226671606 0.017805163 0.037341561 -0.015942380 -0.999016762
1520621180.636950731 0.597811520 -0.189827070 0.228641540 0.026832685 0.041472752 -0.013789372 -0.998684108
1520621180.686953068 0.614990532 -0.190590456 0.229765624 -0.035325058 -0.045371443 0.013438205 0.998255014
1520621180.736953974 0.630662858 -0.189066783 0.227632597 -0.042093784 -0.046045635 0.014039817 0.997953355
1520621180.786957741 0.645722389 -0.186483428 0.222715139 0.045351624 0.045629807 -0.015658839 -0.997805595
1520621180.836956978 0.658593535 -0.182765782 0.214338034 0.043513540 0.044092517 -0.023438567 -0.997804165
1520621180.886958838 0.668801486 -0.177334100 0.202242568 0.034537073 0.043130916 -0.035750084 -0.997832119
1520621180.936959743 0.674817562 -0.172717333 0.187784761 0.019177279 0.042431056 -0.050429106 -0.997641623
1520621180.986957788 0.676626027 -0.170730412 0.171575904 0.000301666 -0.041823637 0.065618448 0.996967852
1520621181.036875725 0.672246635 -0.166346356 0.155402184 0.020299966 -0.040588394 0.080552205 0.995716810
1520621181.086878061 0.661472261 -0.162422761 0.140429527 -0.036558047 0.035004687 -0.094586499 -0.994229138
1520621181.136878729 0.643673182 -0.160608113 0.127932519 -0.046000946 0.026063107 -0.104792245 -0.993087709
1520621181.186881065 0.619530857 -0.161122590 0.118437171 -0.047679372 0.017569274 -0.113107435 -0.992282569
1520621181.236881971 0.590259314 -0.166047111 0.111820735 0.044758044 -0.012485166 0.119162023 0.991786957
1520621181.286883831 0.554963112 -0.170904785 0.109590173 0.040220067 -0.009020457 0.123080201 0.991540372
1520621181.336885929 0.513932586 -0.176301166 0.111178987 -0.036258779 0.006655603 -0.124629617 -0.991518319
1520621181.387021303 0.467157423 -0.181785628 0.115702532 -0.032932706 0.002313212 -0.121803448 -0.992005110
1520621181.437023163 0.415959179 -0.186657548 0.122497611 -0.030163115 0.000125687 -0.119262241 -0.992404521
1520621181.487024307 0.360746741 -0.191029310 0.130765706 -0.029179318 -0.002037733 -0.116435505 -0.992767453
1520621181.537026405 0.302292615 -0.193929225 0.140279621 -0.031043516 -0.003607983 -0.114425175 -0.992940187
1520621181.587027550 0.239927381 -0.194494486 0.151592076 -0.032947503 -0.006201913 -0.111308530 -0.993220270
1520621181.637029409 0.177078202 -0.194547027 0.162632421 -0.032661870 -0.008424758 -0.107573166 -0.993624866
1520621181.687031269 0.114262372 -0.193252698 0.173441425 -0.029307140 -0.008294309 -0.106174566 -0.993880987
1520621181.737032413 0.051320862 -0.192140862 0.184215441 0.023945374 0.010491328 0.104227573 0.994209826
1520621181.787099600 -0.010134647 -0.190578207 0.192681298 0.019711806 0.015639007 0.101286657 0.994539082
1520621181.837101460 -0.070091985 -0.187753409 0.199424922 0.020540129 0.024120679 0.095899485 0.994886756
1520621181.887102365 -0.128102213 -0.185425565 0.204236284 0.027958803 0.030095853 0.088728599 0.995208502
1520621181.937104702 -0.183722079 -0.183593690 0.208327413 -0.038556527 -0.031857893 -0.078513727 -0.995657623
1520621181.987105608 -0.236888230 -0.182218298 0.211597726 -0.046916120 -0.030507749 -0.068988308 -0.996046662
1520621182.037106514 -0.289003402 -0.181775600 0.213736430 -0.053395655 -0.030397626 -0.058989268 -0.996365964
1520621182.087109566 -0.339185953 -0.181310862 0.215260789 -0.056055050 -0.027144017 -0.052415378 -0.996681392
1520621182.137110472 -0.387677997 -0.182031557 0.216707423 0.052729473 0.022198291 0.048308101 0.997192740
1520621182.187082529 -0.435709208 -0.182791576 0.217433348 0.044867709 0.018556567 0.041879397 0.997942269
1520621182.237083435 -0.483879298 -0.183619380 0.217611030 -0.034806415 -0.016991252 -0.032432813 -0.998723149
1520621182.287085295 -0.531088471 -0.185565904 0.217407569 -0.025419151 -0.017748430 -0.023330931 -0.999246955
1520621182.337086439 -0.575010538 -0.189921930 0.218512192 0.019680906 0.019685602 0.016590131 0.999474823
1520621182.387087345 -0.620068312 -0.193981141 0.218630061 0.019662667 0.022377051 0.012162968 0.999482274
1520621182.437089205 -0.664244115 -0.197723687 0.219483912 -0.024993716 -0.023613051 -0.008276112 -0.999374390
1520621182.487091541 -0.707949519 -0.201163873 0.221284971 -0.033088420 -0.025760194 -0.003761256 -0.999113321
1520621182.537092447 -0.751766741 -0.203557625 0.223973975 -0.039713059 -0.029081719 0.006047157 -0.998769581
1520621182.587069750 -0.794708729 -0.204730690 0.227163061 -0.041239496 -0.030937640 0.019336170 -0.998483062
1520621182.637070656 -0.835721970 -0.205247477 0.230100781 -0.037459195 -0.029616728 0.031184644 -0.998372316
1520621182.687072515 -0.874475539 -0.204840139 0.232370868 -0.033074223 -0.027166771 0.039532483 -0.998301268
1520621182.737073660 -0.911313057 -0.203400970 0.232999176 -0.032094471 -0.025211548 0.047076810 -0.998057187
1520621182.787075520 -0.946393073 -0.200953618 0.232451156 -0.033972934 -0.025036387 0.054114223 -0.997642636
1520621182.837076426 -0.983534992 -0.200727209 0.232216001 0.034961309 0.026721666 -0.060583793 0.997192681
1520621182.887078762 -1.016055942 -0.195982084 0.229691222 0.033563424 0.027768664 -0.065849587 0.996878266
1520621182.937080622 -1.047305942 -0.187417790 0.225928634 -0.031767063 -0.026719512 0.067543469 -0.996852458
1520621182.987081528 -1.076933384 -0.178602979 0.220808148 -0.031460222 -0.025550159 0.067746744 -0.996879101
1520621183.037202120 -1.104636908 -0.168610394 0.213792965 -0.032023061 -0.023260783 0.062598892 -0.997253656
1520621183.087203026 -1.130190253 -0.158279195 0.204706669 -0.031856131 -0.020354705 0.055323135 -0.997752666
1520621183.137204885 -1.153813124 -0.148176968 0.193119988 -0.031121261 -0.018740153 0.050370354 -0.998069763
1520621183.187206030 -1.175127864 -0.138278723 0.178300306 -0.029815558 -0.018244945 0.046711415 -0.998296618
1520621183.237208128 -1.194250107 -0.128991455 0.159091040 -0.029527830 -0.018113950 0.044722706 -0.998398662
1520621183.287209988 -1.211528897 -0.119913585 0.135411009 -0.032624193 -0.018579334 0.044933766 -0.998284340
1520621183.337211132 -1.226975799 -0.114420600 0.108473442 0.039827157 0.017129280 -0.043796610 0.998099327
1520621183.387212992 -1.238256097 -0.103994019 0.078338794 0.049837507 0.014222934 -0.044127788 0.997680724
1520621183.437263250 -1.246249199 -0.089619644 0.045725133 -0.063656040 -0.010121252 0.046117850 -0.996854424
1520621183.487265587 -1.250830293 -0.074651733 0.012811907 -0.081129231 -0.005259944 0.050683770 -0.995400190
1520621183.537267447 -1.251236200 -0.057176840 -0.019660274 -0.099568009 0.000872875 0.053017471 -0.993616939
1520621183.587268353 -1.248435974 -0.037894540 -0.050394412 -0.113946058 0.006905135 0.055377655 -0.991918325
1520621183.637270451 -1.242634296 -0.021711200 -0.078647792 0.122886926 -0.011819341 -0.058673192 0.990614235
1520621183.687271357 -1.234277964 0.000420650 -0.104023941 0.126963019 -0.015220547 -0.063966937 0.989725709
1520621183.737273455 -1.223720551 0.025019536 -0.126469925 -0.128653988 0.017794082 0.069878548 -0.989064515
1520621183.787274599 -1.210516691 0.051242314 -0.146832302 -0.130481943 0.017158980 0.075836979 -0.988397121
1520621183.837821722 -1.193765283 0.076633751 -0.166892916 0.133718237 -0.013482812 -0.079526633 0.987731338
1520621183.887823582 -1.174519420 0.106482424 -0.185223952 0.139826819 -0.006945774 -0.080985181 0.986834168
1520621183.937824488 -1.150914550 0.137928024 -0.201929331 -0.148190081 -0.001382583 0.081195429 -0.985619128
1520621183.987825632 -1.123715997 0.169708163 -0.215809971 -0.156541958 -0.008277621 0.080820300 -0.984324276
1520621184.037827492 -1.092662573 0.201121643 -0.226259694 -0.162302285 -0.012461402 0.079027787 -0.983492434
1520621184.087829590 -1.058661461 0.227535635 -0.231471479 0.164180592 0.014885347 -0.075166464 0.983449697
1520621184.137830734 -1.020682216 0.256539136 -0.235672832 0.164012432 0.018416367 -0.068871960 0.983878791
1520621184.187832594 -0.979146719 0.284556597 -0.239182919 -0.163247854 -0.023845216 0.059192833 -0.984519124
1520621184.238219261 -0.933922946 0.309224188 -0.241696775 -0.162185341 -0.028657280 0.045457847 -0.985296071
1520621184.288178205 -0.886625886 0.332343698 -0.243640423 -0.163093910 -0.034030691 0.028890820 -0.985600173
1520621184.338179350 -0.838224471 0.352320135 -0.243983716 -0.166421458 -0.041409183 0.013626653 -0.985090673
1520621184.388181210 -0.788876414 0.368139088 -0.241828248 -0.169746757 -0.042442117 0.001680522 -0.984571993
1520621184.438182116 -0.737971127 0.378860652 -0.237448409 0.174361631 0.036083698 0.007811223 0.983989358
1520621184.488184214 -0.686779022 0.385628045 -0.231331259 0.181988284 0.027064243 0.014707823 0.982818127
1520621184.538186312 -0.634989917 0.388493448 -0.224235922 -0.190072790 -0.024440635 -0.021894524 -0.981221497
1520621184.588187218 -0.581258833 0.386670023 -0.215593502 -0.192913502 -0.026895229 -0.032262284 -0.980316401
1520621184.638125658 -0.525623441 0.380892485 -0.204285115 -0.187669039 -0.029784264 -0.044338867 -0.980778992
1520621184.688126802 -0.467712402 0.372535974 -0.188727543 0.174997360 0.030150376 0.057830244 0.982406557
1520621184.738128662 -0.408615470 0.362650692 -0.168036342 0.157576054 0.028776020 0.073797353 0.984324992
1520621184.788129568 -0.349493086 0.352909178 -0.142582566 -0.138633445 -0.031179642 -0.086483441 -0.986067593
1520621184.838131666 -0.291245520 0.343434125 -0.112591401 -0.117835134 -0.030907715 -0.094655298 -0.988028407
1520621184.888133526 -0.233724579 0.336049855 -0.078617387 0.095565788 0.020413863 0.103469670 0.989820480
1520621184.938134432 -0.178102627 0.329445750 -0.045268409 0.072784349 0.011804421 0.111317337 0.991045713
1520621184.988136768 -0.124031834 0.323872387 -0.012874696 -0.051193252 -0.003491081 -0.119814359 -0.991469502
1520621185.037559032 -0.071355022 0.319023609 0.016239125 -0.033691749 0.006033393 -0.128938928 -0.991061747
1520621185.087560892 -0.016764436 0.320931047 0.042126704 0.022638151 -0.016487779 0.138276443 0.989997625
1520621185.137562037 0.036429942 0.318405211 0.063039236 0.017090298 -0.024989842 0.150239855 0.988185942
1520621185.187564135 0.089522183 0.316301644 0.078879729 -0.015087178 0.028499525 -0.161442026 -0.986355245
1520621185.237565994 0.143741474 0.314956844 0.089138262 -0.015131070 0.032270860 -0.175146013 -0.983897150
1520621185.287568092 0.197921723 0.314447016 0.093477339 -0.016704880 0.031324729 -0.187020704 -0.981714308
1520621185.337568998 0.251796693 0.315225333 0.091997534 -0.020801120 0.028859060 -0.197496429 -0.979657948
1520621185.387570858 0.304647326 0.317010790 0.084670857 -0.028605461 0.026775414 -0.206771389 -0.977604449
1520621185.437573195 0.355934650 0.319633961 0.072685711 -0.039410159 0.023614729 -0.215528667 -0.975416124
1520621185.487186670 0.405626386 0.325768232 0.059179682 0.051056512 -0.018544924 0.226015031 0.972608149
1520621185.537187576 0.452253670 0.328779697 0.040068220 0.065253593 -0.012259475 0.238750353 0.968808532
1520621185.587188721 0.496009111 0.329582572 0.019423284 0.083365902 -0.006864168 0.252790004 0.963898540
1520621185.637190580 0.537227929 0.332303822 -0.003282633 0.104206070 -0.000103044 0.267301768 0.957961857
1520621185.687195539 0.575504601 0.334016919 -0.024833836 0.125400931 0.010350626 0.280882269 0.951458216
1520621185.737193823 0.611533403 0.333605886 -0.042781740 0.143788710 0.019528601 0.295937568 0.944121003
1520621185.787195683 0.644812346 0.330611348 -0.055499539 0.156775653 0.023925509 0.312483579 0.936591148
1520621185.837197781 0.675606370 0.323228627 -0.062021561 0.162830964 0.024433682 0.327684075 0.930329144
1520621185.887492180 0.703466237 0.311028451 -0.062378086 -0.162835002 -0.019580385 -0.341860205 -0.925328612
1520621185.937394857 0.727611125 0.292832732 -0.055878721 0.157263547 0.013784726 0.353237718 0.922117829
1520621185.987397194 0.746511936 0.269461274 -0.041044101 0.146098360 0.008572181 0.362009138 0.920614600
1520621186.037398100 0.759802222 0.240708202 -0.018500462 0.128978178 0.001525207 0.369301796 0.920314372
1520621186.087399960 0.768033028 0.207183033 0.010051955 0.108156286 -0.007439802 0.374274015 0.920959175
1520621186.137402058 0.771102846 0.170314312 0.042749032 0.087095477 -0.017131526 0.375808597 0.922436357
1520621186.187402964 0.768629670 0.133171007 0.077072784 0.068361685 -0.028132966 0.379904807 0.922067046
1520621186.237404823 0.759201109 0.096459612 0.111239649 -0.050844587 0.033716038 -0.379495263 -0.923180044
1520621186.287542582 0.743724823 0.059764005 0.143724784 -0.034230240 0.038328879 -0.375068992 -0.925571442
1520621186.337544680 0.722353220 0.022535443 0.174215183 0.019043377 -0.043035418 0.363725603 0.930316627
1520621186.387545586 0.696386158 -0.013943240 0.200300500 0.006289542 -0.048563089 0.349672437 0.935591400
1520621186.437547445 0.665540814 -0.049452253 0.221690357 0.003626987 0.054561269 -0.336906075 -0.939949095
1520621186.487549782 0.631135106 -0.083433576 0.237838849 -0.009622308 -0.060051795 0.325610816 0.943545878
1520621186.537550688 0.594018757 -0.116896436 0.246855751 -0.011688790 -0.060630705 0.315797001 0.946815491
1520621186.587552547 0.554237366 -0.148040116 0.249478117 0.010935049 0.057555150 -0.306963176 -0.949916542
1520621186.637553692 0.512309313 -0.176589862 0.245919913 0.009023963 0.052264314 -0.297918558 -0.953116775
1520621186.687118769 0.469621867 -0.202284202 0.236491546 0.006001707 0.049152147 -0.289447486 -0.955912292
1520621186.737119913 0.425972223 -0.225853413 0.221829817 0.001222867 0.048554357 -0.282936096 -0.957908273
1520621186.787122011 0.381571114 -0.248111352 0.203092709 -0.007931901 0.051442444 -0.274425447 -0.960198641
1520621186.837123871 0.336120009 -0.269936979 0.180566981 -0.020691704 0.056369580 -0.261781096 -0.963257492
1520621186.887125969 0.289585561 -0.291866958 0.154880777 -0.035101421 0.064945154 -0.247692019 -0.966022134
1520621186.937126875 0.241309613 -0.313226998 0.126432970 -0.050110426 0.070500918 -0.233112291 -0.968595564
1520621186.987127781 0.191237196 -0.332731605 0.094162010 -0.064380459 0.069215305 -0.217756659 -0.971414685
1520621187.037129879 0.138630405 -0.349185795 0.066143237 0.078543767 -0.064994097 0.198078632 0.974870026
1520621187.087209940 0.084722072 -0.361576110 0.037526395 0.089179344 -0.064909525 0.172835723 0.978755176
1520621187.137211084 0.029920939 -0.369264990 0.011327273 -0.097684696 0.068956159 -0.147560596 -0.981798708
1520621187.187212944 -0.026521955 -0.372803599 -0.012402772 -0.103426166 0.072895430 -0.121161401 -0.984535038
1520621187.237214327 -0.083535999 -0.373901427 -0.035238311 0.105958216 -0.073547803 0.091157325 0.987448215
1520621187.287216187 -0.142179281 -0.369546175 -0.055781744 0.107569270 -0.073684551 0.059707019 0.989663899
1520621187.337217093 -0.200165689 -0.360026956 -0.072834112 -0.110969298 0.077704333 -0.030152056 -0.990322590
1520621187.387219191 -0.258344084 -0.346237630 -0.088025041 -0.117598318 0.080148503 -0.001353007 -0.989820719
1520621187.437220097 -0.317252904 -0.329463392 -0.100548871 -0.124788895 0.079945847 0.026015189 -0.988615036
1520621187.487905979 -0.377505153 -0.309777319 -0.108952343 -0.130348489 0.079419479 0.052386910 -0.986892819
1520621187.537907124 -0.434733033 -0.290618211 -0.112328216 0.132370323 -0.081382520 -0.076324485 0.984900832
1520621187.587909222 -0.494028389 -0.268620223 -0.109891698 0.130558267 -0.083487242 -0.098604418 0.982986093
1520621187.637911081 -0.552993536 -0.245630711 -0.100363493 0.124849305 -0.081855521 -0.119608343 0.981532633
1520621187.687912226 -0.610597551 -0.223254383 -0.086471945 0.118624546 -0.073212877 -0.140418112 0.980230033
1520621187.737914085 -0.665591061 -0.202342525 -0.068033323 -0.113631681 0.060969196 0.159483790 -0.978741825
1520621187.787914991 -0.716441393 -0.183219492 -0.045322690 -0.110305220 0.046152759 0.179532453 -0.976458311
1520621187.837917089 -0.760309339 -0.167260766 -0.018286021 -0.104976855 0.034946721 0.196333632 -0.974274933
1520621187.887917995 -0.796831489 -0.155108601 0.012660354 -0.095755301 0.024604514 0.211265609 -0.972415805
1520621187.938206196 -0.826164782 -0.147173136 0.046225615 -0.083122112 0.013351612 0.224413067 -0.970850825
1520621187.988207340 -0.847688437 -0.142904162 0.081154063 -0.069425322 0.002921688 0.235679880 -0.969343424
1520621188.038209200 -0.861945510 -0.141664192 0.116693869 -0.055573829 -0.003229530 0.242716596 -0.968498707
1520621188.088211298 -0.868209243 -0.144795746 0.153878674 0.043594480 0.007674530 -0.245955229 0.968269944
1520621188.138212442 -0.868394196 -0.148881674 0.187519237 0.034806270 0.011651364 -0.244104579 0.969054043
1520621188.188214302 -0.862405539 -0.151559591 0.219156414 -0.027524240 -0.016981237 0.239404112 -0.970381260
1520621188.238215208 -0.849487305 -0.156085148 0.249293685 -0.018426191 -0.024470262 0.231002346 -0.972470880
1520621188.288217306 -0.830244243 -0.160872594 0.277436733 -0.008589642 -0.032360367 0.219920233 -0.974943161
1520621188.337701559 -0.805037856 -0.165457234 0.303123623 0.002233253 -0.038775459 0.207479745 -0.977467954
1520621188.387703657 -0.773934662 -0.169635743 0.326001287 0.012252698 -0.046027828 0.194884285 -0.979669094
1520621188.437705517 -0.737936437 -0.173467278 0.344671041 0.021306153 -0.052430894 0.180767611 -0.981896222
1520621188.487706661 -0.697706997 -0.176775441 0.357599407 0.028679339 -0.052796360 0.163296431 -0.984745860
1520621188.537708521 -0.653978467 -0.179712355 0.362631291 0.032137826 -0.046659954 0.144653410 -0.987859011
1520621188.587710381 -0.608775377 -0.181753501 0.358851016 0.033797279 -0.040253669 0.127896264 -0.990393877
1520621188.637711525 -0.561359286 -0.186654285 0.346422493 -0.035268586 0.032826301 -0.114274472 0.992280126
1520621188.687713623 -0.512183607 -0.186333552 0.326125145 -0.033207696 0.026553560 -0.102719650 0.993801296
1520621188.737129211 -0.463629186 -0.181587905 0.298968971 0.026561648 -0.022277893 0.094598159 -0.994911790
1520621188.787131071 -0.412578017 -0.175559640 0.266748160 0.016265919 -0.014907300 0.086203404 -0.996033251
1520621188.837133169 -0.360450655 -0.166879967 0.231014356 0.002572735 -0.004996941 0.075729266 -0.997112572
1520621188.887134314 -0.307854682 -0.155599415 0.193177894 -0.016225878 0.004048618 0.061920270 -0.997941077
1520621188.937136173 -0.255260676 -0.142011106 0.155134961 -0.038213428 0.009195805 0.048765849 -0.998036623
1520621188.987137079 -0.202573463 -0.126696199 0.119066790 -0.059297666 0.013171863 0.035109211 -0.997535825
1520621189.037139177 -0.149469793 -0.110232964 0.085981637 -0.076573364 0.017933257 0.020101231 -0.996700048
1520621189.087140083 -0.091686934 -0.088060625 0.052401014 -0.090382606 0.020638255 0.005642042 -0.995677352
1520621189.137263298 -0.041913185 -0.073433451 0.032843973 -0.101102047 0.021562567 -0.009811194 -0.994594038
1520621189.187213421 0.011750052 -0.054568544 0.010374121 0.107824802 -0.022127718 0.025546281 0.993595302
1520621189.237214565 0.064281709 -0.034786724 -0.002295590 0.111223832 -0.025874773 0.042496633 0.992549181
1520621189.287216425 0.116376415 -0.013077413 -0.008647103 -0.114404619 0.029829931 -0.063689858 -0.990941703
1520621189.337218285 0.166809663 0.008273338 -0.009521617 -0.119992420 0.032652721 -0.086281545 -0.988479257
1520621189.387219429 0.214853927 0.029298566 -0.004856862 -0.127411827 0.035455689 -0.109125368 -0.985190749
1520621189.437221289 0.259275138 0.049130637 0.005842917 -0.133767515 0.035462916 -0.130323172 -0.981766045
1520621189.487222195 0.296927065 0.065797731 0.021222733 0.133156881 -0.036201209 0.148915514 0.979174614
1520621189.537683249 0.331902385 0.081050470 0.045252088 0.124204755 -0.041331861 0.166966170 0.977234483
1520621189.587684393 0.360900581 0.094485730 0.075101346 -0.110236205 0.047040444 -0.182878464 -0.975802600
1520621189.637686253 0.383046418 0.105022714 0.107851684 -0.096447140 0.049715884 -0.195441157 -0.974694312
1520621189.687688112 0.399967492 0.114252858 0.143249631 -0.085379846 0.050158828 -0.205908999 -0.973548114
1520621189.737689257 0.405736148 0.118127160 0.175129354 -0.076005004 0.048468776 -0.211983025 -0.973107040
1520621189.787691355 0.406404793 0.119983636 0.206978127 -0.067214645 0.046641104 -0.215079352 -0.973163784
1520621189.837692261 0.400595516 0.118977427 0.237202436 -0.058530506 0.044884119 -0.215599000 -0.973692298
1520621189.887694359 0.388445586 0.115391202 0.265967190 -0.048058521 0.044208363 -0.215131208 -0.974399626
1520621189.937695265 0.369846106 0.109146535 0.293357462 -0.034491692 0.041786402 -0.209648371 -0.976274431
1520621189.987427473 0.344217002 0.104641937 0.319716394 0.017885182 -0.042135280 0.202105522 0.978293538
1520621190.037428379 0.314611256 0.094455607 0.341604799 0.001021437 -0.041276984 0.190871179 0.980746388
1520621190.087431431 0.280628979 0.083890021 0.359447569 0.013073025 0.038882554 -0.178044021 -0.983167171
1520621190.137433529 0.242013097 0.072070077 0.370587915 0.022761019 0.034193937 -0.163514823 -0.985685408
1520621190.187433481 0.200320780 0.059697900 0.374069452 0.026332121 0.030433495 -0.149497122 -0.987942815
1520621190.237435579 0.155420139 0.047088809 0.369369447 0.023538647 0.025489889 -0.134305954 -0.990332305
1520621190.287437677 0.108609647 0.034337018 0.357024133 0.016425412 0.021051083 -0.117982425 -0.992656708
1520621190.337438345 0.059801795 0.021191975 0.338073373 0.007304897 0.018051174 -0.102185868 -0.994574726
1520621190.387228251 0.010299418 0.008998482 0.314115524 -0.003864285 0.018459013 -0.088077091 -0.995935142
1520621190.437230349 -0.037569813 -0.000966406 0.287569165 -0.015386072 0.022199402 -0.077155277 -0.996653199
1520621190.487231255 -0.088871971 -0.010571531 0.256963700 -0.028046781 0.027070642 -0.065247923 -0.997107506
1520621190.537232399 -0.142953813 -0.017978357 0.224649906 0.042726699 -0.029543163 0.049535703 0.997420609
1520621190.587234259 -0.195021778 -0.024256568 0.189606145 0.059546418 -0.030287679 0.032673080 0.997230887
1520621190.637236118 -0.247414470 -0.027264021 0.153650314 -0.078636363 0.030694731 -0.013618982 -0.996337712
1520621190.687237263 -0.299535871 -0.027958136 0.118119597 -0.097306900 0.030186618 0.007305726 -0.994769692
1520621190.737238169 -0.351702124 -0.026014723 0.084094614 -0.113064423 0.026214177 0.030456511 -0.992774785
1520621190.787284136 -0.402558684 -0.019506367 0.050986722 -0.124372095 0.023144385 0.054664675 -0.990458369
1520621190.837285280 -0.454031169 -0.013007547 0.024941716 -0.130618036 0.018417083 0.079535626 -0.988065660
1520621190.887287378 -0.504612982 -0.004622382 0.004527743 -0.132562444 0.012846198 0.103820570 -0.985638678
1520621190.937289238 -0.553391695 0.005708245 -0.008835338 -0.133853570 0.009332765 0.125924498 -0.982923806
1520621190.987290382 -0.600344241 0.018755704 -0.015494281 -0.137385786 0.003325759 0.148679212 -0.979289830
1520621191.037292242 -0.643818140 0.028764393 -0.010327268 0.141178012 0.003108244 -0.172572598 0.974821985
1520621191.087293148 -0.684068441 0.041641928 0.001233615 0.140953004 0.010272999 -0.195415109 0.970484257
1520621191.137295246 -0.718890607 0.055018187 0.023131143 -0.135837257 -0.017592248 0.216556132 -0.966613829
1520621191.188118219 -0.745542884 0.066579044 0.053168207 0.125039905 0.024502940 -0.235032663 0.963599682
1520621191.238120079 -0.765437603 0.075673223 0.090915613 0.110206261 0.031380076 -0.250623882 0.961279154
1520621191.288122177 -0.776896477 0.082855284 0.133719072 -0.091598526 -0.038832080 0.262732387 -0.959725797
1520621191.338123322 -0.779986680 0.087796606 0.179037377 -0.070538171 -0.047661982 0.269017369 -0.959365666
1520621191.388125181 -0.774750888 0.090219840 0.224697828 -0.047594365 -0.056007292 0.270717531 -0.959849000
1520621191.438126326 -0.761510134 0.090402976 0.268959820 -0.027497027 -0.063949749 0.267358601 -0.961079538
1520621191.488128185 -0.740874171 0.088384323 0.310526729 -0.012457423 -0.071430936 0.261032403 -0.962603033
1520621191.538129091 -0.713768959 0.083967641 0.348144382 -0.000588922 -0.073727265 0.250892669 -0.965203047
1520621191.587633848 -0.681129992 0.078487501 0.381200373 0.009904778 -0.074485324 0.238367856 -0.968263686
1520621191.637634993 -0.642521143 0.072591722 0.409815758 0.023866706 -0.073346920 0.222693786 -0.971832395
1520621191.687637091 -0.599277973 0.066106051 0.432271928 0.041285377 -0.071851373 0.203792915 -0.975500643
1520621191.737638950 -0.550769389 0.058192093 0.448751122 -0.059772927 0.071282566 -0.183728755 0.978565216
1520621191.787641048 -0.502062857 0.050036129 0.453879058 -0.073247448 0.071327902 -0.160835445 0.981671631
1520621191.837642908 -0.452367365 0.041516017 0.449198842 0.074866541 -0.070631310 0.133412898 -0.985701442
1520621191.887643814 -0.400392741 0.033323418 0.438148648 0.066482812 -0.065283053 0.093858205 -0.991215825
1520621191.937644958 -0.346716166 0.025922082 0.423281878 0.052375950 -0.053898580 0.038615018 -0.996423960
1520621191.987161875 -0.293867558 0.020522201 0.406797111 0.034917872 -0.042195410 -0.021046448 -0.998277187
1520621192.037162781 -0.238744736 0.020215107 0.385417342 0.015771607 -0.028293423 -0.081361547 -0.996158183
1520621192.087164640 -0.188120842 0.020347476 0.368213296 -0.004927673 -0.012879897 -0.141344681 -0.989864409
1520621192.137168884 -0.139810190 0.023448346 0.351959407 -0.025334815 -0.003749166 -0.197711438 -0.979925692
1520621192.187167645 -0.093600899 0.029528771 0.338110626 -0.038886875 0.002423057 -0.254223287 -0.966360450
1520621192.237169743 -0.050001517 0.035412952 0.326656401 -0.042411190 0.012815869 -0.305437654 -0.951180816
1520621192.287170887 -0.012049786 0.038644981 0.321488231 0.038548186 -0.028974077 0.344960570 0.937377632
1520621192.337172747 0.024496907 0.042401165 0.316603512 0.029605918 -0.042890374 0.364053220 0.929918945
1520621192.387178659 0.057212759 0.045085356 0.313658237 -0.023500647 0.052559976 -0.359735787 -0.931276202
1520621192.437299967 0.086120002 0.044612337 0.311781347 -0.023434687 0.054023836 -0.334943354 -0.940396309
1520621192.487300873 0.111101173 0.043520194 0.311099946 -0.027759980 0.048506562 -0.298826844 -0.952669501
1520621192.537302732 0.132877871 0.043078236 0.311484784 -0.033015791 0.038990539 -0.256480247 -0.965198219
1520621192.587303877 0.152507514 0.043516081 0.313201696 -0.036338694 0.031852011 -0.214844480 -0.975452185
1520621192.637305975 0.169155434 0.043829020 0.315937936 -0.034911081 0.028894039 -0.169575393 -0.984474778
1520621192.687306643 0.182665884 0.044928275 0.319737732 -0.028565200 0.026207443 -0.121694379 -0.991810381
1520621192.737308979 0.191999376 0.052203603 0.323184133 -0.018390592 0.020910868 -0.066448651 -0.997401237
1520621192.787309885 0.197864383 0.052176561 0.327999204 0.006654029 -0.012307135 0.007766406 0.999872029
1520621192.837384701 0.197820231 0.057396296 0.332655430 -0.008006886 0.000151930 -0.049564570 0.998738825
1520621192.887386799 0.194219679 0.065452375 0.338644981 0.022994306 -0.007575708 0.086408868 -0.995965540
1520621192.937387705 0.186431304 0.070842408 0.344609231 0.037604127 -0.009418571 0.096982174 -0.994530976
1520621192.987390041 0.173229098 0.074176937 0.350232989 0.049375676 -0.010592166 0.089618161 -0.994695187
1520621193.037390947 0.154978499 0.074225560 0.356145501 0.058379956 -0.009272543 0.068404205 -0.995904982
1520621193.087392807 0.131139725 0.072277725 0.361584663 0.063016161 -0.005876123 0.036758013 -0.997318029
1520621193.137393951 0.102989867 0.070426196 0.365253776 0.058439214 0.000290105 0.002774913 -0.998287082
1520621193.187395811 0.071183354 0.069704518 0.366984338 0.043984756 0.006430682 -0.037623193 -0.998302877
1520621193.237235546 0.035877511 0.069862016 0.367623359 0.023394128 0.007266172 -0.074511528 -0.996919274
1520621193.287237406 -0.001760710 0.071017653 0.367077082 0.002297126 0.004360810 -0.113693543 -0.993503630
1520621193.337239265 -0.041805848 0.077250376 0.367040813 0.015498152 -0.000211077 0.158470854 0.987242043
1520621193.387241364 -0.082046956 0.082093410 0.365136176 0.026811596 0.003325745 0.207039922 0.977959394
1520621193.437242270 -0.125572667 0.089761496 0.362273812 -0.029281998 -0.011284812 -0.248518586 -0.968118668
1520621193.487244368 -0.170694456 0.096772239 0.358462721 -0.022650575 -0.016918071 -0.278703779 -0.959960938
1520621193.537245512 -0.217996627 0.102292910 0.353626639 -0.006838158 -0.023565123 -0.292205244 -0.956040800
1520621193.587246418 -0.266933352 0.106641263 0.349389374 0.009190771 -0.020690583 -0.290920138 -0.956479490
1520621193.637360334 -0.317866921 0.108183376 0.346129686 0.022327980 -0.018573914 -0.263783336 -0.964144588
1520621193.687362194 -0.369688123 0.108729318 0.343633562 0.029504586 -0.018770235 -0.213132262 -0.976397395
1520621193.737363338 -0.421931922 0.109558582 0.340846598 0.029583735 -0.028409386 -0.144578367 -0.988642991
1520621193.787365437 -0.474093229 0.114799947 0.335363328 0.021149874 -0.038010634 -0.075548209 -0.996192992
1520621193.837368250 -0.520416617 0.120881915 0.333663672 -0.007976495 0.043965612 0.007985224 0.998969316
1520621193.887368441 -0.564808846 0.126554802 0.330320954 0.005011840 0.045720778 -0.062695056 0.996972322
1520621193.937370300 -0.606983662 0.134367675 0.325684607 -0.016512666 -0.046007924 0.133286104 -0.989871442
1520621193.987371445 -0.646580398 0.143635020 0.321739197 -0.024916027 -0.048143651 0.203040943 -0.977668583
1520621194.037374973 -0.684925675 0.154166758 0.318985373 0.028507184 0.051695537 -0.271548927 0.960612357
1520621194.087317705 -0.716711879 0.166161299 0.318046272 0.024604823 0.050405968 -0.333053529 0.941238105
1520621194.137320042 -0.742376447 0.178470075 0.318138361 -0.015575157 -0.051540125 0.384148747 -0.921700001
1520621194.187320948 -0.762454152 0.187473401 0.318151653 -0.003172542 -0.057571586 0.415312886 -0.907849491
1520621194.237322807 -0.775308251 0.192460254 0.318984985 0.009973519 -0.066683888 0.418324471 -0.905791640
1520621194.287323952 -0.781724036 0.192991033 0.319715470 0.023263283 -0.073292561 0.394483596 -0.915679932
1520621194.337325811 -0.781062365 0.190740332 0.320440263 0.035278309 -0.074902363 0.349359900 -0.933323562
1520621194.387326956 -0.773270130 0.186955631 0.320107251 0.040639449 -0.073713571 0.293661445 -0.952196300
1520621194.437328815 -0.758439600 0.182402223 0.318655610 0.037280370 -0.064948060 0.231481448 -0.969952703
1520621194.487550974 -0.738084674 0.176844716 0.316204876 0.026167475 -0.053657539 0.168776110 -0.983844876
1520621194.537552118 -0.715393782 0.173378363 0.313277364 -0.012837696 0.047432534 -0.111817650 0.992513061
1520621194.587553978 -0.688056350 0.166601822 0.310426593 -0.005943247 0.043037307 -0.062056225 0.997126639
1520621194.637554884 -0.656651795 0.159788936 0.309488982 0.011010316 -0.039101772 0.020553913 -0.998963177
1520621194.687557220 -0.622351885 0.152612761 0.308670282 0.022496024 -0.034918755 -0.014930098 -0.999025404
1520621194.737558126 -0.585714877 0.145698309 0.307890981 0.034813832 -0.027000492 -0.047489941 -0.997899652
1520621194.787559986 -0.547059894 0.139960691 0.306869596 0.044628300 -0.014727697 -0.076650590 -0.995949864
1520621194.837561131 -0.508170843 0.135844290 0.306075335 0.049647778 -0.001028675 -0.097692177 -0.993977070
1520621194.887322903 -0.468562037 0.130005687 0.307122201 0.046021204 0.005515472 -0.100989692 -0.993807197
1520621194.937325001 -0.432570994 0.128505632 0.308120638 0.036870010 0.006080731 -0.089538515 -0.995282173
1520621194.987326860 -0.398320615 0.128908828 0.313819468 0.037565418 0.006587351 -0.068750732 -0.996904612
1520621195.037328243 -0.364759207 0.130797878 0.325409651 0.060840245 0.009328705 -0.045539744 -0.997064471
1520621195.087328911 -0.334667236 0.139593333 0.340507865 -0.104205564 -0.007079182 0.024219655 0.994235694
1520621195.137331009 -0.303236097 0.143414184 0.355159491 -0.149003908 -0.001684413 0.009127473 0.988793075
1520621195.187333107 -0.271457165 0.146651223 0.367695868 0.183376908 -0.003551149 0.000516846 -0.983036160
1520621195.237334013 -0.241762087 0.149925649 0.377554268 0.206404909 -0.005874115 0.006814838 -0.978425324
1520621195.287258625 -0.213834986 0.153042644 0.384891152 0.222745925 -0.006225408 0.011159539 -0.974792778
1520621195.337259769 -0.187994793 0.155136868 0.389258802 0.234007999 -0.006998742 0.013867893 -0.972110629
1520621195.387261629 -0.165192649 0.155440360 0.389360189 0.234783873 -0.010382778 0.016450284 -0.971852958
1520621195.437262535 -0.145138636 0.153804377 0.384536207 0.218050897 -0.012769005 0.015732164 -0.975727081
1520621195.487264872 -0.127243951 0.150505066 0.375030726 0.180936068 -0.011889946 0.011932898 -0.983350635
1520621195.537266731 -0.111406930 0.145815253 0.361435682 0.126821324 -0.007374464 0.006379908 -0.991877675
1520621195.587267637 -0.097345643 0.141972929 0.344873190 0.063122354 -0.003603848 -0.000800831 -0.997999012
1520621195.637268782 -0.084538579 0.137260675 0.329002023 0.005596810 0.000487475 0.008075213 0.999951661
1520621195.687228918 -0.073264085 0.135885671 0.310841709 0.074229777 -0.001842477 0.012647529 0.997159302
1520621195.737230778 -0.063284256 0.134085700 0.292517900 -0.138949022 0.003767621 -0.015254014 -0.990174890
1520621195.787231684 -0.053959370 0.133825034 0.275832444 -0.196735218 0.006761061 -0.015620599 -0.980308950
1520621195.837234020 -0.045742270 0.134021938 0.260840416 -0.246017158 0.009873145 -0.012848848 -0.969130039
1520621195.887234926 -0.038289052 0.134999439 0.247778326 -0.288619101 0.012799873 -0.009860196 -0.957307696
1520621195.937236786 -0.029250182 0.130703658 0.239419430 0.320270985 -0.014860508 0.008561756 0.947170734
1520621195.987237930 -0.023250923 0.131710842 0.233923271 0.336541027 -0.015359356 0.008023567 0.941509366
1520621196.037239790 -0.018376615 0.132556751 0.232477114 -0.335959047 0.015936216 -0.007217459 -0.941714168
1520621196.087937355 -0.014598322 0.132099971 0.237675115 -0.313232929 0.017286984 -0.004773825 -0.949506998
1520621196.137938261 -0.011792802 0.130999818 0.248573080 -0.266893417 0.019816166 -0.001762694 -0.963520765
1520621196.187940121 -0.012043725 0.134047955 0.263939440 -0.199581116 0.022377547 0.001198306 -0.979625106
1520621196.237941265 -0.011498571 0.133282691 0.282046825 -0.122758292 0.019282196 0.006555017 -0.992227614
1520621196.287943125 -0.011796379 0.133654609 0.300600678 -0.047965135 0.012331249 0.012569265 -0.998693824
1520621196.337944269 -0.012939896 0.134998843 0.318749994 0.021293540 0.004623533 0.018921113 -0.999583542
1520621196.387946129 -0.014429035 0.136973858 0.335957080 0.087559909 -0.000540075 0.024144733 -0.995866477
1520621196.437947035 -0.015417897 0.139363408 0.351184458 -0.149510428 0.003099204 -0.027807841 0.988364220
1520621196.487668037 -0.017418446 0.141693905 0.364401877 -0.203481242 0.004808483 -0.029623287 0.978618860
1520621196.537670135 -0.018540101 0.143682420 0.375246227 0.244555250 -0.007573529 0.030577477 -0.969123542
1520621196.587671041 -0.020221883 0.142543584 0.381568849 0.267022669 -0.012470608 0.032075502 -0.963075638
1520621196.637672901 -0.021894395 0.137710541 0.382754087 0.267667085 -0.016745385 0.034212191 -0.962758303
1520621196.687675238 -0.023477379 0.129225433 0.378600597 0.246108398 -0.017547848 0.034311403 -0.968475878
1520621196.737676144 -0.024654783 0.118475184 0.369972169 0.207975462 -0.016043734 0.033106640 -0.977442026
1520621196.787678003 -0.025394896 0.107771531 0.357809335 0.159455732 -0.015002941 0.031929150 -0.986574590
1520621196.837679148 -0.025349723 0.098333240 0.343039513 0.104763113 -0.011799498 0.029412707 -0.993992150
1520621196.887681007 -0.023859244 0.090918012 0.327590346 0.050538871 -0.006196853 0.025203470 -0.998384833
1520621196.937261105 -0.021118717 0.084957466 0.312584907 0.003799701 -0.001678242 0.021157466 -0.999767601
1520621196.987262964 -0.016682930 0.078016646 0.298906088 0.035591654 -0.002491699 -0.018729448 0.999187827
1520621197.037264109 -0.011834749 0.072854869 0.285022020 0.070309244 -0.004964847 -0.017013246 0.997367859
1520621197.087265968 -0.005669544 0.066284619 0.270522445 -0.104381837 0.005873881 0.014799440 -0.994409859
1520621197.137268066 0.002492090 0.062015519 0.257226765 -0.140743181 0.005472347 0.012598581 -0.989950955
1520621197.187269211 0.012719641 0.058723673 0.245132267 -0.179460853 0.006179137 0.011742053 -0.983675599
1520621197.237270117 0.024848493 0.056228176 0.234275132 -0.217670962 0.006079682 0.013288083 -0.975912809
1520621197.287282944 0.039164271 0.054406919 0.225572437 -0.249128908 0.005502959 0.016134985 -0.968320310
1520621197.337572336 0.056191482 0.052365772 0.219719291 -0.269133866 0.004440700 0.019473964 -0.962895691
1520621197.387573242 0.075909145 0.049415186 0.218187928 -0.270145506 0.005407212 0.021834657 -0.962556720
1520621197.437575340 0.097967453 0.045454681 0.221845061 -0.249298692 0.008190059 0.023441557 -0.968108296
1520621197.487576246 0.121788278 0.039689362 0.229137585 0.210461915 -0.010745789 -0.024381636 0.977238953
1520621197.537578344 0.147741839 0.035498749 0.240905732 0.159882039 -0.013639735 -0.023486111 0.986762464
1520621197.587579489 0.175325140 0.033770118 0.255822539 -0.099999182 0.016442075 0.020100273 -0.994648576
1520621197.637581348 0.203184158 0.032670636 0.272300690 -0.032675419 0.019688010 0.015874067 -0.999146044
1520621197.687583208 0.231357604 0.033325847 0.289717108 0.033675920 0.022452921 0.013119680 -0.999094427
1520621197.738080025 0.258446455 0.035256647 0.305108964 0.096622542 0.024342341 0.010013365 -0.994973004
1520621197.788081884 0.284367532 0.038752247 0.319715738 0.156716749 0.024560507 0.006011383 -0.987319887
1520621197.838082790 0.309224606 0.043781225 0.333175242 0.210710868 0.023967236 0.003758945 -0.977247357
1520621197.888084888 0.332446307 0.054499850 0.340584904 -0.253364861 -0.023325900 -0.001585216 0.967088282
1520621197.938085794 0.355760276 0.059011437 0.346608818 -0.273867905 -0.021091346 0.001170956 0.961535394
1520621197.988087893 0.378355116 0.059487604 0.347475380 0.267478257 0.017809225 -0.004949189 -0.963386655
1520621198.038089037 0.399626672 0.058579102 0.343163133 0.241700515 0.016130658 -0.012550930 -0.970135689
1520621198.088090897 0.419223607 0.056420796 0.334032863 0.201019809 0.015695082 -0.022822578 -0.979195535
1520621198.137300014 0.436430126 0.054202467 0.320279896 0.145803332 0.014264207 -0.031814836 -0.988699019
1520621198.187300920 0.452456027 0.048244968 0.304595053 0.074687287 0.015290279 -0.042237043 -0.996194839
1520621198.237303019 0.463837534 0.051765293 0.284424037 -0.005128097 0.016084032 -0.052196920 -0.998494148
1520621198.287304878 0.474165529 0.054081183 0.263025820 -0.086220041 0.014852533 -0.059217140 -0.994403780
1520621198.337305784 0.483866721 0.055044118 0.242363125 -0.161710113 0.013996253 -0.064582020 -0.984623373
1520621198.387308121 0.489109755 0.065047070 0.223717064 0.226880789 -0.011541662 0.068967372 0.971409023
1520621198.437309027 0.492171973 0.070072316 0.209209517 0.277820051 -0.007511063 0.073564976 0.957782805
1520621198.487310886 0.492541909 0.072381765 0.198503420 -0.310057491 0.003729752 -0.077345587 -0.947559118
1520621198.537610292 0.491601884 0.073790804 0.192545012 -0.318917364 0.002683774 -0.079437688 -0.944443882
1520621198.587611198 0.488853037 0.073914684 0.192066297 -0.304634750 0.003912125 -0.078521274 -0.949219108
1520621198.637613297 0.484070987 0.072933540 0.196757957 -0.268806219 0.007169942 -0.075165205 -0.960230231
1520621198.687614202 0.477293998 0.071814917 0.205678955 -0.218248680 0.011023615 -0.071238071 -0.973227143
1520621198.737619162 0.468604296 0.071404718 0.218750522 -0.156602666 0.016474616 -0.069064826 -0.985106230
1520621198.787617207 0.457427502 0.072641440 0.235063761 -0.088101722 0.021731904 -0.068439461 -0.993519962
1520621198.837619305 0.443522841 0.075605676 0.253140897 -0.015932664 0.025992651 -0.067101561 -0.997280300
1520621198.887620211 0.427100688 0.085392885 0.272380084 -0.056851376 -0.028413907 0.064554952 0.995888174
1520621198.938076258 0.407055944 0.091682367 0.290973544 -0.126376569 -0.029408872 0.061888024 0.989613116
1520621198.988013029 0.384151846 0.100894094 0.308301240 0.187055841 0.028931580 -0.059250969 -0.980133891
1520621199.038015127 0.359123081 0.109596476 0.321283668 0.229043618 0.027089531 -0.055381719 -0.971461833
1520621199.088016033 0.331971467 0.116759315 0.328776062 0.243155524 0.024090255 -0.051191252 -0.968335986
1520621199.138018131 0.303318322 0.121896468 0.330993444 0.233043015 0.021653650 -0.047162395 -0.971080720
1520621199.188019276 0.273302943 0.125354469 0.328443438 0.204866678 0.019328099 -0.042653535 -0.977669060
1520621199.238021135 0.241927028 0.127823457 0.320953161 0.159116581 0.016648965 -0.037098497 -0.986422062
1520621199.288022995 0.208851114 0.130642846 0.309119552 0.097921915 0.014875723 -0.031123487 -0.994596124
1520621199.338024139 0.175259352 0.135411397 0.294288695 0.028031468 0.015675861 -0.026610836 -0.999129832
1520621199.387363434 0.141759649 0.142203674 0.278724164 -0.041160695 0.017835667 -0.022819364 -0.998732686
1520621199.437364578 0.107486114 0.146767840 0.264711380 0.104441822 -0.018573200 0.020320471 0.994149923
1520621199.487366438 0.074899465 0.155792132 0.250666440 0.155295730 -0.018899124 0.021336444 0.987456739
1520621199.537367344 0.041014746 0.162375748 0.239328995 -0.189293757 0.017870598 -0.021891914 -0.981513798
1520621199.587369442 0.007471805 0.169550195 0.232301190 -0.201348945 0.016569527 -0.018469691 -0.979205251
1520621199.637370348 -0.025669632 0.174395993 0.230358154 -0.187402040 0.016561879 -0.010065231 -0.982092083
1520621199.687372208 -0.057958417 0.177215636 0.232653588 -0.154160991 0.017097892 0.011656431 -0.987829030
1520621199.737374544 -0.088633820 0.179512471 0.237930238 -0.117140487 0.015430172 0.052990343 -0.991580606
1520621199.787779331 -0.117259376 0.182163432 0.244707525 -0.085067458 0.011505404 0.109227136 -0.990303278
1520621199.837781191 -0.142884701 0.183390304 0.251836330 -0.059955966 0.002595451 0.172535703 -0.983173490
1520621199.887783051 -0.166075423 0.187149152 0.257869780 -0.041657683 -0.008568663 0.235761896 -0.970879793
1520621199.937784433 -0.184907064 0.189488769 0.262516201 0.031487208 0.023155369 -0.292042375 0.955606520
1520621199.987786293 -0.203127652 0.192710251 0.265911400 0.027887819 0.037718087 -0.338428438 0.939822257
1520621200.037788153 -0.219068080 0.194810063 0.266757041 -0.030765409 -0.049648099 0.376771182 -0.924463153
1520621200.087789297 -0.233916819 0.194996521 0.265488505 -0.038149402 -0.054148633 0.403407156 -0.912619948
1520621200.137790203 -0.248059630 0.191977933 0.263430774 -0.046457637 -0.052815467 0.410831034 -0.908994019
1520621200.187697887 -0.261151016 0.184890687 0.261428028 -0.051204063 -0.045614433 0.391684413 -0.917540610
1520621200.237698793 -0.273249388 0.175582632 0.259805977 -0.051518802 -0.038695123 0.350101501 -0.934493124
1520621200.287700653 -0.284589440 0.166020319 0.258857787 -0.045133594 -0.035124481 0.298257798 -0.952770472
1520621200.337702990 -0.294348866 0.157277092 0.259127498 -0.031309757 -0.033096079 0.241546676 -0.969319165
1520621200.387703896 -0.301659495 0.149451196 0.260044128 -0.011936314 -0.030289000 0.180684239 -0.983002186
1520621200.437705040 -0.307099432 0.141510129 0.261768132 0.011720253 -0.026053479 0.121879935 -0.992133677
1520621200.487706900 -0.312415212 0.134422421 0.262585849 -0.033085972 0.022074968 -0.067458205 0.996929049
1520621200.537711859 -0.316727936 0.128286257 0.262040019 -0.047459029 0.015802059 -0.018827602 0.998570800
1520621200.587625027 -0.322190136 0.122279912 0.259533703 0.053962689 -0.010819312 -0.015856113 -0.998358428
1520621200.637626886 -0.329585433 0.115440711 0.254578739 0.055238325 -0.004862760 -0.036072593 -0.997809529
1520621200.687627792 -0.338964999 0.107509524 0.248309597 0.055165969 -0.000230864 -0.043238569 -0.997540534
1520621200.737629890 -0.347862959 0.101869583 0.240505815 0.053563673 0.005139030 -0.044367738 -0.997565150
1520621200.787630796 -0.357784152 0.096270353 0.231796294 0.050228391 0.012429791 -0.041242827 -0.997808397
1520621200.837632656 -0.368446767 0.091062069 0.222259596 0.048951980 0.021479301 -0.037951458 -0.997848749
1520621200.887634993 -0.380175054 0.085951492 0.211866364 0.051623754 0.030173037 -0.033611812 -0.997644663
1520621200.937635899 -0.393142909 0.080687150 0.200896099 0.058511533 0.036606085 -0.026777286 -0.997255921
1520621200.987446785 -0.408191592 0.076166406 0.188561544 0.066349380 0.043420509 -0.017213164 -0.996702671
1520621201.037447691 -0.427081555 0.070398271 0.172866121 -0.071569413 -0.048600204 0.006712387 0.996228337
1520621201.087449551 -0.447018117 0.066042185 0.156045020 -0.073557243 -0.050378993 -0.003231743 0.996012509
1520621201.137450695 -0.469384491 0.060094614 0.137408257 0.069675982 0.051223353 0.013528162 -0.996161878
1520621201.187452555 -0.494935423 0.054252610 0.117666222 0.058863185 0.049341232 0.024253616 -0.996750951
1520621201.237453938 -0.523816526 0.048341155 0.097806580 0.043666974 0.043467939 0.036498547 -0.997432470
1520621201.287455797 -0.555693567 0.042509124 0.079521455 0.030101389 0.037627861 0.048180252 -0.997675657
1520621201.337457657 -0.589591384 0.037128720 0.064400777 0.022698915 0.032704499 0.056300011 -0.997619987
1520621201.387450933 -0.627064109 0.029772265 0.050298337 0.017481998 0.025400991 0.062894836 -0.997543752
1520621201.437466383 -0.665776372 0.021768736 0.037688226 0.010991061 0.016724838 0.066910081 -0.997558355
1520621201.487468481 -0.704563618 0.014224587 0.026842274 0.003426556 0.011312686 0.068651743 -0.997570693
1520621201.537469387 -0.744374514 0.006371784 0.015775096 0.003576041 -0.007037465 -0.069706790 0.997536302
1520621201.587471247 -0.781155348 -0.001075554 0.009508888 0.007079196 -0.005606407 -0.068704255 0.997596204
1520621201.637472630 -0.817235529 -0.008220147 0.005192286 -0.004143987 0.002360414 0.068717942 -0.997624755
1520621201.687474489 -0.852429211 -0.017132077 0.001814563 0.004496506 -0.001592690 0.070028804 -0.997533560
1520621201.737476349 -0.887249827 -0.027474016 -0.001153464 0.015665790 -0.006236970 0.074352317 -0.997089505
1520621201.787478447 -0.922042668 -0.038861457 -0.004767781 0.027352989 -0.006275076 0.080777794 -0.996336997
1520621201.837655783 -0.957499027 -0.051622465 -0.010163208 0.036300126 -0.003741983 0.088291176 -0.995426059
1520621201.887657881 -0.993166447 -0.065440975 -0.018366365 0.036724966 -0.001195311 0.096247464 -0.994678974
1520621201.937663078 -1.030009508 -0.081724897 -0.029710796 0.028785110 0.000179814 0.106458195 -0.993900478
1520621201.987661123 -1.068471909 -0.100500681 -0.044426933 0.014593829 -0.002633282 0.117340349 -0.992981076
1520621202.037662983 -1.108399391 -0.123658560 -0.060542833 0.000404124 0.002584481 -0.130017951 0.991508245
1520621202.087663889 -1.147850037 -0.145662546 -0.074367575 0.014235166 0.000978174 -0.140584305 0.989965916
1520621202.137665987 -1.187757015 -0.168069869 -0.085413180 -0.023838421 -0.001964886 0.154981896 -0.987627745
1520621202.187684774 -1.228279352 -0.191057160 -0.092458442 -0.029338803 -0.004958193 0.169176534 -0.985136569
1520621202.237794399 -1.269154668 -0.214539945 -0.094247043 -0.030284569 -0.009515672 0.185817331 -0.982071459
1520621202.287795544 -1.309376001 -0.237828881 -0.090776592 -0.027132580 -0.013482654 0.202037603 -0.978909075
1520621202.337797403 -1.349940658 -0.263019562 -0.084947407 0.021654202 0.020190807 -0.215077519 0.976148069
1520621202.387798548 -1.389150381 -0.286537945 -0.078468084 0.016989518 0.027855279 -0.227208853 0.973299384
1520621202.437800407 -1.426632762 -0.309236825 -0.072945699 -0.014166355 -0.028389674 0.237792969 -0.970797539
1520621202.487802267 -1.462938070 -0.333483934 -0.069963425 -0.012962118 -0.025300812 0.247105852 -0.968571365
1520621202.537803411 -1.498179197 -0.360098422 -0.070482619 -0.011667626 -0.019773183 0.253805071 -0.966982901
1520621202.587805510 -1.533380866 -0.389327705 -0.075644255 -0.013599752 -0.016909510 0.259725869 -0.965438545
1520621202.638237000 -1.568320990 -0.421200901 -0.084044896 -0.016960472 -0.012118419 0.263234884 -0.964506567
1520621202.688238859 -1.602878809 -0.456201911 -0.094279759 0.021337703 0.002302316 -0.262955785 0.964569151
1520621202.738239765 -1.636267900 -0.491735697 -0.103479460 0.027817030 -0.008135927 -0.261311382 0.964819372
1520621202.788241863 -1.668282986 -0.526226521 -0.108520664 -0.031838056 0.013441840 0.260082036 -0.964967906
1520621202.838242769 -1.700005412 -0.562570155 -0.108362064 -0.031213518 0.012161551 0.258743554 -0.965365052
1520621202.888244629 -1.732556224 -0.601423383 -0.104667053 0.029624522 -0.011048693 -0.256564319 0.966009915
1520621202.938246965 -1.760609269 -0.639401376 -0.096975535 0.031497985 -0.012026779 -0.253634870 0.966712296
1520621202.988247871 -1.785476685 -0.678314447 -0.089088708 -0.036056127 0.015697084 0.245864883 -0.968506098
1520621203.038747072 -1.807914853 -0.719200730 -0.082800657 -0.039635900 0.020502362 0.234995812 -0.970971584
1520621203.088747978 -1.831166267 -0.761560977 -0.080004305 0.038388982 -0.019834835 -0.225591481 0.973263264
1520621203.138750315 -1.852503300 -0.804099679 -0.080371402 0.033205878 -0.017256683 -0.218226358 0.975180447
1520621203.188752174 -1.873970747 -0.847369075 -0.084343418 -0.026531009 0.015982315 0.213596582 -0.976430833
1520621203.238753080 -1.895136237 -0.892139554 -0.091338366 -0.020495417 0.019098151 0.209185183 -0.977474749
1520621203.288755178 -1.917834759 -0.939216733 -0.100365356 0.016520623 -0.022404825 -0.206577718 0.978034198
1520621203.338756084 -1.939851284 -0.985515177 -0.108155832 0.017123234 -0.021613017 -0.206466958 0.978065014
1520621203.388757944 -1.962393522 -1.033205032 -0.113469400 0.023107829 -0.014182515 -0.210023686 0.977320313
1520621203.439355612 -1.985023022 -1.081411719 -0.113710679 0.029901817 -0.007973228 -0.214676514 0.976194859
1520621203.489356518 -2.007816553 -1.130499125 -0.110185921 0.034630269 -0.006930379 -0.222182855 0.974365234
1520621203.539358616 -2.030992031 -1.177133560 -0.103886500 0.041252237 -0.002083746 -0.231764823 0.971894562
1520621203.589359522 -2.053927183 -1.222687244 -0.096591972 -0.042889792 -0.004610903 0.242611676 -0.969163954
1520621203.639361620 -2.075110912 -1.268635631 -0.090554759 0.041133784 0.016102575 -0.251774013 0.966777444
1520621203.689362764 -2.096377373 -1.311683297 -0.085154265 0.033903729 0.024653628 -0.258857727 0.965005398
1520621203.739364624 -2.117114544 -1.356729507 -0.083778009 0.020599687 0.027084859 -0.262769252 0.964258492
1520621203.789365768 -2.138059616 -1.401542783 -0.085698232 0.007472466 0.023291521 -0.268029302 0.963100195
1520621203.839441776 -2.158016443 -1.446700454 -0.089362726 0.001035625 -0.017968137 0.269416898 -0.962855458
1520621203.889507294 -2.176437855 -1.493223786 -0.094561130 -0.007122248 0.017897157 -0.268588006 0.963062584
1520621203.939509392 -2.196811914 -1.538451791 -0.099460997 -0.011251766 0.022073939 -0.264343292 0.964110374
1520621203.989510298 -2.216686487 -1.583273172 -0.104059234 0.012895525 -0.017832030 0.258867353 -0.965662181
1520621204.039512396 -2.235773325 -1.627506733 -0.106621787 -0.013857268 0.018941836 -0.251783103 0.967499137
1520621204.089514494 -2.254219770 -1.671601892 -0.106753811 -0.013678463 0.028409382 -0.245236292 0.968950510
1520621204.139515400 -2.271253586 -1.714144349 -0.102895558 0.016531188 -0.037743762 0.241522208 -0.969520032
1520621204.189517498 -2.286650896 -1.756113410 -0.096795797 0.023232725 -0.041322771 0.235471994 -0.970724344
1520621204.239518404 -2.300479412 -1.801849365 -0.089461327 -0.028408559 0.034042783 -0.228499591 0.972533822
1520621204.289439440 -2.313362598 -1.840529561 -0.083269261 -0.022246649 0.023460397 -0.221822470 0.974550962
1520621204.339440346 -2.324600458 -1.878230214 -0.080440521 0.009269231 -0.019917808 0.216145337 -0.976114035
1520621204.389442205 -2.336460590 -1.916777849 -0.081404552 0.002217542 -0.021493265 0.212914065 -0.976832092
1520621204.439443350 -2.350033045 -1.958413839 -0.086206183 -0.002492539 0.028334282 -0.213315055 0.976569355
1520621204.489445448 -2.363188744 -1.997126341 -0.090961002 -0.006276798 0.035642814 -0.218080819 0.975259483
1520621204.539447308 -2.376886606 -2.036838770 -0.094634980 0.011230076 -0.036578283 0.228810817 -0.972718656
1520621204.589448452 -2.390323400 -2.077136993 -0.098519608 0.011822226 -0.035591215 0.243052512 -0.969287932
1520621204.639450312 -2.404241323 -2.116366863 -0.102935836 -0.012121203 0.034668133 -0.258701146 0.965259016
1520621204.689220428 -2.417359829 -2.157115936 -0.102426924 -0.013688582 0.032285873 -0.273212612 0.961314261
1520621204.739222527 -2.429864407 -2.197698593 -0.099047452 0.012533960 -0.024685662 0.287076831 -0.957507432
1520621204.789224386 -2.443536520 -2.240486622 -0.094495043 -0.008437071 0.018332409 -0.303474903 0.952625811
1520621204.839226484 -2.457503319 -2.277906418 -0.087220766 -0.009770095 0.015779236 -0.318801254 0.947639942
1520621204.889227629 -2.473576307 -2.313432455 -0.080049783 -0.015272198 0.019212201 -0.333625346 0.942386270
1520621204.939228535 -2.490664721 -2.346840382 -0.074106373 -0.014756916 0.028997920 -0.350830406 0.935873628
1520621204.989230394 -2.508490801 -2.378956795 -0.071604811 0.007501548 -0.031800691 0.358970135 -0.932776988
1520621205.039232492 -2.527146816 -2.410861492 -0.071084596 0.005443078 -0.032800443 0.366192162 -0.929945111
1520621205.088907242 -2.549921989 -2.445671558 -0.073552780 -0.008546907 0.032109905 -0.382073879 0.923534274
1520621205.138909101 -2.574775457 -2.477128983 -0.077465035 -0.007021499 0.023403587 -0.401472896 0.915544987
1520621205.188910246 -2.601787329 -2.507515907 -0.080871686 -0.008483637 0.015357801 -0.420398057 0.907170177
1520621205.238912344 -2.630269766 -2.537270308 -0.081961811 -0.021622730 0.015776139 -0.435039312 0.900013506
1520621205.288913250 -2.661061525 -2.568604469 -0.081483684 -0.037474960 0.023904152 -0.447669178 0.893093824
1520621205.338915348 -2.691619158 -2.596627235 -0.079702392 -0.049897071 0.032730158 -0.458471924 0.886703193
1520621205.388916254 -2.722514153 -2.623504162 -0.077567175 0.044008527 -0.030897601 0.472363293 -0.879762232
1520621205.438918114 -2.755785942 -2.650330544 -0.074096613 -0.027601913 0.020031001 -0.493244618 0.869221866
1520621205.488816500 -2.785831451 -2.674214363 -0.068969630 -0.028633663 0.011137242 -0.508834779 0.860315859
1520621205.538818359 -2.814755917 -2.695807219 -0.062442265 0.042150512 -0.011545024 0.518432498 -0.854001105
1520621205.588819504 -2.843847990 -2.715096951 -0.056226894 0.052181099 -0.016661465 0.526057899 -0.848682940
1520621205.638821363 -2.878280163 -2.735390902 -0.051892012 -0.052419137 0.018170869 -0.535311162 0.842831016
1520621205.688823223 -2.910314083 -2.751646280 -0.050342053 -0.051634606 0.020579411 -0.545934021 0.835982382
1520621205.738824368 -2.943053007 -2.767609835 -0.050640970 0.054671131 -0.022424618 0.556348562 -0.828845263
1520621205.788826466 -2.977005482 -2.783673048 -0.052658200 0.054866683 -0.023062807 0.571321666 -0.818565428
1520621205.838827372 -3.015740871 -2.803646803 -0.055343881 -0.051693968 0.022227617 -0.586104810 0.808278978
1520621205.889071941 -3.050464630 -2.822561502 -0.058771357 -0.045693345 0.026487231 -0.598883212 0.799092948
1520621205.939072847 -3.085013866 -2.842820883 -0.062573984 0.039118383 -0.027405649 0.610574722 -0.790517092
1520621205.989074945 -3.119794846 -2.863875866 -0.066010520 0.038937014 -0.027089540 0.619752705 -0.783362448
1520621206.039075851 -3.160301685 -2.885317802 -0.069769636 -0.038009997 0.023266712 -0.629135549 0.776017070
1520621206.089077711 -3.197112560 -2.904902935 -0.071988732 -0.029502509 0.014888468 -0.639408886 0.768156469
1520621206.139080048 -3.236515284 -2.922984362 -0.071481109 -0.022129653 0.011814473 -0.651235998 0.758460522
1520621206.189080715 -3.275211811 -2.937877655 -0.068879396 -0.025965141 0.012127185 -0.662609458 0.748416662
1520621206.239082813 -3.317955256 -2.949306488 -0.067487955 -0.028358398 0.011668480 -0.672792077 0.739195883
1520621206.289083958 -3.360498905 -2.958350182 -0.068931729 -0.022012107 0.009525073 -0.681463420 0.731459141
1520621206.339902163 -3.406198740 -2.965707302 -0.072816245 0.013284644 -0.008492327 0.689514458 -0.724100292
1520621206.389903069 -3.457018375 -2.972600698 -0.079215229 -0.008549060 0.008698406 -0.695897222 0.718037844
1520621206.439906120 -3.508498192 -2.977605581 -0.087867081 -0.003917494 0.009582773 -0.700696707 0.713384151
1520621206.489907265 -3.564160347 -2.981703043 -0.098475531 -0.002122273 -0.007617414 0.704844654 -0.709317684
1520621206.539908171 -3.624782562 -2.986067772 -0.108778283 0.006239618 0.003616170 -0.705660880 0.708513081
1520621206.589910984 -3.685853958 -2.990181923 -0.118109085 0.005908850 -0.003794348 -0.704392433 0.709776103
1520621206.639912128 -3.752093077 -2.994576931 -0.128792778 0.005129276 -0.015614300 -0.700098336 0.713857353
1520621206.689913034 -3.820713282 -2.998969078 -0.141240746 0.004636930 -0.023493472 -0.696793020 0.716872513
1520621206.741336823 -3.898017406 -3.003025293 -0.156328365 0.003622729 -0.030223442 -0.695107579 0.718261063
1520621206.791338682 -3.976920128 -3.007014275 -0.168017954 -0.000243020 -0.032074232 -0.694814384 0.718473554
1520621206.841340780 -4.060072899 -3.009984016 -0.167886823 0.009314049 0.026795436 0.698150456 -0.715388954
1520621206.891341925 -4.147126675 -3.010336399 -0.154732183 -0.026409451 -0.017905230 -0.698174238 0.715216517
1520621206.941344738 -4.236173153 -3.012009621 -0.134922311 -0.038039308 -0.021740627 -0.691154540 0.721377730
1520621206.991344929 -4.329445839 -3.010129929 -0.115657546 -0.037009940 -0.025729949 -0.687148094 0.725117743
1520621207.041346788 -4.426297188 -3.006176949 -0.103409857 -0.035494007 -0.029645268 -0.692313075 0.720113814
1520621207.091377735 -4.527018070 -2.997664452 -0.100778341 0.035320126 0.035699297 0.704777420 -0.707648873
1520621207.141372919 -4.631701946 -2.983470440 -0.104925238 -0.038189292 -0.022829432 -0.723415971 0.688977361
1520621207.191374063 -4.736841202 -2.966546059 -0.114897922 -0.039815411 -0.003903963 -0.738643765 0.672907889
1520621207.241375923 -4.845210075 -2.948540688 -0.122190312 -0.026331287 0.011617962 -0.747350812 0.663806140
1520621207.291378021 -4.954754829 -2.929967403 -0.118139684 -0.010795308 0.031536739 -0.758077919 0.651311636
1520621207.341379166 -5.065334320 -2.911993027 -0.104808658 -0.003289741 0.030740349 -0.761245787 0.647726119
1520621207.391381025 -5.177789688 -2.896039963 -0.088189922 0.002350836 0.015270056 -0.762547493 0.646747768
1520621207.441382170 -5.293580055 -2.883430004 -0.074192695 -0.000684752 0.002686856 -0.761731684 0.647886753
1520621207.491384029 -5.413585663 -2.873374462 -0.066755921 -0.007338003 0.004872096 -0.755892515 0.654636502
1520621207.540075302 -5.533878326 -2.865177155 -0.069109648 -0.014132135 0.010174173 -0.746539593 0.665113151
1520621207.590077162 -5.660986423 -2.858437538 -0.079201221 -0.012634457 0.017857496 -0.739141822 0.673194587
1520621207.640079260 -5.790607452 -2.853732586 -0.086374372 -0.005268220 0.024063334 -0.732442260 0.680383384
1520621207.690080166 -5.923708916 -2.851635933 -0.079892188 -0.010960075 0.029037545 -0.722230792 0.690955520
1520621207.740082264 -6.058298588 -2.852187157 -0.063090980 -0.012217166 0.020846361 -0.710709810 0.703070343
1520621207.790083408 -6.197833061 -2.849618912 -0.042571090 -0.004859095 0.009605160 -0.707895160 0.706235528
1520621207.840085268 -6.339941025 -2.843005657 -0.026355907 -0.008959345 0.011607636 -0.710322797 0.703723371
1520621207.890086174 -6.486453056 -2.830592632 -0.021233961 -0.016650967 0.013926271 -0.714921057 0.698868155
1520621207.939125061 -6.630451202 -2.814639568 -0.026617914 -0.025507571 0.022449620 -0.723858774 0.689110935
1520621207.989126205 -6.779082298 -2.793608189 -0.038852781 -0.030305194 0.032656614 -0.733553290 0.678170204
1520621208.039128065 -6.926028728 -2.772935390 -0.045215875 -0.023248179 0.038003732 -0.737590909 0.673776627
1520621208.089129925 -7.072598934 -2.749598503 -0.037458718 -0.010034725 0.049305070 -0.743963420 0.666323423
1520621208.139131069 -7.217910767 -2.726780415 -0.022124738 0.002336227 0.033095524 -0.749638319 0.661015630
1520621208.189134121 -7.365715981 -2.707882404 -0.006611347 -0.003552856 0.019151835 -0.748987436 0.662297785
1520621208.239135265 -7.517229080 -2.693435669 0.001913875 -0.014000891 0.020280348 -0.745217502 0.666366041
1520621208.289136171 -7.672801971 -2.680452347 -0.001034170 -0.017295139 0.032366849 -0.742508411 0.668830812
1520621208.340983868 -7.835904121 -2.671947479 -0.013262749 -0.015682912 0.042769879 -0.736526310 0.674873233
1520621208.390984774 -7.992364407 -2.668936729 -0.021881282 -0.019232232 0.051736541 -0.728524268 0.682792664
1520621208.440986633 -8.148251534 -2.671970367 -0.018541038 -0.027766513 0.046996813 -0.714231491 0.697777689
1520621208.490987778 -8.302496910 -2.679327011 -0.003553659 -0.027670771 0.027301105 -0.701413751 0.711693585
1520621208.540992737 -8.458719254 -2.685417175 0.014088348 -0.020861946 0.007612091 -0.696063697 0.717636526
1520621208.590990782 -8.618253708 -2.686768532 0.027492054 -0.025230311 0.002433460 -0.695596993 0.717984974
1520621208.640996695 -8.781433105 -2.682572365 0.029970519 -0.034406748 -0.001915034 -0.698152781 0.715119004
1520621208.690993547 -8.946990013 -2.671013832 0.021975428 -0.035056669 0.004390647 -0.707549810 0.705779731
1520621208.741080761 -9.112828255 -2.654504776 0.008300543 -0.034826893 0.010176444 -0.720375419 0.692634761
1520621208.794712305 -9.289943695 -2.632987976 0.002806693 -0.035996147 0.023647131 -0.730849504 0.681178510
1520621208.844714165 -9.451420784 -2.609724998 0.011749357 -0.020200118 0.024045778 -0.742480695 0.669130981
1520621208.894716263 -9.613396645 -2.585907936 0.030677855 -0.006174837 0.002957255 -0.750162244 0.661218405
1520621208.944717407 -9.776563644 -2.566983223 0.050247278 0.012092064 0.007266755 0.751532257 -0.659545481
1520621208.994719267 -9.940130234 -2.551671982 0.059781782 0.024412928 0.005426596 0.750467658 -0.660433888
1520621209.044720173 -10.108970642 -2.537386894 0.058386296 0.029758293 -0.012916774 0.752705276 -0.657558024
1520621209.094722271 -10.278048515 -2.529286385 0.047062576 0.032099340 -0.028505227 0.747850716 -0.662477493
1520621209.144723177 -10.440961838 -2.528357506 0.037214816 -0.028482936 0.042014074 -0.741847515 0.668644786
1520621209.194502115 -10.604915619 -2.533701897 0.040608585 -0.041722573 0.027955778 -0.726460040 0.685371161
1520621209.244503975 -10.768587112 -2.545493126 0.056110315 0.044566568 0.001851767 0.713458121 -0.699276805
1520621209.294505119 -10.931085587 -2.554436684 0.073014110 -0.036303103 -0.021658426 -0.713560939 0.699316740
1520621209.344507217 -11.101364136 -2.557396889 0.085534140 -0.038688734 -0.025888190 -0.718123913 0.694356680
1520621209.394508123 -11.274179459 -2.555296898 0.088238001 0.042285603 0.026668962 0.720341325 -0.691815853
1520621209.444510221 -11.446178436 -2.546480179 0.080917075 -0.050178945 -0.014533694 -0.726329625 0.685358405
1520621209.494511127 -11.621513367 -2.532923698 0.069504991 -0.054571919 -0.005151509 -0.736560225 0.674147248
1520621209.544512987 -11.795764923 -2.516247749 0.065755010 0.044387244 -0.013286885 0.745189667 -0.665241063
1520621209.593272924 -11.961448669 -2.493359566 0.076479644 -0.018156962 0.009831849 -0.756624401 0.653523743
1520621209.643274784 -12.130561829 -2.472199440 0.099033326 -0.002916177 -0.017211605 -0.759558737 0.650204480
1520621209.693276882 -12.300348282 -2.453245163 0.123834193 0.022745579 0.023926750 0.756634891 -0.653003693
1520621209.743277788 -12.476204872 -2.435077667 0.139831483 0.045886423 0.015392499 0.758021474 -0.650431395
1520621209.793279648 -12.652824402 -2.417522430 0.143002689 0.053121820 0.001694730 0.762758613 -0.644495666
1520621209.843281984 -12.829730988 -2.404455185 0.136737704 0.042616382 -0.009740752 0.761710167 -0.646441579
1520621209.893283844 -13.003183365 -2.397103310 0.133728206 0.026348975 -0.024787918 0.754284680 -0.655550182
1520621209.943284750 -13.173794746 -2.398171425 0.144013718 -0.021972584 0.011696558 -0.736290574 0.676207483
1520621209.989825487 -13.331132889 -2.404008865 0.165302098 -0.014952689 0.002780394 -0.724379778 0.689233363
1520621210.039826393 -13.502733231 -2.408835411 0.188714683 -0.012874383 0.003094397 -0.721248746 0.692549586
1520621210.089827538 -13.677421570 -2.407689095 0.203571647 -0.015860006 -0.006980434 -0.722624481 0.691023648
1520621210.139829397 -13.852189064 -2.404280663 0.209277481 -0.027868506 -0.008966417 -0.724338830 0.688822329
1520621210.189831495 -14.025769234 -2.395671844 0.205373049 -0.043363400 0.003804022 -0.727163017 0.685083330
1520621210.239832640 -14.197909355 -2.384280205 0.195651412 -0.048850011 0.018529139 -0.733318448 0.677874982
1520621210.289833546 -14.368303299 -2.368578911 0.193325341 -0.054471806 0.038600720 -0.736642122 0.672979355
1520621210.339835405 -14.532470703 -2.349473000 0.200565577 -0.044638518 0.031855624 -0.745302677 0.664467156
1520621210.389513254 -14.693214417 -2.331333160 0.213558897 -0.029527454 0.008128976 -0.752136350 0.658295512
1520621210.439515352 -14.854977608 -2.318155289 0.224964321 0.027744491 0.009911021 0.750526786 -0.660183012
1520621210.489517212 -15.020171165 -2.306308746 0.229290575 0.040278614 0.012244521 0.747040033 -0.663444757
1520621210.539518118 -15.187458038 -2.295675278 0.222867876 -0.044917759 0.003907773 -0.747956276 0.662214994
1520621210.589520454 -15.350654602 -2.287960052 0.205351532 -0.041148547 0.015348583 -0.744811714 0.665827930
1520621210.639521360 -15.513626099 -2.284626007 0.187802732 -0.025893273 0.023740461 -0.739289820 0.672470510
1520621210.689523220 -15.672717094 -2.287080765 0.182567775 -0.027346928 0.019111421 -0.724397898 0.688574374
1520621210.739524364 -15.831214905 -2.295192719 0.191030174 -0.035166513 0.003147458 -0.711739182 0.701556027
1520621210.789526224 -15.992806435 -2.303550720 0.203182787 -0.031461570 -0.011028026 -0.711175978 0.702223182
1520621210.842194319 -16.159481049 -2.306867599 0.210280538 -0.030544527 -0.026335413 -0.715039372 0.697919905
1520621210.892196417 -16.323945999 -2.304367065 0.210535228 -0.030563429 -0.028673880 -0.721081853 0.691581249
1520621210.942198277 -16.486629486 -2.297834396 0.205102310 -0.044081233 -0.010625477 -0.728012800 0.684062421
1520621210.992199421 -16.652662277 -2.288167953 0.196224391 -0.052953105 0.016811594 -0.736771166 0.673855782
1520621211.042201281 -16.818325043 -2.276842117 0.191559911 -0.049863052 0.037236702 -0.743980110 0.665297508
1520621211.092202187 -16.984157562 -2.260454178 0.197681963 0.033009268 -0.021693233 0.751770914 -0.658240318
1520621211.142204523 -17.141921997 -2.244659424 0.215611443 0.019785378 0.008399177 0.754216671 -0.656273842
1520621211.192205429 -17.303766251 -2.230712891 0.237478584 0.025699552 0.017436543 0.753286362 -0.656959116
1520621211.239849329 -17.458600998 -2.219230652 0.252884567 0.039837942 0.013934913 0.751895249 -0.657930315
1520621211.289851189 -17.627122879 -2.207607269 0.257521302 0.046234425 0.003389517 0.752605498 -0.656837881
1520621211.339853287 -17.794368744 -2.199790955 0.250640213 -0.044358183 0.002364561 -0.747282445 0.663020134
1520621211.389854193 -17.962499619 -2.196012497 0.242723197 -0.034725424 0.011779523 -0.741917670 0.669487536
1520621211.439856052 -18.126676559 -2.196353912 0.244098902 -0.042159077 0.013721485 -0.731527388 0.680369020
1520621211.489857197 -18.289136887 -2.200494766 0.257113039 0.045689065 -0.010778125 0.721295953 -0.691034377
1520621211.539859295 -18.447965622 -2.204330444 0.272956908 -0.037059195 -0.004175524 -0.717972159 0.695072114
1520621211.589860439 -18.609184265 -2.204364777 0.284439415 0.033888184 0.023445524 0.717918575 -0.694906354
1520621211.641172886 -18.775455475 -2.199300766 0.289537400 0.038714584 0.022374157 0.719690740 -0.692853451
1520621211.691173792 -18.936504364 -2.189165115 0.285282940 -0.046854619 -0.011430062 -0.724202812 0.687898457
1520621211.741176128 -19.100431442 -2.173700333 0.273753077 0.044825334 -0.002372257 0.732404590 -0.679388404
1520621211.791177988 -19.262538910 -2.156488419 0.266826987 -0.037728515 0.020475654 -0.739462972 0.671827257
1520621211.841178894 -19.423618317 -2.135929108 0.271105886 0.022839634 -0.035553776 0.747202575 -0.663251638
1520621211.891180038 -19.581935883 -2.114833832 0.283474982 -0.010606581 0.024206771 -0.751208842 0.659535408
1520621211.941181898 -19.738891602 -2.096561432 0.298557162 -0.013071156 0.014405689 -0.750149786 0.660981894
1520621211.991219044 -19.894104004 -2.081907272 0.308669120 -0.026880894 0.005110671 -0.745461166 0.665987194
1520621212.046808243 -20.075702667 -2.066808701 0.308501691 0.037874989 -0.003829498 0.742397130 -0.668877661
1520621212.096810341 -20.236043930 -2.056493759 0.298834592 -0.038852174 0.011536212 -0.737659276 0.673955739
1520621212.146811247 -20.400850296 -2.050163269 0.288582742 -0.031350959 0.020861505 -0.733103037 0.679074287
1520621212.196813345 -20.560918808 -2.048772812 0.286937475 -0.024795011 0.016928243 -0.723124802 0.690064609
1520621212.246814251 -20.722898483 -2.052085876 0.298031390 -0.020906147 0.009090522 -0.715460300 0.698281407
1520621212.296816111 -20.879783630 -2.055292130 0.314342380 -0.019920185 0.003835158 -0.715526760 0.698290765
1520621212.346817255 -21.043539047 -2.055219650 0.326130658 -0.017667659 -0.007653968 -0.718825221 0.694924235
1520621212.396819115 -21.204977036 -2.049272537 0.330758274 0.016141269 0.006759128 0.724860132 -0.688673854
1520621212.446821213 -21.372440338 -2.037477493 0.328865826 0.027284598 -0.009246723 0.732860148 -0.679769158
1520621212.496822357 -21.533264160 -2.021114349 0.322567761 -0.033344842 0.030825274 -0.744779944 0.665763378
1520621212.546824217 -21.700242996 -2.002208710 0.321543097 -0.036926426 0.052820303 -0.755361080 0.652131975
1520621212.596825123 -21.861547470 -1.984743118 0.328919768 -0.024924263 0.059979629 -0.767103493 0.638226867
1520621212.646827221 -22.024673462 -1.969074249 0.346486330 -0.015392380 0.040461637 -0.775180519 0.630254865
1520621212.696828127 -22.180450439 -1.957685471 0.366956949 -0.034518253 0.034819618 -0.775621831 0.629290819
1520621212.746829987 -22.344085693 -1.946542740 0.379336476 -0.048033997 0.026919341 -0.773868203 0.630948603
1520621212.796831131 -22.502441406 -1.936595917 0.380528629 -0.053835500 0.020921664 -0.775524378 0.628669977
1520621212.845879316 -22.662832260 -1.930477142 0.373200119 -0.058960844 0.019748667 -0.770960093 0.633840859
1520621212.895881176 -22.818058014 -1.929668427 0.367446661 -0.055952668 0.030133493 -0.764673054 0.641277134
1520621212.945882082 -22.977092743 -1.933877945 0.372275710 -0.057271447 0.031995796 -0.752155244 0.655712426
1520621212.995884180 -23.125864029 -1.942983627 0.388835907 -0.056669123 0.027229991 -0.740240037 0.669396698
1520621213.045886278 -23.280126572 -1.952795029 0.407937974 -0.048529942 0.017816460 -0.734577954 0.676552117
1520621213.095887184 -23.432867050 -1.957960129 0.419457436 -0.038662374 0.010176936 -0.733102024 0.678942680
1520621213.145889282 -23.591508865 -1.958000183 0.421414018 -0.035851441 0.003715741 -0.733704507 0.678512096
1520621213.195891142 -23.746524811 -1.952234268 0.413650483 -0.047193527 0.012049923 -0.736588359 0.674585223
1520621213.245892286 -23.904586792 -1.942077637 0.399685085 -0.049611729 0.027924944 -0.744630814 0.665044308
1520621213.292091608 -24.045623779 -1.929880142 0.389691591 -0.040850122 0.037368383 -0.751917243 0.656928778
1520621213.342093706 -24.200290680 -1.914602280 0.391510367 -0.029488284 0.028968291 -0.759972453 0.648639500
1520621213.392095804 -24.347484589 -1.898921967 0.404440373 -0.016868053 0.006045248 -0.764751554 0.644076169
1520621213.442098618 -24.500392914 -1.886241913 0.420340449 -0.017789215 -0.004815957 -0.764956117 0.643818796
1520621213.492098808 -24.651489258 -1.874891281 0.428761721 0.029125048 0.007473991 0.762009561 -0.646867335
1520621213.542099714 -24.810430527 -1.864355087 0.425101966 0.039039619 0.012862722 0.759824336 -0.648827732
1520621213.592101574 -24.964241028 -1.857238770 0.413646460 0.043064076 0.010783227 0.754816830 -0.654431701
1520621213.642190933 -25.121259689 -1.856571198 0.406304032 0.049187545 -0.006113981 0.743840158 -0.666517079
1520621213.689566374 -25.263748169 -1.861034393 0.409686327 -0.052227329 0.008642537 -0.726595283 0.685023367
1520621213.739567518 -25.415481567 -1.869132996 0.424507737 -0.039158769 -0.007405505 -0.715066671 0.697919428
1520621213.789569616 -25.561429977 -1.875944138 0.444014072 -0.025867334 -0.016591825 -0.715650320 0.697782397
1520621213.839570761 -25.714179993 -1.878202438 0.459118366 -0.026840184 -0.017770166 -0.720603108 0.692600191
1520621213.889572620 -25.863855362 -1.874475479 0.464075267 -0.035826180 -0.020425553 -0.724097967 0.688463092
1520621213.939573526 -26.019290924 -1.865755081 0.460756868 -0.053211231 -0.010818791 -0.727393150 0.684069335
1520621213.989575624 -26.169134140 -1.852596283 0.453186214 -0.061043445 0.013229628 -0.735232472 0.674931109
1520621214.039576530 -26.323186874 -1.836585999 0.447674155 -0.055799160 0.031086946 -0.744455516 0.664609790
1520621214.090558767 -26.474334717 -1.816057205 0.450336277 -0.034367729 0.026043385 -0.756989539 0.652002692
1520621214.140560627 -26.619207382 -1.795555115 0.461147666 -0.013117753 0.001283658 -0.763133228 0.646106839
1520621214.190561533 -26.755540848 -1.777986526 0.474006414 0.013444091 0.007891239 0.760336339 -0.649342597
1520621214.240563631 -26.901874542 -1.765171051 0.478824973 0.022630394 0.007388226 0.752542853 -0.658112943
1520621214.290564537 -27.048416138 -1.755758286 0.471028149 0.023353094 0.007021110 0.748391509 -0.662808895
1520621214.340566635 -27.197860718 -1.751337051 0.457309961 0.021774607 0.006503643 0.743856072 -0.667953432
1520621214.390567780 -27.342775345 -1.750789642 0.449857771 -0.022364497 0.002506375 -0.737830102 0.674611211
1520621214.440569639 -27.488161087 -1.755224228 0.457088292 -0.041432206 -0.010404310 -0.723233998 0.689280629
1520621214.491317272 -27.630834579 -1.762744904 0.475034833 -0.048677679 -0.031317603 -0.711724877 0.700069547
1520621214.541318178 -27.774492264 -1.768638611 0.494975567 -0.036689837 -0.042513423 -0.712369084 0.699554741
1520621214.591320038 -27.917823792 -1.769355774 0.508491397 -0.030142508 -0.042961530 -0.715756059 0.696375608
1520621214.641322136 -28.066919327 -1.765447617 0.512218714 -0.026860226 -0.039014060 -0.718158305 0.694265902
1520621214.691323042 -28.214414597 -1.757093430 0.505862176 -0.030598531 -0.026823070 -0.721693099 0.691016197
1520621214.741323948 -28.365177155 -1.744909286 0.495054156 -0.030993942 -0.010497447 -0.730914354 0.681684196
1520621214.791326284 -28.514831543 -1.727666855 0.489657044 -0.026745562 0.003022114 -0.740522444 0.671492457
1520621214.841328144 -28.665857315 -1.705726624 0.496607661 -0.018400479 -0.001125693 -0.752146184 0.658738434
1520621214.889594793 -28.805934906 -1.683216095 0.512872577 0.015646318 0.017975841 0.759564102 -0.649995804
1520621214.939596891 -28.953189850 -1.663089752 0.530413270 0.023906277 0.022328259 0.763128340 -0.645418525
1520621214.989597797 -29.103454590 -1.644851685 0.539185405 0.029018277 0.021337803 0.762742400 -0.645698667
1520621215.039599895 -29.255008698 -1.629234314 0.536314785 0.029404813 0.021598341 0.761997700 -0.646551251
1520621215.089601755 -29.406011581 -1.617610931 0.525486827 0.026976291 0.011296734 0.759387612 -0.649980843
1520621215.139602661 -29.550254822 -1.610958099 0.516649961 -0.023820834 0.005576839 -0.753678560 0.656787753
1520621215.189603806 -29.694471359 -1.611373901 0.517971456 -0.033111036 0.017243834 -0.739590943 0.672020614
1520621215.239605665 -29.834451675 -1.616653442 0.529889941 -0.042365436 0.012598816 -0.724417746 0.687942863
1520621215.290770531 -29.977407455 -1.623134613 0.544155717 -0.039220929 -0.012208375 -0.717399478 0.695450008
1520621215.340771437 -30.116737366 -1.626863480 0.554127812 -0.036929976 -0.031538002 -0.717977345 0.694370329
1520621215.390773296 -30.259048462 -1.626848221 0.556582570 -0.042400051 -0.040324841 -0.720327199 0.691162109
1520621215.440774441 -30.402565002 -1.623260498 0.550715566 0.045674101 0.032579079 0.724172056 -0.687333584
1520621215.490776300 -30.546514511 -1.616237640 0.539027452 -0.043737341 -0.018953199 -0.730250001 0.681515038
1520621215.540777206 -30.690738678 -1.603515625 0.529473782 -0.039414581 -0.000149788 -0.738542557 0.673053801
1520621215.590779305 -30.836109161 -1.586631775 0.528793812 -0.035898086 0.008818075 -0.747442961 0.663296759
1520621215.640780210 -30.978965759 -1.566383362 0.536706030 -0.028236035 -0.007781409 -0.754415095 0.655743957
1520621215.690782309 -31.121093750 -1.545864105 0.549521446 0.025461687 0.030235684 0.758774102 -0.650153399
1520621215.743358612 -31.271589279 -1.526676178 0.559306741 0.029190898 0.036300231 0.761022210 -0.647051275
1520621215.793359518 -31.417812347 -1.512645721 0.558433890 0.031635750 0.036583520 0.759471178 -0.648740590
1520621215.843361855 -31.565380096 -1.501365662 0.548605561 0.026077464 0.030866569 0.757035851 -0.652122676
1520621215.893362761 -31.711399078 -1.494216919 0.536713243 0.012865906 0.021269547 0.751932561 -0.658771217
1520621215.943364620 -31.855443954 -1.491130829 0.534069896 0.010744964 0.010125673 0.741009116 -0.671332717
1520621215.993366718 -31.997243881 -1.491279602 0.544903755 0.008057450 0.008325940 0.726192474 -0.687393844
1520621216.043367624 -32.136161804 -1.493991852 0.564706564 -0.004290741 0.022886815 0.714834869 -0.698905587
1520621216.093369484 -32.277847290 -1.496646881 0.585634351 -0.006831768 0.025822919 0.712143481 -0.701525629
1520621216.144752741 -32.424961090 -1.495899200 0.602170587 0.009400866 0.023555612 0.712203324 -0.701515019
1520621216.194754601 -32.570377350 -1.491447449 0.608577371 0.025991000 0.016084226 0.715820909 -0.697614610
1520621216.244756460 -32.716518402 -1.483066559 0.605050743 0.031323265 0.010577690 0.724489927 -0.688492060
1520621216.294757605 -32.865154266 -1.471820831 0.599989295 -0.034685995 -0.012837403 -0.735373080 0.676652491
1520621216.344759464 -33.011913300 -1.455112457 0.603450537 -0.037492841 -0.001120688 -0.743762672 0.667390585
1520621216.394760370 -33.160434723 -1.433616638 0.613086045 0.024014637 0.002979052 0.753716588 -0.656753957
1520621216.444762707 -33.304874420 -1.413661957 0.624630928 0.006705622 0.022799833 0.759277880 -0.650332570
1520621216.494764566 -33.449939728 -1.396224976 0.635930181 0.002559780 0.025065744 0.761220217 -0.648003936
1520621216.545743942 -33.597000122 -1.383407593 0.638344169 0.006702892 0.022555586 0.757869244 -0.651982069
1520621216.595745087 -33.743614197 -1.372558594 0.629834294 0.007982498 0.022696419 0.755424380 -0.654794037
1520621216.645746946 -33.887920380 -1.364387512 0.615014911 0.005388282 0.021803049 0.755858421 -0.654349744
1520621216.695747852 -34.027954102 -1.361408234 0.604827940 0.010024962 0.017407792 0.753042996 -0.657664657
1520621216.745749950 -34.168678284 -1.362747192 0.607940435 0.024358170 0.019380283 0.744114161 -0.667326927
1520621216.795752048 -34.307769775 -1.367660522 0.620393991 0.023105927 0.030100930 0.738730848 -0.672931492
1520621216.845752716 -34.445556641 -1.376434326 0.631848931 0.013751528 0.030742399 0.739282310 -0.672552943
1520621216.895786047 -34.586132050 -1.381874084 0.638818741 0.009250223 0.041358888 0.734913528 -0.676835358
1520621216.942623377 -34.717849731 -1.386653900 0.639277935 0.015270833 0.036869690 0.732541978 -0.679551184
1520621216.992625475 -34.859069824 -1.387889862 0.633164942 0.030151201 0.017121082 0.733765125 -0.678517938
1520621217.042626619 -34.998256683 -1.385814667 0.623716831 -0.040365469 0.002021017 -0.740267098 0.671097100
1520621217.092628479 -35.134899139 -1.377754211 0.622720003 -0.045385417 0.005376146 -0.745872676 0.664518833
1520621217.142629385 -35.262546539 -1.367137909 0.633444905 0.025868619 0.015626885 0.752113700 -0.658340096
1520621217.192631483 -35.385616302 -1.355804443 0.654236913 0.020676490 0.025860891 0.753624916 -0.656470299
1520621217.242632389 -35.506580353 -1.346706390 0.672003329 0.030223208 0.017814618 0.751174510 -0.659170687
1520621217.292634487 -35.629356384 -1.337696075 0.679552436 0.037977025 0.021978596 0.747694373 -0.662591815
1520621217.339955807 -35.745712280 -1.329689026 0.675492167 0.043500714 0.017815897 0.746633530 -0.663572669
1520621217.389956713 -35.866703033 -1.323417664 0.662756085 0.045401070 0.002263535 0.743706048 -0.666959524
1520621217.439958572 -35.982658386 -1.322242737 0.651030302 -0.041413538 0.017522465 -0.736896873 0.674507916
1520621217.489959717 -36.090526581 -1.325447083 0.651063561 -0.041227777 0.026679894 -0.723228812 0.688860297
1520621217.539961576 -36.188392639 -1.333503723 0.661581397 -0.040065326 0.021858202 -0.710214734 0.702504218
1520621217.589962482 -36.280815125 -1.342582703 0.677381039 -0.041474510 0.019318968 -0.699934244 0.712740302
1520621217.639964581 -36.369342804 -1.351524353 0.689207971 -0.046143472 0.015715389 -0.693532467 0.718774319
1520621217.689966679 -36.457756042 -1.357322693 0.695542097 -0.052401599 0.012867784 -0.690025032 0.721771479
1520621217.739967585 -36.546306610 -1.359382629 0.693020284 -0.060236260 0.023465371 -0.692624450 0.718395650
1520621217.789757013 -36.630580902 -1.358829498 0.685485899 -0.069552451 0.029413240 -0.698990643 0.711132526
1520621217.839759111 -36.705131531 -1.356853485 0.682924271 -0.066865802 0.048235856 -0.706151664 0.703244090
1520621217.889760017 -36.769420624 -1.352622986 0.688103199 -0.059623986 0.056026716 -0.711903751 0.697494864
1520621217.939761877 -36.823871613 -1.347003937 0.698774219 0.050061043 -0.040681779 0.712382317 -0.698820651
1520621217.989763021 -36.868942261 -1.341049194 0.714593291 -0.047438100 0.034730989 -0.711652339 0.700067461
1520621218.039764881 -36.912231445 -1.335773468 0.729603350 -0.045633283 0.024869809 -0.713317871 0.698911130
1520621218.089766979 -36.952217102 -1.330760956 0.742528379 0.045803539 -0.010766106 0.717451930 -0.695017219
1520621218.139768124 -36.988945007 -1.326400757 0.751981616 0.057700511 -0.006842965 0.719395459 -0.692166269
1520621218.191467285 -37.021915436 -1.322597504 0.754350007 -0.071711510 0.012095718 -0.717978776 0.692255557
1520621218.241469145 -37.053985596 -1.318309784 0.749229848 -0.070884109 0.019195411 -0.718321860 0.691824257
1520621218.291471004 -37.082382202 -1.313552856 0.741115868 -0.061100557 0.022784349 -0.718389332 0.692578077
1520621218.341472149 -37.105091095 -1.310451508 0.734633684 -0.051146112 0.026269842 -0.716790438 0.694914103
1520621218.391473055 -37.120033264 -1.308109283 0.732730448 0.046526577 -0.026296047 0.715360522 -0.696708798
1520621218.441478252 -37.128952026 -1.307098389 0.733736157 0.046055660 -0.020081013 0.714198530 -0.698137641
1520621218.491477251 -37.132804871 -1.307159424 0.736463189 0.041381333 -0.014125054 0.716426611 -0.696290910
1520621218.541555166 -37.132846832 -1.308238983 0.739522994 0.038240850 -0.010750665 0.719369829 -0.693490624
1520621218.592033863 -37.129714966 -1.310569763 0.741003096 0.041303489 -0.009628465 0.718981326 -0.693734229
1520621218.642034769 -37.123943329 -1.314311981 0.739427328 0.042812381 -0.011179385 0.717213333 -0.695447445
1520621218.692036867 -37.115020752 -1.319202423 0.734934151 0.037078872 -0.012420285 0.717759132 -0.695192635
1520621218.742037773 -37.101795197 -1.324943542 0.729205251 0.028283067 -0.011732707 0.719419837 -0.693900287
1520621218.792039633 -37.083782196 -1.330890656 0.724366069 -0.023325564 0.009539654 -0.719991207 0.693525553
1520621218.842040777 -37.062271118 -1.338340759 0.719668746 -0.022171734 0.005987322 -0.720362782 0.693217218
1520621218.892042637 -37.038394928 -1.346305847 0.716952205 0.019403245 -0.000936672 0.720898092 -0.692768931
1520621218.942044735 -37.012500763 -1.355228424 0.715332866 0.017893277 0.003916834 0.721989572 -0.691661477
1520621218.992210627 -36.985946655 -1.364479065 0.714535654 0.016468447 0.007273099 0.724037468 -0.689525664
1520621219.042212725 -36.959598541 -1.373004913 0.713825166 0.013481356 0.011758196 0.727582812 -0.685786605
1520621219.092213869 -36.933151245 -1.380699158 0.713212490 0.012435509 0.015876923 0.730781734 -0.682313323
1520621219.142215729 -36.906032562 -1.387298584 0.712286949 0.011036402 0.020683259 0.732645690 -0.680206478
1520621219.192216635 -36.878784180 -1.392646790 0.711556673 0.011557858 0.024542911 0.733774245 -0.678851545
1520621219.242218733 -36.851387024 -1.396411896 0.711729288 0.012312092 0.026756627 0.736643970 -0.675639153
1520621219.292220592 -36.821380615 -1.397033691 0.711714864 0.012168706 0.028914528 0.741295576 -0.670445263
1520621219.342221498 -36.794357300 -1.397773743 0.713140726 0.014956585 0.030508753 0.743317604 -0.668075264
1520621219.392391920 -36.767681122 -1.397159576 0.715142608 0.018572636 0.028833119 0.743458748 -0.667901874
1520621219.442392826 -36.740783691 -1.395488739 0.717145920 0.021018449 0.024643371 0.743363142 -0.668103516
1520621219.492394924 -36.713169098 -1.392723083 0.718970060 0.023025587 0.021395307 0.743960142 -0.667484403
1520621219.542397022 -36.684608459 -1.388931274 0.720590115 0.026168264 0.018062221 0.745625973 -0.665605605
1520621219.592397928 -36.655429840 -1.384449005 0.721712112 0.030353032 0.015100051 0.747735262 -0.663131058
1520621219.642400026 -36.625568390 -1.379199982 0.721799135 0.032412030 0.010712955 0.750945628 -0.659481168
1520621219.692401886 -36.595260620 -1.373226166 0.720648050 0.031904917 0.008009595 0.753717721 -0.656374574
1520621219.742403746 -36.564647675 -1.366992950 0.717954695 0.027122492 0.007579444 0.755470276 -0.654577494
1520621219.792104721 -36.534118652 -1.360935211 0.714187741 0.020384109 0.007567800 0.757839322 -0.652078927
1520621219.842105627 -36.499942780 -1.354438782 0.711154461 0.010976711 0.008338297 0.759224355 -0.650683045
1520621219.892106771 -36.469711304 -1.350139618 0.707382441 -0.002424001 0.011410580 0.759559512 -0.650333166
1520621219.942108631 -36.439998627 -1.346714020 0.703918397 -0.015878748 0.011984059 0.761027396 -0.648414731
1520621219.992109537 -36.410808563 -1.344417572 0.701859772 -0.025371825 0.009431397 0.762748897 -0.646128118
1520621220.042111635 -36.382331848 -1.343681335 0.700285852 -0.030397138 0.008991037 0.762579679 -0.646117270
1520621220.092113733 -36.354343414 -1.344448090 0.699435532 -0.031537980 0.007714423 0.761962175 -0.646807253
1520621220.142115593 -36.326637268 -1.346752167 0.699020684 -0.029914815 0.005629151 0.760490656 -0.648635149
1520621220.192116737 -36.299243927 -1.350128174 0.698432326 -0.029279750 0.003098374 0.759089708 -0.650319934
1520621220.241387606 -36.272422791 -1.354244232 0.697745442 -0.029580768 0.001574232 0.756996453 -0.652747273
1520621220.291389704 -36.244804382 -1.359424591 0.696432233 -0.028548030 0.001832371 0.753082156 -0.657304406
1520621220.341390610 -36.216930389 -1.364231110 0.694783866 -0.026878450 0.001463322 0.748681784 -0.662382841
1520621220.391392469 -36.186363220 -1.368095398 0.691914499 -0.027584489 -0.000421414 0.743625283 -0.668027222
1520621220.441393614 -36.158634186 -1.371788025 0.689156532 -0.032374416 -0.003758801 0.739845634 -0.671986878
1520621220.491395473 -36.132141113 -1.374088287 0.687040210 -0.037187751 -0.009476518 0.734184146 -0.677864969
1520621220.541397810 -36.104499817 -1.375236511 0.685519934 -0.040322121 -0.015437900 0.728726447 -0.683442533
1520621220.591398716 -36.077217102 -1.374607086 0.683882296 -0.042747512 -0.016717732 0.725748539 -0.686427176
1520621220.640558958 -36.051227570 -1.372509003 0.682543516 -0.043009944 -0.016241631 0.723534346 -0.688755810
1520621220.690559626 -36.026023865 -1.369274139 0.682233810 -0.040373880 -0.017633962 0.720981121 -0.691552818
1520621220.740561962 -36.000438690 -1.364696503 0.680911779 0.038586773 0.017304718 -0.716087103 0.696728706
1520621220.790562868 -35.977886200 -1.360103607 0.680097461 0.041758712 0.013430447 -0.709487379 0.703351676
1520621220.840564728 -35.957160950 -1.354446411 0.680033088 -0.045714330 -0.008830477 0.699850082 -0.712770700
1520621220.890566826 -35.936897278 -1.348224640 0.681104064 -0.048008841 -0.006441004 0.689119220 -0.723027229
1520621220.940567732 -35.917602539 -1.340457916 0.683334410 -0.048202254 -0.005955636 0.682123303 -0.729622483
1520621220.990569830 -35.899768829 -1.332515717 0.686000228 -0.044857197 -0.003476064 0.676075637 -0.735457301
1520621221.040087461 -35.883338928 -1.325183868 0.689930081 0.039776385 0.000258399 -0.668939650 0.742251694
1520621221.090088367 -35.868537903 -1.318315506 0.692954481 0.036034860 -0.001209663 -0.660614789 0.749858797
1520621221.140090704 -35.855163574 -1.311376572 0.695090950 -0.035157233 0.000885324 0.650604129 -0.758602381
1520621221.190092564 -35.843082428 -1.305383682 0.695987821 0.036321126 0.000105542 -0.638760090 0.768548191
1520621221.240093470 -35.832015991 -1.300540924 0.696163058 0.039275147 0.000086034 -0.625986695 0.778844178
1520621221.290095568 -35.821907043 -1.296051025 0.695810080 -0.042533819 0.001687619 0.611621022 -0.790004909
1520621221.340096474 -35.813121796 -1.291940689 0.695669234 -0.044228867 0.002774105 0.595214605 -0.802343845
1520621221.390097380 -35.805721283 -1.287855148 0.696053743 -0.043903656 0.003551872 0.577688158 -0.815068245
1520621221.439969540 -35.799587250 -1.283988953 0.696458697 -0.043442726 0.004688477 0.557929337 -0.828737378
1520621221.489970446 -35.794696808 -1.279960632 0.696557879 -0.045387547 0.003693403 0.534865141 -0.843709409
1520621221.539974451 -35.791408539 -1.275505066 0.695978761 -0.050277479 0.000417292 0.509876728 -0.858776867
1520621221.589974642 -35.790172577 -1.271321297 0.694884300 0.055326600 0.003841901 -0.483496428 0.873587728
1520621221.639976501 -35.789474487 -1.266533852 0.693422139 0.059629221 0.008267193 -0.456730127 0.887566149
1520621221.689977407 -35.790203094 -1.260048866 0.691395998 0.062514715 0.013447938 -0.429621011 0.900742412
1520621221.739978552 -35.790607452 -1.254847527 0.690045059 0.064584918 0.016770024 -0.403458923 0.912561476
1520621221.789995432 -35.791156769 -1.250406742 0.688664556 0.064538047 0.018444747 -0.378580838 0.923131227
1520621221.840135098 -35.792121887 -1.246348381 0.686774731 0.064473473 0.018085640 -0.355267525 0.932363153
1520621221.890137196 -35.792972565 -1.243384838 0.684489191 -0.065254234 -0.016367983 0.332530677 -0.940689862
1520621221.940138102 -35.793476105 -1.242031574 0.681820273 -0.067873478 -0.013586979 0.308390200 -0.948738217
1520621221.990140200 -35.793457031 -1.242431641 0.679188848 -0.072101854 -0.011728846 0.282520503 -0.956475794
1520621222.040141106 -35.792675018 -1.244795561 0.677054822 -0.075376540 -0.009072814 0.255805343 -0.963742614
1520621222.090143204 -35.791507721 -1.248737931 0.674726963 0.075986706 0.007812489 -0.230315506 0.970113277
1520621222.140145063 -35.789924622 -1.255277038 0.673238993 0.075001791 0.007391576 -0.202171445 0.976446033
1520621222.190145969 -35.787670135 -1.263098001 0.670803070 0.076884136 0.004863385 -0.169614226 0.982494891
1520621222.240148306 -35.785041809 -1.272673607 0.667402744 0.081146710 0.004028761 -0.136473551 0.987306416
1520621222.290794849 -35.781967163 -1.284242511 0.663425624 -0.085642420 -0.004869414 0.102723822 -0.991004288
1520621222.340796709 -35.777866364 -1.297646284 0.660382986 0.085496135 0.001172069 -0.067976058 0.994016290
1520621222.390797615 -35.775211334 -1.312010527 0.657897234 0.082069583 -0.003727493 -0.035936464 0.995971560
1520621222.440799713 -35.773506165 -1.327817559 0.656850576 0.079653814 -0.005970599 -0.007364198 0.996777534
1520621222.490801573 -35.771156311 -1.343944073 0.657180071 0.079204611 -0.007307627 0.022794150 0.996570945
1520621222.540802479 -35.768550873 -1.359719276 0.659202337 0.078840554 -0.004858714 0.050378937 0.995601654
1520621222.590804815 -35.766792297 -1.374220610 0.662162006 0.073403105 -0.004137470 0.076345414 0.994367301
1520621222.640805721 -35.765140533 -1.388531208 0.665684462 0.063634641 -0.006027717 0.102674462 0.992659211
1520621222.691697359 -35.762458801 -1.400752068 0.668567955 0.054489162 -0.006262755 0.129967794 0.990000069
1520621222.741699696 -35.759822845 -1.410910130 0.670403719 -0.054956559 -0.002278680 -0.159316599 -0.985694110
1520621222.791701555 -35.757171631 -1.419486761 0.672167599 -0.060100202 -0.012001907 -0.187893167 -0.980275571
1520621222.841702461 -35.753192902 -1.427220464 0.674791574 0.056899942 0.015465668 0.217516765 0.974273920
1520621222.891704559 -35.748657227 -1.433264256 0.676682651 0.051652167 0.013107828 0.250374109 0.966681480
1520621222.941705465 -35.744323730 -1.438248277 0.677111030 -0.052215103 -0.011302184 -0.283361405 -0.957524002
1520621222.991707325 -35.740272522 -1.442714930 0.676369011 -0.057278007 -0.011230823 -0.315533549 -0.947117627
1520621223.041708469 -35.736515045 -1.446397781 0.674965858 0.060881138 0.012123737 0.346654952 0.935936391
1520621223.092839003 -35.733959198 -1.448734760 0.674889565 0.062310431 0.012217465 0.377799183 0.923707724
1520621223.142840862 -35.732391357 -1.449769974 0.674934387 -0.062159274 -0.011771873 -0.407298416 -0.911101341
1520621223.192842007 -35.729255676 -1.450918198 0.674141884 0.063357532 0.012761916 0.435300559 0.897962391
1520621223.242844820 -35.726406097 -1.450620651 0.673085630 0.067427330 0.018551195 0.461773425 0.884236872
1520621223.292845726 -35.722690582 -1.449684143 0.671532989 -0.070969559 -0.027756132 -0.487403423 -0.869845331
1520621223.342846870 -35.717231750 -1.447805405 0.669990540 0.075508229 0.035653379 0.512082398 0.854867876
1520621223.392848969 -35.707260132 -1.445945740 0.668889821 0.077031374 0.036684018 0.533603728 0.841419995
1520621223.442909002 -35.696678162 -1.443254471 0.667886138 0.079189815 0.032039940 0.552867889 0.828878522
1520621223.494982719 -35.682823181 -1.440774918 0.664869785 0.085421123 0.029874956 0.570048690 0.816612005
1520621223.544983625 -35.665660858 -1.438484192 0.660841048 0.092453666 0.029344134 0.585652292 0.804737687
1520621223.594985485 -35.642593384 -1.437324524 0.655885577 0.095229544 0.028516358 0.599871457 0.793897033
1520621223.644986629 -35.618164062 -1.436178207 0.650819957 0.096339628 0.029594213 0.611674666 0.784663677
1520621223.694988489 -35.590229034 -1.435665131 0.645190239 0.098093256 0.032620035 0.622507095 0.775756836
1520621223.744990349 -35.558261871 -1.435531616 0.639993906 0.096062161 0.034167964 0.632728636 0.767632186
1520621223.794991732 -35.522087097 -1.435430527 0.634920955 0.092588320 0.034332976 0.641419351 0.760808766
1520621223.844993591 -35.481433868 -1.435400009 0.629326820 0.089722350 0.034761261 0.648005307 0.755533338
1520621223.896676540 -35.430889130 -1.437379837 0.622139990 0.089177176 0.035154536 0.653422415 0.750899911
1520621223.946678638 -35.382270813 -1.437625885 0.616016746 0.088280708 0.034320466 0.656499147 0.748356581
1520621223.996679783 -35.330997467 -1.438835144 0.611802816 0.087680481 0.032685403 0.655726194 0.749177575
1520621224.046681643 -35.277236938 -1.440971375 0.607738674 0.089650922 0.033047263 0.652653575 0.751607597
1520621224.096683741 -35.221530914 -1.444149017 0.604795218 0.093751289 0.034678482 0.650127709 0.753221214
1520621224.146684647 -35.164138794 -1.448602676 0.604072869 0.092049398 0.036745567 0.646757185 0.756228685
1520621224.196686506 -35.105178833 -1.454444885 0.604900002 0.090036288 0.037466370 0.644411862 0.758434713
1520621224.246688843 -35.044288635 -1.461784363 0.605939388 0.086144321 0.041272022 0.641456783 0.761189282
1520621224.297191143 -34.978721619 -1.469930649 0.605199099 0.082241468 0.041080210 0.638835788 0.763830841
1520621224.347193003 -34.903583527 -1.476686478 0.600442529 0.076503336 0.039352506 0.637030661 0.766022623
1520621224.397194147 -34.830181122 -1.484100342 0.592248976 0.071998499 0.039482139 0.635686815 0.767567337
1520621224.447196245 -34.751388550 -1.490930557 0.582714677 0.071479283 0.039268494 0.636802673 0.766701460
1520621224.497198105 -34.671314240 -1.495677948 0.572125793 0.073161185 0.036771726 0.640915155 0.763231993
1520621224.547199249 -34.588325500 -1.497209549 0.560930490 0.077207707 0.033800974 0.648123384 0.756857097
1520621224.597201109 -34.501243591 -1.496141434 0.551415205 0.074044906 0.033681188 0.656640470 0.749804199
1520621224.647202253 -34.415523529 -1.492950439 0.547629595 0.069467120 0.030270787 0.667534113 0.740713418
1520621224.697204113 -34.330055237 -1.487550735 0.552230179 0.069176443 0.028220378 0.678476810 0.730812967
1520621224.747205019 -34.240676880 -1.482393265 0.564002633 0.072865210 0.026811169 0.687532306 0.721991062
1520621224.797207355 -34.151706696 -1.477729797 0.579896510 0.081355341 0.026563831 0.691940129 0.716864407
1520621224.847208261 -34.059059143 -1.475519180 0.593230844 0.088779122 0.025024448 0.689501166 0.718387246
1520621224.897210121 -33.962734222 -1.476871490 0.598756194 0.086386085 0.021118976 0.683178306 0.724816382
1520621224.947211266 -33.857692719 -1.482728958 0.593998790 0.088652804 0.016632922 0.671983659 0.735052466
1520621224.997213125 -33.755058289 -1.491960526 0.584637582 0.079568066 0.010122079 0.656482995 0.750064433
1520621225.047214031 -33.650817871 -1.502738953 0.577131212 0.062950023 -0.001862990 0.647033334 0.759856462
1520621225.097216368 -33.543445587 -1.514844894 0.573478043 0.046011958 -0.001166018 0.638440847 0.768293500
1520621225.146143675 -33.442066193 -1.528556824 0.575786471 0.044401795 0.017792348 0.631606519 0.773812175
1520621225.196145773 -33.340888977 -1.541353226 0.584004998 0.053483155 0.046329740 0.625224769 0.777230501
1520621225.246147633 -33.234199524 -1.549676895 0.592088103 0.053914465 0.053247046 0.621061623 0.780090034
1520621225.296148777 -33.130504608 -1.554853439 0.595474601 0.059095901 0.041455645 0.624396086 0.777765214
1520621225.346150637 -33.022945404 -1.556995392 0.589097977 0.061959490 0.027658561 0.627601683 0.775572121
1520621225.396151543 -32.918006897 -1.556636810 0.575612187 0.060618307 0.014450016 0.634252131 0.770610690
1520621225.446153641 -32.812877655 -1.552618027 0.560900867 0.061272658 0.008373766 0.644550443 0.762056649
1520621225.496154547 -32.704063416 -1.545053482 0.556160569 0.065178916 -0.000791368 0.656214178 0.751753926
1520621225.543653011 -32.603137970 -1.536977768 0.563261390 0.068136699 -0.010262305 0.666006386 0.742756784
1520621225.593653917 -32.493469238 -1.529216766 0.576803148 0.075448357 -0.006878647 0.669593573 0.738853633
1520621225.643656254 -32.383464813 -1.525808334 0.587483048 0.075858809 0.002592536 0.662300229 0.745383859
1520621225.693658113 -32.269729614 -1.526594162 0.588828683 0.076924875 0.010114505 0.646364331 0.759074152
1520621225.743659258 -32.154167175 -1.531276703 0.580008268 0.078801192 0.011754703 0.623380959 0.777848601
1520621225.793661118 -32.033096313 -1.538085938 0.564766109 0.071119636 0.004070997 0.602276921 0.795102477
1520621225.843663216 -31.914512634 -1.547830582 0.551978648 0.062240563 -0.003023298 0.588893414 0.805804968
1520621225.893664360 -31.793991089 -1.561122894 0.549394071 0.047152210 -0.003153672 0.575552523 0.816398263
1520621225.942250729 -31.675518036 -1.572563171 0.554875374 0.050603725 0.003478514 0.568136215 0.821369827
1520621225.992251635 -31.557243347 -1.585124969 0.565805674 0.056287773 0.021061430 0.561324179 0.825411022
1520621226.042253733 -31.436429977 -1.593313217 0.573766172 0.052921943 0.025767695 0.560515583 0.826049447
1520621226.092255831 -31.314365387 -1.599243164 0.572184026 0.061909579 0.021056289 0.568835795 0.819847465
1520621226.142256737 -31.192016602 -1.602283478 0.561587930 0.065518193 0.018039698 0.574218690 0.815876782
1520621226.192257881 -31.070148468 -1.602331161 0.547264576 0.060276572 0.004614304 0.582955420 0.810252130
1520621226.242260695 -30.948102951 -1.598712921 0.538335085 0.049870811 -0.014036947 0.594314337 0.802562416
1520621226.292261600 -30.824562073 -1.591901779 0.538619757 0.049343847 -0.026201472 0.609813154 0.790573597
1520621226.340752125 -30.704120636 -1.582880020 0.547703147 0.059953980 -0.023316279 0.628987134 0.774749637
1520621226.390753031 -30.581895828 -1.573204041 0.561646461 0.066607460 -0.006318390 0.640156448 0.765325606
1520621226.440754890 -30.454446793 -1.568939209 0.572722912 0.058788985 -0.002365910 0.641177535 0.765133798
1520621226.490757227 -30.325117111 -1.567552567 0.572291970 0.059105862 -0.012762014 0.638067901 0.767602205
1520621226.540758133 -30.193231583 -1.570367813 0.558882356 0.059360716 -0.017878339 0.632609427 0.771985710
1520621226.590759993 -30.063608170 -1.574132919 0.540709376 0.053923465 -0.014093166 0.627593517 0.776543677
1520621226.640762091 -29.929222107 -1.581129074 0.528564095 0.046671566 -0.011650603 0.625454783 0.778776169
1520621226.690762997 -29.797271729 -1.592861176 0.529322267 0.056201518 -0.000732377 0.620353758 0.782305658
1520621226.739821672 -29.667186737 -1.606204987 0.539039195 0.074164324 0.012826918 0.612297475 0.787036836
1520621226.789823532 -29.534824371 -1.617401123 0.550978899 0.075072296 0.011149377 0.607860684 0.790408313
1520621226.839825392 -29.396793365 -1.625415802 0.552748799 0.075072236 0.001292900 0.611276686 0.787847281
1520621226.889826536 -29.260578156 -1.631763458 0.543217540 0.077333972 -0.003541467 0.612983465 0.786294043
1520621226.939828396 -29.122819901 -1.635326385 0.524549603 0.070448861 -0.008475557 0.617095709 0.783682406
1520621226.989829302 -28.988925934 -1.636386871 0.509365678 0.063196264 -0.015676450 0.621910810 0.780376494
1520621227.039831638 -28.852264404 -1.634061813 0.505662799 0.065740570 -0.029638626 0.631988466 0.771615446
1520621227.089832544 -28.719421387 -1.627632141 0.514038324 0.071288347 -0.035995122 0.645385981 0.759670556
1520621227.139834404 -28.583106995 -1.622285843 0.524478316 0.070423439 -0.018342743 0.648919463 0.757368863
1520621227.191662788 -28.443054199 -1.619113922 0.529740810 0.073083729 -0.007170088 0.650760531 0.755723536
1520621227.241664886 -28.303150177 -1.621089935 0.525915623 0.072499037 -0.009409441 0.651789963 0.754867733
1520621227.291666746 -28.166194916 -1.626628876 0.513394833 0.060276028 -0.019821521 0.648021936 0.758974016
1520621227.341667891 -28.025848389 -1.637115479 0.493630290 0.047913320 -0.024995822 0.639501154 0.766888440
1520621227.391669750 -27.888143539 -1.649799347 0.477906346 0.046022024 -0.018402331 0.632403851 0.773051620
1520621227.441670895 -27.747264862 -1.667158127 0.475429237 0.047438826 -0.010896514 0.624864101 0.779214799
1520621227.491672754 -27.612497330 -1.683835983 0.485257208 0.064935304 0.004336223 0.619381249 0.782388389
1520621227.541674852 -27.472881317 -1.699768066 0.497540951 0.071437143 0.006310287 0.615652561 0.784747660
1520621227.592082500 -27.331588745 -1.713262558 0.501566648 0.085836433 -0.003119854 0.619365573 0.780390084
1520621227.642083406 -27.186473846 -1.726573944 0.494225383 0.094749793 -0.002016347 0.619148612 0.779534161
1520621227.692086220 -27.041057587 -1.736181259 0.479905546 0.086471260 -0.004983106 0.624692798 0.776052058
1520621227.742087364 -26.898674011 -1.740135193 0.469088435 0.065991215 -0.014491961 0.633657694 0.770657599
1520621227.792089462 -26.753135681 -1.740884781 0.466790795 0.054910000 -0.024900358 0.649109006 0.758302391
1520621227.842090130 -26.610473633 -1.738050461 0.475708485 0.059516881 -0.030728785 0.663170993 0.745464861
1520621227.892092466 -26.466629028 -1.735679626 0.490139008 0.067514271 -0.027745159 0.668727398 0.739916027
1520621227.942093372 -26.322128296 -1.735485077 0.500189662 0.065493159 -0.023672523 0.665969372 0.742721379
1520621227.990364313 -26.178413391 -1.739427567 0.498646319 0.070840716 -0.014495917 0.663549185 0.744630098
1520621228.040366411 -26.026739120 -1.748510361 0.486856699 0.072215885 -0.009957092 0.653773129 0.753171027
1520621228.090368271 -25.873733521 -1.762853622 0.471613407 0.056669381 -0.012933518 0.640413702 0.765827417
1520621228.140369415 -25.720737457 -1.781692505 0.461379528 0.030987773 -0.029066812 0.625959814 0.778697133
1520621228.190371275 -25.568498611 -1.804183960 0.459895015 0.017661663 -0.036520161 0.613159955 0.788916469
1520621228.240372419 -25.419090271 -1.827718735 0.465443969 0.035360150 -0.016233260 0.604028046 0.796012700
1520621228.290374517 -25.274063110 -1.849892616 0.475360215 0.047289807 0.007462747 0.596304357 0.801329672
1520621228.340410471 -25.125633240 -1.868412018 0.480657429 0.053471953 0.007915295 0.597094893 0.800347328
1520621228.391736031 -24.973409653 -1.884478569 0.475308001 0.063039601 -0.005241640 0.598682523 0.798484743
1520621228.441737175 -24.823038101 -1.898029327 0.459323227 0.061615467 -0.012759426 0.602591097 0.795565724
1520621228.491739035 -24.676124573 -1.906680107 0.442707896 0.051688306 -0.017503574 0.606276333 0.793379426
1520621228.541741133 -24.525188446 -1.909336090 0.434406281 0.036587760 -0.026282178 0.618366361 0.784597754
1520621228.591742277 -24.377609253 -1.905685425 0.438257217 0.039458346 -0.028123925 0.637301147 0.769089997
1520621228.641744137 -24.228395462 -1.899816513 0.449787736 0.050773077 -0.023163557 0.649515033 0.758297980
1520621228.691745281 -24.079761505 -1.895933151 0.459664047 0.052316628 -0.016939109 0.652647018 0.755663991
1520621228.741747141 -23.925479889 -1.895814896 0.458700180 0.058824036 -0.017647499 0.651699007 0.755987287
1520621228.796445131 -23.757984161 -1.900403976 0.446153164 0.061334550 -0.028601823 0.645067871 0.761122525
1520621228.846446991 -23.603595734 -1.909732819 0.426763773 0.048029158 -0.045113031 0.634040058 0.770487726
1520621228.896449089 -23.456657410 -1.922836304 0.409531355 0.020468378 -0.069839351 0.622351825 0.779347003
1520621228.946450233 -23.306337357 -1.936972618 0.398264408 0.018423581 -0.083775669 0.617928922 0.781540871
1520621228.996452093 -23.160556793 -1.952616692 0.397636652 0.036302537 -0.056047939 0.607928336 0.791178823
1520621229.046452999 -23.013301849 -1.966086388 0.402800441 0.053892646 -0.015885754 0.602177203 0.796383023
1520621229.096455097 -22.864643097 -1.976241112 0.408919632 0.063094623 0.001700408 0.604033411 0.794455707
1520621229.146456003 -22.709621429 -1.982555389 0.407473981 0.062654085 -0.008339822 0.609677315 0.790125608
1520621229.197344303 -22.551427841 -1.986937523 0.396947622 0.048549626 -0.023482528 0.613754153 0.787653089
1520621229.247346163 -22.394788742 -1.988785744 0.378569961 0.039241470 -0.030147441 0.610671222 0.790336609
1520621229.297347069 -22.239059448 -1.986269951 0.364742994 0.036653724 -0.037189823 0.618828654 0.783788681
1520621229.347350359 -22.084064484 -1.980396271 0.361660719 0.046179827 -0.041180287 0.632371008 0.772190809
1520621229.397351265 -21.931995392 -1.975148201 0.369418740 0.057925802 -0.038366627 0.639574826 0.765582561
1520621229.447353125 -21.779878616 -1.970712662 0.377027273 0.061951995 -0.034938321 0.636529505 0.767965853
1520621229.497354269 -21.626697540 -1.969779968 0.375569463 0.072852403 -0.035013348 0.633589327 0.769435644
1520621229.547355175 -21.472726822 -1.972440720 0.364001632 0.074378550 -0.035417929 0.629143655 0.772911191
1520621229.597357273 -21.319099426 -1.980855942 0.345000505 0.059739474 -0.038284864 0.620541275 0.780957103
1520621229.647358179 -21.166492462 -1.993360519 0.327155948 0.033928383 -0.037024364 0.607895136 0.792427659
1520621229.697360039 -21.013540268 -2.010951996 0.317410648 0.018490618 -0.029388143 0.595245898 0.802793145
1520621229.747361183 -20.863477707 -2.029785156 0.317268550 0.025523784 -0.012066538 0.585284293 0.810336530
1520621229.797363281 -20.716178894 -2.047460556 0.323157728 0.039841726 0.004598938 0.580096185 0.813560069
1520621229.847364187 -20.568422318 -2.062047958 0.327533424 0.043249261 -0.001727781 0.580101490 0.813393414
1520621229.897366285 -20.417358398 -2.073562622 0.322022736 0.044233032 -0.010486356 0.582146525 0.811812162
1520621229.947367191 -20.264795303 -2.081916809 0.305157602 0.046177257 -0.011670662 0.580394804 0.812941253
1520621229.997442961 -20.111419678 -2.085479736 0.285445213 0.043014999 -0.016400274 0.584976912 0.809742391
1520621230.044345617 -19.968891144 -2.083916664 0.274924278 0.033518154 -0.032881539 0.595635831 0.801881135
1520621230.094346523 -19.814615250 -2.077794075 0.277441502 0.032640308 -0.044687264 0.615231156 0.786402166
1520621230.144348383 -19.660816193 -2.069462776 0.289474130 0.047043446 -0.037276193 0.629334271 0.774813473
1520621230.194349527 -19.505294800 -2.062109947 0.303623676 0.056423135 -0.029822640 0.633878171 0.770795405
1520621230.244351387 -19.348529816 -2.059475899 0.310290337 0.058227777 -0.031373352 0.634209037 0.770327330
1520621230.294352293 -19.188854218 -2.062842369 0.306801558 0.054403324 -0.036376141 0.629837394 0.773965120
1520621230.344354630 -19.028226852 -2.071496964 0.294147253 0.039571799 -0.046198856 0.621671915 0.780912220
1520621230.394355536 -18.871990204 -2.085266113 0.278990865 0.022653209 -0.058192201 0.609626770 0.790225208
1520621230.440476894 -18.725000381 -2.100213051 0.272219658 0.004373511 -0.067193575 0.600100577 0.797085404
1520621230.490478754 -18.568141937 -2.120711327 0.273214936 0.007035800 -0.052278720 0.585334420 0.809074223
1520621230.540479898 -18.412759781 -2.142983437 0.282258451 0.036341451 -0.022059528 0.571138084 0.819752395
1520621230.590481997 -18.261199951 -2.162796974 0.293096364 0.054011673 -0.014805933 0.559675395 0.826817453
1520621230.640482903 -18.105274200 -2.178269863 0.296858907 0.056812011 -0.029739929 0.556117177 0.828626394
1520621230.690485001 -17.949430466 -2.191802025 0.286932945 0.053985842 -0.036439721 0.555201769 0.829161525
1520621230.740485907 -17.791879654 -2.200369358 0.266027033 0.046487682 -0.030344184 0.562568128 0.824885070
1520621230.790487766 -17.637372971 -2.203289986 0.245552778 0.029351786 -0.029161282 0.575843930 0.816512048
1520621230.840572119 -17.478746414 -2.199042320 0.237603426 0.024490166 -0.036666498 0.600024998 0.798765242
1520621230.890574217 -17.324176788 -2.188787460 0.246606886 0.031268477 -0.024747198 0.620816231 0.782941282
1520621230.940577269 -17.167201996 -2.179364204 0.263486534 0.027736140 -0.012917310 0.630863726 0.775290191
1520621230.990577221 -17.008419037 -2.172597885 0.274806261 0.026234701 -0.015891921 0.632397413 0.774036705
1520621231.040579319 -16.845050812 -2.171754837 0.272222817 0.040135935 -0.022484386 0.629031241 0.776017547
1520621231.090581179 -16.683422089 -2.174201965 0.258898377 0.036709297 -0.031510122 0.617403209 0.785157800
1520621231.140582085 -16.521903992 -2.182676315 0.239270627 0.020086991 -0.043213829 0.604037285 0.795530081
1520621231.190584421 -16.360696793 -2.195086479 0.225258887 -0.001329530 -0.049779605 0.592058480 0.804355085
1520621231.242117882 -16.191814423 -2.216192245 0.219650447 0.006669719 -0.038357828 0.573814213 0.818059623
1520621231.292119741 -16.033166885 -2.237057209 0.225146055 0.041645087 -0.022419967 0.559417725 0.827535450
1520621231.342120647 -15.874026299 -2.257010460 0.232021511 0.057231341 -0.021390878 0.547938406 0.834284425
1520621231.392122984 -15.714670181 -2.273870945 0.232356548 0.055273581 -0.027652003 0.540715158 0.838932335
1520621231.442124844 -15.551784515 -2.287954807 0.218764603 0.049444377 -0.030184930 0.538392246 0.840700924
1520621231.492125750 -15.389404297 -2.297717571 0.195618749 0.048188388 -0.021213520 0.542432606 0.838447869
1520621231.542126894 -15.231053352 -2.303410053 0.177735806 0.042187884 -0.015070948 0.549837589 0.834069371
1520621231.592128754 -15.070605278 -2.303834438 0.171509981 0.033006713 -0.030214811 0.569062293 0.821075976
1520621231.639947414 -14.918690681 -2.299942970 0.174939275 0.042173877 -0.030454757 0.588150263 0.807076931
1520621231.689949512 -14.760124207 -2.295470715 0.178823203 0.055309594 0.000483930 0.597763062 0.799762428
1520621231.739951372 -14.602598190 -2.293454647 0.179645732 0.070709117 0.020065019 0.601039708 0.795832276
1520621231.789952517 -14.443561554 -2.295376301 0.175195366 0.075100578 0.010436809 0.598174989 0.797770441
1520621231.839954376 -14.284654617 -2.301472664 0.164983153 0.062819578 -0.014560826 0.588972092 0.805576622
1520621231.889955282 -14.124616623 -2.311471939 0.146265805 0.044974051 -0.026697902 0.574746013 0.816658854
1520621231.939957619 -13.962512970 -2.325367928 0.128549069 0.024469087 -0.018438082 0.562637031 0.826136112
1520621231.989958286 -13.802854538 -2.343922138 0.121227697 0.018376578 0.004716049 0.552677512 0.833179295
1520621232.039960384 -13.645324707 -2.364253521 0.126399323 0.032673039 0.012464416 0.550384939 0.834178329
1520621232.091159344 -13.485723495 -2.383384228 0.140750557 0.035215057 0.002917471 0.550553441 0.834051788
1520621232.141160250 -13.324376106 -2.399204731 0.146886677 0.026941542 -0.004672096 0.548626006 0.835620642
1520621232.191162348 -13.160787582 -2.413011074 0.142711252 0.027841493 -0.009630596 0.549313605 0.835096836
1520621232.241163254 -12.995172501 -2.422802448 0.125653863 0.033749431 -0.016137997 0.557055056 0.829632640
1520621232.291165113 -12.831336975 -2.426025867 0.108050764 0.033059515 -0.025383543 0.568662465 0.821514308
1520621232.341166258 -12.670640945 -2.424012184 0.102030098 0.028653981 -0.038657699 0.588225007 0.807264507
1520621232.391168356 -12.512812614 -2.416871071 0.107738316 0.038206261 -0.042019844 0.608121634 0.791809857
1520621232.441169262 -12.358036995 -2.410090923 0.122923553 0.046402980 -0.035767853 0.619428575 0.782863736
1520621232.496532440 -12.187114716 -2.408636093 0.137349129 0.047125358 -0.030459909 0.622675836 0.780465424
1520621232.546534300 -12.028667450 -2.411495686 0.138524234 0.056370828 -0.028774368 0.622696459 0.779899716
1520621232.596536636 -11.869495392 -2.419106960 0.129559457 0.057796694 -0.031478565 0.619554400 0.782189906
1520621232.646537542 -11.711987495 -2.430996895 0.114707708 0.049003910 -0.041250553 0.613802016 0.786857188
1520621232.696539402 -11.553983688 -2.447335720 0.101315320 0.023579732 -0.040579718 0.599319696 0.799132824
1520621232.746540546 -11.397056580 -2.469044685 0.096689135 -0.000696660 -0.029978218 0.582521856 0.812261701
1520621232.796542406 -11.243389130 -2.495116711 0.100370772 0.002747850 -0.008255710 0.568045437 0.822951257
1520621232.846544266 -11.092308044 -2.521260023 0.110711969 0.013350801 -0.001504754 0.559281111 0.828869164
1520621232.897250891 -10.940964699 -2.544358730 0.118417814 0.013020350 -0.010065274 0.553071260 0.832971454
1520621232.947252035 -10.786607742 -2.564674854 0.113410860 0.021054950 -0.015060651 0.550177515 0.834646463
1520621232.997253895 -10.631190300 -2.580833197 0.097126991 0.027622532 -0.014106901 0.550926566 0.833977163
1520621233.047255754 -10.480058670 -2.591379166 0.079313666 0.024337264 -0.016302085 0.560830176 0.827412546
1520621233.097256899 -10.327353477 -2.594580412 0.066509277 0.007054369 -0.029902261 0.576260865 0.816688120
1520621233.147257805 -10.176705360 -2.592754364 0.063155115 0.016006608 -0.038363673 0.602883697 0.796745479
1520621233.197260141 -10.029363632 -2.587664127 0.068601489 0.039566670 -0.027825182 0.626743555 0.777722776
1520621233.247260809 -9.886249542 -2.586387157 0.078069091 0.052032806 -0.019169059 0.635043979 0.770483196
1520621233.293254137 -9.750638962 -2.588329315 0.081871152 0.053299133 -0.021633875 0.633764029 0.771384776
1520621233.343255997 -9.602734566 -2.597119808 0.077529430 0.052879706 -0.028794983 0.624569058 0.778645098
1520621233.393257141 -9.450908661 -2.609366655 0.063940585 0.045966171 -0.039042030 0.615362942 0.785933435
1520621233.443259239 -9.301373482 -2.627934217 0.048258901 0.030239981 -0.044476502 0.603038192 0.795897186
1520621233.493260145 -9.150285721 -2.649964094 0.039858550 0.005255336 -0.042162903 0.586837769 0.808588982
1520621233.543262243 -9.004266739 -2.678232670 0.042141035 0.000825461 -0.016812621 0.567588866 0.823140085
1520621233.593263149 -8.859462738 -2.707115173 0.053646825 0.026270228 0.007844106 0.558345616 0.829155326
1520621233.643265009 -8.717005730 -2.732298374 0.068768069 0.037619364 0.005453864 0.557535231 0.829282582
1520621233.691418648 -8.574129105 -2.751349926 0.076812983 0.029250612 -0.011759485 0.561917126 0.826592624
1520621233.741419792 -8.426696777 -2.768072844 0.071404368 0.019710736 -0.017198294 0.563926399 0.825410724
1520621233.791421652 -8.275238991 -2.781259298 0.054181784 0.019993206 -0.016528113 0.564692438 0.824893713
1520621233.841422796 -8.127182961 -2.790652275 0.037867546 0.017493872 -0.021584943 0.569605231 0.821448743
1520621233.891424656 -7.985979080 -2.792327881 0.032996356 0.022732697 -0.044631921 0.580151141 0.812967420
1520621233.941425562 -7.839407921 -2.789246559 0.037961245 0.030812562 -0.065469056 0.592122674 0.802592754
1520621233.991427898 -7.697748184 -2.785066366 0.048535466 0.038907528 -0.054249391 0.598204792 0.798557639
1520621234.041428804 -7.551686287 -2.783249855 0.054980069 0.038284458 -0.031761039 0.597523034 0.800307333
1520621234.091430664 -7.404076099 -2.784685612 0.053602844 0.043437921 -0.023618983 0.597747326 0.800158441
1520621234.139794588 -7.261152267 -2.789206028 0.044605345 0.042722329 -0.031172525 0.598306835 0.799519837
1520621234.189795732 -7.112295151 -2.798735142 0.028595060 0.027059464 -0.036546696 0.589318573 0.806620002
1520621234.239798784 -6.965842247 -2.812854052 0.016234130 0.010070414 -0.043687772 0.573251843 0.818151772
1520621234.289799690 -6.818760872 -2.833328962 0.013678372 -0.001932376 -0.047506750 0.556037188 0.829796433
1520621234.339800835 -6.673945904 -2.856452465 0.020716429 0.009784129 -0.039708376 0.539973974 0.840687633
1520621234.389802694 -6.529173851 -2.877431154 0.030878365 0.030592425 -0.023263754 0.532931209 0.845285356
1520621234.439804554 -6.384737015 -2.894629002 0.037903517 0.029366268 -0.015231550 0.533804834 0.844960392
1520621234.489805937 -6.236387730 -2.909938335 0.032941431 0.023397723 -0.018207973 0.540745020 0.840664029
1520621234.541031599 -6.084662437 -2.922667027 0.014916196 0.019070143 -0.021342272 0.546090066 0.837237477
1520621234.591033697 -5.936890602 -2.929659367 -0.007821552 0.009109630 -0.016545566 0.550557435 0.834583640
1520621234.641035557 -5.788997650 -2.929249763 -0.022134185 0.002899579 -0.017945740 0.566042900 0.824175417
1520621234.691036701 -5.642126083 -2.922599792 -0.022228077 0.015966434 -0.020077780 0.593473256 0.804444790
1520621234.741037607 -5.499683380 -2.913777590 -0.010585740 0.030668916 -0.010701573 0.612505436 0.789798737
1520621234.791039467 -5.357546806 -2.906443834 0.000075981 0.032313604 -0.002386622 0.617023587 0.786277354
1520621234.841041565 -5.214326859 -2.902790308 0.002493680 0.037961155 -0.003229499 0.618834674 0.784596801
1520621234.891065598 -5.070173740 -2.903373718 -0.005260587 0.038255289 -0.010227561 0.615851521 0.786866546
1520621234.941852570 -4.921772003 -2.908980370 -0.022720188 0.024834475 -0.025122179 0.605025887 0.795421839
1520621234.991853714 -4.778596878 -2.920652628 -0.042340092 0.002008097 -0.028315084 0.586440146 0.809495091
1520621235.041855812 -4.635093212 -2.936860800 -0.051607728 -0.013119126 -0.016091352 0.573632538 0.818849683
1520621235.091856718 -4.496032715 -2.958687305 -0.045315623 -0.006775800 0.003130300 0.558888078 0.829209566
1520621235.141858816 -4.354675293 -2.979969501 -0.026397303 0.010398644 0.006318972 0.552130222 0.833669126
1520621235.191859722 -4.218906403 -2.998723745 -0.004587404 0.013517253 -0.005101622 0.549862027 0.835130572
1520621235.241861582 -4.077181816 -3.014199495 0.006479517 0.008994852 -0.022640467 0.550032973 0.834787607
1520621235.291863918 -3.937644958 -3.026925802 0.003262080 0.000619122 -0.031380318 0.548952758 0.835263968
1520621235.340320349 -3.803123951 -3.036005020 -0.012757737 -0.009087253 -0.040115748 0.548760414 0.834967196
1520621235.390322447 -3.668802500 -3.037781239 -0.029676586 -0.024998190 -0.050513256 0.555060565 0.829898417
1520621235.440323353 -3.529433489 -3.031314373 -0.037667844 -0.030983781 -0.053366665 0.576822281 0.814535558
1520621235.490325212 -3.401128054 -3.020022392 -0.034669906 -0.009373547 -0.034468450 0.599009693 0.799944699
1520621235.540326357 -3.272774935 -3.008976936 -0.026309162 0.009762021 -0.012571429 0.602921665 0.797641695
1520621235.590328217 -3.148175001 -3.002080441 -0.020493343 0.019923640 -0.009172191 0.599484444 0.800085902
1520621235.640329123 -3.019728661 -2.999212503 -0.023021430 0.035049096 -0.022239054 0.595553756 0.802242339
1520621235.690331459 -2.893869638 -3.000340939 -0.033992127 0.032224841 -0.044441286 0.586957037 0.807754993
1520621235.741435051 -2.763845921 -3.003613234 -0.054084286 0.017489875 -0.062472180 0.578115940 0.813371599
1520621235.791436195 -2.642693043 -3.010788441 -0.071567118 -0.003832577 -0.063488476 0.568121672 0.820483029
1520621235.841438293 -2.521195412 -3.019407511 -0.080016121 -0.018939612 -0.049622640 0.559354901 0.827224970
1520621235.891440153 -2.408454657 -3.031919241 -0.077510260 -0.008102853 -0.024767298 0.550563693 0.834386408
1520621235.941441298 -2.301733255 -3.044871330 -0.066948481 0.006155107 -0.009156286 0.544625401 0.838606834
1520621235.991443157 -2.197021484 -3.056196451 -0.056333706 0.001023418 -0.020362696 0.541126251 0.840694189
1520621236.041445017 -2.086961508 -3.063229084 -0.055734199 -0.004708056 -0.048974693 0.545824528 0.836453795
1520621236.091446161 -1.981082201 -3.068942308 -0.067242056 -0.008377044 -0.066017374 0.550652206 0.832077980
1520621236.147006750 -1.864956379 -3.071562767 -0.089970507 -0.012630584 -0.064740658 0.556886733 0.827965200
1520621236.197007895 -1.762176752 -3.070254087 -0.106647141 -0.023421802 -0.055139154 0.564193666 0.823466241
1520621236.247009754 -1.665856600 -3.065050840 -0.112079568 -0.024942856 -0.043894701 0.576625109 0.815447509
1520621236.297010899 -1.574161530 -3.057251453 -0.108275518 -0.011387826 -0.039044503 0.592524469 0.804525077
1520621236.347015858 -1.481849670 -3.051012516 -0.099598274 0.001370050 -0.031075468 0.602044642 0.797856390
1520621236.397013664 -1.394190788 -3.043627977 -0.092277408 0.007435066 -0.022731515 0.605610013 0.795402110
1520621236.447014809 -1.305370808 -3.038846493 -0.090050265 0.008292323 -0.020856721 0.609394073 0.792549849
1520621236.497016907 -1.217080832 -3.037181377 -0.095292777 0.002065892 -0.027703537 0.605522990 0.795342803
1520621236.547074795 -1.126907349 -3.038791895 -0.107237823 -0.007645717 -0.039693929 0.598134816 0.800375402
1520621236.597460747 -1.042125225 -3.042443275 -0.119496301 -0.014266512 -0.042618316 0.590982199 0.805431664
1520621236.647462606 -0.963167906 -3.048875809 -0.126373723 -0.007493301 -0.028896863 0.583006561 0.811918855
1520621236.697463512 -0.886864424 -3.055245161 -0.126938075 0.007143055 -0.012286133 0.579169869 0.815083027
1520621236.747465611 -0.816096544 -3.062398911 -0.121762231 0.017251108 -0.003846585 0.579355121 0.814883590
1520621236.797466516 -0.747172832 -3.070439816 -0.115383357 0.020893130 -0.001187576 0.571961701 0.820013404
1520621236.847468615 -0.677452445 -3.078925848 -0.111558139 0.021873470 -0.008143248 0.561511040 0.827140033
1520621236.897470713 -0.606475592 -3.087691307 -0.113671288 0.020933054 -0.022484073 0.553306222 0.832411349
1520621236.947471619 -0.535703659 -3.096966982 -0.122309834 0.018368674 -0.035946079 0.546991467 0.836164355
1520621236.996881962 -0.460008502 -3.102877378 -0.133544371 0.014443678 -0.042986326 0.549124122 0.834509611
1520621237.046883106 -0.391797304 -3.108125925 -0.144286484 0.010932845 -0.034682237 0.553160131 0.832280934
1520621237.096884966 -0.326564789 -3.110528231 -0.148824021 0.012148053 -0.015126785 0.558641076 0.829182625
1520621237.146885872 -0.266788483 -3.110763788 -0.145760775 0.015875518 -0.000601409 0.567639351 0.823124111
1520621237.196887970 -0.209520817 -3.109772921 -0.135918289 0.019906277 -0.005917978 0.584739983 0.810954988
1520621237.246888876 -0.157447100 -3.107203960 -0.120971657 0.016871208 -0.015253378 0.595764518 0.802837133
1520621237.296890974 -0.106472492 -3.105658293 -0.108053952 0.009922205 -0.022958182 0.598363757 0.800834179
1520621237.346893072 -0.054326534 -3.104547024 -0.100690663 0.002693250 -0.027614420 0.600540578 0.799112797
1520621237.397485495 -0.000171185 -3.104881525 -0.100876033 -0.003184925 -0.028143432 0.603231788 0.797062933
1520621237.447487831 0.053755760 -3.106013775 -0.107964762 -0.006046660 -0.026327642 0.605199337 0.795615613
1520621237.497489691 0.107562542 -3.107509613 -0.119913928 -0.008904370 -0.026342522 0.604935884 0.795788527
1520621237.547490597 0.159630418 -3.109045982 -0.133809328 -0.009022738 -0.026452510 0.603433192 0.796923637
1520621237.597492695 0.206922531 -3.110946894 -0.145319045 -0.005879453 -0.022681981 0.602480352 0.797789752
1520621237.647494555 0.250554085 -3.112745523 -0.149480328 -0.005786657 -0.018345514 0.599956632 0.799801171
1520621237.697495461 0.290046215 -3.115587950 -0.147493705 -0.011763150 -0.017127518 0.593350768 0.804675817
1520621237.747497797 0.322896123 -3.121249676 -0.142404780 -0.012901632 -0.016282629 0.587982893 0.808606625
1520621237.797594786 0.352633834 -3.127345324 -0.133668453 -0.007580712 -0.011983026 0.585196376 0.810767651
1520621237.847596884 0.377396703 -3.133475304 -0.123052776 -0.008270863 -0.013858935 0.581428587 0.813437402
1520621237.897598028 0.397804022 -3.139603853 -0.112581924 -0.013776602 -0.023747671 0.574924886 0.817745507
1520621237.947598934 0.414333224 -3.145277977 -0.105260991 -0.018393042 -0.038189135 0.568127096 0.821848512
1520621237.997600794 0.426695108 -3.149852991 -0.101798207 -0.018149354 -0.050330225 0.565462887 0.823036551
1520621238.047601938 0.433654785 -3.153079987 -0.101417363 -0.017333256 -0.054604057 0.565951526 0.822445631
1520621238.097609043 0.434940696 -3.155111313 -0.102935880 -0.015213060 -0.052549824 0.568344772 0.820969820
1520621238.147605658 0.430589437 -3.156530142 -0.105517812 -0.012322286 -0.046074171 0.570658624 0.819801331
1520621238.197084427 0.421408892 -3.157427311 -0.108342119 -0.006390566 -0.041306321 0.572917998 0.818546295
1520621238.247001410 0.405137420 -3.158251762 -0.111287452 -0.000089190 -0.038675711 0.574230611 0.817779541
1520621238.297002554 0.388473868 -3.159320116 -0.112874873 0.004637501 -0.038464557 0.574573636 0.817535400
1520621238.347004414 0.370719314 -3.161005020 -0.115296319 0.007166137 -0.039217588 0.575931430 0.816525400
1520621238.397005558 0.350339770 -3.163002729 -0.117955506 0.008574273 -0.038563520 0.579771459 0.813820899
1520621238.447007418 0.327722907 -3.165381432 -0.120824181 0.010096724 -0.037008002 0.586116493 0.809318244
1520621238.497009516 0.302679658 -3.168288469 -0.123505265 0.009837080 -0.034554448 0.592514038 0.804758608
1520621238.547010660 0.275610924 -3.171523809 -0.126115680 0.010221336 -0.034536362 0.599307418 0.799708366
1520621238.597012520 0.246675730 -3.175039768 -0.128864080 0.012849969 -0.033178005 0.605518281 0.795035660
1520621238.647165537 0.216145515 -3.179109812 -0.130967438 0.018127535 -0.029382279 0.610659480 0.791140437
1520621238.697167397 0.185261011 -3.183161259 -0.131593123 0.021971766 -0.026840363 0.615163267 0.787636399
1520621238.747168541 0.153966427 -3.187779427 -0.133493930 0.025516326 -0.024620857 0.620328903 0.783539891
1520621238.797170401 0.123450756 -3.190142632 -0.132022813 0.030298699 -0.020441730 0.625184357 0.779620886
1520621238.847171307 0.092277288 -3.191333055 -0.129697084 0.031845674 -0.016558513 0.628570318 0.776924133
1520621238.897173405 0.061386824 -3.191365242 -0.125963300 0.032077335 -0.017274564 0.632298946 0.773867369
1520621238.947175503 0.030436754 -3.190293312 -0.121903986 0.033624038 -0.020050356 0.637404740 0.769534051
1520621238.997176409 -0.000823498 -3.188604593 -0.118182302 0.031732224 -0.020190310 0.641852617 0.765905201
1520621239.047633886 -0.032803535 -3.186398983 -0.115325131 0.027336618 -0.019063490 0.644353330 0.764001429
1520621239.097634792 -0.064894915 -3.183619976 -0.113893181 0.024751933 -0.017505338 0.646218359 0.762550175
1520621239.147636890 -0.098282576 -3.180651426 -0.113411367 0.022718113 -0.015876073 0.647012711 0.761975348
1520621239.197638988 -0.133394480 -3.177260399 -0.113483638 0.019914791 -0.017287234 0.646699965 0.762288451
1520621239.247639894 -0.172256947 -3.175142527 -0.117116764 0.017498998 -0.018467087 0.644641101 0.764061928
1520621239.297641993 -0.210242987 -3.170764446 -0.119529784 0.018312324 -0.019205537 0.641343892 0.766794562
1520621239.347643852 -0.249295950 -3.165426493 -0.120833561 0.017912542 -0.020986225 0.638715267 0.768948376
1520621239.397644758 -0.289764881 -3.159572840 -0.121499777 0.018717948 -0.023239568 0.638497055 0.769045651
1520621239.447665215 -0.330932379 -3.153527260 -0.121572085 0.022702150 -0.018232586 0.639731407 0.768046856
1520621239.497667074 -0.372606754 -3.148068905 -0.120741017 0.028856004 -0.006110687 0.639177501 0.768493474
1520621239.547668219 -0.416123867 -3.142909765 -0.118173808 0.032618999 0.002710483 0.636805534 0.770329356
1520621239.597669125 -0.456328869 -3.139610291 -0.115376711 0.034381256 0.004177876 0.635857522 0.771028996
1520621239.647671223 -0.495232582 -3.136755943 -0.113446765 0.033251982 0.004335152 0.636780977 0.770315289
1520621239.697672129 -0.533839464 -3.134095907 -0.114414856 0.030922487 0.005910995 0.639323533 0.768293083
1520621239.747674227 -0.572312593 -3.131722450 -0.117988259 0.030759899 0.010661552 0.643205822 0.765000999
1520621239.797677994 -0.611510754 -3.130060911 -0.121990643 0.032155007 0.015380668 0.648625135 0.760272920
1520621239.847677231 -0.651734591 -3.129723549 -0.124623179 0.030510321 0.018664736 0.654888272 0.754878938
1520621239.897678137 -0.696409225 -3.129011631 -0.126364112 0.030040644 0.019638430 0.662278175 0.748398066
1520621239.947680235 -0.738358974 -3.132008076 -0.127644479 0.029613284 0.016118223 0.668350160 0.743082404
1520621239.997681141 -0.781241655 -3.135978699 -0.128687173 0.028053001 0.009120697 0.673912585 0.738222003
1520621240.047683001 -0.824735641 -3.140537500 -0.130926982 0.027371421 0.005695607 0.680045545 0.732636690
1520621240.097685337 -0.869133472 -3.145162106 -0.133491784 0.026030550 0.006661401 0.683705509 0.729263246
1520621240.147686243 -0.914287329 -3.149104834 -0.135339379 0.023373595 0.008310057 0.686429083 0.726773500
1520621240.197688341 -0.960052490 -3.152024269 -0.135482103 0.023000894 0.010179006 0.690337777 0.723049939
1520621240.247689247 -1.006616592 -3.154517174 -0.133299217 0.024091423 0.014940270 0.695184350 0.718272328
1520621240.297691107 -1.053632021 -3.155684233 -0.129029840 0.026937181 0.021422476 0.701639056 0.711700976
1520621240.347692251 -1.100583792 -3.154996395 -0.123271465 0.028529005 0.028144762 0.706478894 0.706598639
1520621240.397694111 -1.151885986 -3.151705027 -0.116342276 0.024378911 0.029854666 0.707572222 0.705589175
1520621240.447695017 -1.197012663 -3.148189545 -0.111432701 0.017242506 0.024867980 0.708393097 0.705169141
1520621240.497697353 -1.240762472 -3.144547939 -0.110085949 0.014809756 0.020858116 0.710031509 0.703705192
1520621240.547699213 -1.284289122 -3.139395714 -0.110241830 0.020437494 0.020718994 0.712417781 0.701151907
1520621240.597700119 -1.327658176 -3.133093119 -0.110665165 0.026887015 0.020992976 0.716644883 0.696603596
1520621240.647702217 -1.371314049 -3.125602961 -0.110573322 0.029149802 0.018878983 0.721908092 0.691116929
1520621240.697703123 -1.415721655 -3.117383480 -0.110589296 0.027964545 0.014656952 0.725634634 0.687355518
1520621240.747704983 -1.460971832 -3.108756542 -0.111704454 0.025383487 0.010339237 0.728355885 0.684650719
1520621240.797707319 -1.506128788 -3.099832058 -0.113752246 0.022388168 0.008874460 0.730220020 0.682787538
1520621240.847708225 -1.551122189 -3.090854168 -0.116409481 0.022578474 0.009726059 0.731080651 0.681848109
1520621240.897710085 -1.599868059 -3.083326817 -0.119590573 -0.025510941 -0.014802722 -0.732080460 -0.680579484
1520621240.947712183 -1.643251181 -3.075083733 -0.120453790 -0.028857769 -0.025490487 -0.732801199 -0.679352522
1520621240.997713089 -1.687391996 -3.068286419 -0.118743464 0.031665750 0.032815658 0.733614445 0.678034127
1520621241.047715187 -1.729024172 -3.061376333 -0.114968404 0.033732045 0.034158032 0.735834718 0.675457418
1520621241.097716331 -1.768655300 -3.055387020 -0.110401154 0.034476358 0.033184286 0.737717390 0.673411727
1520621241.147718191 -1.805961609 -3.050193071 -0.106494069 0.034168914 0.031768445 0.739184856 0.671884775
1520621241.197719336 -1.840647697 -3.045009375 -0.104371116 0.035198748 0.029093700 0.742458940 0.668333232
1520621241.247721195 -1.873631239 -3.040225267 -0.103459366 0.033545319 0.029817117 0.747012794 0.663292944
1520621241.297722101 -1.906211853 -3.036623001 -0.103353038 0.028871227 0.033659715 0.751529634 0.658207238
1520621241.347724199 -1.937994480 -3.034311533 -0.103358492 0.024014108 0.036909029 0.755590916 0.653562188
1520621241.397725105 -1.973051786 -3.032375813 -0.103813626 0.021034462 0.038009353 0.758264959 0.650497556
1520621241.447727203 -2.003764391 -3.032108307 -0.104475453 0.022206720 0.037520524 0.759283841 0.649297416
1520621241.497728348 -2.033217192 -3.033292055 -0.104939476 0.025092348 0.036260609 0.758735418 0.649904728
1520621241.547730207 -2.063520908 -3.034344673 -0.106441721 0.027575687 0.034362994 0.756597221 0.652395189
1520621241.597731113 -2.094184637 -3.035299778 -0.108671866 0.029636256 0.031010883 0.754666090 0.654705405
1520621241.647733212 -2.125171661 -3.035630226 -0.111959808 0.033713166 0.030049399 0.753252506 0.656179190
1520621241.697735071 -2.156297445 -3.035331726 -0.115697660 0.041180413 0.034294497 0.752277493 0.656663239
1520621241.747736216 -2.188662052 -3.035658598 -0.120722510 0.046870541 0.038297515 0.751470745 0.656984150
1520621241.797738314 -2.218694210 -3.033113718 -0.122625768 0.053223480 0.040482353 0.752155662 0.655583978
1520621241.847739220 -2.246743679 -3.030268669 -0.122417316 0.058897216 0.042815514 0.752729416 0.654290855
1520621241.897035122 -2.272377253 -3.025950193 -0.121212944 0.062362336 0.045055829 0.753077328 0.653418303
1520621241.947035789 -2.295369148 -3.020216465 -0.118858390 0.063752778 0.046853695 0.755173445 0.650732994
1520621241.997037888 -2.315257311 -3.013971806 -0.114983387 0.063505828 0.048726160 0.759003282 0.646147728
1520621242.047039986 -2.331973791 -3.007449865 -0.109938882 0.059047516 0.048216384 0.764007270 0.640688360
1520621242.097040892 -2.345181942 -2.999648094 -0.104976863 0.052530602 0.044521865 0.770288169 0.633967280
1520621242.147042990 -2.355221272 -2.990127325 -0.101103365 0.047093209 0.041801110 0.778649747 0.624291241
1520621242.197043896 -2.362892628 -2.979600668 -0.098588184 0.044109333 0.042253714 0.787642896 0.613096893
1520621242.247045994 -2.369384527 -2.967960358 -0.096128717 0.042269833 0.042279579 0.797340631 0.600561142
1520621242.296133041 -2.375229836 -2.955680370 -0.092995442 0.038454477 0.040196415 0.807540715 0.587182760
1520621242.346135139 -2.380305767 -2.940924644 -0.091101892 0.034685943 0.037540134 0.818370461 0.572413743
1520621242.396136999 -2.385041237 -2.923281193 -0.090103127 0.031839512 0.037588805 0.828941166 0.557162404
1520621242.446138144 -2.388774633 -2.904066563 -0.091036707 0.030809576 0.039713345 0.839982092 0.540281296
1520621242.496140003 -2.392016411 -2.882848978 -0.092926204 0.030081678 0.042804431 0.851277351 0.522101283
1520621242.546140909 -2.394908428 -2.859874487 -0.095071375 0.029051539 0.046189241 0.862374902 0.503321171
1520621242.596143007 -2.397625923 -2.834990740 -0.096753091 0.027713845 0.047878530 0.872866213 0.484813601
1520621242.646145105 -2.398412943 -2.808708429 -0.097495824 0.025299687 0.046906888 0.882582068 0.467128009
1520621242.692972660 -2.400595188 -2.782171249 -0.097422659 0.022807272 0.045323238 0.891119719 0.450922787
1520621242.742974758 -2.402856588 -2.752616882 -0.096378595 0.020713696 0.045200519 0.899749517 0.433565259
1520621242.792975664 -2.404353142 -2.722017765 -0.095610082 0.019682633 0.045110110 0.907678068 0.416771203
1520621242.842977524 -2.406302929 -2.690626144 -0.093903244 0.019036967 0.043638900 0.914987206 0.400664091
1520621242.892978668 -2.408122540 -2.658969402 -0.091174573 0.018890141 0.041496765 0.921532214 0.385615975
1520621242.942980528 -2.409538984 -2.627523661 -0.088124841 0.021368284 0.037324883 0.927631497 0.371012300
1520621242.992981672 -2.410082579 -2.596553802 -0.086160272 0.023118723 0.030565821 0.933429003 0.356709272
1520621243.042983770 -2.410900354 -2.566456318 -0.083126470 0.023390269 0.025175510 0.939236104 0.341547340
1520621243.090598583 -2.411453962 -2.538414717 -0.081095338 0.023644786 0.025477258 0.944679558 0.326147974
1520621243.140573740 -2.411372662 -2.509921312 -0.080949128 0.023492238 0.030883579 0.949342608 0.311837971
1520621243.190574884 -2.410836697 -2.481305122 -0.079794317 0.024153084 0.033849265 0.953912675 0.297189504
1520621243.240576744 -2.410222054 -2.451538324 -0.079545200 0.024947489 0.032310791 0.958581686 0.281877518
1520621243.290578604 -2.408859253 -2.420593739 -0.080580473 0.026159644 0.032682061 0.962609291 0.267639548
1520621243.340579748 -2.406777382 -2.388525486 -0.082956702 0.028422903 0.035479277 0.965529203 0.256294161
1520621243.390581846 -2.403648853 -2.354095697 -0.088467330 0.030659180 0.037387855 0.967721879 0.247338995
1520621243.440582752 -2.399877071 -2.319075108 -0.092355818 0.033136811 0.038613588 0.969549656 0.239550784
1520621243.490584850 -2.394534588 -2.281885862 -0.097268105 0.037382748 0.040102288 0.971126556 0.232180119
1520621243.539563894 -2.389776230 -2.242905378 -0.101204813 0.041257028 0.040757924 0.972541571 0.225387856
1520621243.589565754 -2.382887125 -2.203259230 -0.103645265 0.042953260 0.039904572 0.973725975 0.220046476
1520621243.639567614 -2.375797987 -2.162154198 -0.104591846 0.044715192 0.040660288 0.975616455 0.210997522
1520621243.689568758 -2.369229078 -2.120056629 -0.104875028 0.046934523 0.046064571 0.978154361 0.197203487
1520621243.739570618 -2.363253117 -2.076802969 -0.104500800 0.047042310 0.055908777 0.979771376 0.186304569
1520621243.789571524 -2.356610060 -2.036194563 -0.101692140 0.047162820 0.060450226 0.980961919 0.178424403
1520621243.839573860 -2.350315809 -1.995711565 -0.096974224 0.050084725 0.055118188 0.982633233 0.169957414
1520621243.889574766 -2.343964577 -1.954852343 -0.092052281 0.051625501 0.047434080 0.984395921 0.161398694
1520621243.939387798 -2.338400602 -1.911147594 -0.089153826 0.050354294 0.043957230 0.985872447 0.153583184
1520621243.989388704 -2.331525326 -1.867806196 -0.089880019 0.047108240 0.045328528 0.987014294 0.146727815
1520621244.039390802 -2.324206829 -1.823407888 -0.093427986 0.042331379 0.048461989 0.987787127 0.141901806
1520621244.089392900 -2.315762758 -1.777755737 -0.098467588 0.039297316 0.050865322 0.988194942 0.139065981
1520621244.139393806 -2.306353092 -1.730415583 -0.104328871 0.037471704 0.050224859 0.988481760 0.137758002
1520621244.189395666 -2.295682430 -1.677367449 -0.109542906 0.036583364 0.047647163 0.988544583 0.138459578
1520621244.239398003 -2.284121990 -1.627870798 -0.114345789 0.034763269 0.046514656 0.988097847 0.142445043
1520621244.289398670 -2.270927429 -1.578498840 -0.116709352 0.031286418 0.047474872 0.987298131 0.148356661
1520621244.339475870 -2.256377697 -1.530206203 -0.115693331 0.028131129 0.053165592 0.986299157 0.153610274
1520621244.389477015 -2.240815163 -1.480172873 -0.110714644 0.026794791 0.061947722 0.985179543 0.157689154
1520621244.439480066 -2.221585512 -1.435538530 -0.103610128 0.026971795 0.061157018 0.983635545 0.167312473
1520621244.489480257 -2.199591875 -1.391846180 -0.095913887 0.034386989 0.051040065 0.982163787 0.177670449
1520621244.539482117 -2.175821781 -1.348906040 -0.089437544 0.044023491 0.041036699 0.980732679 0.185853258
1520621244.589483023 -2.151374102 -1.303651571 -0.085949391 0.053885583 0.038700216 0.978575528 0.194907010
1520621244.639486313 -2.124110699 -1.261111021 -0.085033715 0.061992291 0.039877620 0.976152301 0.204189673
1520621244.689486027 -2.095383406 -1.219062567 -0.086257756 0.068724327 0.037361745 0.974213421 0.211634979
1520621244.740218401 -2.065395832 -1.176076412 -0.088721335 0.073397994 0.032895971 0.973054886 0.216089845
1520621244.790159464 -2.036270857 -1.130262613 -0.092054754 0.076144502 0.030720472 0.972156107 0.219478384
1520621244.840161324 -2.003934622 -1.088314056 -0.095017403 0.076748744 0.029796485 0.971931636 0.220387876
1520621244.890163183 -1.969843864 -1.046639442 -0.096281797 0.074035719 0.028787863 0.972612023 0.218439743
1520621244.940164328 -1.934812307 -1.005307436 -0.095245063 0.072646044 0.031019799 0.973896503 0.212804943
1520621244.990166187 -1.900363207 -0.962898016 -0.091181397 0.069650352 0.042004965 0.974389791 0.209640354
1520621245.040167093 -1.862917900 -0.923794508 -0.085413277 0.066339754 0.049350236 0.973725915 0.212182701
1520621245.090169430 -1.824874997 -0.885003805 -0.078688204 0.065856092 0.044744849 0.973352671 0.215047762
1520621245.140170813 -1.787078381 -0.847548962 -0.071880937 0.069416292 0.036672495 0.973032832 0.216895670
1520621245.190172911 -1.751092434 -0.809781671 -0.065709919 0.071420632 0.029683584 0.972679853 0.218887895
1520621245.240174770 -1.712156177 -0.773514390 -0.062440172 0.069508687 0.022444930 0.972441733 0.221408963
1520621245.290175676 -1.672841311 -0.737208843 -0.063166648 0.064405479 0.018622138 0.972428143 0.223357916
1520621245.340178013 -1.634187341 -0.698255777 -0.066488788 0.060223758 0.019422451 0.972526133 0.224028707
1520621245.390178919 -1.593644381 -0.660468698 -0.072209135 0.056313884 0.021369088 0.971861005 0.227724284
1520621245.440180779 -1.551809669 -0.621667266 -0.078188643 0.053289115 0.021965012 0.970373869 0.234632507
1520621245.490181923 -1.509488583 -0.583859682 -0.083074406 0.050825864 0.021204831 0.968377590 0.243335277
1520621245.540183783 -1.466909289 -0.546785712 -0.086325884 0.049891569 0.022122499 0.966120422 0.252255350
1520621245.589938402 -1.423918009 -0.511461854 -0.087099344 0.051042009 0.028968858 0.963204980 0.262281746
1520621245.639939547 -1.380240440 -0.476721764 -0.082754835 0.054689560 0.037842777 0.959135830 0.275019079
1520621245.689941406 -1.335731983 -0.446840763 -0.077653363 0.055319544 0.037656322 0.955264449 0.288082689
1520621245.739943504 -1.289729595 -0.419595718 -0.073032960 0.055472709 0.029698100 0.952208996 0.298896194
1520621245.789944649 -1.243396044 -0.394289255 -0.068725452 0.055670030 0.021480702 0.948718727 0.310439020
1520621245.839946508 -1.197040439 -0.370338321 -0.066933565 0.057388499 0.016594371 0.945314944 0.320641339
1520621245.889947414 -1.153719544 -0.344767570 -0.068165675 0.062259488 0.016254565 0.941839159 0.329846352
1520621245.939949512 -1.107270241 -0.322628617 -0.071690202 0.072530612 0.020767147 0.938402176 0.337208271
1520621245.989576340 -1.059077978 -0.299639463 -0.077318892 0.086127244 0.029524785 0.934837818 0.343203515
1520621246.039576530 -1.009911776 -0.277771711 -0.086372420 0.099434339 0.040849607 0.931051850 0.348692685
1520621246.089578390 -0.960091531 -0.256754279 -0.094786078 0.107641041 0.051668886 0.928815722 0.350777954
1520621246.139580488 -0.910064518 -0.237464309 -0.100724220 0.113664255 0.055252627 0.928005993 0.350474715
1520621246.189581633 -0.858993411 -0.219212532 -0.103034034 0.114693105 0.051428992 0.927253544 0.352705985
1520621246.239583492 -0.807472765 -0.201787412 -0.099688917 0.110478178 0.045888659 0.925320327 0.359821141
1520621246.289585352 -0.758091271 -0.184604943 -0.095572382 0.107638083 0.039153639 0.923166811 0.366938829
1520621246.339586496 -0.710833967 -0.167764306 -0.090531290 0.107911684 0.033194132 0.923937678 0.365503043
1520621246.389536142 -0.666448414 -0.151163161 -0.085464276 0.107087582 0.031349696 0.926163673 0.360236555
1520621246.439450264 -0.623517156 -0.134434402 -0.081198603 0.102628335 0.030596865 0.927585661 0.357933223
1520621246.489452362 -0.582141995 -0.116361082 -0.077983692 0.093559235 0.027377496 0.929058671 0.356857359
1520621246.539453506 -0.541304708 -0.099385798 -0.078143522 0.083878636 0.020831410 0.932213128 0.351438850
1520621246.589455366 -0.499777436 -0.081707776 -0.079776183 0.077195503 0.011354657 0.934567451 0.347124964
1520621246.639456272 -0.458128005 -0.063045502 -0.083840221 0.073293090 0.005576761 0.936144769 0.343846023
1520621246.689458370 -0.415963233 -0.043655545 -0.088781118 -0.074226245 -0.005411562 -0.936718166 -0.342082411
1520621246.739459276 -0.373367190 -0.023382813 -0.094602659 -0.078102194 -0.012523649 -0.936661303 -0.341187388
1520621246.789279938 -0.330719799 -0.003002137 -0.099502273 0.083073214 0.022106722 0.936985254 0.338627964
1520621246.839280844 -0.288747728 0.017341167 -0.101743758 0.084944330 0.028616797 0.937782109 0.335455239
1520621246.889283180 -0.246358275 0.037105277 -0.099567413 0.080889568 0.031548474 0.937062502 0.338194489
1520621246.939285040 -0.205712542 0.054792762 -0.095120057 0.074065365 0.032907683 0.936005592 0.342527509
1520621246.989286184 -0.166213840 0.071176201 -0.089827657 0.066334829 0.030162415 0.935645700 0.345336348
1520621247.039288044 -0.127223790 0.086178564 -0.084914252 0.060172997 0.025060154 0.935229599 0.347989827
1520621247.089289904 -0.090554655 0.100244962 -0.081141703 0.059398446 0.022099601 0.934880316 0.349259675
1520621247.139291048 -0.055573881 0.114474230 -0.079690538 0.061126340 0.024555288 0.934530497 0.349733323
1520621247.189225912 -0.021276012 0.129460827 -0.081064232 0.061874561 0.030881681 0.934329510 0.349637210
1520621247.239226818 0.013940439 0.145130560 -0.083817340 0.064537428 0.036452189 0.935279071 0.346062511
1520621247.289229155 0.046714716 0.161725119 -0.087407142 0.064887077 0.040844832 0.937383354 0.339755714
1520621247.339230061 0.079754785 0.178972706 -0.090927377 0.062195022 0.043346196 0.939709246 0.333465993
1520621247.389231920 0.111894965 0.197682306 -0.094253339 0.058121197 0.044813558 0.942299426 0.326627433
1520621247.439234018 0.142588362 0.217614949 -0.096687883 0.053420484 0.046365406 0.945515931 0.317799062
1520621247.489234924 0.171696752 0.238899350 -0.097107172 0.049368307 0.045185968 0.949227929 0.307388067
1520621247.539236784 0.199445635 0.261810422 -0.095522523 0.046101887 0.039750908 0.953309774 0.295795709
1520621247.589275360 0.226731196 0.287466109 -0.092085853 0.042470004 0.032722909 0.957892001 0.282078952
1520621247.639275312 0.249874294 0.312222898 -0.086307526 0.035882547 0.027151840 0.963014424 0.265666246
1520621247.689281225 0.269721568 0.335707843 -0.078507036 0.028171271 0.024620138 0.968058407 0.247917831
1520621247.739279270 0.285105824 0.358084649 -0.068400510 0.023930464 0.025247963 0.972339392 0.230967864
1520621247.789281368 0.296723753 0.379082501 -0.056522854 0.024099378 0.025687158 0.975836992 0.215642408
1520621247.839282274 0.305222213 0.398583233 -0.043790374 0.025745809 0.024101757 0.978519320 0.203116387
1520621247.889284372 0.310797095 0.416891336 -0.030393751 0.025481729 0.020871049 0.980709314 0.192676857
1520621247.939285278 0.313841194 0.434289336 -0.016893804 0.021630052 0.015959451 0.982677758 0.183362707
1520621247.989289284 0.313727558 0.450283349 0.000152795 0.016361186 0.010404021 0.984400153 0.174872771
1520621248.039219379 0.309958994 0.464263022 0.021649987 0.011807587 0.002828665 0.986050963 0.166000590
1520621248.089221478 0.303074896 0.475988150 0.046566024 0.007623200 -0.007503848 0.987286687 0.158589482
1520621248.139222383 0.293111742 0.485409558 0.074303865 0.003441530 -0.018874671 0.988010287 0.153191447
1520621248.189224482 0.279685438 0.492023110 0.103956021 0.000984090 -0.031206204 0.988451779 0.148284808
1520621248.239225388 0.263608128 0.495941520 0.134164691 -0.000375324 -0.043943599 0.988999724 0.141238704
1520621248.289227247 0.245733634 0.497646391 0.162577644 -0.002716362 -0.049990337 0.989478171 0.135744601
1520621248.339228392 0.225777224 0.497472942 0.187598795 -0.001323854 -0.047928952 0.990519226 0.128735349
1520621248.389230251 0.203802973 0.497867525 0.209179699 -0.004032445 0.040189661 -0.992015004 -0.119477533
1520621248.439041138 0.182464540 0.495045125 0.227060318 -0.009946666 0.031072957 -0.993569911 -0.108417735
1520621248.489042997 0.160798818 0.490152657 0.243486717 0.015756197 -0.024524555 0.994785011 0.097740024
1520621248.539044857 0.139643267 0.483417571 0.255563378 0.022431524 -0.022754766 0.995682120 0.087156042
1520621248.589046001 0.119392887 0.474927843 0.264582455 0.026291817 -0.023977032 0.996617258 0.074080721
1520621248.639047861 0.099653848 0.464570194 0.271122187 0.025933400 -0.023991358 0.997851670 0.055173166
1520621248.689048767 0.078318171 0.454157919 0.275731921 -0.029549852 0.021525370 -0.999159634 -0.018535072
1520621248.739051104 0.058291137 0.440509021 0.277854115 -0.033317599 0.015277623 -0.998874307 0.030113081
1520621248.789052010 0.039513901 0.425263852 0.278025687 0.035876073 -0.005552262 0.995935738 -0.082426369
1520621248.838954210 0.022537842 0.409325689 0.277366817 0.038466066 0.002367029 0.990108907 -0.134904817
1520621248.888956070 0.003668904 0.391593039 0.277924597 -0.039403498 -0.005511870 -0.982057631 0.184336185
1520621248.938957214 -0.008686423 0.376684874 0.277731717 -0.039681304 -0.003423186 -0.972160578 0.230906025
1520621248.988959312 -0.019487053 0.360717297 0.278041571 -0.041351028 0.002938443 -0.959008515 0.280328810
1520621249.038961172 -0.026895583 0.345161080 0.278409898 -0.041885823 0.011789300 -0.944711804 0.325002164
1520621249.088962317 -0.025452524 0.331744373 0.278634876 -0.041892938 0.018443961 -0.932699621 0.357737690
1520621249.138964176 -0.025816202 0.321214437 0.278271735 -0.043382034 0.019438826 -0.925869167 0.374841899
1520621249.188965082 -0.022498280 0.314257026 0.277563155 0.045833949 -0.014502977 0.926522553 -0.373155415
1520621249.239031076 -0.014419109 0.310919821 0.277119547 0.045686774 -0.007177093 0.935650945 -0.349883586
1520621249.289032936 -0.002001435 0.310536057 0.276696503 0.043741059 -0.000092166 0.949574292 -0.310476243
1520621249.339034081 0.014612049 0.311398983 0.276392132 0.042398456 0.006341176 0.964824319 -0.259376764
1520621249.389034986 0.029853106 0.312078476 0.275694698 0.040117905 0.009903271 0.978635848 -0.201406121
1520621249.439036846 0.053460091 0.311195791 0.274607748 0.033501297 0.011917978 0.989111304 -0.142809078
1520621249.489037991 0.078980029 0.307495058 0.272990465 0.021690233 0.012952764 0.996220291 -0.083108388
1520621249.539040089 0.105503529 0.300646514 0.271452099 0.008988195 0.011168960 0.999579251 -0.025218436
1520621249.589041948 0.129034057 0.288792878 0.269447386 -0.000735069 -0.008028285 -0.999623477 -0.026228540
1520621249.639064074 0.157069355 0.278156817 0.268636584 0.009756207 -0.004960250 -0.996893764 -0.077993870
1520621249.689066172 0.185870618 0.266660452 0.268136144 -0.020802006 -0.000350775 0.991416037 0.129079401
1520621249.739067078 0.214007020 0.254153818 0.267644644 -0.030591803 -0.009478611 0.983549535 0.177777350
1520621249.789068937 0.241514891 0.240551949 0.267049521 -0.038962964 -0.021494122 0.973769784 0.223142207
1520621249.839070320 0.275193423 0.229699731 0.266319692 -0.046688151 -0.034805160 0.962648392 0.264418066
1520621249.889072180 0.288148344 0.211240679 0.262311220 0.050901752 0.045893732 -0.951434016 -0.300126880
1520621249.939073324 0.311155111 0.198588699 0.258117557 0.055187330 0.050625470 -0.942004681 -0.327137023
1520621249.989075184 0.332635701 0.188976020 0.253908753 -0.057149846 -0.046339821 0.937982023 0.338786632
1520621250.039099693 0.351253837 0.182770431 0.250265181 -0.057240829 -0.035684805 0.940730333 0.332380056
1520621250.089076757 0.366352618 0.180212021 0.248566583 0.054803167 0.024736779 -0.949253261 -0.308711946
1520621250.139078617 0.378744185 0.179198891 0.247579694 0.050924242 0.019422675 -0.960815907 -0.271776229
1520621250.189079762 0.388853908 0.179249913 0.247255012 -0.047176212 -0.019653067 0.972325265 0.227973327
1520621250.239081621 0.396864176 0.179961920 0.246925026 -0.041764051 -0.021224096 0.982322335 0.181240752
1520621250.289082527 0.402907223 0.181060255 0.245987475 -0.032543335 -0.021185815 0.990322173 0.133244962
1520621250.339084864 0.406968355 0.182233244 0.244676054 -0.021617649 -0.019071894 0.995900095 0.085744128
1520621250.389085770 0.409234256 0.183271244 0.242726997 -0.011861394 -0.015146156 0.999227643 0.034266252
1520621250.439087629 0.411411107 0.182394102 0.239958286 -0.004868857 -0.011163123 0.999710381 -0.020758087
1520621250.489120960 0.410315305 0.182330966 0.236764804 0.000187968 -0.010760715 0.996859014 -0.078461662
1520621250.539121866 0.407479525 0.181537166 0.233181477 0.007121892 -0.015525705 0.990410686 -0.137094587
1520621250.589124203 0.405501276 0.182609707 0.228434086 -0.013115045 0.022739800 -0.981096804 0.191729218
1520621250.639126062 0.400944144 0.181093186 0.224304944 -0.021380968 0.027779238 -0.970258832 0.239518464
1520621250.689126968 0.395381272 0.179494947 0.220123753 0.029027622 -0.030625159 0.960247755 -0.275941581
1520621250.739129066 0.389253616 0.179875314 0.216326386 0.036172953 -0.029516308 0.953943610 -0.296330750
1520621250.789129972 0.382619679 0.182024926 0.213349625 0.039384536 -0.025156591 0.952783346 -0.300033152
1520621250.839131832 0.376114994 0.185901076 0.211949721 0.039357848 -0.020347256 0.955991685 -0.290028960
1520621250.889163017 0.370331943 0.191856727 0.211740881 0.033636607 -0.018096095 0.963640451 -0.264458299
1520621250.939167976 0.364703953 0.198953390 0.212422013 0.025352040 -0.016790161 0.973034263 -0.228647485
1520621250.989165068 0.359220058 0.205283880 0.213857725 0.017613782 -0.015210711 0.982111931 -0.186854377
1520621251.039166927 0.354783773 0.210673749 0.215023682 0.008791761 -0.011168721 0.990372598 -0.137695923
1520621251.089169264 0.353130400 0.214065433 0.216111094 -0.003161873 0.005229209 -0.996059060 0.088481970
1520621251.139169931 0.347372890 0.216418117 0.216148958 -0.003143229 -0.003015989 -0.998984754 0.044839893
1520621251.189170837 0.338964164 0.217336953 0.216984093 0.009446734 0.010821487 0.999868631 -0.007514679
1520621251.239173174 0.330221683 0.217709467 0.217526063 0.018519714 0.015642118 0.999303341 0.028377285
1520621251.289178133 0.320120275 0.220330566 0.217826605 0.028080570 0.015888475 0.997296512 0.066020735
1520621251.339155197 0.309567034 0.219563216 0.219096035 0.039417777 0.010549317 0.994186103 0.099644177
1520621251.389157057 0.296740174 0.221732795 0.219986498 0.048048489 0.000987916 0.991241872 0.123004124
1520621251.439157963 0.282613337 0.224523574 0.220441401 0.051499162 -0.005757505 0.989756763 0.133027762
1520621251.489160299 0.267446101 0.227997899 0.220821798 0.049002338 -0.006235872 0.989961743 0.132422358
1520621251.539161205 0.250793666 0.234523952 0.221539497 0.036976483 -0.001227341 0.991789460 0.122412920
1520621251.589163065 0.234558493 0.239726573 0.224354848 0.013349493 0.006849265 0.993916869 0.109106444
1520621251.639164209 0.227529019 0.244700730 0.232821837 -0.021533657 0.014882172 0.994845569 0.097965054
1520621251.689147711 0.212502986 0.248657018 0.236969233 -0.063363738 0.019719156 0.993778288 0.089448750
1520621251.739149809 0.196312606 0.251890719 0.241276875 -0.106675588 0.020486800 0.990854084 0.080055721
1520621251.789150715 0.181686208 0.254284978 0.245272979 -0.147134274 0.017775716 0.986625433 0.067867301
1520621251.839152575 0.168166682 0.255968958 0.248411208 -0.183877051 0.013813733 0.981454909 0.052389365
1520621251.889153719 0.156683490 0.256574869 0.250017196 -0.214833990 0.012542541 0.975886405 0.036535963
1520621251.939155817 0.147203237 0.256068081 0.250332892 -0.241038829 0.015797125 0.970097721 0.023690611
1520621251.989156961 0.139857844 0.254788995 0.249559879 -0.260016322 0.023809399 0.965244770 0.011278929
1520621252.039158821 0.135429054 0.252912045 0.248167887 -0.273718715 0.034253068 0.961191297 0.004020634
1520621252.089161873 0.122638285 0.246031150 0.242509738 -0.282926857 0.043191366 0.958168566 0.000065139
1520621252.139163017 0.120756030 0.243183970 0.241017699 -0.286044180 0.049677256 0.956926644 -0.001546049
1520621252.189165115 0.127858520 0.244832441 0.243432492 -0.279553741 0.053285643 0.958647072 -0.002481837
1520621252.239166260 0.126419693 0.243082315 0.242953897 -0.257237077 0.051745709 0.964959979 -0.001947814
1520621252.289168119 0.126646206 0.240682185 0.243162423 -0.222410053 0.044153053 0.973944724 -0.003990802
1520621252.339169979 0.127350062 0.240352884 0.243356407 -0.180164158 0.031761438 0.983122289 -0.001649289
1520621252.389172077 0.128577277 0.240800127 0.242553830 -0.130419433 0.020170502 0.991239250 0.005361946
1520621252.439173222 0.129755586 0.241351619 0.240394488 -0.075832203 0.012699167 0.996973336 0.011507936
1520621252.489175081 0.131022364 0.242641672 0.236348301 -0.019046951 0.010470406 0.999586523 0.018828439
1520621252.539245844 0.131640106 0.241855577 0.232496038 0.037794504 0.010942350 0.998889804 0.025906015
1520621252.589246750 0.132517636 0.243323565 0.227105454 0.093209758 0.011796869 0.994964182 0.034916386
1520621252.639251709 0.124078773 0.241819024 0.219509736 0.148279980 0.011149707 0.987923682 0.043538198
1520621252.689250708 0.144397765 0.245118082 0.219012395 -0.201750919 -0.008072502 -0.978154361 -0.049452636
1520621252.739251614 0.145342648 0.246653587 0.216964245 -0.244640842 -0.001488458 -0.967857182 -0.058320232
1520621252.789252520 0.147369519 0.246001661 0.216164351 0.277090013 -0.007808306 0.958390176 0.068179093
1520621252.839254856 0.148635745 0.245669752 0.216644034 0.300654978 -0.018234113 0.950511158 0.076175407
1520621252.889256716 0.149968922 0.244842619 0.217700139 0.315819919 -0.027662463 0.944812357 0.082596920
1520621252.939222097 0.151209950 0.244111985 0.218569517 0.322838604 -0.033481982 0.941759109 0.088000409
1520621252.989167929 0.152521163 0.244163573 0.218863353 0.321748704 -0.036476973 0.941684842 0.091525942
1520621253.039169073 0.154079184 0.245512724 0.218810543 0.306914806 -0.038615894 0.946280956 0.094152108
1520621253.089170933 0.157183677 0.248671263 0.218671352 0.277208149 -0.040119898 0.955102861 0.096564047
1520621253.139172077 0.159977570 0.252485484 0.218630254 0.236999035 -0.038650006 0.965424955 0.101451531
1520621253.189173937 0.162902936 0.256909370 0.218944311 0.189280123 -0.036891773 0.975614011 0.104830548
1520621253.239174843 0.164381281 0.258312851 0.221476525 -0.137960881 0.035404779 -0.984233201 -0.104873322
1520621253.289177179 0.166218489 0.262238413 0.220972955 -0.088207886 0.031645089 -0.990261614 -0.102956347
1520621253.339153767 0.162315398 0.265721947 0.220912978 0.045140278 -0.023294348 0.993952036 0.097361051
1520621253.389154673 0.161313295 0.269552827 0.219922662 0.001312778 -0.009464099 0.995968759 0.089190803
1520621253.439156532 0.155594319 0.270369112 0.216305807 -0.040244978 0.006046750 0.995924771 0.080483690
1520621253.489157677 0.156192094 0.272906065 0.215584353 -0.080225818 0.020587454 0.994130433 0.069604523
1520621253.539159536 0.157991350 0.274978340 0.216103449 -0.123828612 0.033361055 0.989880264 0.060749985
1520621253.589160681 0.161798298 0.278648347 0.220242471 -0.167647153 0.041675881 0.983511031 0.053513464
1520621253.639162540 0.162248686 0.279750705 0.222644657 -0.209105387 0.043672934 0.975771308 0.047306713
1520621253.689164639 0.163633108 0.281876624 0.227342516 -0.245960906 0.042827703 0.967500329 0.040152028
1520621253.739192486 0.161919177 0.286757410 0.236167356 -0.271272391 0.042006154 0.961010516 0.033252470
1520621253.789194584 0.161367238 0.287272900 0.238793686 -0.278219253 0.041619770 0.959251642 0.026423089
1520621253.839195490 0.160330355 0.285827756 0.239376470 -0.267759413 0.040978428 0.962334394 0.023200257
1520621253.889197588 0.158481970 0.284370691 0.239240348 -0.242106751 0.040857438 0.969120622 0.022807678
1520621253.939198494 0.155937031 0.283439517 0.238554627 -0.210150868 0.039319456 0.976681232 0.019605231
1520621253.989201307 0.153542429 0.283665359 0.237216979 -0.173201188 0.035273150 0.984108865 0.016937265
1520621254.039202452 0.150167644 0.284480214 0.234656632 -0.121650197 0.032680131 0.991930068 0.014420638
1520621254.089204550 0.144655421 0.285024077 0.231129557 -0.059809193 0.031892143 0.997664809 0.008415590
1520621254.139276743 0.139067084 0.285467803 0.228040844 0.001615789 0.028771685 0.999571919 0.005067730
1520621254.189278603 0.134410262 0.285358697 0.225462317 0.060075283 0.021900283 0.997950375 0.002545930
1520621254.239279985 0.127083957 0.285184562 0.229303718 0.109067909 0.014054399 0.993901014 0.008217201
1520621254.289281845 0.125356644 0.283254623 0.228230208 0.144177809 0.002792797 0.989279568 0.023044365
1520621254.339282751 0.126074359 0.278487742 0.229794681 0.156855136 -0.007784820 0.986393452 0.048619006
1520621254.389288664 0.124837413 0.273794472 0.231193662 0.148704946 -0.013748278 0.985638022 0.078839146
1520621254.439285755 0.129182160 0.266510457 0.226617590 0.132612661 -0.018332405 0.986042619 0.098984115
1520621254.489287615 0.125465214 0.262192100 0.232207447 0.111769184 -0.021762464 0.987667501 0.107457325
1520621254.539201975 0.121479109 0.259496897 0.240082502 0.081918634 -0.028697936 0.990270555 0.108766533
1520621254.589293003 0.117009439 0.259015948 0.249832526 0.043057453 -0.039715502 0.992898285 0.103546552
1520621254.639204979 0.111139849 0.259979934 0.259977609 -0.001342023 -0.052358322 0.994544506 0.090211928
1520621254.689207077 0.103077516 0.259985477 0.269546509 -0.048213072 -0.062705480 0.994562864 0.067736611
1520621254.739207983 0.085680649 0.263715327 0.285317540 -0.093001254 -0.064099066 0.993021309 0.033923749
1520621254.789209843 0.071903452 0.263191998 0.292669445 0.135218129 0.060679637 -0.988933265 0.006707037
1520621254.839210987 0.056485519 0.261252046 0.295046091 0.171183720 0.053835791 -0.982403636 0.051777553
1520621254.889212847 0.037073731 0.258596510 0.294806808 -0.195175990 -0.044452317 0.974170864 -0.104506038
1520621254.939214945 0.017492861 0.249167234 0.279312432 -0.202270791 -0.033905007 0.965241432 -0.162006378
1520621254.989156961 -0.004101545 0.246838957 0.272264510 -0.194820762 -0.014560106 0.956343055 -0.217349768
1520621255.039159060 -0.018715680 0.245251954 0.265098780 -0.174521238 0.008612657 0.947890222 -0.266406357
1520621255.089159966 -0.036684424 0.244742230 0.255576998 -0.136546165 0.033433106 0.941538632 -0.306173950
1520621255.139161825 -0.057149395 0.252728581 0.257900387 -0.085774086 0.054776520 0.936811864 -0.334702790
1520621255.189162970 -0.073769569 0.256701887 0.249480247 -0.027558543 0.060801577 0.936755538 -0.343558967
1520621255.239164829 -0.086405545 0.262769699 0.242975339 0.030839877 0.055139255 0.941234052 -0.331793606
1520621255.289166927 -0.095702067 0.270915687 0.237104252 0.083861314 0.041580539 0.948031425 -0.304096818
1520621255.339168072 -0.101214901 0.280208319 0.230810285 0.128468931 0.029225374 0.955459654 -0.264080405
1520621255.389440775 -0.102916665 0.290401787 0.223493606 0.161107615 0.024847925 0.962608337 -0.216360986
1520621255.439441681 -0.100541003 0.301371247 0.215208977 0.178438216 0.031632219 0.970133662 -0.161245272
1520621255.489443541 -0.098117456 0.309131205 0.195231631 0.185902685 0.039918229 0.976124346 -0.105014570
1520621255.539445877 -0.084064044 0.319742292 0.189020365 0.185755938 0.048186757 0.980296731 -0.046809118
1520621255.589447737 -0.071679056 0.332726359 0.196964547 0.173522443 0.050740391 0.983456016 0.011383790
1520621255.639448643 -0.047450110 0.346721113 0.187736690 0.149686009 0.040178645 0.985529959 0.068633489
1520621255.689449787 -0.029677078 0.357925057 0.189025611 0.116690241 0.025121585 0.985338330 0.121904425
1520621255.739451647 -0.012995809 0.366852969 0.194140196 0.076614752 0.006618227 0.982717872 0.168380886
1520621255.789279222 0.002143919 0.376807183 0.201409101 0.030725623 -0.012355316 0.977570891 0.207986847
1520621255.839281321 0.014775097 0.386950314 0.211101666 -0.017695609 -0.030136188 0.970709324 0.237701729
1520621255.889282227 0.024681985 0.398453742 0.222680256 -0.063743435 -0.042453758 0.963906705 0.254986793
1520621255.939284325 0.035483062 0.409061790 0.230388358 -0.105494671 -0.049420405 0.959501326 0.256487221
1520621255.989285469 0.036587775 0.422765583 0.242408097 -0.145936146 -0.049210202 0.957647562 0.243294373
1520621256.039288282 0.033967495 0.436356515 0.253738970 -0.180993378 -0.044983942 0.958651960 0.214952126
1520621256.089289188 0.027851611 0.449667633 0.263524055 -0.209914416 -0.036366738 0.961217940 0.175138652
1520621256.139290333 0.018713094 0.460872471 0.275044620 -0.229368046 -0.022865316 0.964875340 0.126028284
1520621256.189174175 -0.001323291 0.477661759 0.280728072 0.237231806 0.007061482 -0.968823016 -0.071086295
1520621256.239175081 -0.016711123 0.487464756 0.284040451 0.236084089 -0.004758402 -0.971602499 -0.015174242
1520621256.289177418 -0.033530846 0.493265450 0.286852390 -0.228129640 0.010462761 0.972666085 -0.042050604
1520621256.339178324 -0.052918643 0.499922663 0.288974404 -0.209124133 0.009773257 0.972652733 -0.100590035
1520621256.389180183 -0.073360413 0.506372571 0.290476143 -0.180823848 0.003530738 0.970545113 -0.159161910
1520621256.439181328 -0.100224137 0.509721518 0.285894305 -0.147260591 -0.007972236 0.966155052 -0.211648986
1520621256.489183187 -0.121725202 0.515794039 0.285427511 -0.107246563 -0.019727869 0.961242139 -0.253224254
1520621256.539185047 -0.143670380 0.535495043 0.293043643 0.059372697 0.028070575 -0.956631064 0.283802658
1520621256.589282274 -0.166303903 0.542536616 0.288941145 0.006765317 0.034983780 -0.952680111 0.301879227
1520621256.639284372 -0.186452568 0.549730659 0.284617096 -0.049860749 0.035164811 -0.949425578 0.308007300
1520621256.689285278 -0.206398249 0.557074845 0.276711076 -0.101036176 0.029047094 -0.949425220 0.295871198
1520621256.739287376 -0.224808127 0.564207554 0.267160058 0.141653150 -0.017741976 0.952684760 -0.268349588
1520621256.789288521 -0.240780890 0.570367157 0.256068945 0.170455769 -0.003287345 0.958394051 -0.228942990
1520621256.839290380 -0.254023999 0.576149821 0.244354501 0.189189211 0.012342672 0.965474248 -0.178646892
1520621256.889292240 -0.264125556 0.580852926 0.233106405 0.199583530 0.025782656 0.972190499 -0.119780779
1520621256.939293385 -0.276459098 0.578043580 0.212467939 0.200592935 0.029488733 0.977689624 -0.054917485
1520621256.989232302 -0.272410274 0.590903401 0.215601042 0.194747359 0.030334657 0.980330706 0.010246914
1520621257.039233208 -0.274120867 0.589429736 0.210042864 0.178321823 0.021498386 0.981179357 0.070896447
1520621257.089235544 -0.276508689 0.583538353 0.206673741 0.156262517 0.011060940 0.979978442 0.122890443
1520621257.139237404 -0.277705133 0.577362776 0.205181390 0.129929796 0.002918717 0.976537228 0.171711430
1520621257.189239264 -0.278851748 0.570444345 0.205506653 0.099024981 -0.001238575 0.971160889 0.216884956
1520621257.239240408 -0.279656708 0.568248928 0.208469018 -0.062022142 0.002118866 -0.963769257 -0.259417683
1520621257.289242268 -0.281036675 0.559667051 0.212617710 -0.021566356 0.003684807 -0.955109298 -0.295444727
1520621257.339243174 -0.283513963 0.550070167 0.218130589 -0.023398615 -0.004515576 0.946309388 0.322382987
1520621257.389245510 -0.286015987 0.548825741 0.224433020 0.071460389 0.000390122 -0.938126683 -0.338838875
1520621257.439370155 -0.290305734 0.541334093 0.229942992 0.116115712 -0.009088340 -0.933261693 -0.339790046
1520621257.489371300 -0.296807051 0.534301400 0.234662741 -0.152288586 0.022306256 0.933289766 0.324470192
1520621257.539372206 -0.306032419 0.521227300 0.237539917 -0.177175015 0.038217105 0.938957274 0.292417020
1520621257.589378357 -0.316244423 0.521786332 0.241007999 -0.195948780 0.059644528 0.945988953 0.251299858
1520621257.639375448 -0.327651292 0.508784831 0.241425961 -0.213594615 0.082684845 0.951112926 0.207182899
1520621257.689377308 -0.341529310 0.504898131 0.242330819 -0.223243728 0.098891005 0.957042158 0.156374872
1520621257.739378214 -0.356608182 0.504108191 0.244283319 -0.223950624 0.103013009 0.963428795 0.105068892
1520621257.789380312 -0.373802185 0.498121858 0.236868888 -0.210401475 0.093910016 0.971812129 0.049933430
1520621257.839359999 -0.389450103 0.501067758 0.239012867 -0.185184494 0.078392103 0.979538858 -0.008072280
1520621257.889358044 -0.413076758 0.515665531 0.241957992 -0.150265589 0.059826776 0.984766185 -0.063849114
1520621257.939359188 -0.430799514 0.518631339 0.241337895 -0.106452070 0.039521925 0.987041414 -0.113381207
1520621257.989361048 -0.446732342 0.515826285 0.239914566 -0.057229768 0.022166468 0.986384153 -0.152576938
1520621258.039361954 -0.460558444 0.516518533 0.236447528 -0.002837115 0.012186426 0.983353853 -0.181269944
1520621258.089364290 -0.474947095 0.513914168 0.235131457 0.050723806 0.013232002 0.979444027 -0.194785833
1520621258.139366150 -0.479353100 0.526799858 0.222300231 0.099275157 0.019865165 0.975834906 -0.193639100
1520621258.189367056 -0.486134827 0.531414330 0.215082198 0.137314573 0.026746510 0.974501491 -0.175431713
1520621258.239450693 -0.489819765 0.534777403 0.208161786 0.165883377 0.031871159 0.975612819 -0.140166059
1520621258.289451599 -0.490783691 0.537572384 0.201589614 0.183594108 0.034716312 0.978237212 -0.090221800
1520621258.339453459 -0.489741206 0.539012849 0.195786178 0.191883445 0.033209544 0.980193198 -0.036044642
1520621258.389454603 -0.486268044 0.539272666 0.191097930 0.190234467 0.029503558 0.981099963 0.019577496
1520621258.439456463 -0.484015226 0.536771059 0.192165762 0.180104762 0.026818326 0.980535567 0.073438317
1520621258.489458323 -0.469562173 0.539973974 0.181788027 0.166529983 0.024702469 0.978261769 0.121084772
1520621258.539459467 -0.461965024 0.537808657 0.179912776 0.141072705 0.024464346 0.975285888 0.168278143
1520621258.589461565 -0.454251111 0.531914294 0.181910098 0.102454484 0.019762363 0.971587718 0.212437958
1520621258.639407635 -0.445784688 0.525619388 0.186772212 0.054140188 0.006017016 0.966265678 0.251720548
1520621258.689409494 -0.438241422 0.519178689 0.193921104 0.002787183 -0.014022841 0.959759355 0.280459732
1520621258.739410639 -0.430971980 0.516925275 0.200606525 0.047639064 0.033171140 -0.953592837 -0.295450419
1520621258.789412498 -0.426545680 0.512537420 0.208566099 0.096109062 0.046840906 -0.949304163 -0.295619220
1520621258.839414597 -0.425197244 0.509214759 0.216316640 -0.140017197 -0.054264616 0.947917163 0.280898005
1520621258.889415741 -0.426475108 0.507440746 0.223147601 -0.172060430 -0.056685984 0.950408757 0.252794921
1520621258.939417601 -0.432179630 0.506960392 0.229273692 -0.186423108 -0.056829955 0.957705557 0.211700231
1520621258.989418745 -0.442525923 0.507901311 0.234144241 -0.182938501 -0.054191187 0.968861461 0.157811329
1520621259.039252520 -0.456540883 0.508169353 0.238470837 -0.171432123 -0.049798347 0.978913605 0.099294268
1520621259.089253664 -0.474196464 0.505731463 0.243570566 -0.153240472 -0.048420426 0.986300349 0.037209161
1520621259.139255524 -0.493072063 0.506101787 0.247341812 -0.133946508 -0.051783212 0.989344478 -0.023965262
1520621259.189257383 -0.516319275 0.507088542 0.251854122 -0.113037258 -0.060562920 0.988456011 -0.080681227
1520621259.239258528 -0.535542369 0.509708762 0.255146235 -0.090569593 -0.067863755 0.984701872 -0.132491112
1520621259.289260626 -0.555440605 0.519674301 0.255852371 0.065290608 0.072236985 -0.979483426 0.176440299
1520621259.339261532 -0.571280003 0.522643387 0.258315355 0.030170094 0.073554538 -0.973119855 0.216142192
1520621259.389263630 -0.583580971 0.523893178 0.259399831 -0.010668938 0.068325721 -0.966033995 0.248990119
1520621259.439270735 -0.592158794 0.525497437 0.258746982 -0.052742627 0.057543196 -0.958959699 0.272586375
1520621259.489310741 -0.596383452 0.528875113 0.255951732 0.089868769 -0.045427952 0.954190135 -0.281746686
1520621259.539273500 -0.595640898 0.532909334 0.251153708 0.123277701 -0.034646951 0.951864481 -0.278489262
1520621259.589275599 -0.589730322 0.537458003 0.243491277 0.149931058 -0.029437548 0.951516330 -0.266965985
1520621259.639276505 -0.578551531 0.542751372 0.232334375 0.165688559 -0.029104818 0.954068244 -0.247899324
1520621259.689278603 -0.562313676 0.548384011 0.218186438 0.168895751 -0.031522591 0.958465278 -0.227651030
1520621259.739280701 -0.544158280 0.556556463 0.202697039 -0.160455421 0.033425897 -0.964395702 0.207551882
1520621259.789281607 -0.519296646 0.561157584 0.185151845 -0.147016287 0.032243282 -0.969700217 0.192426860
1520621259.839283705 -0.489221066 0.562118828 0.168615580 0.132278875 -0.026060058 0.974521756 -0.179249987
1520621259.889309406 -0.455699682 0.561335564 0.152427450 0.119867295 -0.016605133 0.978432775 -0.167407870
1520621259.939311504 -0.418066710 0.558291554 0.137050346 0.108500324 -0.008220210 0.981887400 -0.155104071
1520621259.989312410 -0.376894563 0.553587973 0.121803448 0.099804081 -0.002945828 0.984789670 -0.142196611
1520621260.039314508 -0.328790843 0.542471826 0.108657971 0.091105342 -0.000144712 0.987411618 -0.129298314
1520621260.089316607 -0.281232864 0.535688043 0.090904936 0.083629638 0.002282171 0.989844859 -0.114926651
1520621260.139317513 -0.230185628 0.528551638 0.071471892 0.077508673 0.008000974 0.992095828 -0.098358124
1520621260.189319372 -0.176362246 0.521488667 0.051552080 0.074804150 0.017123714 0.993744731 -0.081133306
1520621260.239320517 -0.116946816 0.519796014 0.027381102 0.074068047 0.027764440 0.994859815 -0.063221969
1520621260.289389610 -0.057943575 0.511820972 0.009884112 0.072761185 0.038730215 0.995579660 -0.045022830
1520621260.339390516 0.002697013 0.501104116 -0.004928745 0.072548673 0.047150888 0.995879948 -0.027141387
1520621260.389392614 0.064251006 0.490858495 -0.018171057 0.074248947 0.051729262 0.995831370 -0.011452806
1520621260.439394474 0.125928551 0.479920745 -0.029756166 0.078020543 0.053209145 0.995530784 0.000299630
1520621260.489396572 0.187803701 0.468539834 -0.040281989 0.080985814 0.053154085 0.995242119 0.010445265
1520621260.539397717 0.253121197 0.457586050 -0.051069248 0.081894830 0.051913507 0.995091140 0.019798629
1520621260.589399576 0.315601707 0.447708756 -0.060163748 0.081207670 0.051418770 0.994890630 0.030890411
1520621260.639401436 0.378325373 0.437910229 -0.067211568 0.081073619 0.051826317 0.994463444 0.042233866
1520621260.689656973 0.440671027 0.428703964 -0.071881607 0.079737157 0.053408634 0.993903399 0.054273274
1520621260.739657879 0.502106428 0.419399917 -0.072701253 0.076097630 0.054826550 0.993210971 0.068813398
1520621260.789660215 0.562573254 0.409744501 -0.069111422 0.070434012 0.051725753 0.992518723 0.085265696
1520621260.839661121 0.621582508 0.398759723 -0.061670735 0.066421486 0.045464799 0.991710186 0.100160658
1520621260.889662981 0.678752422 0.385955632 -0.049984485 0.062139209 0.040983081 0.990523160 0.115425445
1520621260.939664125 0.739387274 0.371434391 -0.034638926 0.054615289 0.041111100 0.988649845 0.133785933
1520621260.989665985 0.791090250 0.356430829 -0.017106779 0.050611664 0.039787844 0.986987710 0.147345260
1520621261.039668083 0.840600908 0.342462957 0.002306908 0.047643553 0.035282962 0.985737026 0.157504588
1520621261.089677811 0.889150441 0.329464853 0.022538140 0.042126384 0.030166622 0.984163463 0.169521764
1520621261.139752626 0.937958598 0.315975130 0.043139115 0.033863563 0.025541227 0.982304156 0.182426482
1520621261.189680815 0.981526017 0.306021094 0.063285209 0.028165674 0.019480428 0.980487943 0.193573818
1520621261.239681721 1.020679474 0.298439562 0.083639950 0.024241665 0.013400164 0.979084611 0.201559395
1520621261.289683819 1.056363106 0.290016294 0.106338441 -0.017591793 -0.009141180 -0.977788508 -0.208654612
1520621261.339685917 1.083834648 0.285891652 0.129677325 -0.008766135 -0.001383701 -0.976751328 -0.214192078
1520621261.389686823 1.103623629 0.283933401 0.155280039 -0.000133187 -0.008985856 0.976824164 0.213854805
1520621261.439688683 1.116966128 0.283239245 0.181522205 -0.007823642 -0.013678606 0.977533460 0.210190654
1520621261.489449024 1.124660254 0.282953382 0.207351550 -0.017084429 -0.011609403 0.977023721 0.212127641
1520621261.539450884 1.125547767 0.282736421 0.233174235 -0.024335621 -0.009782517 0.976488769 0.213966653
1520621261.589452028 1.119511008 0.282684803 0.259206831 -0.028456464 -0.013120088 0.976515293 0.213157326
1520621261.639453888 1.106943488 0.282607436 0.285119951 -0.029390251 -0.019138442 0.977733612 0.206898347
1520621261.689455986 1.088195086 0.281300068 0.309685886 -0.029009890 -0.025461851 0.979144454 0.199465200
1520621261.739457130 1.063831806 0.279665112 0.332036734 -0.028882505 -0.032690726 0.980317414 0.192548335
1520621261.789458990 1.034157753 0.276515722 0.351293772 -0.029169016 -0.041134756 0.980572701 0.189563483
1520621261.839460135 1.003256202 0.272364676 0.368245959 0.030699629 0.047866669 -0.980489850 -0.188164875
1520621261.889461994 0.964922547 0.268585801 0.375563681 0.033451837 0.051505793 -0.980201364 -0.188237861
1520621261.939325809 0.921809077 0.264490843 0.376115739 -0.035746071 -0.054563615 0.979688525 0.189619184
1520621261.989326954 0.874060571 0.258293152 0.370775163 -0.036762994 -0.058466814 0.979587972 0.188779369
1520621262.039327860 0.822891951 0.250421524 0.359594643 -0.036511928 -0.061988868 0.980005383 0.185509324
1520621262.089329958 0.769340992 0.241797566 0.342636764 -0.036392946 -0.062676951 0.980764270 0.181242108
1520621262.139331818 0.714169979 0.232362866 0.320382655 -0.035294991 -0.059978575 0.981892347 0.176194131
1520621262.189332724 0.657438636 0.222302556 0.293455243 -0.032388482 -0.053462297 0.983515024 0.169679269
1520621262.239336014 0.598673642 0.212073267 0.261193782 -0.030234059 -0.042292669 0.985747099 0.160000145
1520621262.289336920 0.542822003 0.201813161 0.231222525 -0.031501845 -0.026136687 0.987707078 0.150861844
1520621262.339380503 0.484581351 0.192867279 0.195503399 -0.033357259 -0.006292801 0.989633679 0.139545634
1520621262.389382362 0.424621493 0.183360040 0.161028177 -0.036369629 0.014323733 0.991342843 0.125345722
1520621262.439383268 0.365488619 0.174449950 0.127002418 -0.038685925 0.031692293 0.992591083 0.110733904
1520621262.489385366 0.304166794 0.165939420 0.093194395 -0.041347340 0.042038430 0.993579090 0.096560292
1520621262.539386272 0.242484927 0.157340795 0.061104298 -0.047956966 0.043960720 0.994148135 0.086238451
1520621262.589388371 0.179566726 0.149245813 0.030610498 -0.054362871 0.036393777 0.994688451 0.079467289
1520621262.639390469 0.113939181 0.141863450 0.000839581 -0.056227393 0.022641463 0.995467305 0.073285177
1520621262.689391375 0.048628561 0.134503931 -0.026630526 -0.049972292 0.009829259 0.996392548 0.067882523
1520621262.739525795 -0.018564112 0.126949370 -0.052989792 -0.044520207 0.000022857 0.997127593 0.061275385
1520621262.789528131 -0.087859377 0.118638255 -0.078321889 -0.045144334 -0.005383145 0.997705340 0.050171733
1520621262.839529037 -0.159381986 0.107542329 -0.101843268 -0.046197448 -0.006016513 0.998351574 0.033523198
1520621262.889530897 -0.232186615 0.093776919 -0.122520186 -0.046086725 -0.002482720 0.998798847 0.016456058
1520621262.939532995 -0.306161374 0.077471457 -0.140709311 -0.044726804 0.001634203 0.998991370 -0.003632555
1520621262.989533901 -0.380223721 0.059181638 -0.154834017 -0.043802686 0.002684261 0.998707473 -0.025643947
1520621263.039535761 -0.456883579 0.040636659 -0.162824661 -0.042655844 0.002816575 0.997935951 -0.047921825
1520621263.089536905 -0.530076563 0.020464361 -0.168944955 -0.038206298 0.002681613 0.996786475 -0.070354916
1520621263.139531851 -0.602614939 -0.002364561 -0.175519317 0.032564357 -0.004797682 -0.995069683 0.093556754
1520621263.189532757 -0.673561394 -0.019351900 -0.171344087 0.026818493 -0.015455140 -0.992684305 0.116704129
1520621263.239534616 -0.743763864 -0.033233106 -0.160576433 -0.018850736 0.033322457 0.989519954 -0.139228761
1520621263.289536715 -0.811952174 -0.043223739 -0.144777477 -0.010329291 0.051636096 0.985905826 -0.158798009
1520621263.339537621 -0.877729177 -0.050399840 -0.123497941 -0.000051844 0.066161178 0.982428908 -0.174516931
1520621263.389539480 -0.937335134 -0.051358879 -0.094364822 0.009992274 0.076142244 0.979914069 -0.184040815
1520621263.439540625 -0.989734232 -0.048580706 -0.060155123 0.018202953 0.083304659 0.978647470 -0.187024415
1520621263.489542723 -1.033995509 -0.040306509 -0.021447446 0.030131502 0.090195164 0.977788627 -0.186779082
1520621263.539738894 -1.069549441 -0.027343929 0.019406386 0.043289643 0.095461547 0.977367997 -0.183752596
1520621263.589739799 -1.096518040 -0.008616984 0.060610041 0.053101242 0.096273847 0.978131413 -0.176551998
1520621263.639741898 -1.116236091 0.016187489 0.100914292 0.060437858 0.092051193 0.979635358 -0.167894065
1520621263.689742804 -1.129684210 0.042644262 0.136908129 0.064569525 0.084268458 0.981858969 -0.157107100
1520621263.739745140 -1.138562083 0.075058222 0.170902312 0.068589732 0.074114591 0.983624279 -0.149284378
1520621263.789745808 -1.143568873 0.110853553 0.201841921 0.070994124 0.061384190 0.985077381 -0.144272417
1520621263.839747906 -1.144280434 0.146519780 0.231323808 0.070803612 0.048049804 0.986437142 -0.140071005
1520621263.889750004 -1.142244697 0.186153591 0.255531996 0.067779742 0.037046220 0.987984836 -0.133863837
1520621263.939842463 -1.137254357 0.227710664 0.277327687 0.064209834 0.029525237 0.989220798 -0.128248349
1520621263.989844561 -1.129216313 0.268435776 0.298512816 0.061685633 0.026576646 0.990100205 -0.123248763
1520621264.039845705 -1.117838144 0.311163902 0.318624794 0.058794349 0.025999345 0.990764260 -0.119388513
1520621264.089847565 -1.103300571 0.354316592 0.339394748 0.053812616 0.024649832 0.991956353 -0.111889958
1520621264.139848471 -1.087844610 0.399045765 0.357980669 0.047623817 0.019696126 0.992943943 -0.106801026
1520621264.189850569 -1.070598841 0.442764401 0.376279563 0.037566926 0.011946701 0.993881941 -0.103173614
1520621264.239852428 -1.051682234 0.484992504 0.393864512 0.024864964 0.000996182 0.994980395 -0.096926704
1520621264.289853334 -1.032698154 0.526215792 0.410493582 0.017295407 -0.013599201 0.995813549 -0.088721201
1520621264.339855671 -1.013128519 0.563714743 0.427465498 -0.013280648 0.027767703 -0.996054709 0.083232358
1520621264.389584541 -0.993886530 0.601434171 0.438460946 -0.014793939 0.036377363 -0.995728314 0.083564848
1520621264.439586878 -0.973395705 0.637547016 0.443430841 0.016428767 -0.037866224 0.995493472 -0.085376263
1520621264.489587784 -0.951051176 0.671681464 0.440539539 0.016196460 -0.037289076 0.995472968 -0.085911877
1520621264.539589643 -0.926791072 0.703797102 0.430873275 0.017373834 -0.039007254 0.995631993 -0.083027333
1520621264.589590788 -0.901302397 0.734482050 0.416200042 0.023612387 -0.043830384 0.995350659 -0.082452409
1520621264.639592648 -0.874726713 0.763477087 0.399735808 -0.027972924 0.049682628 -0.994868517 0.083581313
1520621264.689593792 -0.845398605 0.790794253 0.380074918 -0.027718876 0.054304790 -0.994717836 0.082577884
1520621264.739595890 -0.812462509 0.815421581 0.357915938 0.025714783 -0.056162156 0.995059550 -0.077724271
1520621264.789453745 -0.776995778 0.835401654 0.335923314 0.023539810 -0.055743571 0.995631039 -0.071115516
1520621264.839456081 -0.739570618 0.851673126 0.313340664 0.019813916 -0.053828415 0.996248484 -0.064798869
1520621264.889457941 -0.700742960 0.865007281 0.289644182 0.014461402 -0.051315702 0.996848464 -0.058742359
1520621264.939458847 -0.660688639 0.874721646 0.264368922 0.009850464 -0.048350759 0.997317612 -0.054063618
1520621264.989460945 -0.620414436 0.881014109 0.236696392 -0.005353674 0.043922734 -0.997526050 0.054625127
1520621265.039461851 -0.578892410 0.883573055 0.207060784 0.000098127 0.037540361 -0.997728169 0.055939868
1520621265.089463711 -0.536115885 0.883162141 0.175410822 -0.008323958 -0.030503154 0.997679889 -0.060292438
1520621265.139464855 -0.492318571 0.878686190 0.142757580 -0.016937759 -0.022341426 0.997282147 -0.068134852
1520621265.189616442 -0.447589755 0.869749784 0.110065982 -0.021671267 -0.014456844 0.996575058 -0.078483090
1520621265.239617586 -0.400862157 0.856274903 0.077960953 -0.026862670 -0.006943236 0.996030927 -0.084573738
1520621265.289619446 -0.352699131 0.839786649 0.046643186 -0.031490218 -0.000531950 0.995789945 -0.086084194
1520621265.339621305 -0.303725839 0.819781423 0.016101947 -0.035522487 0.005867304 0.995736122 -0.084931515
1520621265.389622450 -0.254095823 0.795553565 -0.013025245 -0.038446959 0.012813346 0.995862186 -0.081340507
1520621265.439624548 -0.204630286 0.767154515 -0.041156527 -0.039602485 0.018804763 0.996072054 -0.076932386
1520621265.489626408 -0.154779643 0.734253168 -0.069437139 -0.039363466 0.023979198 0.996334612 -0.072062165
1520621265.539627552 -0.105056748 0.696975827 -0.094956785 -0.038638778 0.029592182 0.996505201 -0.067888074
1520621265.589982033 -0.054909948 0.655360401 -0.118194319 -0.036061373 0.035443317 0.996726871 -0.063079044
1520621265.639983892 -0.004321873 0.610938907 -0.140017942 -0.034861386 0.043409660 0.996722698 -0.058688145
1520621265.689984798 0.047461465 0.563860357 -0.159582853 -0.033602007 0.054516330 0.996499479 -0.053738125
1520621265.739985943 0.099920750 0.515512347 -0.176510558 -0.030392770 0.068201862 0.995934010 -0.050400991
1520621265.789991856 0.152080491 0.465578914 -0.191735476 -0.030050272 0.081989802 0.994960964 -0.049269523
1520621265.839989662 0.204536706 0.417562395 -0.203618512 -0.033107664 0.093757004 0.993831158 -0.049123842
1520621265.889990807 0.257222384 0.369625926 -0.213118255 -0.037035633 0.103645876 0.992683768 -0.049648210
1520621265.939991713 0.311642379 0.320873916 -0.223329648 -0.038446929 0.112605125 0.991695106 -0.048814006
1520621265.990137100 0.364154816 0.275145620 -0.231142372 -0.036835529 0.120801896 0.990878761 -0.047003604
1520621266.040154219 0.416247547 0.231465891 -0.238537610 -0.031009676 0.128221452 0.990271926 -0.044263445
1520621266.090140104 0.468967378 0.189745948 -0.246126369 -0.024938557 0.134250626 0.989891887 -0.038327295
1520621266.140141964 0.522393525 0.150097579 -0.253741384 -0.018167207 0.137725681 0.989784002 -0.032081954
1520621266.190143347 0.579779267 0.109497577 -0.262617558 -0.011832653 0.138075486 0.990082383 -0.023068739
1520621266.240145206 0.636261940 0.072996281 -0.268968731 -0.002966898 0.134381637 0.990846455 -0.012494923
1520621266.290146112 0.694100559 0.037824810 -0.271690249 0.003789506 0.124336444 0.992232561 0.000881920
1520621266.340148211 0.752895236 0.003849126 -0.270980656 0.010493302 0.109919041 0.993768573 0.015227984
1520621266.390149117 0.810379326 -0.028016351 -0.265229851 0.009182479 0.099694394 0.994397402 0.033919636
1520621266.440282106 0.867965758 -0.061082169 -0.254766941 -0.000889222 0.099294245 0.993390024 0.057586096
1520621266.490283966 0.919345379 -0.089477077 -0.239252418 -0.008902199 0.106027722 0.991120577 0.079742230
1520621266.540284872 0.966111839 -0.116104349 -0.219051436 -0.011250862 0.113849692 0.988410830 0.099778891
1520621266.590287209 1.006256819 -0.135287791 -0.194092676 -0.011742196 0.117708363 0.985911667 0.118258566
1520621266.640288115 1.040425420 -0.148736209 -0.164169624 -0.015336392 0.114812098 0.983884573 0.136213899
1520621266.690289974 1.069065690 -0.158633083 -0.129638687 -0.020679591 0.107053444 0.982267380 0.152521074
1520621266.740291119 1.089096904 -0.161201835 -0.091013171 -0.027168741 0.096007749 0.980935752 0.166761562
1520621266.790292978 1.101344585 -0.159320682 -0.049254436 -0.033899210 0.082773767 0.979892731 0.178352520
1520621266.839957237 1.104882121 -0.153567374 -0.006500024 -0.038724910 0.069788426 0.979375124 0.185619086
1520621266.889959097 1.100070477 -0.144417405 0.036222827 -0.043568309 0.057499528 0.979362845 0.188796580
1520621266.939961195 1.087296128 -0.132343590 0.077304482 -0.049578130 0.045374978 0.979962111 0.187503263
1520621266.989963293 1.066005230 -0.120736420 0.115757845 -0.056871425 0.034532294 0.980877161 0.182902291
1520621267.039964199 1.037928581 -0.105302453 0.149477541 -0.064590968 0.026346581 0.981792808 0.176682964
1520621267.089966059 1.002347946 -0.087666571 0.178917348 -0.072028153 0.018393409 0.982627988 0.170047060
1520621267.139967203 0.959660351 -0.070041627 0.202760786 -0.077850677 0.008681789 0.983924329 0.160489514
1520621267.189969063 0.910491228 -0.052583277 0.220472574 -0.079064831 -0.004124989 0.985716462 0.148643285
1520621267.239810228 0.856100976 -0.035803169 0.232063502 -0.077471673 -0.017812122 0.987860143 0.133466452
1520621267.289811373 0.797338963 -0.019913495 0.236796379 -0.071444497 -0.029583342 0.990336061 0.115130678
1520621267.339813471 0.736365736 -0.004956692 0.233613282 -0.060836878 -0.034239735 0.992840469 0.096924707
1520621267.389814377 0.672808766 0.009544581 0.223264396 0.049301259 0.030496046 -0.995210767 -0.078708015
1520621267.439816475 0.609695733 0.023798212 0.206333488 0.035291381 0.019119218 -0.997628510 -0.055914197
1520621267.489817381 0.547064066 0.039082751 0.184857249 -0.020013047 -0.001302742 0.999334574 0.030467900
1520621267.539818287 0.484041184 0.052600797 0.160923138 -0.004413762 0.019461464 0.999791741 0.004266590
1520621267.589820385 0.422372162 0.064809285 0.135768190 0.005272110 0.039741728 0.999000013 -0.019795272
1520621267.639760733 0.363120109 0.076627545 0.110180609 0.008602766 0.056627356 0.997564435 -0.039806299
1520621267.689811707 0.306220353 0.088792995 0.084726751 0.010653585 0.070042282 0.995797873 -0.058027864
1520621267.739764690 0.252625495 0.101270139 0.059818096 0.012639380 0.080233425 0.993972361 -0.073633507
1520621267.789765596 0.201561749 0.114607647 0.035478294 0.014121476 0.086285770 0.992488086 -0.085573800
1520621267.839767456 0.155532286 0.130004853 0.012220005 0.015168738 0.089696601 0.991400123 -0.094075888
1520621267.889768600 0.112565607 0.147421688 -0.009335449 0.016791241 0.095358007 0.990311861 -0.099535428
1520621267.939770699 0.070891723 0.166405886 -0.027422708 0.026678747 0.105260409 0.988430262 -0.105897427
1520621267.989771605 0.030434564 0.186788917 -0.040897712 0.042072125 0.118508399 0.985544086 -0.113528065
1520621268.039870739 -0.008157194 0.208821252 -0.048793286 0.055872031 0.130204484 0.982602596 -0.120072111
1520621268.089872599 -0.043876830 0.231593832 -0.050721962 0.060864754 0.134727478 0.981323719 -0.123076588
1520621268.139873743 -0.077215239 0.255001634 -0.046883408 0.061517578 0.131153107 0.981549203 -0.124802992
1520621268.189875603 -0.108821660 0.277889580 -0.038031358 0.067357011 0.122825034 0.981469274 -0.130748570
1520621268.239876747 -0.137124330 0.299832404 -0.025986087 0.072342113 0.115860380 0.981021106 -0.137624905
1520621268.289878845 -0.160858989 0.320964336 -0.013005730 0.068868667 0.111119911 0.981102884 -0.142641827
1520621268.339879751 -0.179006472 0.343495637 -0.000698894 0.057870764 0.104443461 0.983097732 -0.138786063
1520621268.389881849 -0.191224948 0.363094926 0.008342475 0.048458446 0.094547413 0.985771537 -0.130257532
1520621268.440059662 -0.201811284 0.386189342 0.016250834 0.044983421 0.085732773 0.987412214 -0.125074238
1520621268.490060806 -0.210281923 0.408639044 0.021833681 0.038427021 0.078661479 0.989422321 -0.115668707
1520621268.540062666 -0.215619594 0.431482613 0.025114659 0.033426661 0.071754269 0.991395652 -0.104252957
1520621268.590063572 -0.219501317 0.453147709 0.027567282 0.031119881 0.063326217 0.993007481 -0.094644144
1520621268.640065908 -0.222086221 0.473629355 0.029887989 0.029635767 0.053107027 0.994696975 -0.082941324
1520621268.690067768 -0.223075897 0.493817449 0.032215878 0.024531245 0.039823599 0.996717155 -0.066085517
1520621268.740069628 -0.223092467 0.513655961 0.034846283 0.021227572 0.024476375 0.998359442 -0.047209207
1520621268.790070772 -0.222450286 0.533299446 0.037652709 0.018897207 0.009615857 0.999425888 -0.026427107
1520621268.840071678 -0.221801206 0.556119621 0.040248282 0.018496903 -0.002976650 0.999814510 -0.004468343
1520621268.889868259 -0.219843924 0.574970901 0.041260026 0.017136708 -0.010286319 0.999638796 0.017966868
1520621268.939869165 -0.217359692 0.585998714 0.041174624 -0.014400465 0.012244960 -0.999167085 -0.036164250
1520621268.989871025 -0.216057807 0.600939929 0.039481260 -0.016218636 0.009793563 -0.998786867 -0.045451835
1520621269.039872169 -0.213940859 0.614661396 0.037117921 0.016652748 -0.005241373 0.998260677 0.056310900
1520621269.089874268 -0.210806757 0.625176668 0.034514733 0.017872196 -0.002890071 0.997521222 0.067997374
1520621269.139877081 -0.207868308 0.633177459 0.031245165 0.016910000 -0.001642055 0.997173965 0.073181301
1520621269.189877272 -0.205636859 0.638740540 0.027880896 0.014989945 -0.000269162 0.997297943 0.071917988
1520621269.239880085 -0.205405623 0.643158793 0.024392636 0.014791978 0.001870344 0.997788608 0.064774282
1520621269.289767027 -0.206879675 0.647184908 0.019956345 0.010123605 0.006045561 0.998271763 0.057572279
1520621269.339848042 -0.208227396 0.651654124 0.015755678 0.006941150 0.007996918 0.998586953 0.052077569
1520621269.389770031 -0.207628012 0.656990111 0.012464111 0.007780939 0.008924302 0.998656929 0.050440241
1520621269.439771891 -0.205760330 0.662195206 0.008743248 0.005789188 0.012324113 0.998389006 0.055082805
1520621269.489772797 -0.204568028 0.668338001 0.005388072 0.001276046 0.014077357 0.998065531 0.060543977
1520621269.539774895 -0.203401774 0.672933042 0.002552686 0.000704383 0.013506131 0.998039544 0.061108615
1520621269.589775801 -0.201415479 0.677214622 0.000387064 0.001556729 0.012508659 0.998150527 0.059469793
1520621269.639777899 -0.199576408 0.681317270 -0.000537337 0.003485170 0.011144985 0.998186707 0.059050824
1520621269.689914465 -0.198428452 0.685238838 -0.000745640 0.005656416 0.011955547 0.998207986 0.058360767
1520621269.739915371 -0.197292030 0.689114034 0.000246559 0.006302547 0.013395128 0.998077631 0.060182780
1520621269.789917231 -0.196447343 0.692821860 0.002968114 0.007255659 0.011983855 0.997907221 0.063126713
1520621269.839918375 -0.195874661 0.696140945 0.007244840 0.008960654 0.007705368 0.997817159 0.064971872
1520621269.889920235 -0.195153594 0.699377596 0.012059854 0.007330105 0.002987964 0.997752368 0.066540442
1520621269.939921141 -0.194502324 0.702985525 0.017025070 0.003434787 -0.001968642 0.997734666 0.067156203
1520621269.989923239 -0.194399625 0.707398236 0.023173433 -0.001998522 0.006720746 -0.997859299 -0.065020494
1520621270.039925337 -0.193948656 0.710981190 0.029380504 -0.001521768 0.009081007 -0.998046637 -0.061790783
1520621270.089969873 -0.193491042 0.714673102 0.035582315 0.002731516 -0.008979344 0.998168886 0.059756994
1520621270.139971733 -0.192607671 0.718544364 0.041021999 0.006000107 -0.006790297 0.998179853 0.059623271
1520621270.189972878 -0.191943198 0.722223520 0.045832407 0.010236415 -0.004205663 0.998197854 0.058980078
1520621270.239974976 -0.191425323 0.725611925 0.050073572 0.014276862 -0.002110893 0.998161256 0.058871485
1520621270.289976835 -0.191092134 0.728507519 0.053758666 0.015576279 -0.001619772 0.998139381 0.058928736
1520621270.339977980 -0.191052139 0.730742991 0.057203323 0.014660771 -0.003079344 0.998174906 0.058501516
1520621270.389979839 -0.191475511 0.732562721 0.060167838 0.011974066 -0.005043246 0.998328626 0.056313716
1520621270.439980745 -0.191904843 0.733697414 0.062330402 0.007687698 -0.006634667 0.998450100 0.054721162
1520621270.489943981 -0.191135079 0.735147178 0.063614450 -0.004042715 0.009243844 -0.998437464 -0.054962441
1520621270.539945126 -0.190651983 0.736258149 0.065399557 -0.002655531 0.013717913 -0.998325765 -0.056129564
1520621270.589947224 -0.189475983 0.736485839 0.066209421 0.001698611 -0.016220048 0.998223424 0.057307243
1520621270.639948130 -0.188555419 0.736739993 0.066343673 0.001801385 -0.015787669 0.998196542 0.057890732
1520621270.689950228 -0.187927961 0.736499012 0.066015095 0.003513837 -0.012961417 0.998328090 0.056219719
1520621270.739951134 -0.186998159 0.736274481 0.066121548 0.004533757 -0.011275792 0.998388112 0.055440146
1520621270.789953947 -0.185915530 0.736100256 0.067366317 0.004958465 -0.013081829 0.998378158 0.055185448
1520621270.839955091 -0.185092330 0.736009181 0.069462754 0.004182555 -0.017027842 0.998293459 0.055703115
1520621270.889923811 -0.184548974 0.735482275 0.071628921 0.005014485 -0.018309383 0.998285294 0.055373311
1520621270.939927816 -0.184376806 0.734609306 0.073196456 0.006632838 -0.018074077 0.998430252 0.052598108
1520621270.989926577 -0.184351802 0.733644843 0.074542582 0.006069364 -0.019040022 0.998537481 0.050236512
1520621271.039928913 -0.183377087 0.732486606 0.074989930 -0.003822475 0.022414664 -0.998571277 -0.048356947
1520621271.089929819 -0.183666468 0.731826305 0.076144174 -0.002435039 0.025738502 -0.998567820 -0.046839554
1520621271.139931679 -0.184265584 0.731163919 0.076571599 0.002313602 -0.027451536 0.998650670 0.044022914
1520621271.189932823 -0.184477150 0.730781317 0.077031031 0.002714136 -0.026587529 0.998753071 0.042167116
1520621271.239934683 -0.184846818 0.729147255 0.076201469 0.003159254 -0.020988490 0.998963237 0.040274706
1520621271.289936543 -0.185172319 0.729052365 0.076468423 0.002214989 -0.017083388 0.999130547 0.037965503
1520621271.339889050 -0.185716063 0.727804959 0.076950327 0.000926861 -0.020141600 0.999130368 0.036497649
1520621271.389891386 -0.186081022 0.726737559 0.076934136 -0.000210316 -0.025346249 0.999042630 0.035657745
1520621271.439892292 -0.186098933 0.724843323 0.075531282 0.000675714 -0.026689788 0.999045432 0.034576390
1520621271.489894152 -0.186007440 0.725114703 0.074394368 0.002378304 -0.023579892 0.999164939 0.033284798
1520621271.539895296 -0.185599387 0.724465609 0.072916865 0.002888867 -0.020661281 0.999242783 0.032844372
1520621271.589897156 -0.185298800 0.723428726 0.070418768 -0.002980785 0.019706473 -0.999269783 -0.032598354
1520621271.639898300 -0.184656471 0.722664297 0.069208764 -0.002823243 0.019549772 -0.999278903 -0.032427132
1520621271.689900398 -0.183234125 0.721277177 0.068481229 0.003101580 -0.018212128 0.999318361 0.031963810
1520621271.739892483 -0.182166606 0.720365584 0.067418016 0.002538022 -0.016143892 0.999392450 0.030784234
1520621271.789893627 -0.181135327 0.719462693 0.066303000 0.000359963 -0.013877356 0.999449730 0.030126842
1520621271.839895487 -0.180102438 0.718884766 0.065293983 -0.000861869 -0.011685254 0.999461830 0.030642139
1520621271.889896393 -0.179089546 0.718640864 0.064420365 -0.000955706 -0.010850815 0.999441504 0.031592198
1520621271.939898729 -0.178223610 0.718928516 0.063564911 -0.000420539 -0.011320215 0.999428451 0.031853598
1520621271.989900589 -0.177120537 0.718810439 0.063031815 0.000657678 -0.011775502 0.999411941 0.032198492
1520621272.039901495 -0.175829291 0.718949497 0.062994584 0.002015291 -0.012202766 0.999360859 0.033540644
1520621272.089903593 -0.173845530 0.718644321 0.062720686 -0.002587003 0.013731321 -0.999264121 -0.035721671
1520621272.139934301 -0.172532439 0.718588412 0.063103974 -0.002220074 0.016521970 -0.999180496 -0.036884475
1520621272.189937115 -0.171018660 0.717843473 0.063582890 0.001296468 -0.018459082 0.999094903 0.038301181
1520621272.239938259 -0.169613838 0.716965139 0.064170405 0.000391238 -0.020404221 0.998998344 0.039823148
1520621272.289939165 -0.168374479 0.716282427 0.064235307 -0.001765205 -0.020699508 0.998999476 0.039604422
